map_path	map_name	part_name	part_entity_id	npc_param_id	npc_name	talk_id	x	y	z	drop_field	item_lot_id	lot_name
m22_00_00_00.msb	m22_00_00_00	c1051_0000	2200710	105220	さまよう寡婦（侵入PC召喚）　墓地街	0	-205.2	-6.4	593	itemLotId_1	10522000	さまよう寡婦（侵入PC召喚）　墓地街
m22_00_00_00.msb	m22_00_00_00	c1140_0000	2200261	114000	狂信者の獣　墓地街	0	-254.58813	-2.133307	619.93567	itemLotId_1	11402200	狂信者の獣　墓地街
m22_00_00_00.msb	m22_00_00_00	c1140_0001	2200223	114000	狂信者の獣　墓地街	0	-261.57855	-22.432999	521.24554	itemLotId_1	11402200	狂信者の獣　墓地街
m22_00_00_00.msb	m22_00_00_00	c1140_0002	2200150	114000	狂信者の獣　墓地街	0	-220.341	-9.424	609.421	itemLotId_1	11402200	狂信者の獣　墓地街
m22_00_00_00.msb	m22_00_00_00	c1140_0003	2200335	114000	狂信者の獣　墓地街	0	-294.399	-11.334999	648.02	itemLotId_1	11402200	狂信者の獣　墓地街
m22_00_00_00.msb	m22_00_00_00	c1140_0004	2200330	114000	狂信者の獣　墓地街	0	-289.45	-11.36	634.6	itemLotId_1	11402200	狂信者の獣　墓地街
m22_00_00_00.msb	m22_00_00_00	c1140_0005	2200331	114000	狂信者の獣　墓地街	0	-289.4	-11.32	628.5	itemLotId_1	11402200	狂信者の獣　墓地街
m22_00_00_00.msb	m22_00_00_00	c1140_0006	2200332	114000	狂信者の獣　墓地街	0	-276.8	-7.48	634	itemLotId_1	11402200	狂信者の獣　墓地街
m22_00_00_00.msb	m22_00_00_00	c1140_0007	2200333	114000	狂信者の獣　墓地街	0	-280.028	-10.554	624.98	itemLotId_1	11402200	狂信者の獣　墓地街
m22_00_00_00.msb	m22_00_00_00	c1140_0008	2200334	114000	狂信者の獣　墓地街	0	-279.746	-10.568999	626.5	itemLotId_1	11402200	狂信者の獣　墓地街
m22_00_00_00.msb	m22_00_00_00	c1140_0009	2200460	114000	狂信者の獣　墓地街	0	-72.719	-4.771999	397.913	itemLotId_1	11402200	狂信者の獣　墓地街
m22_00_00_00.msb	m22_00_00_00	c1140_0010	2200291	114000	狂信者の獣　墓地街	0	-120.48745	-9.378278	439.90494	itemLotId_1	11402200	狂信者の獣　墓地街
m22_00_00_00.msb	m22_00_00_00	c1140_0011	2200161	114000	狂信者の獣　墓地街	0	-107.15501	-3.085441	412.768	itemLotId_1	11402200	狂信者の獣　墓地街
m22_00_00_00.msb	m22_00_00_00	c1140_0014	2200160	114000	狂信者の獣　墓地街	0	-98.818	-3.839	407.012	itemLotId_1	11402200	狂信者の獣　墓地街
m22_00_00_00.msb	m22_00_00_00	c1140_0018	2200290	114000	狂信者の獣　墓地街	0	-122.94089	-9.812898	440.38992	itemLotId_1	11402200	狂信者の獣　墓地街
m22_00_00_00.msb	m22_00_00_00	c1170_0000	2200230	117000	屍肉烏　墓地街	0	-225.97733	-20.633	544.4939	itemLotId_1	11702200	屍肉鳥　墓地街
m22_00_00_00.msb	m22_00_00_00	c1170_0001	2200231	117000	屍肉烏　墓地街	0	-228.045	-20.848999	546.636	itemLotId_1	11702200	屍肉鳥　墓地街
m22_00_00_00.msb	m22_00_00_00	c1170_0002	2200203	117000	屍肉烏　墓地街	0	-226.93715	-20.571999	547.5078	itemLotId_1	11702200	屍肉鳥　墓地街
m22_00_00_00.msb	m22_00_00_00	c1170_0003	2200232	117000	屍肉烏　墓地街	0	-227.827	-20.755	545.237	itemLotId_1	11702200	屍肉鳥　墓地街
m22_00_00_00.msb	m22_00_00_00	c1170_0006	-1	117000	屍肉烏　墓地街	0	-234.29298	-20.973057	557.8794	itemLotId_1	11702200	屍肉鳥　墓地街
m22_00_00_00.msb	m22_00_00_00	c1170_0007	2200320	117000	屍肉烏　墓地街	0	-229.897	-20.858	550.826	itemLotId_1	11702200	屍肉鳥　墓地街
m22_00_00_00.msb	m22_00_00_00	c1170_0008	2200321	117000	屍肉烏　墓地街	0	-228.897	-20.825	546.25	itemLotId_1	11702200	屍肉鳥　墓地街
m22_00_00_00.msb	m22_00_00_00	c1180_0000	2200111	118040	さまよう狂気(小)　墓地街00	0	-233.331	-3.226999	630.773	itemLotId_1	11800400	さまよう狂気（小）　墓地街　○
m22_00_00_00.msb	m22_00_00_00	c1180_0001	2200170	118041	さまよう狂気(小)　墓地街01	0	-333.16	17.7	675.94	itemLotId_1	11800410	さまよう狂気（小）　墓地街　○
m22_00_00_00.msb	m22_00_00_00	c2000_0000	2200280	200000	処刑人　墓地街	0	-318.852	0.421	631.159	itemLotId_1	20002200	処刑人　墓地街
m22_00_00_00.msb	m22_00_00_00	c2000_0001	2200340	200000	処刑人　墓地街	0	-299.27972	-9.108164	601.48456	itemLotId_1	20002200	処刑人　墓地街
m22_00_00_00.msb	m22_00_00_00	c2000_0002	2200341	200000	処刑人　墓地街	0	-273.5399	-8.51	589.27704	itemLotId_1	20002200	処刑人　墓地街
m22_00_00_00.msb	m22_00_00_00	c2050_0000	2200810	205010	狂気の悪霊　墓地街	0	-336.2829	2.414211	724.2866	itemLotId_1	20502200	狂気の悪霊　墓地街
m22_00_00_00.msb	m22_00_00_00	c2050_0001	2200811	205010	狂気の悪霊　墓地街	0	-333.67877	2.414211	726.77954	itemLotId_1	20502200	狂気の悪霊　墓地街
m22_00_00_00.msb	m22_00_00_00	c2050_0002	2200812	205010	狂気の悪霊　墓地街	0	-339.06665	2.414211	726.33057	itemLotId_1	20502200	狂気の悪霊　墓地街
m22_00_00_00.msb	m22_00_00_00	c2050_0005	2200502	205220	狂気の悪霊　SAN値　墓地街	0	-61.25	-5.42	416.8	itemLotId_1	20522000	狂気の悪霊　SAN値　墓地街
m22_00_00_00.msb	m22_00_00_00	c2050_0006	2200503	205220	狂気の悪霊　SAN値　墓地街	0	-90.8	-4.44	415.63	itemLotId_1	20522000	狂気の悪霊　SAN値　墓地街
m22_00_00_00.msb	m22_00_00_00	c2050_0008	2200505	205220	狂気の悪霊　SAN値　墓地街	0	-147.09	-15.49	465.46	itemLotId_1	20522000	狂気の悪霊　SAN値　墓地街
m22_00_00_00.msb	m22_00_00_00	c2050_0009	2200506	205220	狂気の悪霊　SAN値　墓地街	0	-247.85	-25.029999	512.4	itemLotId_1	20522000	狂気の悪霊　SAN値　墓地街
m22_00_00_00.msb	m22_00_00_00	c2050_0010	2200507	205220	狂気の悪霊　SAN値　墓地街	0	-218.87	-21.15	555.64	itemLotId_1	20522000	狂気の悪霊　SAN値　墓地街
m22_00_00_00.msb	m22_00_00_00	c2050_0011	2200508	205220	狂気の悪霊　SAN値　墓地街	0	-245.91	-3.219999	636.11	itemLotId_1	20522000	狂気の悪霊　SAN値　墓地街
m22_00_00_00.msb	m22_00_00_00	c2610_0000	2200200	261020	群衆女　焼きごて　墓地街	0	-199.99895	-21.099998	564.92834	itemLotId_1	26102204	群衆女　焼きごて　墓地街
m22_00_00_00.msb	m22_00_00_00	c2610_0001	2200440	261030	群衆女　ハンマー　墓地街	0	-264.972	-19.424927	530.334	itemLotId_1	26102206	群衆女　ハンマー　墓地街
m22_00_00_00.msb	m22_00_00_00	c2610_0003	2200140	261000	群衆女　鎌　墓地街　	0	-205.25	-11.559999	596.4	itemLotId_1	26102202	群衆女　鎌　墓地街
m22_00_00_00.msb	m22_00_00_00	c2610_0004	2200450	261000	群衆女　鎌　墓地街　	0	-235.59601	-25.714	512.689	itemLotId_1	26102202	群衆女　鎌　墓地街
m22_00_00_00.msb	m22_00_00_00	c2610_0005	2200250	261010	群衆女　鉈松明　墓地街　	0	-276.75623	-2.427	651.0073	itemLotId_1	26102200	群衆女　松明　墓地街
m22_00_00_00.msb	m22_00_00_00	c2610_0006	2200130	261040	群衆女　鉈投擲　墓地街	0	-211.162	-11.561999	592.586	itemLotId_1	26102208	群衆女　投擲　墓地街
m22_00_00_00.msb	m22_00_00_00	c2610_0007	2200251	261020	群衆女　焼きごて　墓地街	0	-275.127	-2.151999	646.406	itemLotId_1	26102204	群衆女　焼きごて　墓地街
m22_00_00_00.msb	m22_00_00_00	c2610_0008	2200260	261040	群衆女　鉈投擲　墓地街	0	-257.32214	-2.135893	622.1347	itemLotId_1	26102208	群衆女　投擲　墓地街
m22_00_00_00.msb	m22_00_00_00	c2610_0009	2200201	261030	群衆女　ハンマー　墓地街	0	-257.4	-2.98	664.5	itemLotId_1	26102206	群衆女　ハンマー　墓地街
m22_00_00_00.msb	m22_00_00_00	c2610_0010	2200205	261000	群衆女　鎌　墓地街　	0	-256.46802	-3.141	604.64	itemLotId_1	26102202	群衆女　鎌　墓地街
m22_00_00_00.msb	m22_00_00_00	c2610_0011	2200430	261020	群衆女　焼きごて　墓地街	0	-263.45502	-20.866	523.671	itemLotId_1	26102204	群衆女　焼きごて　墓地街
m22_00_00_00.msb	m22_00_00_00	c2610_0012	2200273	261040	群衆女　鉈投擲　墓地街	0	-295.162	-11.254999	647.755	itemLotId_1	26102208	群衆女　投擲　墓地街
m22_00_00_00.msb	m22_00_00_00	c2610_0014	2200100	261010	群衆女　鉈松明　墓地街　	0	-211.8328	-32.396736	505.35577	itemLotId_1	26102200	群衆女　松明　墓地街
m22_00_00_00.msb	m22_00_00_00	c2610_0015	2200204	261000	群衆女　鎌　墓地街　	0	-257.28	-1.96	629.092	itemLotId_1	26102202	群衆女　鎌　墓地街
m22_00_00_00.msb	m22_00_00_00	c2610_0018	2200212	261010	群衆女　鉈松明　墓地街　	0	-198.916	-31.933	501.626	itemLotId_1	26102200	群衆女　松明　墓地街
m22_00_00_00.msb	m22_00_00_00	c2610_0019	2200300	261000	群衆女　鎌　墓地街　	0	-209.80472	-32.451	498.8244	itemLotId_1	26102202	群衆女　鎌　墓地街
m22_00_00_00.msb	m22_00_00_00	c2610_0020	2200270	261020	群衆女　焼きごて　墓地街	0	-328.583	12.414	666.406	itemLotId_1	26102204	群衆女　焼きごて　墓地街
m22_00_00_00.msb	m22_00_00_00	c2610_0021	2200271	261030	群衆女　ハンマー　墓地街	0	-331.186	12.414	668.813	itemLotId_1	26102206	群衆女　ハンマー　墓地街
m22_00_00_00.msb	m22_00_00_00	c2610_0022	2200272	261040	群衆女　鉈投擲　墓地街	0	-329.035	12.451	671.636	itemLotId_1	26102208	群衆女　投擲　墓地街
m22_00_00_00.msb	m22_00_00_00	c2610_0023	2200310	261040	群衆女　鉈投擲　墓地街	0	-259.29556	-19.438763	533.2021	itemLotId_1	26102208	群衆女　投擲　墓地街
m22_00_00_00.msb	m22_00_00_00	c2610_0024	2200202	261000	群衆女　鎌　墓地街　	0	-256.703	-16.087	558.747	itemLotId_1	26102202	群衆女　鎌　墓地街
m22_00_00_00.msb	m22_00_00_00	c2610_0025	2200311	261040	群衆女　鉈投擲　墓地街	0	-273.8	-10	556.3	itemLotId_1	26102208	群衆女　投擲　墓地街
m22_00_00_00.msb	m22_00_00_00	c2610_0027	2200213	261020	群衆女　焼きごて　墓地街	0	-209.694	-31.572	516.246	itemLotId_1	26102204	群衆女　焼きごて　墓地街
m22_00_00_00.msb	m22_00_00_00	c2610_0030	2200303	261000	群衆女　鎌　墓地街　	0	-196.724	-31.96	496.785	itemLotId_1	26102202	群衆女　鎌　墓地街
m22_00_00_00.msb	m22_00_00_00	c2620_0000	-1	262310	群衆（車椅子）　短筒　墓地街	0	-215.27	-6.316999	605.344	itemLotId_1	26202410	群衆（車椅子）　聖堂街B
m22_00_00_00.msb	m22_00_00_00	c2630_0000	-1	263182	群衆A（大）　リーダー　固定砲台　墓地街	0	-79.016136	-6.410004	428.17215	itemLotId_1	10202202	群衆Aリーダー　墓地街
m22_00_00_00.msb	m22_00_00_00	c2630_0002	2200410	263180	群衆A（大）　リーダー　墓地街	0	-67.49787	-4.606426	439.99673	itemLotId_1	10202202	群衆Aリーダー　墓地街
m22_00_00_00.msb	m22_00_00_00	c2630_0004	2200411	263182	群衆A（大）　リーダー　固定砲台　墓地街	0	-105.348	-3.705	413.532	itemLotId_1	10202202	群衆Aリーダー　墓地街
m22_00_00_00.msb	m22_00_00_00	c2630_0005	2200292	263180	群衆A（大）　リーダー　墓地街	0	-118.8	-8.236967	437.76	itemLotId_1	10202202	群衆Aリーダー　墓地街
m22_00_00_00.msb	m22_00_00_00	c2630_0006	-1	263182	群衆A（大）　リーダー　固定砲台　墓地街	0	-90.11301	-5.445999	439.902	itemLotId_1	10202202	群衆Aリーダー　墓地街
m22_00_00_00.msb	m22_00_00_00	c2630_0007	-1	263182	群衆A（大）　リーダー　固定砲台　墓地街	0	-72.19214	-4.573535	441.22665	itemLotId_1	10202202	群衆Aリーダー　墓地街
m22_00_00_00.msb	m22_00_00_00	c2630_0008	-1	263182	群衆A（大）　リーダー　固定砲台　墓地街	0	-49.996002	-4.997999	424.308	itemLotId_1	10202202	群衆Aリーダー　墓地街
m22_00_00_00.msb	m22_00_00_00	c2630_0009	-1	263182	群衆A（大）　リーダー　固定砲台　墓地街	0	-51.97101	-5.632	424.178	itemLotId_1	10202202	群衆Aリーダー　墓地街
m22_00_00_00.msb	m22_00_00_00	c2630_0010	-1	263182	群衆A（大）　リーダー　固定砲台　墓地街	0	-50.354996	-5.354	421.513	itemLotId_1	10202202	群衆Aリーダー　墓地街
m22_00_00_00.msb	m22_00_00_00	c2630_0011	-1	263182	群衆A（大）　リーダー　固定砲台　墓地街	0	-49.71901	-5.113	419.43	itemLotId_1	10202202	群衆Aリーダー　墓地街
m22_00_00_00.msb	m22_00_00_00	c2630_0012	-1	263182	群衆A（大）　リーダー　固定砲台　墓地街	0	-91.89101	-2.518	398.032	itemLotId_1	10202202	群衆Aリーダー　墓地街
m22_00_00_00.msb	m22_00_00_00	c2640_0000	2200240	264100	群衆B（大）　レンガ　マント付  墓地街	0	-202.183	-13.921	581.609	itemLotId_1	10302200	群衆B　墓地街
m22_00_00_00.msb	m22_00_00_00	c2640_0001	2200252	264100	群衆B（大）　レンガ　マント付  墓地街	0	-273.653	-2.381	648.29297	itemLotId_1	10302200	群衆B　墓地街
m22_00_00_00.msb	m22_00_00_00	c2640_0002	2200120	264100	群衆B（大）　レンガ　マント付  墓地街	0	-279.626	-13.257999	559.565	itemLotId_1	10302200	群衆B　墓地街
m22_00_00_00.msb	m22_00_00_00	c1140_0012	-1	114000	狂信者の獣　墓地街	0	-99.579	-4.063	408.588	itemLotId_1	11402200	狂信者の獣　墓地街
m22_00_00_00.msb	m22_00_00_00	c1140_0017	2200224	114000	狂信者の獣　墓地街	0	-262.736	-20.28815	525.099	itemLotId_1	11402200	狂信者の獣　墓地街
m22_00_00_00.msb	m22_00_00_00	c1180_0002	2200110	118042	さまよう狂気(小)　墓地街02	0	-263.4045	-7.294	590.0327	itemLotId_1	11800420	さまよう狂気（小）　墓地街　×
m22_00_00_00.msb	m22_00_00_00	c2050_0003	2200500	205220	狂気の悪霊　SAN値　墓地街	0	-223.151	-21.046999	554.291	itemLotId_1	20522000	狂気の悪霊　SAN値　墓地街
m22_00_00_00.msb	m22_00_00_00	c2050_0004	2200501	205220	狂気の悪霊　SAN値　墓地街	0	-225.363	-10.059999	617.8	itemLotId_1	20522000	狂気の悪霊　SAN値　墓地街
m22_00_00_00.msb	m22_00_00_00	c2050_0007	2200504	205220	狂気の悪霊　SAN値　墓地街	0	-94.40516	-4.44	423.56134	itemLotId_1	20522000	狂気の悪霊　SAN値　墓地街
m22_00_00_00.msb	m22_00_00_00	c2610_0002	2200211	261020	群衆女　焼きごて　墓地街	0	-207.646	-30.671999	514.712	itemLotId_1	26102204	群衆女　焼きごて　墓地街
m22_00_00_00.msb	m22_00_00_00	c2630_0003	-1	263180	群衆A（大）　リーダー　墓地街	0	-66.16164	-4.638655	439.41684	itemLotId_1	10202202	群衆Aリーダー　墓地街
m23_00_00_00.msb	m23_00_00_00	c0000_0003	2300720	6310	廃墟　ハンター	0	33.350918	-87.990005	-45.612495	itemLotId_1	50000	敵NPC_廃墟のハンターのドロップアイテム
m23_00_00_00.msb	m23_00_00_00	c0000_0005	2300710	6300	廃墟　獣の守護者	230323	15.439999	-53.926003	-63.22	itemLotId_1	33010	獣の守護者_死亡時ドロップアイテム
m23_00_00_00.msb	m23_00_00_00	c1000_0000	2300200	100060	猟犬　廃墟	0	130.474	-42.678	41.7	itemLotId_1	10002300	猟犬　廃墟
m23_00_00_00.msb	m23_00_00_00	c1000_0001	2300201	100060	猟犬　廃墟	0	46.678	-115.655	-56.27	itemLotId_1	10002300	猟犬　廃墟
m23_00_00_00.msb	m23_00_00_00	c1000_0002	2300202	100060	猟犬　廃墟	0	35.847954	-115.777	-5.021642	itemLotId_1	10002300	猟犬　廃墟
m23_00_00_00.msb	m23_00_00_00	c1000_0003	2300203	100060	猟犬　廃墟	0	-1.243	-106.856	-6.43	itemLotId_1	10002300	猟犬　廃墟
m23_00_00_00.msb	m23_00_00_00	c1000_0004	2300204	100060	猟犬　廃墟	0	41.481	-114.417	10.831	itemLotId_1	10002300	猟犬　廃墟
m23_00_00_00.msb	m23_00_00_00	c1000_0005	2300205	100060	猟犬　廃墟	0	-5.271	-115.481	22.662	itemLotId_1	10002300	猟犬　廃墟
m23_00_00_00.msb	m23_00_00_00	c1051_0000	2300750	105230	さまよう寡婦（侵入PC召喚）　廃墟	0	41.6	-101.98	-26	itemLotId_1	10523000	さまよう寡婦（侵入PC召喚）　廃墟
m23_00_00_00.msb	m23_00_00_00	c1090_0000	2300300	109000	異形ビースト　廃墟　警戒行動なし	0	94.001	-66.923996	-17.152	itemLotId_1	10902300	異形ビースト　廃墟
m23_00_00_00.msb	m23_00_00_00	c1090_0001	2300301	109000	異形ビースト　廃墟　警戒行動なし	0	98.240005	-67.984	-30.679	itemLotId_1	10902300	異形ビースト　廃墟
m23_00_00_00.msb	m23_00_00_00	c1090_0002	2300302	109000	異形ビースト　廃墟　警戒行動なし	0	93.85	-68.063995	-39.41	itemLotId_1	10902300	異形ビースト　廃墟
m23_00_00_00.msb	m23_00_00_00	c1090_0003	2300303	109000	異形ビースト　廃墟　警戒行動なし	0	96.893005	-68.052	-39.97	itemLotId_1	10902300	異形ビースト　廃墟
m23_00_00_00.msb	m23_00_00_00	c1090_0004	2300304	109000	異形ビースト　廃墟　警戒行動なし	0	61.621002	-72.983	-44.622	itemLotId_1	10902300	異形ビースト　廃墟
m23_00_00_00.msb	m23_00_00_00	c1090_0005	2300305	109000	異形ビースト　廃墟　警戒行動なし	0	62.316	-72.989	-38.774	itemLotId_1	10902300	異形ビースト　廃墟
m23_00_00_00.msb	m23_00_00_00	c1090_0006	2300306	109000	異形ビースト　廃墟　警戒行動なし	0	52.326	-78.076996	-33.268	itemLotId_1	10902300	異形ビースト　廃墟
m23_00_00_00.msb	m23_00_00_00	c1090_0007	2300307	109000	異形ビースト　廃墟　警戒行動なし	0	68.66	-83.244	-53.209	itemLotId_1	10902300	異形ビースト　廃墟
m23_00_00_00.msb	m23_00_00_00	c1090_0008	2300308	109000	異形ビースト　廃墟　警戒行動なし	0	58.843002	-83.162	-56.647	itemLotId_1	10902300	異形ビースト　廃墟
m23_00_00_00.msb	m23_00_00_00	c1090_0009	2300309	109000	異形ビースト　廃墟　警戒行動なし	0	64.027	-83.45	-72.625	itemLotId_1	10902300	異形ビースト　廃墟
m23_00_00_00.msb	m23_00_00_00	c1090_0010	2300310	109000	異形ビースト　廃墟　警戒行動なし	0	65.687	-83.431	-75.389	itemLotId_1	10902300	異形ビースト　廃墟
m23_00_00_00.msb	m23_00_00_00	c1090_0011	2300311	109000	異形ビースト　廃墟　警戒行動なし	0	37.409	-85.537994	-74.907	itemLotId_1	10902300	異形ビースト　廃墟
m23_00_00_00.msb	m23_00_00_00	c1090_0012	2300312	109000	異形ビースト　廃墟　警戒行動なし	0	32.093002	-85.553	-69.838	itemLotId_1	10902300	異形ビースト　廃墟
m23_00_00_00.msb	m23_00_00_00	c1090_0013	2300313	109000	異形ビースト　廃墟　警戒行動なし	0	21.265	-84.196	-74.933	itemLotId_1	10902300	異形ビースト　廃墟
m23_00_00_00.msb	m23_00_00_00	c1090_0014	2300314	109003	異形ビースト　廃墟　なめらか巡回無視	0	34.154	-84.216	-83.379	itemLotId_1	10902300	異形ビースト　廃墟
m23_00_00_00.msb	m23_00_00_00	c1090_0015	2300315	109000	異形ビースト　廃墟　警戒行動なし	0	28.763	-84.153	-87.726	itemLotId_1	10902300	異形ビースト　廃墟
m23_00_00_00.msb	m23_00_00_00	c1090_0017	2300317	109000	異形ビースト　廃墟　警戒行動なし	0	19.619	-84.194	-84.079	itemLotId_1	10902300	異形ビースト　廃墟
m23_00_00_00.msb	m23_00_00_00	c1090_0018	2300318	109000	異形ビースト　廃墟　警戒行動なし	0	37.696	-90.67	-57.636	itemLotId_1	10902300	異形ビースト　廃墟
m23_00_00_00.msb	m23_00_00_00	c1090_0019	2300319	109000	異形ビースト　廃墟　警戒行動なし	0	49.959	-90.57	-55.176	itemLotId_1	10902300	異形ビースト　廃墟
m23_00_00_00.msb	m23_00_00_00	c1090_0020	2300320	109000	異形ビースト　廃墟　警戒行動なし	0	-39.695	-108.337	-74.268	itemLotId_1	10902300	異形ビースト　廃墟
m23_00_00_00.msb	m23_00_00_00	c1090_0021	2300321	109000	異形ビースト　廃墟　警戒行動なし	0	-38.615997	-108.337	-67.816	itemLotId_1	10902300	異形ビースト　廃墟
m23_00_00_00.msb	m23_00_00_00	c1090_0022	2300322	109000	異形ビースト　廃墟　警戒行動なし	0	-33.052002	-108.58	-74.944	itemLotId_1	10902300	異形ビースト　廃墟
m23_00_00_00.msb	m23_00_00_00	c1090_0023	2300323	109000	異形ビースト　廃墟　警戒行動なし	0	-39.897003	-108.179	-64.28	itemLotId_1	10902300	異形ビースト　廃墟
m23_00_00_00.msb	m23_00_00_00	c1090_0024	2300324	109000	異形ビースト　廃墟　警戒行動なし	0	-28.492996	-108.694	-61.881	itemLotId_1	10902300	異形ビースト　廃墟
m23_00_00_00.msb	m23_00_00_00	c1090_0025	2300325	109000	異形ビースト　廃墟　警戒行動なし	0	6.903999	-113.116	-79.705	itemLotId_1	10902300	異形ビースト　廃墟
m23_00_00_00.msb	m23_00_00_00	c1090_0026	2300326	109000	異形ビースト　廃墟　警戒行動なし	0	16.011002	-112.755	-71.505	itemLotId_1	10902300	異形ビースト　廃墟
m23_00_00_00.msb	m23_00_00_00	c1090_0027	2300327	109000	異形ビースト　廃墟　警戒行動なし	0	23.055	-112.736	-80.608	itemLotId_1	10902300	異形ビースト　廃墟
m23_00_00_00.msb	m23_00_00_00	c1090_0028	2300328	109000	異形ビースト　廃墟　警戒行動なし	0	48.15	-113.798	15.74	itemLotId_1	10902300	異形ビースト　廃墟
m23_00_00_00.msb	m23_00_00_00	c1090_0029	2300329	109000	異形ビースト　廃墟　警戒行動なし	0	42.929	-105.479	15.48	itemLotId_1	10902300	異形ビースト　廃墟
m23_00_00_00.msb	m23_00_00_00	c1090_0030	2300330	109000	異形ビースト　廃墟　警戒行動なし	0	74.216	-95.521	-49.513	itemLotId_1	10902300	異形ビースト　廃墟
m23_00_00_00.msb	m23_00_00_00	c1090_0031	2300331	109000	異形ビースト　廃墟　警戒行動なし	0	78.321	-95.518	-46.648	itemLotId_1	10902300	異形ビースト　廃墟
m23_00_00_00.msb	m23_00_00_00	c1090_0032	2300332	109000	異形ビースト　廃墟　警戒行動なし	0	74.951004	-95.517	-34.727	itemLotId_1	10902300	異形ビースト　廃墟
m23_00_00_00.msb	m23_00_00_00	c1090_0033	2300333	109000	異形ビースト　廃墟　警戒行動なし	0	69.031	-94.872	-30.961	itemLotId_1	10902300	異形ビースト　廃墟
m23_00_00_00.msb	m23_00_00_00	c1090_0034	2300334	109000	異形ビースト　廃墟　警戒行動なし	0	66.442	-94.025	-29.627	itemLotId_1	10902300	異形ビースト　廃墟
m23_00_00_00.msb	m23_00_00_00	c1090_0040	2300400	109010	異形ビースト　廃墟　スローキャラ	0	115.427	-68.044	-50.307	itemLotId_1	10902310	異形ビースト_赤目　廃墟
m23_00_00_00.msb	m23_00_00_00	c1090_0041	2300401	109010	異形ビースト　廃墟　スローキャラ	0	65.769	-72.977005	-44.778	itemLotId_1	10902310	異形ビースト_赤目　廃墟
m23_00_00_00.msb	m23_00_00_00	c1090_0042	2300402	109010	異形ビースト　廃墟　スローキャラ	0	72.986	-72.93	-30.368	itemLotId_1	10902310	異形ビースト_赤目　廃墟
m23_00_00_00.msb	m23_00_00_00	c1090_0043	2300403	109010	異形ビースト　廃墟　スローキャラ	0	35.43	-85.544	-66.243	itemLotId_1	10902310	異形ビースト_赤目　廃墟
m23_00_00_00.msb	m23_00_00_00	c1090_0044	2300404	109010	異形ビースト　廃墟　スローキャラ	0	27.12	-84.228	-83.189	itemLotId_1	10902310	異形ビースト_赤目　廃墟
m23_00_00_00.msb	m23_00_00_00	c1090_0045	2300405	109010	異形ビースト　廃墟　スローキャラ	0	22.928	-84.196	-87.063	itemLotId_1	10902310	異形ビースト_赤目　廃墟
m23_00_00_00.msb	m23_00_00_00	c1090_0046	2300406	109010	異形ビースト　廃墟　スローキャラ	0	-11.084999	-85.234	-60.865	itemLotId_1	10902310	異形ビースト_赤目　廃墟
m23_00_00_00.msb	m23_00_00_00	c1090_0047	2300407	109010	異形ビースト　廃墟　スローキャラ	0	-14.408997	-93.316	-85.509	itemLotId_1	10902310	異形ビースト_赤目　廃墟
m23_00_00_00.msb	m23_00_00_00	c1090_0048	2300408	109010	異形ビースト　廃墟　スローキャラ	0	-37.947998	-108.614	-79.261	itemLotId_1	10902310	異形ビースト_赤目　廃墟
m23_00_00_00.msb	m23_00_00_00	c1090_0049	2300409	109010	異形ビースト　廃墟　スローキャラ	0	-27.693	-108.487	-74.173	itemLotId_1	10902310	異形ビースト_赤目　廃墟
m23_00_00_00.msb	m23_00_00_00	c1090_0050	2300410	109010	異形ビースト　廃墟　スローキャラ	0	-25.378998	-108.578	-68.394	itemLotId_1	10902310	異形ビースト_赤目　廃墟
m23_00_00_00.msb	m23_00_00_00	c1090_0051	2300411	109010	異形ビースト　廃墟　スローキャラ	0	85.7	-90.528	9.58	itemLotId_1	10902310	異形ビースト_赤目　廃墟
m23_00_00_00.msb	m23_00_00_00	c1090_0052	2300412	109010	異形ビースト　廃墟　スローキャラ	0	80.124	-90.511	16.341	itemLotId_1	10902310	異形ビースト_赤目　廃墟
m23_00_00_00.msb	m23_00_00_00	c1090_0053	2300413	109010	異形ビースト　廃墟　スローキャラ	0	75.195	-101.52	-44.014	itemLotId_1	10902310	異形ビースト_赤目　廃墟
m23_00_00_00.msb	m23_00_00_00	c1090_0054	2300414	109010	異形ビースト　廃墟　スローキャラ	0	75.718	-101.52	-36.99	itemLotId_1	10902310	異形ビースト_赤目　廃墟
m23_00_00_00.msb	m23_00_00_00	c1090_0060	2300500	109800	異形ビースト　廃墟　常時感染	0	-45.498	-127.883	16.561	itemLotId_1	10902310	異形ビースト_赤目　廃墟
m23_00_00_00.msb	m23_00_00_00	c1090_0061	2300501	109800	異形ビースト　廃墟　常時感染	0	-62.257004	-129.163	21.625	itemLotId_1	10902310	異形ビースト_赤目　廃墟
m23_00_00_00.msb	m23_00_00_00	c1090_0062	2300502	109800	異形ビースト　廃墟　常時感染	0	-81.281006	-127.594	-3.545	itemLotId_1	10902310	異形ビースト_赤目　廃墟
m23_00_00_00.msb	m23_00_00_00	c1170_0000	2300220	117100	屍肉烏　廃墟	0	69.505	-82.979996	-71.783	itemLotId_1	11702300	屍肉鳥　廃墟
m23_00_00_00.msb	m23_00_00_00	c1170_0001	2300221	117100	屍肉烏　廃墟	0	71.14	-82.994995	-71.78	itemLotId_1	11702300	屍肉鳥　廃墟
m23_00_00_00.msb	m23_00_00_00	c1170_0002	2300222	117100	屍肉烏　廃墟	0	69.38	-82.994	-70.364	itemLotId_1	11702300	屍肉鳥　廃墟
m23_00_00_00.msb	m23_00_00_00	c1170_0003	2300223	117100	屍肉烏　廃墟	0	71.573	-83.016	-70.474	itemLotId_1	11702300	屍肉鳥　廃墟
m23_00_00_00.msb	m23_00_00_00	c1170_0004	2300224	117100	屍肉烏　廃墟	0	35.646	-87.391	-33.649	itemLotId_1	11702300	屍肉鳥　廃墟
m23_00_00_00.msb	m23_00_00_00	c1170_0005	2300225	117100	屍肉烏　廃墟	0	40.67	-87.226	-34.926	itemLotId_1	11702300	屍肉鳥　廃墟
m23_00_00_00.msb	m23_00_00_00	c1170_0006	2300226	117100	屍肉烏　廃墟	0	43.497	-87.826004	-31.827	itemLotId_1	11702300	屍肉鳥　廃墟
m23_00_00_00.msb	m23_00_00_00	c1170_0007	2300227	117100	屍肉烏　廃墟	0	-50.239	-111.233	-24.623	itemLotId_1	11702300	屍肉鳥　廃墟
m23_00_00_00.msb	m23_00_00_00	c1170_0008	2300228	117100	屍肉烏　廃墟	0	-51.602997	-111.229	-20.883	itemLotId_1	11702300	屍肉鳥　廃墟
m23_00_00_00.msb	m23_00_00_00	c1170_0009	2300229	117100	屍肉烏　廃墟	0	-49.459	-111.229	-22.725	itemLotId_1	11702300	屍肉鳥　廃墟
m23_00_00_00.msb	m23_00_00_00	c1170_0010	2300230	117100	屍肉烏　廃墟	0	-53.208	-111.229	-18.122	itemLotId_1	11702300	屍肉鳥　廃墟
m23_00_00_00.msb	m23_00_00_00	c1170_0011	2300231	117100	屍肉烏　廃墟	0	-49.761	-111.229	-18.871	itemLotId_1	11702300	屍肉鳥　廃墟
m23_00_00_00.msb	m23_00_00_00	c1170_0012	2300232	117100	屍肉烏　廃墟	0	-48.068	-111.229	-19.943	itemLotId_1	11702300	屍肉鳥　廃墟
m23_00_00_00.msb	m23_00_00_00	c1180_0000	2300250	118020	さまよう狂気(小)　廃墟00	0	84.653	-69.923004	27.148	itemLotId_1	11800200	さまよう狂気（小）　廃墟　○
m23_00_00_00.msb	m23_00_00_00	c1180_0001	2300251	118021	さまよう狂気(小)　廃墟01	0	-19.027	-110.767	-8.285	itemLotId_1	11800210	さまよう狂気（小）　廃墟　○
m23_00_00_00.msb	m23_00_00_00	c1180_0002	2300252	118022	さまよう狂気(小)　廃墟02	0	25.282	-112.812	-78.358	itemLotId_1	11800220	さまよう狂気（小）　廃墟　○
m23_00_00_00.msb	m23_00_00_00	c1290_0000	2300600	129010	異形ビースト（雌）待ち構え　廃墟	0	62.56	-80.545	-36.789	itemLotId_1	12902300	異形ビースト（雌）　廃墟
m23_00_00_00.msb	m23_00_00_00	c1290_0001	2300601	129010	異形ビースト（雌）待ち構え　廃墟	0	48.688	-83.182	-74.334	itemLotId_1	12902300	異形ビースト（雌）　廃墟
m23_00_00_00.msb	m23_00_00_00	c1290_0002	2300602	129010	異形ビースト（雌）待ち構え　廃墟	0	-23.033073	-93.316	-92.56171	itemLotId_1	12902300	異形ビースト（雌）　廃墟
m23_00_00_00.msb	m23_00_00_00	c1290_0003	2300603	129010	異形ビースト（雌）待ち構え　廃墟	0	-28.257004	-100.292	-98.294	itemLotId_1	12902300	異形ビースト（雌）　廃墟
m23_00_00_00.msb	m23_00_00_00	c1290_0004	2300604	129010	異形ビースト（雌）待ち構え　廃墟	0	-40.753098	-107.731	-95.24883	itemLotId_1	12902300	異形ビースト（雌）　廃墟
m23_00_00_00.msb	m23_00_00_00	c1290_0005	2300605	129010	異形ビースト（雌）待ち構え　廃墟	0	-28.190002	-107.602	-49.741	itemLotId_1	12902300	異形ビースト（雌）　廃墟
m23_00_00_00.msb	m23_00_00_00	c1290_0006	2300606	129010	異形ビースト（雌）待ち構え　廃墟	0	10.293152	-115	19.454744	itemLotId_1	12902300	異形ビースト（雌）　廃墟
m23_00_00_00.msb	m23_00_00_00	c1290_0007	2300607	129010	異形ビースト（雌）待ち構え　廃墟	0	76.201996	-101.266	-41.83	itemLotId_1	12902300	異形ビースト（雌）　廃墟
m23_00_00_00.msb	m23_00_00_00	c1290_0008	2300608	129010	異形ビースト（雌）待ち構え　廃墟	0	80.681	-95.518	-45.917	itemLotId_1	12902300	異形ビースト（雌）　廃墟
m23_00_00_00.msb	m23_00_00_00	c1090_0016	2300316	109000	異形ビースト　廃墟　警戒行動なし	0	17.741001	-84.196	-86.649	itemLotId_1	10902300	異形ビースト　廃墟
m23_00_00_00.msb	m23_00_00_00	c1090_0035	2300335	109000	異形ビースト　廃墟　警戒行動なし	0	53.52	-89.432	-38.186	itemLotId_1	10902300	異形ビースト　廃墟
m23_00_00_00.msb	m23_00_00_00	c1090_0036	-1	100060	猟犬　廃墟	0	-43.4	-121.3	-0.7	itemLotId_1	10002300	猟犬　廃墟
m23_00_00_00.msb	m23_00_00_00	c1090_0037	-1	100060	猟犬　廃墟	0	4.976772	-114.535	-7.356508	itemLotId_1	10002300	猟犬　廃墟
m23_00_00_00.msb	m23_00_00_00	c1090_0038	-1	100060	猟犬　廃墟	0	-68.237	-126.687	-8.802	itemLotId_1	10002300	猟犬　廃墟
m23_00_00_00.msb	m23_00_00_00	c1090_0039	-1	109000	異形ビースト　廃墟　警戒行動なし	0	-5.835999	-111.229	-35.906	itemLotId_1	10902300	異形ビースト　廃墟
m23_00_00_00.msb	m23_00_00_00	c1090_0055	-1	109000	異形ビースト　廃墟　警戒行動なし	0	90.979996	-67.951996	12.115	itemLotId_1	10902300	異形ビースト　廃墟
m23_00_00_00.msb	m23_00_00_00	c1090_0056	-1	109000	異形ビースト　廃墟　警戒行動なし	0	118.95	-42.62	30.51	itemLotId_1	10902300	異形ビースト　廃墟
m23_00_00_00.msb	m23_00_00_00	c1090_0058	-1	129010	異形ビースト（雌）待ち構え　廃墟	0	11.379002	-113.045	-76.006	itemLotId_1	12902300	異形ビースト（雌）　廃墟
m23_00_00_00.msb	m23_00_00_00	c1090_0059	-1	205230	狂気の悪霊　SAN値　廃墟	0	50.6	-115.56	-63.21	itemLotId_1	20523000	狂気の悪霊　SAN値　廃墟
m23_00_00_00.msb	m23_00_00_00	c1090_0065	-1	205230	狂気の悪霊　SAN値　廃墟	0	41.6	-105.5	10.87	itemLotId_1	20523000	狂気の悪霊　SAN値　廃墟
m23_00_00_01.msb	m23_00_00_01	c0000_0003	2300720	6310	廃墟　ハンター	0	33.350918	-87.990005	-45.612495	itemLotId_1	50000	敵NPC_廃墟のハンターのドロップアイテム
m23_00_00_01.msb	m23_00_00_01	c0000_0005	2300710	6300	廃墟　獣の守護者	230323	15.439999	-53.926003	-63.22	itemLotId_1	33010	獣の守護者_死亡時ドロップアイテム
m23_00_00_01.msb	m23_00_00_01	c1000_0000	2300200	100060	猟犬　廃墟	0	130.474	-42.678	41.7	itemLotId_1	10002300	猟犬　廃墟
m23_00_00_01.msb	m23_00_00_01	c1000_0001	2300201	100060	猟犬　廃墟	0	46.678	-115.655	-56.27	itemLotId_1	10002300	猟犬　廃墟
m23_00_00_01.msb	m23_00_00_01	c1000_0002	2300202	100060	猟犬　廃墟	0	35.847954	-115.777	-5.021642	itemLotId_1	10002300	猟犬　廃墟
m23_00_00_01.msb	m23_00_00_01	c1000_0003	2300203	100060	猟犬　廃墟	0	-1.243	-106.856	-6.43	itemLotId_1	10002300	猟犬　廃墟
m23_00_00_01.msb	m23_00_00_01	c1000_0004	2300204	100060	猟犬　廃墟	0	41.481	-114.417	10.831	itemLotId_1	10002300	猟犬　廃墟
m23_00_00_01.msb	m23_00_00_01	c1000_0005	2300205	100060	猟犬　廃墟	0	-5.271	-115.481	22.662	itemLotId_1	10002300	猟犬　廃墟
m23_00_00_01.msb	m23_00_00_01	c1051_0000	2300750	105230	さまよう寡婦（侵入PC召喚）　廃墟	0	41.6	-101.98	-26	itemLotId_1	10523000	さまよう寡婦（侵入PC召喚）　廃墟
m23_00_00_01.msb	m23_00_00_01	c1090_0000	2300300	109000	異形ビースト　廃墟　警戒行動なし	0	94.001	-66.923996	-17.152	itemLotId_1	10902300	異形ビースト　廃墟
m23_00_00_01.msb	m23_00_00_01	c1090_0001	2300301	109000	異形ビースト　廃墟　警戒行動なし	0	98.240005	-67.984	-30.679	itemLotId_1	10902300	異形ビースト　廃墟
m23_00_00_01.msb	m23_00_00_01	c1090_0002	2300302	109000	異形ビースト　廃墟　警戒行動なし	0	93.85	-68.063995	-39.41	itemLotId_1	10902300	異形ビースト　廃墟
m23_00_00_01.msb	m23_00_00_01	c1090_0003	2300303	109000	異形ビースト　廃墟　警戒行動なし	0	96.893005	-68.052	-39.97	itemLotId_1	10902300	異形ビースト　廃墟
m23_00_00_01.msb	m23_00_00_01	c1090_0004	2300304	109000	異形ビースト　廃墟　警戒行動なし	0	61.621002	-72.983	-44.622	itemLotId_1	10902300	異形ビースト　廃墟
m23_00_00_01.msb	m23_00_00_01	c1090_0005	2300305	109000	異形ビースト　廃墟　警戒行動なし	0	62.316	-72.989	-38.774	itemLotId_1	10902300	異形ビースト　廃墟
m23_00_00_01.msb	m23_00_00_01	c1090_0006	2300306	109000	異形ビースト　廃墟　警戒行動なし	0	52.326	-78.076996	-33.268	itemLotId_1	10902300	異形ビースト　廃墟
m23_00_00_01.msb	m23_00_00_01	c1090_0007	2300307	109000	異形ビースト　廃墟　警戒行動なし	0	68.66	-83.244	-53.209	itemLotId_1	10902300	異形ビースト　廃墟
m23_00_00_01.msb	m23_00_00_01	c1090_0008	2300308	109000	異形ビースト　廃墟　警戒行動なし	0	58.843002	-83.162	-56.647	itemLotId_1	10902300	異形ビースト　廃墟
m23_00_00_01.msb	m23_00_00_01	c1090_0009	2300309	109000	異形ビースト　廃墟　警戒行動なし	0	64.027	-83.45	-72.625	itemLotId_1	10902300	異形ビースト　廃墟
m23_00_00_01.msb	m23_00_00_01	c1090_0010	2300310	109000	異形ビースト　廃墟　警戒行動なし	0	65.687	-83.431	-75.389	itemLotId_1	10902300	異形ビースト　廃墟
m23_00_00_01.msb	m23_00_00_01	c1090_0011	2300311	109000	異形ビースト　廃墟　警戒行動なし	0	37.409	-85.537994	-74.907	itemLotId_1	10902300	異形ビースト　廃墟
m23_00_00_01.msb	m23_00_00_01	c1090_0012	2300312	109000	異形ビースト　廃墟　警戒行動なし	0	32.093002	-85.553	-69.838	itemLotId_1	10902300	異形ビースト　廃墟
m23_00_00_01.msb	m23_00_00_01	c1090_0013	2300313	109000	異形ビースト　廃墟　警戒行動なし	0	21.265	-84.196	-74.933	itemLotId_1	10902300	異形ビースト　廃墟
m23_00_00_01.msb	m23_00_00_01	c1090_0014	2300314	109003	異形ビースト　廃墟　なめらか巡回無視	0	34.154	-84.216	-83.379	itemLotId_1	10902300	異形ビースト　廃墟
m23_00_00_01.msb	m23_00_00_01	c1090_0015	2300315	109000	異形ビースト　廃墟　警戒行動なし	0	28.763	-84.153	-87.726	itemLotId_1	10902300	異形ビースト　廃墟
m23_00_00_01.msb	m23_00_00_01	c1090_0017	2300317	109000	異形ビースト　廃墟　警戒行動なし	0	19.619	-84.194	-84.079	itemLotId_1	10902300	異形ビースト　廃墟
m23_00_00_01.msb	m23_00_00_01	c1090_0018	2300318	109000	異形ビースト　廃墟　警戒行動なし	0	37.696	-90.67	-57.636	itemLotId_1	10902300	異形ビースト　廃墟
m23_00_00_01.msb	m23_00_00_01	c1090_0019	2300319	109000	異形ビースト　廃墟　警戒行動なし	0	49.959	-90.57	-55.176	itemLotId_1	10902300	異形ビースト　廃墟
m23_00_00_01.msb	m23_00_00_01	c1090_0020	2300320	109000	異形ビースト　廃墟　警戒行動なし	0	-39.695	-108.337	-74.268	itemLotId_1	10902300	異形ビースト　廃墟
m23_00_00_01.msb	m23_00_00_01	c1090_0021	2300321	109000	異形ビースト　廃墟　警戒行動なし	0	-38.615997	-108.337	-67.816	itemLotId_1	10902300	異形ビースト　廃墟
m23_00_00_01.msb	m23_00_00_01	c1090_0022	2300322	109000	異形ビースト　廃墟　警戒行動なし	0	-33.052002	-108.58	-74.944	itemLotId_1	10902300	異形ビースト　廃墟
m23_00_00_01.msb	m23_00_00_01	c1090_0023	2300323	109000	異形ビースト　廃墟　警戒行動なし	0	-39.897003	-108.179	-64.28	itemLotId_1	10902300	異形ビースト　廃墟
m23_00_00_01.msb	m23_00_00_01	c1090_0024	2300324	109000	異形ビースト　廃墟　警戒行動なし	0	-28.492996	-108.694	-61.881	itemLotId_1	10902300	異形ビースト　廃墟
m23_00_00_01.msb	m23_00_00_01	c1090_0025	2300325	109000	異形ビースト　廃墟　警戒行動なし	0	6.903999	-113.116	-79.705	itemLotId_1	10902300	異形ビースト　廃墟
m23_00_00_01.msb	m23_00_00_01	c1090_0026	2300326	109000	異形ビースト　廃墟　警戒行動なし	0	16.011002	-112.755	-71.505	itemLotId_1	10902300	異形ビースト　廃墟
m23_00_00_01.msb	m23_00_00_01	c1090_0027	2300327	109000	異形ビースト　廃墟　警戒行動なし	0	23.055	-112.736	-80.608	itemLotId_1	10902300	異形ビースト　廃墟
m23_00_00_01.msb	m23_00_00_01	c1090_0028	2300328	109000	異形ビースト　廃墟　警戒行動なし	0	48.15	-113.798	15.74	itemLotId_1	10902300	異形ビースト　廃墟
m23_00_00_01.msb	m23_00_00_01	c1090_0029	2300329	109000	異形ビースト　廃墟　警戒行動なし	0	42.929	-105.479	15.48	itemLotId_1	10902300	異形ビースト　廃墟
m23_00_00_01.msb	m23_00_00_01	c1090_0030	2300330	109000	異形ビースト　廃墟　警戒行動なし	0	74.216	-95.521	-49.513	itemLotId_1	10902300	異形ビースト　廃墟
m23_00_00_01.msb	m23_00_00_01	c1090_0031	2300331	109000	異形ビースト　廃墟　警戒行動なし	0	78.321	-95.518	-46.648	itemLotId_1	10902300	異形ビースト　廃墟
m23_00_00_01.msb	m23_00_00_01	c1090_0032	2300332	109000	異形ビースト　廃墟　警戒行動なし	0	74.951004	-95.517	-34.727	itemLotId_1	10902300	異形ビースト　廃墟
m23_00_00_01.msb	m23_00_00_01	c1090_0033	2300333	109000	異形ビースト　廃墟　警戒行動なし	0	69.031	-94.872	-30.961	itemLotId_1	10902300	異形ビースト　廃墟
m23_00_00_01.msb	m23_00_00_01	c1090_0034	2300334	109000	異形ビースト　廃墟　警戒行動なし	0	66.442	-94.025	-29.627	itemLotId_1	10902300	異形ビースト　廃墟
m23_00_00_01.msb	m23_00_00_01	c1090_0040	2300400	109010	異形ビースト　廃墟　スローキャラ	0	115.427	-68.044	-50.307	itemLotId_1	10902310	異形ビースト_赤目　廃墟
m23_00_00_01.msb	m23_00_00_01	c1090_0041	2300401	109010	異形ビースト　廃墟　スローキャラ	0	65.769	-72.977005	-44.778	itemLotId_1	10902310	異形ビースト_赤目　廃墟
m23_00_00_01.msb	m23_00_00_01	c1090_0042	2300402	109010	異形ビースト　廃墟　スローキャラ	0	72.986	-72.93	-30.368	itemLotId_1	10902310	異形ビースト_赤目　廃墟
m23_00_00_01.msb	m23_00_00_01	c1090_0043	2300403	109010	異形ビースト　廃墟　スローキャラ	0	35.43	-85.544	-66.243	itemLotId_1	10902310	異形ビースト_赤目　廃墟
m23_00_00_01.msb	m23_00_00_01	c1090_0044	2300404	109010	異形ビースト　廃墟　スローキャラ	0	27.12	-84.228	-83.189	itemLotId_1	10902310	異形ビースト_赤目　廃墟
m23_00_00_01.msb	m23_00_00_01	c1090_0045	2300405	109010	異形ビースト　廃墟　スローキャラ	0	22.928	-84.196	-87.063	itemLotId_1	10902310	異形ビースト_赤目　廃墟
m23_00_00_01.msb	m23_00_00_01	c1090_0046	2300406	109010	異形ビースト　廃墟　スローキャラ	0	-11.084999	-85.234	-60.865	itemLotId_1	10902310	異形ビースト_赤目　廃墟
m23_00_00_01.msb	m23_00_00_01	c1090_0047	2300407	109010	異形ビースト　廃墟　スローキャラ	0	-14.408997	-93.316	-85.509	itemLotId_1	10902310	異形ビースト_赤目　廃墟
m23_00_00_01.msb	m23_00_00_01	c1090_0048	2300408	109010	異形ビースト　廃墟　スローキャラ	0	-37.947998	-108.614	-79.261	itemLotId_1	10902310	異形ビースト_赤目　廃墟
m23_00_00_01.msb	m23_00_00_01	c1090_0049	2300409	109010	異形ビースト　廃墟　スローキャラ	0	-27.693	-108.487	-74.173	itemLotId_1	10902310	異形ビースト_赤目　廃墟
m23_00_00_01.msb	m23_00_00_01	c1090_0050	2300410	109010	異形ビースト　廃墟　スローキャラ	0	-25.378998	-108.578	-68.394	itemLotId_1	10902310	異形ビースト_赤目　廃墟
m23_00_00_01.msb	m23_00_00_01	c1090_0051	2300411	109010	異形ビースト　廃墟　スローキャラ	0	85.7	-90.528	9.58	itemLotId_1	10902310	異形ビースト_赤目　廃墟
m23_00_00_01.msb	m23_00_00_01	c1090_0052	2300412	109010	異形ビースト　廃墟　スローキャラ	0	80.124	-90.511	16.341	itemLotId_1	10902310	異形ビースト_赤目　廃墟
m23_00_00_01.msb	m23_00_00_01	c1090_0053	2300413	109010	異形ビースト　廃墟　スローキャラ	0	75.195	-101.52	-44.014	itemLotId_1	10902310	異形ビースト_赤目　廃墟
m23_00_00_01.msb	m23_00_00_01	c1090_0054	2300414	109010	異形ビースト　廃墟　スローキャラ	0	75.718	-101.52	-36.99	itemLotId_1	10902310	異形ビースト_赤目　廃墟
m23_00_00_01.msb	m23_00_00_01	c1090_0060	2300500	109800	異形ビースト　廃墟　常時感染	0	-45.498	-127.883	16.561	itemLotId_1	10902310	異形ビースト_赤目　廃墟
m23_00_00_01.msb	m23_00_00_01	c1090_0061	2300501	109800	異形ビースト　廃墟　常時感染	0	-62.257004	-129.163	21.625	itemLotId_1	10902310	異形ビースト_赤目　廃墟
m23_00_00_01.msb	m23_00_00_01	c1090_0062	2300502	109800	異形ビースト　廃墟　常時感染	0	-81.281006	-127.594	-3.545	itemLotId_1	10902310	異形ビースト_赤目　廃墟
m23_00_00_01.msb	m23_00_00_01	c1170_0000	2300220	117100	屍肉烏　廃墟	0	69.505	-82.979996	-71.783	itemLotId_1	11702300	屍肉鳥　廃墟
m23_00_00_01.msb	m23_00_00_01	c1170_0001	2300221	117100	屍肉烏　廃墟	0	71.14	-82.994995	-71.78	itemLotId_1	11702300	屍肉鳥　廃墟
m23_00_00_01.msb	m23_00_00_01	c1170_0002	2300222	117100	屍肉烏　廃墟	0	69.38	-82.994	-70.364	itemLotId_1	11702300	屍肉鳥　廃墟
m23_00_00_01.msb	m23_00_00_01	c1170_0003	2300223	117100	屍肉烏　廃墟	0	71.573	-83.016	-70.474	itemLotId_1	11702300	屍肉鳥　廃墟
m23_00_00_01.msb	m23_00_00_01	c1170_0004	2300224	117100	屍肉烏　廃墟	0	35.646	-87.391	-33.649	itemLotId_1	11702300	屍肉鳥　廃墟
m23_00_00_01.msb	m23_00_00_01	c1170_0005	2300225	117100	屍肉烏　廃墟	0	40.67	-87.226	-34.926	itemLotId_1	11702300	屍肉鳥　廃墟
m23_00_00_01.msb	m23_00_00_01	c1170_0006	2300226	117100	屍肉烏　廃墟	0	43.497	-87.826004	-31.827	itemLotId_1	11702300	屍肉鳥　廃墟
m23_00_00_01.msb	m23_00_00_01	c1170_0007	2300227	117100	屍肉烏　廃墟	0	-50.239	-111.233	-24.623	itemLotId_1	11702300	屍肉鳥　廃墟
m23_00_00_01.msb	m23_00_00_01	c1170_0008	2300228	117100	屍肉烏　廃墟	0	-51.602997	-111.229	-20.883	itemLotId_1	11702300	屍肉鳥　廃墟
m23_00_00_01.msb	m23_00_00_01	c1170_0009	2300229	117100	屍肉烏　廃墟	0	-49.459	-111.229	-22.725	itemLotId_1	11702300	屍肉鳥　廃墟
m23_00_00_01.msb	m23_00_00_01	c1170_0010	2300230	117100	屍肉烏　廃墟	0	-53.208	-111.229	-18.122	itemLotId_1	11702300	屍肉鳥　廃墟
m23_00_00_01.msb	m23_00_00_01	c1170_0011	2300231	117100	屍肉烏　廃墟	0	-49.761	-111.229	-18.871	itemLotId_1	11702300	屍肉鳥　廃墟
m23_00_00_01.msb	m23_00_00_01	c1170_0012	2300232	117100	屍肉烏　廃墟	0	-48.068	-111.229	-19.943	itemLotId_1	11702300	屍肉鳥　廃墟
m23_00_00_01.msb	m23_00_00_01	c1180_0000	2300250	118020	さまよう狂気(小)　廃墟00	0	84.653	-69.923004	27.148	itemLotId_1	11800200	さまよう狂気（小）　廃墟　○
m23_00_00_01.msb	m23_00_00_01	c1180_0001	2300251	118021	さまよう狂気(小)　廃墟01	0	-19.027	-110.767	-8.285	itemLotId_1	11800210	さまよう狂気（小）　廃墟　○
m23_00_00_01.msb	m23_00_00_01	c1180_0002	2300252	118022	さまよう狂気(小)　廃墟02	0	25.282	-112.812	-78.358	itemLotId_1	11800220	さまよう狂気（小）　廃墟　○
m23_00_00_01.msb	m23_00_00_01	c1290_0000	2300600	129010	異形ビースト（雌）待ち構え　廃墟	0	62.56	-80.545	-36.789	itemLotId_1	12902300	異形ビースト（雌）　廃墟
m23_00_00_01.msb	m23_00_00_01	c1290_0001	2300601	129010	異形ビースト（雌）待ち構え　廃墟	0	48.688	-83.182	-74.334	itemLotId_1	12902300	異形ビースト（雌）　廃墟
m23_00_00_01.msb	m23_00_00_01	c1290_0002	2300602	129010	異形ビースト（雌）待ち構え　廃墟	0	-23.033073	-93.316	-92.56171	itemLotId_1	12902300	異形ビースト（雌）　廃墟
m23_00_00_01.msb	m23_00_00_01	c1290_0003	2300603	129010	異形ビースト（雌）待ち構え　廃墟	0	-28.257004	-100.292	-98.294	itemLotId_1	12902300	異形ビースト（雌）　廃墟
m23_00_00_01.msb	m23_00_00_01	c1290_0004	2300604	129010	異形ビースト（雌）待ち構え　廃墟	0	-40.753098	-107.731	-95.24883	itemLotId_1	12902300	異形ビースト（雌）　廃墟
m23_00_00_01.msb	m23_00_00_01	c1290_0005	2300605	129010	異形ビースト（雌）待ち構え　廃墟	0	-28.190002	-107.602	-49.741	itemLotId_1	12902300	異形ビースト（雌）　廃墟
m23_00_00_01.msb	m23_00_00_01	c1290_0006	2300606	129010	異形ビースト（雌）待ち構え　廃墟	0	10.293152	-115	19.454744	itemLotId_1	12902300	異形ビースト（雌）　廃墟
m23_00_00_01.msb	m23_00_00_01	c1290_0007	2300607	129010	異形ビースト（雌）待ち構え　廃墟	0	76.201996	-101.266	-41.83	itemLotId_1	12902300	異形ビースト（雌）　廃墟
m23_00_00_01.msb	m23_00_00_01	c1290_0008	2300608	129010	異形ビースト（雌）待ち構え　廃墟	0	80.681	-95.518	-45.917	itemLotId_1	12902300	異形ビースト（雌）　廃墟
m23_00_00_01.msb	m23_00_00_01	c1090_0016	2300316	109000	異形ビースト　廃墟　警戒行動なし	0	17.741001	-84.196	-86.649	itemLotId_1	10902300	異形ビースト　廃墟
m23_00_00_01.msb	m23_00_00_01	c1090_0035	2300335	109000	異形ビースト　廃墟　警戒行動なし	0	53.52	-89.432	-38.186	itemLotId_1	10902300	異形ビースト　廃墟
m23_00_00_01.msb	m23_00_00_01	c1090_0036	-1	100060	猟犬　廃墟	0	-43.4	-121.3	-0.7	itemLotId_1	10002300	猟犬　廃墟
m23_00_00_01.msb	m23_00_00_01	c1090_0037	-1	100060	猟犬　廃墟	0	4.976772	-114.535	-7.356508	itemLotId_1	10002300	猟犬　廃墟
m23_00_00_01.msb	m23_00_00_01	c1090_0038	-1	100060	猟犬　廃墟	0	-68.237	-126.687	-8.802	itemLotId_1	10002300	猟犬　廃墟
m23_00_00_01.msb	m23_00_00_01	c1090_0039	-1	109000	異形ビースト　廃墟　警戒行動なし	0	-5.835999	-111.229	-35.906	itemLotId_1	10902300	異形ビースト　廃墟
m23_00_00_01.msb	m23_00_00_01	c1090_0055	-1	109000	異形ビースト　廃墟　警戒行動なし	0	90.979996	-67.951996	12.115	itemLotId_1	10902300	異形ビースト　廃墟
m23_00_00_01.msb	m23_00_00_01	c1090_0056	-1	109000	異形ビースト　廃墟　警戒行動なし	0	118.95	-42.62	30.51	itemLotId_1	10902300	異形ビースト　廃墟
m23_00_00_01.msb	m23_00_00_01	c1090_0058	-1	129010	異形ビースト（雌）待ち構え　廃墟	0	11.379002	-113.045	-76.006	itemLotId_1	12902300	異形ビースト（雌）　廃墟
m23_00_00_01.msb	m23_00_00_01	c1090_0059	-1	205230	狂気の悪霊　SAN値　廃墟	0	50.6	-115.56	-63.21	itemLotId_1	20523000	狂気の悪霊　SAN値　廃墟
m23_00_00_01.msb	m23_00_00_01	c1090_0065	-1	205230	狂気の悪霊　SAN値　廃墟	0	41.6	-105.5	10.87	itemLotId_1	20523000	狂気の悪霊　SAN値　廃墟
m24_00_00_00.msb	m24_00_00_00	c0000_0003	2400730	6090	孤独な老婆	240316	2.898	-10.588	105.817	itemLotId_1	26040	孤独な老婆_死亡時ドロップアイテム
m24_00_00_00.msb	m24_00_00_00	c0000_0006	2400770	6140	囚われの尼僧（初回生贄）	240322	3.802	-10.974	115.48	itemLotId_1	32030	囚われの尼僧_死亡時ドロップアイテム
m24_00_00_00.msb	m24_00_00_00	c0000_0007	2400750	6110	娼婦（避難所）	240318	10.1	-9.05	103.5	itemLotId_1	28010	娼婦_死亡時ドロップアイテム
m24_00_00_00.msb	m24_00_00_00	c0000_0008	2400755	6100	感染者の乞食	240338	-11.232	-10.329	121.875	itemLotId_1	27070	感染者の乞食_死亡時ドロップアイテム
m24_00_00_00.msb	m24_00_00_00	c0000_0009	2400765	6080	偏屈な老人	240315	-3.897	-9.995	111.993	itemLotId_1	25000	偏屈な老人_死亡時ドロップアイテム
m24_00_00_00.msb	m24_00_00_00	c0000_0010	2400760	6155	血族狩り（剣槌）_初期地点	240333	62.508	-26.806	51.644	itemLotId_1	34035	血族狩り_死亡時ドロップアイテム_初期地点
m24_00_00_00.msb	m24_00_00_00	c0000_0011	2400754	6110	娼婦（避難所）	240335	10.1	-9.05	103.5	itemLotId_1	28010	娼婦_死亡時ドロップアイテム
m24_00_00_00.msb	m24_00_00_00	c0000_0012	2400762	6154	血族狩り（剣槌）　ローゲリウス墓前死体	0	62.508	-26.63	51.644	itemLotId_1	34020	血族狩り_ローゲリウスの祀りが終わり、墓前で死んでいるときの死体から拾えるもの
m24_00_00_00.msb	m24_00_00_00	c0000_0013	2400900	6161	復讐者（イベント進行 聖堂街A：闇落ち）	240325	-13.27	-11.12	112.25	itemLotId_1	35020	復讐者_死亡時ドロップアイテム_通常時
m24_00_00_00.msb	m24_00_00_00	c0000_0014	2400901	6410	復讐者イベント用NPC2	0	66.91	35.71	338.43	itemLotId_1	56000	復讐者イベント用NPC2（強者）のドロップアイテム
m24_00_00_00.msb	m24_00_00_00	c0000_0015	2400757	6110	娼婦（避難所）	240336	10.1	-9.05	103.5	itemLotId_1	28010	娼婦_死亡時ドロップアイテム
m24_00_00_00.msb	m24_00_00_00	c0000_0017	2400772	6140	囚われの尼僧（初回生贄）	240334	3.802	-10.974	115.48	itemLotId_1	32030	囚われの尼僧_死亡時ドロップアイテム
m24_00_00_00.msb	m24_00_00_00	c0000_0018	2400759	6100	感染者の乞食	240317	-11.232	-10.329	121.875	itemLotId_1	27070	感染者の乞食_死亡時ドロップアイテム
m24_00_00_00.msb	m24_00_00_00	c0000_0019	2400774	6140	囚われの尼僧（初回生贄）	240339	3.802	-10.974	115.48	itemLotId_1	32030	囚われの尼僧_死亡時ドロップアイテム
m24_00_00_00.msb	m24_00_00_00	c0000_0020	2400775	6140	囚われの尼僧（初回生贄）	240340	3.802	-10.974	115.48	itemLotId_1	32030	囚われの尼僧_死亡時ドロップアイテム
m24_00_00_00.msb	m24_00_00_00	c0000_0021	2400902	6161	復讐者（イベント進行 聖堂街A：闇落ち）	240341	67.6	35.71	339.7	itemLotId_1	35020	復讐者_死亡時ドロップアイテム_通常時
m24_00_00_00.msb	m24_00_00_00	c0000_0022	2400903	6161	復讐者（イベント進行 聖堂街A：闇落ち）	240342	22.993	25.715	257.442	itemLotId_1	35020	復讐者_死亡時ドロップアイテム_通常時
m24_00_00_00.msb	m24_00_00_00	c0000_0023	2400660	6430	聖堂街A　生贄方面 射撃型NPC	0	91.9	1.4	222.03	itemLotId_1	58000	敵NPC_生贄接続NPC射撃のドロップアイテム
m24_00_00_00.msb	m24_00_00_00	c0000_0024	2400661	6420	聖堂街A　生贄方面 近接型NPC	0	93.8	1.12	207.46	itemLotId_1	57000	敵NPC_生贄接続NPC近接のドロップアイテム
m24_00_00_00.msb	m24_00_00_00	c0000_0025	2400763	6151	血族狩り（剣槌）_移動後	240343	-112.756	-2.215	196.657	itemLotId_1	34030	血族狩り_死亡時ドロップアイテム_移動後その1
m24_00_00_00.msb	m24_00_00_00	c0000_0026	2400732	6090	孤独な老婆	0	-5.37	-15.97	77.16	itemLotId_1	26040	孤独な老婆_死亡時ドロップアイテム
m24_00_00_00.msb	m24_00_00_00	c1051_0000	2400710	105240	さまよう寡婦（侵入PC召喚）　聖堂街A	0	17.7	13.2	168.1	itemLotId_1	10524000	さまよう寡婦（侵入PC召喚）　聖堂街A
m24_00_00_00.msb	m24_00_00_00	c1060_0000	2400500	106021	脳喰らい 投げ　聖堂街C	0	72.05	-51.65	249.68	itemLotId_1	10602420	脳喰らい　聖堂街C
m24_00_00_00.msb	m24_00_00_00	c1060_0001	-1	106101	脳喰らい　聖堂街A・中盤	0	-66.61	-0.23	176.43	itemLotId_1	10602400	脳喰らい　聖堂街A
m24_00_00_00.msb	m24_00_00_00	c1130_0000	2400700	113010	デーモンの狂信者(避難所の盲人＿杖マテリアル無効)	240312	24.597	-9.509	102.121	itemLotId_1	22010	避難所の盲人_死亡時ドロップアイテム
m24_00_00_00.msb	m24_00_00_00	c1170_0000	-1	117300	屍肉烏　聖堂街A	0	-69.948	-18.174	44.335	itemLotId_1	11702400	屍肉鳥　聖堂街A
m24_00_00_00.msb	m24_00_00_00	c1170_0001	-1	117300	屍肉烏　聖堂街A	0	-79.666	-18.684	65.36	itemLotId_1	11702400	屍肉鳥　聖堂街A
m24_00_00_00.msb	m24_00_00_00	c1170_0002	-1	117300	屍肉烏　聖堂街A	0	-11.456	-10.371	138.367	itemLotId_1	11702400	屍肉鳥　聖堂街A
m24_00_00_00.msb	m24_00_00_00	c1170_0008	-1	117301	屍肉烏　聖堂街A・中盤	0	-61.295	-0.932	147.063	itemLotId_1	11702400	屍肉鳥　聖堂街A
m24_00_00_00.msb	m24_00_00_00	c1170_0009	-1	117300	屍肉烏　聖堂街A	0	-59.3	-18.11	43.23	itemLotId_1	11702400	屍肉鳥　聖堂街A
m24_00_00_00.msb	m24_00_00_00	c1170_0010	2400350	117300	屍肉烏　聖堂街A	0	9.407	-10.982	124.231	itemLotId_1	11702400	屍肉鳥　聖堂街A
m24_00_00_00.msb	m24_00_00_00	c1170_0011	2400351	117300	屍肉烏　聖堂街A	0	6.22	-10.982	127.388	itemLotId_1	11702400	屍肉鳥　聖堂街A
m24_00_00_00.msb	m24_00_00_00	c1170_0012	2400352	117300	屍肉烏　聖堂街A	0	6.764	-10.982	122.455	itemLotId_1	11702400	屍肉鳥　聖堂街A
m24_00_00_00.msb	m24_00_00_00	c1170_0013	-1	117301	屍肉烏　聖堂街A・中盤	0	-75.9	-0.21	176.02	itemLotId_1	11702400	屍肉鳥　聖堂街A
m24_00_00_00.msb	m24_00_00_00	c1170_0014	-1	117300	屍肉烏　聖堂街A	0	-66.089	-17.984	41.548	itemLotId_1	11702400	屍肉鳥　聖堂街A
m24_00_00_00.msb	m24_00_00_00	c1170_0015	2400509	117460	屍肉烏　聖堂街C・前半	0	50.01	-47.72	183.73	itemLotId_1	11702420	屍肉鳥　聖堂街C
m24_00_00_00.msb	m24_00_00_00	c1170_0016	2400510	117460	屍肉烏　聖堂街C・前半	0	48.94	-47.72	186.45	itemLotId_1	11702420	屍肉鳥　聖堂街C
m24_00_00_00.msb	m24_00_00_00	c1170_0017	-1	117301	屍肉烏　聖堂街A・中盤	0	77.7	13.07	208.12	itemLotId_1	11702400	屍肉鳥　聖堂街A
m24_00_00_00.msb	m24_00_00_00	c1170_0018	-1	117301	屍肉烏　聖堂街A・中盤	0	77.53	13.34	203.63	itemLotId_1	11702400	屍肉鳥　聖堂街A
m24_00_00_00.msb	m24_00_00_00	c1180_0000	2400344	118011	さまよう狂気(小)　聖堂街A	0	-95.113	-20.151	88.775	itemLotId_1	11800110	さまよう狂気（小）　聖堂街A　○
m24_00_00_00.msb	m24_00_00_00	c1180_0001	2400372	118010	さまよう狂気(小)　聖堂街A・生贄接続	0	72.06	1.12	199.37	itemLotId_1	11800100	さまよう狂気（小）　聖堂街A　○（A-生贄接続）
m24_00_00_00.msb	m24_00_00_00	c1180_0004	2400373	118012	さまよう狂気(小)　聖堂街A・生贄接続	0	117.29	-6.06	203.06	itemLotId_1	11800120	さまよう狂気（小）　聖堂街A　○（A-生贄接続）
m24_00_00_00.msb	m24_00_00_00	c1180_0005	2400374	118014	さまよう狂気(小)　聖堂街A・生贄接続	0	169.48	-25.51	170.54	itemLotId_1	11800140	さまよう狂気（小）　聖堂街A　○（A-生贄接続）
m24_00_00_00.msb	m24_00_00_00	c1180_0007	2400371	118013	さまよう狂気(小)　聖堂街A	0	68.506836	15.27	162.17505	itemLotId_1	11800130	さまよう狂気（小）　聖堂街A　○（聖堂街C前半）
m24_00_00_00.msb	m24_00_00_00	c1180_0008	2400375	118015	さまよう狂気(小)　聖堂街A・生贄接続	0	168	-25.62	169.27	itemLotId_1	11800150	さまよう狂気（小）　聖堂街A　○（A-生贄接続）
m24_00_00_00.msb	m24_00_00_00	c1240_0005	-1	124410	狂犬　聖堂街A・序盤	0	41.86	-29.61	54.45	itemLotId_1	12402410	狂犬　聖堂街B
m24_00_00_00.msb	m24_00_00_00	c1240_0008	2400120	124410	狂犬　聖堂街A・序盤	0	103.41	-19.92	80.52	itemLotId_1	12402410	狂犬　聖堂街B
m24_00_00_00.msb	m24_00_00_00	c1240_0009	2400121	124410	狂犬　聖堂街A・序盤	0	96.325	-19.917	88.631	itemLotId_1	12402410	狂犬　聖堂街B
m24_00_00_00.msb	m24_00_00_00	c1240_0011	-1	124412	狂犬　聖堂街A・後半	0	-31.531	-0.409	198.557	itemLotId_1	12402410	狂犬　聖堂街B
m24_00_00_00.msb	m24_00_00_00	c1240_0012	-1	124700	狂犬　聖堂街AC接続	0	40.8	-45.68	200	itemLotId_1	12402410	狂犬　聖堂街B
m24_00_00_00.msb	m24_00_00_00	c1240_0013	2400504	124700	狂犬　聖堂街AC接続	0	44.7	-45.86	214.59	itemLotId_1	12402410	狂犬　聖堂街B
m24_00_00_00.msb	m24_00_00_00	c2000_0000	2400603	200090	処刑人　聖堂街～生贄街	0	143.04	-21.58	204.03	itemLotId_1	20002400	処刑人　聖堂街A
m24_00_00_00.msb	m24_00_00_00	c2000_0001	2400604	200090	処刑人　聖堂街～生贄街	0	164.42	-25.57	175.71	itemLotId_1	20002400	処刑人　聖堂街A
m24_00_00_00.msb	m24_00_00_00	c2020_0000	2400360	202000	人さらい　生贄初回	0	64.123	-29.626	44.986	itemLotId_1	20202810	人さらい　生贄初回
m24_00_00_00.msb	m24_00_00_00	c2020_0001	2400361	202000	人さらい　生贄初回	0	55.85	-45.77	205.06	itemLotId_1	20202810	人さらい　生贄初回
m24_00_00_00.msb	m24_00_00_00	c2020_0002	2400362	202000	人さらい　生贄初回	0	7.96	-10.98	119.89	itemLotId_1	20202810	人さらい　生贄初回
m24_00_00_00.msb	m24_00_00_00	c2020_0003	2400363	202000	人さらい　生贄初回	0	115.11	4.53	214.91	itemLotId_1	20202810	人さらい　生贄初回
m24_00_00_00.msb	m24_00_00_00	c2600_0001	2400107	260300	恐ろしい群衆（松明・のこぎり）聖堂街A・中盤	0	-65.204575	-2.149	183.6134	itemLotId_1	26002400	恐ろしい群衆　聖堂街A
m24_00_00_00.msb	m24_00_00_00	c2600_0002	2400160	260320	恐ろしい群衆（鍬）聖堂街A・中盤	0	-86.44	-6.486	183.743	itemLotId_1	26002400	恐ろしい群衆　聖堂街A
m24_00_00_00.msb	m24_00_00_00	c2620_0005	2400423	262030	群衆（車椅子）　火炎放射　聖堂街C	0	61.37	30.38	157.07	itemLotId_1	26202422	群衆（車椅子）_火炎放射　聖堂街C
m24_00_00_00.msb	m24_00_00_00	c2620_0006	2400422	262121	群衆（車椅子）　ガトリング_固定砲台　聖堂街C	0	62.85	23.25	149.68	itemLotId_1	26202424	群衆（車椅子）_ガトリング　聖堂街C
m24_00_00_00.msb	m24_00_00_00	c2620_0010	2400421	262121	群衆（車椅子）　ガトリング_固定砲台　聖堂街C	0	38.777298	13.869967	107.63695	itemLotId_1	26202424	群衆（車椅子）_ガトリング　聖堂街C
m24_00_00_00.msb	m24_00_00_00	c2620_0011	2400420	262030	群衆（車椅子）　火炎放射　聖堂街C	0	50.32	31.16	173.96	itemLotId_1	26202422	群衆（車椅子）_火炎放射　聖堂街C
m24_00_00_00.msb	m24_00_00_00	c2630_0000	2400106	263200	群衆A（大）　松明＆斧　服パターン1　聖堂街A・中盤	0	-73.806	-2.093	184.976	itemLotId_1	10202400	群衆A松明　聖堂街A
m24_00_00_00.msb	m24_00_00_00	c2630_0002	2400601	263681	群衆A（大）　銃　固定砲台　聖堂街～生贄街	0	133.58	-11.92	201.73	itemLotId_1	10202404	群衆Aリーダー　聖堂街A
m24_00_00_00.msb	m24_00_00_00	c2630_0003	2400602	263681	群衆A（大）　銃　固定砲台　聖堂街～生贄街	0	133.56	-15.34	197.54	itemLotId_1	10202404	群衆Aリーダー　聖堂街A
m24_00_00_00.msb	m24_00_00_00	c2630_0004	2400402	263550	群衆A（大）　武器（鎌）　聖堂街C	0	52.056	15.094	147.27	itemLotId_1	10202426	群衆A盾/包丁/鎌/鋤　聖堂街C
m24_00_00_00.msb	m24_00_00_00	c2630_0005	2400403	263581	群衆A（大）　銃 固定砲台　聖堂街C	0	49.300014	15.031446	155.70613	itemLotId_1	10202424	群衆Aリーダー　聖堂街C
m24_00_00_00.msb	m24_00_00_00	c2630_0006	2400401	263581	群衆A（大）　銃 固定砲台　聖堂街C	0	49.13	22.78	142.48	itemLotId_1	10202424	群衆Aリーダー　聖堂街C
m24_00_00_00.msb	m24_00_00_00	c2630_0008	2400392	263530	群衆A（大）　武器（サーベル）　聖堂街C	0	50.27	30.38	153.93	itemLotId_1	10202422	群衆Aサーベル　聖堂街C
m24_00_00_00.msb	m24_00_00_00	c2630_0013	2400110	263202	群衆A（大）　松明＆斧　服パターン3　聖堂街A・中盤	0	-64.73385	-2.136	182.27045	itemLotId_1	10202400	群衆A松明　聖堂街A
m24_00_00_00.msb	m24_00_00_00	c2630_0014	2400109	263270	群衆A（大）　長物両手（鋤）　服パターン1　聖堂街A・中盤	0	-67.512	-2.164	183.05	itemLotId_1	10202406	群衆A盾/包丁/鎌/鋤　聖堂街A
m24_00_00_00.msb	m24_00_00_00	c2630_0015	2400162	263252	群衆A（大）　武器（鎌）　服パターン3　聖堂街A・中盤	0	-112.79	-9.35	158.06	itemLotId_1	10202406	群衆A盾/包丁/鎌/鋤　聖堂街A
m24_00_00_00.msb	m24_00_00_00	c2630_0019	2400156	263250	群衆A（大）　武器（鎌）　服パターン1　聖堂街A・中盤	0	-108.87	-9.793	168.14	itemLotId_1	10202406	群衆A盾/包丁/鎌/鋤　聖堂街A
m24_00_00_00.msb	m24_00_00_00	c2630_0024	-1	263203	群衆A（大）　松明＆斧　服パターン1　聖堂街A・序盤	0	41.86	-29.61	54.45	itemLotId_1	10202400	群衆A松明　聖堂街A
m24_00_00_00.msb	m24_00_00_00	c2630_0067	2400172	263254	群衆A（大）　武器（鎌）　服パターン3　聖堂街A・序盤	0	84.628	-26.567	72.227	itemLotId_1	10202406	群衆A盾/包丁/鎌/鋤　聖堂街A
m24_00_00_00.msb	m24_00_00_00	c2630_0077	-1	263233	群衆A（大）　武器（サーベル）　服パターン1　聖堂街A・序盤	0	39.089	-29.148	68.667	itemLotId_1	10202402	群衆Aサーベル　聖堂街A
m24_00_00_00.msb	m24_00_00_00	c2630_0079	-1	263273	群衆A（大）　長物両手（鋤）　服パターン1　聖堂街A・序盤	0	41.86	-29.61	77.39	itemLotId_1	10202406	群衆A盾/包丁/鎌/鋤　聖堂街A
m24_00_00_00.msb	m24_00_00_00	c2630_0080	2400405	263540	群衆A（大）　武器（包丁）　聖堂街C	0	55.787205	15.060594	157.79753	itemLotId_1	10202426	群衆A盾/包丁/鎌/鋤　聖堂街C
m24_00_00_00.msb	m24_00_00_00	c2630_0081	2400398	263530	群衆A（大）　武器（サーベル）　聖堂街C	0	59.72	23.25	148.3	itemLotId_1	10202422	群衆Aサーベル　聖堂街C
m24_00_00_00.msb	m24_00_00_00	c2630_0083	-1	263282	群衆A（大）　銃　聖堂街A・序盤_砲台特殊効果	0	94.505	-19.927	82.765	itemLotId_1	10202404	群衆Aリーダー　聖堂街A
m24_00_00_00.msb	m24_00_00_00	c2630_0084	2400163	263281	群衆A（大）　銃　聖堂街A・中盤	0	-85.91411	-6.481199	186.39565	itemLotId_1	10202404	群衆Aリーダー　聖堂街A
m24_00_00_00.msb	m24_00_00_00	c2630_0085	2400111	263280	群衆A（大）　銃　聖堂街A・中盤_砲台特殊効果	0	-64.41434	-2.136	185.38792	itemLotId_1	10202404	群衆Aリーダー　聖堂街A
m24_00_00_00.msb	m24_00_00_00	c2630_0092	2400406	263610	群衆A（大）　盾＆松明　聖堂街～生贄街	0	59.88	15.1	149.62	itemLotId_1	10202400	群衆A松明　聖堂街A
m24_00_00_00.msb	m24_00_00_00	c2630_0093	2400407	263500	群衆A（大）　松明＆斧　聖堂街C	0	56.933277	15.06482	158.05135	itemLotId_1	10202420	群衆A松明　聖堂街C
m24_00_00_00.msb	m24_00_00_00	c2630_0094	2400408	263530	群衆A（大）　武器（サーベル）　聖堂街C	0	49.689934	15.287747	144.06609	itemLotId_1	10202422	群衆Aサーベル　聖堂街C
m24_00_00_00.msb	m24_00_00_00	c2631_0000	2400503	263100	群衆A（大）　松明＆斧　【処刑人衣装】	0	32.08	-45.86	202.97	itemLotId_1	10202700	群衆A松明　森
m24_00_00_00.msb	m24_00_00_00	c2631_0001	2400502	263100	群衆A（大）　松明＆斧　【処刑人衣装】	0	45.48	-45.84	216.55	itemLotId_1	10202700	群衆A松明　森
m24_00_00_00.msb	m24_00_00_00	c2631_0002	2400501	263130	群衆A（大）　長物両手（鋤）　【処刑人衣装】	0	43.58	-45.86	212.48	itemLotId_1	10202706	群衆A盾/包丁/鎌/鋤　森
m24_00_00_00.msb	m24_00_00_00	c2631_0003	2400505	263130	群衆A（大）　長物両手（鋤）　【処刑人衣装】	0	32.67	-45.86	201.98	itemLotId_1	10202706	群衆A盾/包丁/鎌/鋤　森
m24_00_00_00.msb	m24_00_00_00	c2640_0000	2400230	264200	群衆B（大）　レンガ　聖堂街A	0	-65.091	-18.029	45.521	itemLotId_1	10302400	群衆B　聖堂街A
m24_00_00_00.msb	m24_00_00_00	c2640_0006	2400231	264210	群衆B（大）　石像　聖堂街A	0	-85.51	-19.02	62.17	itemLotId_1	10302400	群衆B　聖堂街A
m24_00_00_00.msb	m24_00_00_00	c2640_0007	2400391	264601	群衆B（大）　レンガ　マント付　聖堂街C	0	67.22521	22.774239	146.55457	itemLotId_1	10302410	群衆B　聖堂街B
m24_00_00_00.msb	m24_00_00_00	c2700_0000	2400116	270120	教会の使者（杖-空ランタン）　聖堂街A	0	-9.154	-16.475	87.847	itemLotId_1	27002404	教会の使者 ランタン　聖堂街A
m24_00_00_00.msb	m24_00_00_00	c2700_0001	2400220	270100	教会の使者（杖のみ）　聖堂街A	0	-9.501	-10.99	125.509	itemLotId_1	27002400	教会の使者 杖　聖堂街A
m24_00_00_00.msb	m24_00_00_00	c2700_0002	2400211	270142	教会の使者（十字架）　聖堂街A・後半	0	20.512	25.665	260.448	itemLotId_1	27002406	教会の使者 十字架　聖堂街A
m24_00_00_00.msb	m24_00_00_00	c2700_0004	2400125	270120	教会の使者（杖-空ランタン）　聖堂街A	0	-33.251	-12.489	83.204	itemLotId_1	27002404	教会の使者 ランタン　聖堂街A
m24_00_00_00.msb	m24_00_00_00	c2700_0005	2400128	270102	教会の使者（杖のみ）　聖堂街A・後半	0	-22.002	-0.527	185.324	itemLotId_1	27002400	教会の使者 杖　聖堂街A
m24_00_00_00.msb	m24_00_00_00	c2700_0007	2400136	270112	教会の使者（杖-銃）　聖堂街A・後半	0	-15.559	11.602	222.208	itemLotId_1	27002402	教会の使者 銃　聖堂街A
m24_00_00_00.msb	m24_00_00_00	c2700_0008	2400114	270100	教会の使者（杖のみ）　聖堂街A	0	0.15	0.777	165.17	itemLotId_1	27002400	教会の使者 杖　聖堂街A
m24_00_00_00.msb	m24_00_00_00	c2700_0009	2400127	270122	教会の使者（杖-空ランタン）　聖堂街A・後半	0	-30.12	-0.52	188.42	itemLotId_1	27002404	教会の使者 ランタン　聖堂街A
m24_00_00_00.msb	m24_00_00_00	c2700_0013	2400122	270120	教会の使者（杖-空ランタン）　聖堂街A	0	1.937	0.798	166.628	itemLotId_1	27002404	教会の使者 ランタン　聖堂街A
m24_00_00_00.msb	m24_00_00_00	c2700_0017	2400137	270152	教会の使者（杖-鎌）　聖堂街A・後半	0	-0.475324	9.932223	210.80125	itemLotId_1	27002408	教会の使者 鎌　聖堂街A
m24_00_00_00.msb	m24_00_00_00	c2700_0021	2400139	270161	教会の使者（杖-火炎放射）　聖堂街A・中盤	0	-64.279	-0.713	135.355	itemLotId_1	27002410	教会の使者 火炎放射　聖堂街A
m24_00_00_00.msb	m24_00_00_00	c2700_0029	2400161	270121	教会の使者（杖-空ランタン）　聖堂街A・中盤	0	-79.55	-2.17	139.24	itemLotId_1	27002404	教会の使者 ランタン　聖堂街A
m24_00_00_00.msb	m24_00_00_00	c2700_0033	2400210	270142	教会の使者（十字架）　聖堂街A・後半	0	16.007	21.567	245.111	itemLotId_1	27002406	教会の使者 十字架　聖堂街A
m24_00_00_00.msb	m24_00_00_00	c2730_0002	2400207	273101	医療教会のフランケン　斧・中盤	0	-58.276	0.212	163.102	itemLotId_1	27302400	医療教会のフランケン　斧　聖堂街A
m24_00_00_00.msb	m24_00_00_00	c2730_0003	2400126	273102	医療教会のフランケン　斧・後半	0	6.58	15.64	225.943	itemLotId_1	27302400	医療教会のフランケン　斧　聖堂街A
m24_00_00_00.msb	m24_00_00_00	c2730_0005	2400205	273120	医療教会のフランケン　鎖鉄球	0	-94.686	-20.203	82.615	itemLotId_1	27302410	医療教会のフランケン　鎖鉄球　聖堂街A
m24_00_00_00.msb	m24_00_00_00	c2730_0009	2400203	273100	医療教会のフランケン　斧	0	-42.466	-12.175	71.82	itemLotId_1	27302400	医療教会のフランケン　斧　聖堂街A
m24_00_00_00.msb	m24_00_00_00	c2730_0010	2400119	273101	医療教会のフランケン　斧・中盤	0	-20.38	0.2	147.56	itemLotId_1	27302400	医療教会のフランケン　斧　聖堂街A
m24_00_00_00.msb	m24_00_00_00	c5040_0000	2400756	504020	嵐の獣　感染者の乞食_変身用	240217	-10.33	-16.5	111.8	itemLotId_1	27070	感染者の乞食_死亡時ドロップアイテム
m24_00_00_00.msb	m24_00_00_00	c0000_0016	2400758	6110	娼婦（避難所）	240337	11.926	-9.021	100.935	itemLotId_1	28010	娼婦_死亡時ドロップアイテム
m24_00_00_00.msb	m24_00_00_00	c1060_0002	2400322	106000	脳喰らい　聖堂街C	0	-24.81	0.1	150.29	itemLotId_1	10602420	脳喰らい　聖堂街C
m24_00_00_00.msb	m24_00_00_00	c1130_0001	-1	113010	デーモンの狂信者(避難所の盲人＿杖マテリアル無効)	0	24.597	-9.509	102.121	itemLotId_1	22010	避難所の盲人_死亡時ドロップアイテム
m24_00_00_00.msb	m24_00_00_00	c1170_0003	-1	117300	屍肉烏　聖堂街A	0	3.31	-15.49	84.32	itemLotId_1	11702400	屍肉鳥　聖堂街A
m24_00_00_00.msb	m24_00_00_00	c1170_0004	-1	117300	屍肉烏　聖堂街A	0	3.1	-15.49	87.45	itemLotId_1	11702400	屍肉鳥　聖堂街A
m24_00_00_00.msb	m24_00_00_00	c1170_0005	-1	117300	屍肉烏　聖堂街A	0	-5.05	-15.67	74.08	itemLotId_1	11702400	屍肉鳥　聖堂街A
m24_00_00_00.msb	m24_00_00_00	c1170_0006	-1	117300	屍肉烏　聖堂街A	0	-5.25	-15.49	71.87	itemLotId_1	11702400	屍肉鳥　聖堂街A
m24_00_00_00.msb	m24_00_00_00	c1170_0007	-1	117301	屍肉烏　聖堂街A・中盤	0	-63.073	-0.932	147.066	itemLotId_1	11702400	屍肉鳥　聖堂街A
m24_00_00_00.msb	m24_00_00_00	c1180_0002	2400342	118010	さまよう狂気(小)　聖堂街A・生贄接続	0	62.416	21.617	242.959	itemLotId_1	11800100	さまよう狂気（小）　聖堂街A　○（A-生贄接続）
m24_00_00_00.msb	m24_00_00_00	c1180_0003	2400343	118011	さまよう狂気(小)　聖堂街A	0	-36.824	-0.346	125.22	itemLotId_1	11800110	さまよう狂気（小）　聖堂街A　○
m24_00_00_00.msb	m24_00_00_00	c1180_0006	2400345	118012	さまよう狂気(小)　聖堂街A・生贄接続	0	1.7	-10.982	126.17	itemLotId_1	11800120	さまよう狂気（小）　聖堂街A　○（A-生贄接続）
m24_00_00_00.msb	m24_00_00_00	c1240_0004	2400117	124400	狂犬　聖堂街B	0	-15.12	-16.39	80.39	itemLotId_1	12402410	狂犬　聖堂街B
m24_00_00_00.msb	m24_00_00_00	c1240_0006	2400118	124400	狂犬　聖堂街B	0	-15.12	-16.39	80.39	itemLotId_1	12402410	狂犬　聖堂街B
m24_00_00_00.msb	m24_00_00_00	c1240_0007	-1	124400	狂犬　聖堂街B	0	-77.55	-18.1	38.47	itemLotId_1	12402410	狂犬　聖堂街B
m24_00_00_00.msb	m24_00_00_00	c1240_0010	-1	124410	狂犬　聖堂街A・序盤	0	-27.51	0.33	206.9	itemLotId_1	12402410	狂犬　聖堂街B
m24_00_00_00.msb	m24_00_00_00	c2521_0000	2400751	252100	月の幼生（赤子）　娼婦用	0	11.298	-9.514	102.853	itemLotId_1	28040	娼婦_娼婦が産んだ赤子_殺害時ドロップアイテム
m24_00_00_00.msb	m24_00_00_00	c2620_0000	-1	262000	群衆（車椅子）　ライフル　聖堂街A	0	0	0	0	itemLotId_1	26202400	群衆（車椅子）　聖堂街A
m24_00_00_00.msb	m24_00_00_00	c2620_0001	-1	262000	群衆（車椅子）　ライフル　聖堂街A	0	0	0	0	itemLotId_1	26202400	群衆（車椅子）　聖堂街A
m24_00_00_00.msb	m24_00_00_00	c2620_0002	-1	262000	群衆（車椅子）　ライフル　聖堂街A	0	0	0	0	itemLotId_1	26202400	群衆（車椅子）　聖堂街A
m24_00_00_00.msb	m24_00_00_00	c2620_0003	-1	262030	群衆（車椅子）　火炎放射　聖堂街C	0	-96.912	-9.387	176.221	itemLotId_1	26202422	群衆（車椅子）_火炎放射　聖堂街C
m24_00_00_00.msb	m24_00_00_00	c2620_0007	-1	262000	群衆（車椅子）　ライフル　聖堂街A	0	-96.381	-9.388	174.94	itemLotId_1	26202400	群衆（車椅子）　聖堂街A
m24_00_00_00.msb	m24_00_00_00	c2630_0009	2400152	263250	群衆A（大）　武器（鎌）　服パターン1　聖堂街A・中盤	0	-123.44	-9.37	155.8	itemLotId_1	10202406	群衆A盾/包丁/鎌/鋤　聖堂街A
m24_00_00_00.msb	m24_00_00_00	c2630_0010	2400154	263250	群衆A（大）　武器（鎌）　服パターン1　聖堂街A・中盤	0	-96.549	-9.625	170.247	itemLotId_1	10202406	群衆A盾/包丁/鎌/鋤　聖堂街A
m24_00_00_00.msb	m24_00_00_00	c2630_0011	2400153	263240	群衆A（大）　武器（包丁）　服パターン1　聖堂街A・中盤	0	-114.84	-9.1	152.34	itemLotId_1	10202406	群衆A盾/包丁/鎌/鋤　聖堂街A
m24_00_00_00.msb	m24_00_00_00	c2630_0012	2400108	263200	群衆A（大）　松明＆斧　服パターン1　聖堂街A・中盤	0	-61.48	-2.133	182.09	itemLotId_1	10202400	群衆A松明　聖堂街A
m24_00_00_00.msb	m24_00_00_00	c2630_0016	-1	263630	群衆A（大）　武器（サーベル）　聖堂街～生贄街	0	88.18	2.34	229.83	itemLotId_1	10202402	群衆Aサーベル　聖堂街A
m24_00_00_00.msb	m24_00_00_00	c2630_0017	-1	263681	群衆A（大）　銃　固定砲台　聖堂街～生贄街	0	84.11	2.57	226.05	itemLotId_1	10202404	群衆Aリーダー　聖堂街A
m24_00_00_00.msb	m24_00_00_00	c2630_0018	2400155	263250	群衆A（大）　武器（鎌）　服パターン1　聖堂街A・中盤	0	-52.17	12.02	189.35	itemLotId_1	10202406	群衆A盾/包丁/鎌/鋤　聖堂街A
m24_00_00_00.msb	m24_00_00_00	c2630_0020	2400157	263240	群衆A（大）　武器（包丁）　服パターン1　聖堂街A・中盤	0	-107.851	-9.365	160.566	itemLotId_1	10202406	群衆A盾/包丁/鎌/鋤　聖堂街A
m24_00_00_00.msb	m24_00_00_00	c2630_0021	2400112	263200	群衆A（大）　松明＆斧　服パターン1　聖堂街A・中盤	0	13.497	5.399	211.313	itemLotId_1	10202400	群衆A松明　聖堂街A
m24_00_00_00.msb	m24_00_00_00	c2630_0022	-1	263240	群衆A（大）　武器（包丁）　服パターン1　聖堂街A・中盤	0	15.001	5.399	208.241	itemLotId_1	10202406	群衆A盾/包丁/鎌/鋤　聖堂街A
m24_00_00_00.msb	m24_00_00_00	c2630_0023	-1	263630	群衆A（大）　武器（サーベル）　聖堂街～生贄街	0	91.38	1.43	223.24	itemLotId_1	10202402	群衆Aサーベル　聖堂街A
m24_00_00_00.msb	m24_00_00_00	c2630_0027	-1	263200	群衆A（大）　松明＆斧　服パターン1　聖堂街A・中盤	0	0	0	0	itemLotId_1	10202400	群衆A松明　聖堂街A
m24_00_00_00.msb	m24_00_00_00	c2630_0028	-1	263200	群衆A（大）　松明＆斧　服パターン1　聖堂街A・中盤	0	0	0	0	itemLotId_1	10202400	群衆A松明　聖堂街A
m24_00_00_00.msb	m24_00_00_00	c2630_0029	-1	263200	群衆A（大）　松明＆斧　服パターン1　聖堂街A・中盤	0	0	0	0	itemLotId_1	10202400	群衆A松明　聖堂街A
m24_00_00_00.msb	m24_00_00_00	c2630_0030	-1	263200	群衆A（大）　松明＆斧　服パターン1　聖堂街A・中盤	0	0	0	0	itemLotId_1	10202400	群衆A松明　聖堂街A
m24_00_00_00.msb	m24_00_00_00	c2630_0031	-1	263200	群衆A（大）　松明＆斧　服パターン1　聖堂街A・中盤	0	0	0	0	itemLotId_1	10202400	群衆A松明　聖堂街A
m24_00_00_00.msb	m24_00_00_00	c2630_0032	-1	263200	群衆A（大）　松明＆斧　服パターン1　聖堂街A・中盤	0	0	0	0	itemLotId_1	10202400	群衆A松明　聖堂街A
m24_00_00_00.msb	m24_00_00_00	c2630_0033	-1	263200	群衆A（大）　松明＆斧　服パターン1　聖堂街A・中盤	0	0	0	0	itemLotId_1	10202400	群衆A松明　聖堂街A
m24_00_00_00.msb	m24_00_00_00	c2630_0034	-1	263200	群衆A（大）　松明＆斧　服パターン1　聖堂街A・中盤	0	0	0	0	itemLotId_1	10202400	群衆A松明　聖堂街A
m24_00_00_00.msb	m24_00_00_00	c2630_0035	-1	263200	群衆A（大）　松明＆斧　服パターン1　聖堂街A・中盤	0	0	0	0	itemLotId_1	10202400	群衆A松明　聖堂街A
m24_00_00_00.msb	m24_00_00_00	c2630_0036	-1	263200	群衆A（大）　松明＆斧　服パターン1　聖堂街A・中盤	0	0	0	0	itemLotId_1	10202400	群衆A松明　聖堂街A
m24_00_00_00.msb	m24_00_00_00	c2630_0037	-1	263210	群衆A（大）　盾＆松明　服パターン1　聖堂街A・中盤	0	0	0	0	itemLotId_1	10202400	群衆A松明　聖堂街A
m24_00_00_00.msb	m24_00_00_00	c2630_0038	-1	263210	群衆A（大）　盾＆松明　服パターン1　聖堂街A・中盤	0	0	0	0	itemLotId_1	10202400	群衆A松明　聖堂街A
m24_00_00_00.msb	m24_00_00_00	c2630_0039	-1	263210	群衆A（大）　盾＆松明　服パターン1　聖堂街A・中盤	0	0	0	0	itemLotId_1	10202400	群衆A松明　聖堂街A
m24_00_00_00.msb	m24_00_00_00	c2630_0040	-1	263210	群衆A（大）　盾＆松明　服パターン1　聖堂街A・中盤	0	0	0	0	itemLotId_1	10202400	群衆A松明　聖堂街A
m24_00_00_00.msb	m24_00_00_00	c2630_0041	-1	263210	群衆A（大）　盾＆松明　服パターン1　聖堂街A・中盤	0	0	0	0	itemLotId_1	10202400	群衆A松明　聖堂街A
m24_00_00_00.msb	m24_00_00_00	c2630_0042	-1	263210	群衆A（大）　盾＆松明　服パターン1　聖堂街A・中盤	0	0	0	0	itemLotId_1	10202400	群衆A松明　聖堂街A
m24_00_00_00.msb	m24_00_00_00	c2630_0043	-1	263210	群衆A（大）　盾＆松明　服パターン1　聖堂街A・中盤	0	0	0	0	itemLotId_1	10202400	群衆A松明　聖堂街A
m24_00_00_00.msb	m24_00_00_00	c2630_0044	-1	263210	群衆A（大）　盾＆松明　服パターン1　聖堂街A・中盤	0	0	0	0	itemLotId_1	10202400	群衆A松明　聖堂街A
m24_00_00_00.msb	m24_00_00_00	c2630_0045	-1	263210	群衆A（大）　盾＆松明　服パターン1　聖堂街A・中盤	0	0	0	0	itemLotId_1	10202400	群衆A松明　聖堂街A
m24_00_00_00.msb	m24_00_00_00	c2630_0046	-1	263210	群衆A（大）　盾＆松明　服パターン1　聖堂街A・中盤	0	0	0	0	itemLotId_1	10202400	群衆A松明　聖堂街A
m24_00_00_00.msb	m24_00_00_00	c2630_0047	-1	263230	群衆A（大）　武器（サーベル）　服パターン1　聖堂街A・中盤	0	0	0	0	itemLotId_1	10202402	群衆Aサーベル　聖堂街A
m24_00_00_00.msb	m24_00_00_00	c2630_0048	-1	263230	群衆A（大）　武器（サーベル）　服パターン1　聖堂街A・中盤	0	0	0	0	itemLotId_1	10202402	群衆Aサーベル　聖堂街A
m24_00_00_00.msb	m24_00_00_00	c2630_0049	-1	263230	群衆A（大）　武器（サーベル）　服パターン1　聖堂街A・中盤	0	0	0	0	itemLotId_1	10202402	群衆Aサーベル　聖堂街A
m24_00_00_00.msb	m24_00_00_00	c2630_0050	-1	263230	群衆A（大）　武器（サーベル）　服パターン1　聖堂街A・中盤	0	0	0	0	itemLotId_1	10202402	群衆Aサーベル　聖堂街A
m24_00_00_00.msb	m24_00_00_00	c2630_0051	-1	263230	群衆A（大）　武器（サーベル）　服パターン1　聖堂街A・中盤	0	0	0	0	itemLotId_1	10202402	群衆Aサーベル　聖堂街A
m24_00_00_00.msb	m24_00_00_00	c2630_0052	-1	263230	群衆A（大）　武器（サーベル）　服パターン1　聖堂街A・中盤	0	0	0	0	itemLotId_1	10202402	群衆Aサーベル　聖堂街A
m24_00_00_00.msb	m24_00_00_00	c2630_0053	-1	263230	群衆A（大）　武器（サーベル）　服パターン1　聖堂街A・中盤	0	0	0	0	itemLotId_1	10202402	群衆Aサーベル　聖堂街A
m24_00_00_00.msb	m24_00_00_00	c2630_0054	-1	263230	群衆A（大）　武器（サーベル）　服パターン1　聖堂街A・中盤	0	0	0	0	itemLotId_1	10202402	群衆Aサーベル　聖堂街A
m24_00_00_00.msb	m24_00_00_00	c2630_0055	-1	263230	群衆A（大）　武器（サーベル）　服パターン1　聖堂街A・中盤	0	0	0	0	itemLotId_1	10202402	群衆Aサーベル　聖堂街A
m24_00_00_00.msb	m24_00_00_00	c2630_0056	-1	263230	群衆A（大）　武器（サーベル）　服パターン1　聖堂街A・中盤	0	0	0	0	itemLotId_1	10202402	群衆Aサーベル　聖堂街A
m24_00_00_00.msb	m24_00_00_00	c2630_0057	-1	263270	群衆A（大）　長物両手（鋤）　服パターン1　聖堂街A・中盤	0	0	0	0	itemLotId_1	10202406	群衆A盾/包丁/鎌/鋤　聖堂街A
m24_00_00_00.msb	m24_00_00_00	c2630_0058	-1	263270	群衆A（大）　長物両手（鋤）　服パターン1　聖堂街A・中盤	0	0	0	0	itemLotId_1	10202406	群衆A盾/包丁/鎌/鋤　聖堂街A
m24_00_00_00.msb	m24_00_00_00	c2630_0059	-1	263270	群衆A（大）　長物両手（鋤）　服パターン1　聖堂街A・中盤	0	0	0	0	itemLotId_1	10202406	群衆A盾/包丁/鎌/鋤　聖堂街A
m24_00_00_00.msb	m24_00_00_00	c2630_0060	-1	263270	群衆A（大）　長物両手（鋤）　服パターン1　聖堂街A・中盤	0	0	0	0	itemLotId_1	10202406	群衆A盾/包丁/鎌/鋤　聖堂街A
m24_00_00_00.msb	m24_00_00_00	c2630_0061	-1	263270	群衆A（大）　長物両手（鋤）　服パターン1　聖堂街A・中盤	0	0	0	0	itemLotId_1	10202406	群衆A盾/包丁/鎌/鋤　聖堂街A
m24_00_00_00.msb	m24_00_00_00	c2630_0062	-1	263270	群衆A（大）　長物両手（鋤）　服パターン1　聖堂街A・中盤	0	0	0	0	itemLotId_1	10202406	群衆A盾/包丁/鎌/鋤　聖堂街A
m24_00_00_00.msb	m24_00_00_00	c2630_0063	-1	263270	群衆A（大）　長物両手（鋤）　服パターン1　聖堂街A・中盤	0	0	0	0	itemLotId_1	10202406	群衆A盾/包丁/鎌/鋤　聖堂街A
m24_00_00_00.msb	m24_00_00_00	c2630_0064	-1	263270	群衆A（大）　長物両手（鋤）　服パターン1　聖堂街A・中盤	0	0	0	0	itemLotId_1	10202406	群衆A盾/包丁/鎌/鋤　聖堂街A
m24_00_00_00.msb	m24_00_00_00	c2630_0065	-1	263270	群衆A（大）　長物両手（鋤）　服パターン1　聖堂街A・中盤	0	0	0	0	itemLotId_1	10202406	群衆A盾/包丁/鎌/鋤　聖堂街A
m24_00_00_00.msb	m24_00_00_00	c2630_0066	-1	263270	群衆A（大）　長物両手（鋤）　服パターン1　聖堂街A・中盤	0	0	0	0	itemLotId_1	10202406	群衆A盾/包丁/鎌/鋤　聖堂街A
m24_00_00_00.msb	m24_00_00_00	c2640_0002	-1	264200	群衆B（大）　レンガ　聖堂街A	0	0	0	0	itemLotId_1	10302400	群衆B　聖堂街A
m24_00_00_00.msb	m24_00_00_00	c2640_0003	-1	264200	群衆B（大）　レンガ　聖堂街A	0	0	0	0	itemLotId_1	10302400	群衆B　聖堂街A
m24_00_00_00.msb	m24_00_00_00	c2640_0004	-1	264200	群衆B（大）　レンガ　聖堂街A	0	0	0	0	itemLotId_1	10302400	群衆B　聖堂街A
m24_00_00_00.msb	m24_00_00_00	c2730_0011	2400133	273101	医療教会のフランケン　斧・中盤	0	-31.79	0.137	173.555	itemLotId_1	27302400	医療教会のフランケン　斧　聖堂街A
m24_00_00_01.msb	m24_00_00_01	c0000_0003	2400730	6090	孤独な老婆	240316	2.898	-10.588	105.817	itemLotId_1	26040	孤独な老婆_死亡時ドロップアイテム
m24_00_00_01.msb	m24_00_00_01	c0000_0006	2400770	6140	囚われの尼僧（初回生贄）	240322	3.802	-10.974	115.48	itemLotId_1	32030	囚われの尼僧_死亡時ドロップアイテム
m24_00_00_01.msb	m24_00_00_01	c0000_0007	2400750	6110	娼婦（避難所）	240318	10.1	-9.05	103.5	itemLotId_1	28010	娼婦_死亡時ドロップアイテム
m24_00_00_01.msb	m24_00_00_01	c0000_0008	2400755	6100	感染者の乞食	240338	-11.232	-10.329	121.875	itemLotId_1	27070	感染者の乞食_死亡時ドロップアイテム
m24_00_00_01.msb	m24_00_00_01	c0000_0009	2400765	6080	偏屈な老人	240315	-3.897	-9.995	111.993	itemLotId_1	25000	偏屈な老人_死亡時ドロップアイテム
m24_00_00_01.msb	m24_00_00_01	c0000_0010	2400760	6155	血族狩り（剣槌）_初期地点	240333	62.508	-26.806	51.644	itemLotId_1	34035	血族狩り_死亡時ドロップアイテム_初期地点
m24_00_00_01.msb	m24_00_00_01	c0000_0011	2400754	6110	娼婦（避難所）	240335	10.1	-9.05	103.5	itemLotId_1	28010	娼婦_死亡時ドロップアイテム
m24_00_00_01.msb	m24_00_00_01	c0000_0012	2400762	6154	血族狩り（剣槌）　ローゲリウス墓前死体	0	62.508	-26.63	51.644	itemLotId_1	34020	血族狩り_ローゲリウスの祀りが終わり、墓前で死んでいるときの死体から拾えるもの
m24_00_00_01.msb	m24_00_00_01	c0000_0013	2400900	6161	復讐者（イベント進行 聖堂街A：闇落ち）	240325	-13.27	-11.12	112.25	itemLotId_1	35020	復讐者_死亡時ドロップアイテム_通常時
m24_00_00_01.msb	m24_00_00_01	c0000_0014	2400901	6410	復讐者イベント用NPC2	0	66.91	35.71	338.43	itemLotId_1	56000	復讐者イベント用NPC2（強者）のドロップアイテム
m24_00_00_01.msb	m24_00_00_01	c0000_0015	2400757	6110	娼婦（避難所）	240336	10.1	-9.05	103.5	itemLotId_1	28010	娼婦_死亡時ドロップアイテム
m24_00_00_01.msb	m24_00_00_01	c0000_0017	2400772	6140	囚われの尼僧（初回生贄）	240334	3.802	-10.974	115.48	itemLotId_1	32030	囚われの尼僧_死亡時ドロップアイテム
m24_00_00_01.msb	m24_00_00_01	c0000_0018	2400759	6100	感染者の乞食	240317	-11.232	-10.329	121.875	itemLotId_1	27070	感染者の乞食_死亡時ドロップアイテム
m24_00_00_01.msb	m24_00_00_01	c0000_0019	2400774	6140	囚われの尼僧（初回生贄）	240339	3.802	-10.974	115.48	itemLotId_1	32030	囚われの尼僧_死亡時ドロップアイテム
m24_00_00_01.msb	m24_00_00_01	c0000_0020	2400775	6140	囚われの尼僧（初回生贄）	240340	3.802	-10.974	115.48	itemLotId_1	32030	囚われの尼僧_死亡時ドロップアイテム
m24_00_00_01.msb	m24_00_00_01	c0000_0021	2400902	6161	復讐者（イベント進行 聖堂街A：闇落ち）	240341	67.6	35.71	339.7	itemLotId_1	35020	復讐者_死亡時ドロップアイテム_通常時
m24_00_00_01.msb	m24_00_00_01	c0000_0022	2400903	6161	復讐者（イベント進行 聖堂街A：闇落ち）	240342	22.993	25.715	257.442	itemLotId_1	35020	復讐者_死亡時ドロップアイテム_通常時
m24_00_00_01.msb	m24_00_00_01	c0000_0023	2400660	6430	聖堂街A　生贄方面 射撃型NPC	0	91.9	1.4	222.03	itemLotId_1	58000	敵NPC_生贄接続NPC射撃のドロップアイテム
m24_00_00_01.msb	m24_00_00_01	c0000_0024	2400661	6420	聖堂街A　生贄方面 近接型NPC	0	93.8	1.12	207.46	itemLotId_1	57000	敵NPC_生贄接続NPC近接のドロップアイテム
m24_00_00_01.msb	m24_00_00_01	c0000_0025	2400763	6151	血族狩り（剣槌）_移動後	240343	-112.756	-2.215	196.657	itemLotId_1	34030	血族狩り_死亡時ドロップアイテム_移動後その1
m24_00_00_01.msb	m24_00_00_01	c0000_0026	2400732	6090	孤独な老婆	0	-5.37	-15.97	77.16	itemLotId_1	26040	孤独な老婆_死亡時ドロップアイテム
m24_00_00_01.msb	m24_00_00_01	c1051_0000	2400710	105240	さまよう寡婦（侵入PC召喚）　聖堂街A	0	17.7	13.2	168.1	itemLotId_1	10524000	さまよう寡婦（侵入PC召喚）　聖堂街A
m24_00_00_01.msb	m24_00_00_01	c1060_0000	2400500	106021	脳喰らい 投げ　聖堂街C	0	72.05	-51.65	249.68	itemLotId_1	10602420	脳喰らい　聖堂街C
m24_00_00_01.msb	m24_00_00_01	c1060_0001	-1	106101	脳喰らい　聖堂街A・中盤	0	-66.61	-0.23	176.43	itemLotId_1	10602400	脳喰らい　聖堂街A
m24_00_00_01.msb	m24_00_00_01	c1130_0000	2400700	113010	デーモンの狂信者(避難所の盲人＿杖マテリアル無効)	240312	24.597	-9.509	102.121	itemLotId_1	22010	避難所の盲人_死亡時ドロップアイテム
m24_00_00_01.msb	m24_00_00_01	c1170_0000	-1	117300	屍肉烏　聖堂街A	0	-69.948	-18.174	44.335	itemLotId_1	11702400	屍肉鳥　聖堂街A
m24_00_00_01.msb	m24_00_00_01	c1170_0001	-1	117300	屍肉烏　聖堂街A	0	-79.666	-18.684	65.36	itemLotId_1	11702400	屍肉鳥　聖堂街A
m24_00_00_01.msb	m24_00_00_01	c1170_0002	-1	117300	屍肉烏　聖堂街A	0	-11.456	-10.371	138.367	itemLotId_1	11702400	屍肉鳥　聖堂街A
m24_00_00_01.msb	m24_00_00_01	c1170_0008	-1	117301	屍肉烏　聖堂街A・中盤	0	-61.295	-0.932	147.063	itemLotId_1	11702400	屍肉鳥　聖堂街A
m24_00_00_01.msb	m24_00_00_01	c1170_0009	-1	117300	屍肉烏　聖堂街A	0	-59.3	-18.11	43.23	itemLotId_1	11702400	屍肉鳥　聖堂街A
m24_00_00_01.msb	m24_00_00_01	c1170_0010	2400350	117300	屍肉烏　聖堂街A	0	9.407	-10.982	124.231	itemLotId_1	11702400	屍肉鳥　聖堂街A
m24_00_00_01.msb	m24_00_00_01	c1170_0011	2400351	117300	屍肉烏　聖堂街A	0	6.22	-10.982	127.388	itemLotId_1	11702400	屍肉鳥　聖堂街A
m24_00_00_01.msb	m24_00_00_01	c1170_0012	2400352	117300	屍肉烏　聖堂街A	0	6.764	-10.982	122.455	itemLotId_1	11702400	屍肉鳥　聖堂街A
m24_00_00_01.msb	m24_00_00_01	c1170_0013	-1	117301	屍肉烏　聖堂街A・中盤	0	-75.9	-0.21	176.02	itemLotId_1	11702400	屍肉鳥　聖堂街A
m24_00_00_01.msb	m24_00_00_01	c1170_0014	-1	117300	屍肉烏　聖堂街A	0	-66.089	-17.984	41.548	itemLotId_1	11702400	屍肉鳥　聖堂街A
m24_00_00_01.msb	m24_00_00_01	c1170_0015	2400509	117460	屍肉烏　聖堂街C・前半	0	50.01	-47.72	183.73	itemLotId_1	11702420	屍肉鳥　聖堂街C
m24_00_00_01.msb	m24_00_00_01	c1170_0016	2400510	117460	屍肉烏　聖堂街C・前半	0	48.94	-47.72	186.45	itemLotId_1	11702420	屍肉鳥　聖堂街C
m24_00_00_01.msb	m24_00_00_01	c1170_0017	-1	117301	屍肉烏　聖堂街A・中盤	0	77.7	13.07	208.12	itemLotId_1	11702400	屍肉鳥　聖堂街A
m24_00_00_01.msb	m24_00_00_01	c1170_0018	-1	117301	屍肉烏　聖堂街A・中盤	0	77.53	13.34	203.63	itemLotId_1	11702400	屍肉鳥　聖堂街A
m24_00_00_01.msb	m24_00_00_01	c1180_0000	2400344	118011	さまよう狂気(小)　聖堂街A	0	-95.113	-20.151	88.775	itemLotId_1	11800110	さまよう狂気（小）　聖堂街A　○
m24_00_00_01.msb	m24_00_00_01	c1180_0001	2400372	118010	さまよう狂気(小)　聖堂街A・生贄接続	0	72.06	1.12	199.37	itemLotId_1	11800100	さまよう狂気（小）　聖堂街A　○（A-生贄接続）
m24_00_00_01.msb	m24_00_00_01	c1180_0004	2400373	118012	さまよう狂気(小)　聖堂街A・生贄接続	0	117.29	-6.06	203.06	itemLotId_1	11800120	さまよう狂気（小）　聖堂街A　○（A-生贄接続）
m24_00_00_01.msb	m24_00_00_01	c1180_0005	2400374	118014	さまよう狂気(小)　聖堂街A・生贄接続	0	169.48	-25.51	170.54	itemLotId_1	11800140	さまよう狂気（小）　聖堂街A　○（A-生贄接続）
m24_00_00_01.msb	m24_00_00_01	c1180_0007	2400371	118013	さまよう狂気(小)　聖堂街A	0	68.506836	15.27	162.17505	itemLotId_1	11800130	さまよう狂気（小）　聖堂街A　○（聖堂街C前半）
m24_00_00_01.msb	m24_00_00_01	c1180_0008	2400375	118015	さまよう狂気(小)　聖堂街A・生贄接続	0	168	-25.62	169.27	itemLotId_1	11800150	さまよう狂気（小）　聖堂街A　○（A-生贄接続）
m24_00_00_01.msb	m24_00_00_01	c1240_0005	-1	124410	狂犬　聖堂街A・序盤	0	41.86	-29.61	54.45	itemLotId_1	12402410	狂犬　聖堂街B
m24_00_00_01.msb	m24_00_00_01	c1240_0008	2400120	124410	狂犬　聖堂街A・序盤	0	103.41	-19.92	80.52	itemLotId_1	12402410	狂犬　聖堂街B
m24_00_00_01.msb	m24_00_00_01	c1240_0009	2400121	124410	狂犬　聖堂街A・序盤	0	96.325	-19.917	88.631	itemLotId_1	12402410	狂犬　聖堂街B
m24_00_00_01.msb	m24_00_00_01	c1240_0011	-1	124412	狂犬　聖堂街A・後半	0	-31.531	-0.409	198.557	itemLotId_1	12402410	狂犬　聖堂街B
m24_00_00_01.msb	m24_00_00_01	c1240_0012	-1	124700	狂犬　聖堂街AC接続	0	40.8	-45.68	200	itemLotId_1	12402410	狂犬　聖堂街B
m24_00_00_01.msb	m24_00_00_01	c1240_0013	2400504	124700	狂犬　聖堂街AC接続	0	44.7	-45.86	214.59	itemLotId_1	12402410	狂犬　聖堂街B
m24_00_00_01.msb	m24_00_00_01	c2000_0000	2400603	200090	処刑人　聖堂街～生贄街	0	143.04	-21.58	204.03	itemLotId_1	20002400	処刑人　聖堂街A
m24_00_00_01.msb	m24_00_00_01	c2000_0001	2400604	200090	処刑人　聖堂街～生贄街	0	164.42	-25.57	175.71	itemLotId_1	20002400	処刑人　聖堂街A
m24_00_00_01.msb	m24_00_00_01	c2020_0000	2400360	202000	人さらい　生贄初回	0	64.123	-29.626	44.986	itemLotId_1	20202810	人さらい　生贄初回
m24_00_00_01.msb	m24_00_00_01	c2020_0001	2400361	202000	人さらい　生贄初回	0	55.85	-45.77	205.06	itemLotId_1	20202810	人さらい　生贄初回
m24_00_00_01.msb	m24_00_00_01	c2020_0002	2400362	202000	人さらい　生贄初回	0	7.96	-10.98	119.89	itemLotId_1	20202810	人さらい　生贄初回
m24_00_00_01.msb	m24_00_00_01	c2020_0003	2400363	202000	人さらい　生贄初回	0	115.11	4.53	214.91	itemLotId_1	20202810	人さらい　生贄初回
m24_00_00_01.msb	m24_00_00_01	c2600_0001	2400107	260300	恐ろしい群衆（松明・のこぎり）聖堂街A・中盤	0	-65.204575	-2.149	183.6134	itemLotId_1	26002400	恐ろしい群衆　聖堂街A
m24_00_00_01.msb	m24_00_00_01	c2600_0002	2400160	260320	恐ろしい群衆（鍬）聖堂街A・中盤	0	-86.44	-6.486	183.743	itemLotId_1	26002400	恐ろしい群衆　聖堂街A
m24_00_00_01.msb	m24_00_00_01	c2620_0005	2400423	262030	群衆（車椅子）　火炎放射　聖堂街C	0	61.37	30.38	157.07	itemLotId_1	26202422	群衆（車椅子）_火炎放射　聖堂街C
m24_00_00_01.msb	m24_00_00_01	c2620_0006	2400422	262121	群衆（車椅子）　ガトリング_固定砲台　聖堂街C	0	62.85	23.25	149.68	itemLotId_1	26202424	群衆（車椅子）_ガトリング　聖堂街C
m24_00_00_01.msb	m24_00_00_01	c2620_0010	2400421	262121	群衆（車椅子）　ガトリング_固定砲台　聖堂街C	0	38.777298	13.869967	107.63695	itemLotId_1	26202424	群衆（車椅子）_ガトリング　聖堂街C
m24_00_00_01.msb	m24_00_00_01	c2620_0011	2400420	262030	群衆（車椅子）　火炎放射　聖堂街C	0	50.32	31.16	173.96	itemLotId_1	26202422	群衆（車椅子）_火炎放射　聖堂街C
m24_00_00_01.msb	m24_00_00_01	c2630_0000	2400106	263200	群衆A（大）　松明＆斧　服パターン1　聖堂街A・中盤	0	-73.806	-2.093	184.976	itemLotId_1	10202400	群衆A松明　聖堂街A
m24_00_00_01.msb	m24_00_00_01	c2630_0002	2400601	263681	群衆A（大）　銃　固定砲台　聖堂街～生贄街	0	133.58	-11.92	201.73	itemLotId_1	10202404	群衆Aリーダー　聖堂街A
m24_00_00_01.msb	m24_00_00_01	c2630_0003	2400602	263681	群衆A（大）　銃　固定砲台　聖堂街～生贄街	0	133.56	-15.34	197.54	itemLotId_1	10202404	群衆Aリーダー　聖堂街A
m24_00_00_01.msb	m24_00_00_01	c2630_0004	2400402	263550	群衆A（大）　武器（鎌）　聖堂街C	0	52.056	15.094	147.27	itemLotId_1	10202426	群衆A盾/包丁/鎌/鋤　聖堂街C
m24_00_00_01.msb	m24_00_00_01	c2630_0005	2400403	263581	群衆A（大）　銃 固定砲台　聖堂街C	0	49.300014	15.031446	155.70613	itemLotId_1	10202424	群衆Aリーダー　聖堂街C
m24_00_00_01.msb	m24_00_00_01	c2630_0006	2400401	263581	群衆A（大）　銃 固定砲台　聖堂街C	0	49.13	22.78	142.48	itemLotId_1	10202424	群衆Aリーダー　聖堂街C
m24_00_00_01.msb	m24_00_00_01	c2630_0008	2400392	263530	群衆A（大）　武器（サーベル）　聖堂街C	0	50.27	30.38	153.93	itemLotId_1	10202422	群衆Aサーベル　聖堂街C
m24_00_00_01.msb	m24_00_00_01	c2630_0013	2400110	263202	群衆A（大）　松明＆斧　服パターン3　聖堂街A・中盤	0	-64.73385	-2.136	182.27045	itemLotId_1	10202400	群衆A松明　聖堂街A
m24_00_00_01.msb	m24_00_00_01	c2630_0014	2400109	263270	群衆A（大）　長物両手（鋤）　服パターン1　聖堂街A・中盤	0	-67.512	-2.164	183.05	itemLotId_1	10202406	群衆A盾/包丁/鎌/鋤　聖堂街A
m24_00_00_01.msb	m24_00_00_01	c2630_0015	2400162	263252	群衆A（大）　武器（鎌）　服パターン3　聖堂街A・中盤	0	-112.79	-9.35	158.06	itemLotId_1	10202406	群衆A盾/包丁/鎌/鋤　聖堂街A
m24_00_00_01.msb	m24_00_00_01	c2630_0019	2400156	263250	群衆A（大）　武器（鎌）　服パターン1　聖堂街A・中盤	0	-108.87	-9.793	168.14	itemLotId_1	10202406	群衆A盾/包丁/鎌/鋤　聖堂街A
m24_00_00_01.msb	m24_00_00_01	c2630_0024	-1	263203	群衆A（大）　松明＆斧　服パターン1　聖堂街A・序盤	0	41.86	-29.61	54.45	itemLotId_1	10202400	群衆A松明　聖堂街A
m24_00_00_01.msb	m24_00_00_01	c2630_0067	2400172	263254	群衆A（大）　武器（鎌）　服パターン3　聖堂街A・序盤	0	84.628	-26.567	72.227	itemLotId_1	10202406	群衆A盾/包丁/鎌/鋤　聖堂街A
m24_00_00_01.msb	m24_00_00_01	c2630_0077	-1	263233	群衆A（大）　武器（サーベル）　服パターン1　聖堂街A・序盤	0	39.089	-29.148	68.667	itemLotId_1	10202402	群衆Aサーベル　聖堂街A
m24_00_00_01.msb	m24_00_00_01	c2630_0079	-1	263273	群衆A（大）　長物両手（鋤）　服パターン1　聖堂街A・序盤	0	41.86	-29.61	77.39	itemLotId_1	10202406	群衆A盾/包丁/鎌/鋤　聖堂街A
m24_00_00_01.msb	m24_00_00_01	c2630_0080	2400405	263540	群衆A（大）　武器（包丁）　聖堂街C	0	55.787205	15.060594	157.79753	itemLotId_1	10202426	群衆A盾/包丁/鎌/鋤　聖堂街C
m24_00_00_01.msb	m24_00_00_01	c2630_0081	2400398	263530	群衆A（大）　武器（サーベル）　聖堂街C	0	59.72	23.25	148.3	itemLotId_1	10202422	群衆Aサーベル　聖堂街C
m24_00_00_01.msb	m24_00_00_01	c2630_0083	-1	263282	群衆A（大）　銃　聖堂街A・序盤_砲台特殊効果	0	94.505	-19.927	82.765	itemLotId_1	10202404	群衆Aリーダー　聖堂街A
m24_00_00_01.msb	m24_00_00_01	c2630_0084	2400163	263281	群衆A（大）　銃　聖堂街A・中盤	0	-85.91411	-6.481199	186.39565	itemLotId_1	10202404	群衆Aリーダー　聖堂街A
m24_00_00_01.msb	m24_00_00_01	c2630_0085	2400111	263280	群衆A（大）　銃　聖堂街A・中盤_砲台特殊効果	0	-64.41434	-2.136	185.38792	itemLotId_1	10202404	群衆Aリーダー　聖堂街A
m24_00_00_01.msb	m24_00_00_01	c2630_0092	2400406	263610	群衆A（大）　盾＆松明　聖堂街～生贄街	0	59.88	15.1	149.62	itemLotId_1	10202400	群衆A松明　聖堂街A
m24_00_00_01.msb	m24_00_00_01	c2630_0093	2400407	263500	群衆A（大）　松明＆斧　聖堂街C	0	56.933277	15.06482	158.05135	itemLotId_1	10202420	群衆A松明　聖堂街C
m24_00_00_01.msb	m24_00_00_01	c2630_0094	2400408	263530	群衆A（大）　武器（サーベル）　聖堂街C	0	49.689934	15.287747	144.06609	itemLotId_1	10202422	群衆Aサーベル　聖堂街C
m24_00_00_01.msb	m24_00_00_01	c2631_0000	2400503	263100	群衆A（大）　松明＆斧　【処刑人衣装】	0	32.08	-45.86	202.97	itemLotId_1	10202700	群衆A松明　森
m24_00_00_01.msb	m24_00_00_01	c2631_0001	2400502	263100	群衆A（大）　松明＆斧　【処刑人衣装】	0	45.48	-45.84	216.55	itemLotId_1	10202700	群衆A松明　森
m24_00_00_01.msb	m24_00_00_01	c2631_0002	2400501	263130	群衆A（大）　長物両手（鋤）　【処刑人衣装】	0	43.58	-45.86	212.48	itemLotId_1	10202706	群衆A盾/包丁/鎌/鋤　森
m24_00_00_01.msb	m24_00_00_01	c2631_0003	2400505	263130	群衆A（大）　長物両手（鋤）　【処刑人衣装】	0	32.67	-45.86	201.98	itemLotId_1	10202706	群衆A盾/包丁/鎌/鋤　森
m24_00_00_01.msb	m24_00_00_01	c2640_0000	2400230	264200	群衆B（大）　レンガ　聖堂街A	0	-65.091	-18.029	45.521	itemLotId_1	10302400	群衆B　聖堂街A
m24_00_00_01.msb	m24_00_00_01	c2640_0006	2400231	264210	群衆B（大）　石像　聖堂街A	0	-85.51	-19.02	62.17	itemLotId_1	10302400	群衆B　聖堂街A
m24_00_00_01.msb	m24_00_00_01	c2640_0007	2400391	264601	群衆B（大）　レンガ　マント付　聖堂街C	0	67.22521	22.774239	146.55457	itemLotId_1	10302410	群衆B　聖堂街B
m24_00_00_01.msb	m24_00_00_01	c2700_0000	2400116	270120	教会の使者（杖-空ランタン）　聖堂街A	0	-9.154	-16.475	87.847	itemLotId_1	27002404	教会の使者 ランタン　聖堂街A
m24_00_00_01.msb	m24_00_00_01	c2700_0001	2400220	270100	教会の使者（杖のみ）　聖堂街A	0	-9.501	-10.99	125.509	itemLotId_1	27002400	教会の使者 杖　聖堂街A
m24_00_00_01.msb	m24_00_00_01	c2700_0002	2400211	270142	教会の使者（十字架）　聖堂街A・後半	0	20.512	25.665	260.448	itemLotId_1	27002406	教会の使者 十字架　聖堂街A
m24_00_00_01.msb	m24_00_00_01	c2700_0004	2400125	270120	教会の使者（杖-空ランタン）　聖堂街A	0	-33.251	-12.489	83.204	itemLotId_1	27002404	教会の使者 ランタン　聖堂街A
m24_00_00_01.msb	m24_00_00_01	c2700_0005	2400128	270102	教会の使者（杖のみ）　聖堂街A・後半	0	-22.002	-0.527	185.324	itemLotId_1	27002400	教会の使者 杖　聖堂街A
m24_00_00_01.msb	m24_00_00_01	c2700_0007	2400136	270112	教会の使者（杖-銃）　聖堂街A・後半	0	-15.559	11.602	222.208	itemLotId_1	27002402	教会の使者 銃　聖堂街A
m24_00_00_01.msb	m24_00_00_01	c2700_0008	2400114	270100	教会の使者（杖のみ）　聖堂街A	0	0.15	0.777	165.17	itemLotId_1	27002400	教会の使者 杖　聖堂街A
m24_00_00_01.msb	m24_00_00_01	c2700_0009	2400127	270122	教会の使者（杖-空ランタン）　聖堂街A・後半	0	-30.12	-0.52	188.42	itemLotId_1	27002404	教会の使者 ランタン　聖堂街A
m24_00_00_01.msb	m24_00_00_01	c2700_0013	2400122	270120	教会の使者（杖-空ランタン）　聖堂街A	0	1.937	0.798	166.628	itemLotId_1	27002404	教会の使者 ランタン　聖堂街A
m24_00_00_01.msb	m24_00_00_01	c2700_0017	2400137	270152	教会の使者（杖-鎌）　聖堂街A・後半	0	-0.475324	9.932223	210.80125	itemLotId_1	27002408	教会の使者 鎌　聖堂街A
m24_00_00_01.msb	m24_00_00_01	c2700_0021	2400139	270161	教会の使者（杖-火炎放射）　聖堂街A・中盤	0	-64.279	-0.713	135.355	itemLotId_1	27002410	教会の使者 火炎放射　聖堂街A
m24_00_00_01.msb	m24_00_00_01	c2700_0029	2400161	270121	教会の使者（杖-空ランタン）　聖堂街A・中盤	0	-79.55	-2.17	139.24	itemLotId_1	27002404	教会の使者 ランタン　聖堂街A
m24_00_00_01.msb	m24_00_00_01	c2700_0033	2400210	270142	教会の使者（十字架）　聖堂街A・後半	0	16.007	21.567	245.111	itemLotId_1	27002406	教会の使者 十字架　聖堂街A
m24_00_00_01.msb	m24_00_00_01	c2730_0002	2400207	273101	医療教会のフランケン　斧・中盤	0	-58.276	0.212	163.102	itemLotId_1	27302400	医療教会のフランケン　斧　聖堂街A
m24_00_00_01.msb	m24_00_00_01	c2730_0003	2400126	273102	医療教会のフランケン　斧・後半	0	6.58	15.64	225.943	itemLotId_1	27302400	医療教会のフランケン　斧　聖堂街A
m24_00_00_01.msb	m24_00_00_01	c2730_0005	2400205	273120	医療教会のフランケン　鎖鉄球	0	-94.686	-20.203	82.615	itemLotId_1	27302410	医療教会のフランケン　鎖鉄球　聖堂街A
m24_00_00_01.msb	m24_00_00_01	c2730_0009	2400203	273100	医療教会のフランケン　斧	0	-42.466	-12.175	71.82	itemLotId_1	27302400	医療教会のフランケン　斧　聖堂街A
m24_00_00_01.msb	m24_00_00_01	c2730_0010	2400119	273101	医療教会のフランケン　斧・中盤	0	-20.38	0.2	147.56	itemLotId_1	27302400	医療教会のフランケン　斧　聖堂街A
m24_00_00_01.msb	m24_00_00_01	c5040_0000	2400756	504020	嵐の獣　感染者の乞食_変身用	240217	-10.33	-16.5	111.8	itemLotId_1	27070	感染者の乞食_死亡時ドロップアイテム
m24_00_00_01.msb	m24_00_00_01	c0000_0016	2400758	6110	娼婦（避難所）	240337	11.926	-9.021	100.935	itemLotId_1	28010	娼婦_死亡時ドロップアイテム
m24_00_00_01.msb	m24_00_00_01	c1060_0002	2400322	106000	脳喰らい　聖堂街C	0	-24.81	0.1	150.29	itemLotId_1	10602420	脳喰らい　聖堂街C
m24_00_00_01.msb	m24_00_00_01	c1130_0001	-1	113010	デーモンの狂信者(避難所の盲人＿杖マテリアル無効)	0	24.597	-9.509	102.121	itemLotId_1	22010	避難所の盲人_死亡時ドロップアイテム
m24_00_00_01.msb	m24_00_00_01	c1170_0003	-1	117300	屍肉烏　聖堂街A	0	3.31	-15.49	84.32	itemLotId_1	11702400	屍肉鳥　聖堂街A
m24_00_00_01.msb	m24_00_00_01	c1170_0004	-1	117300	屍肉烏　聖堂街A	0	3.1	-15.49	87.45	itemLotId_1	11702400	屍肉鳥　聖堂街A
m24_00_00_01.msb	m24_00_00_01	c1170_0005	-1	117300	屍肉烏　聖堂街A	0	-5.05	-15.67	74.08	itemLotId_1	11702400	屍肉鳥　聖堂街A
m24_00_00_01.msb	m24_00_00_01	c1170_0006	-1	117300	屍肉烏　聖堂街A	0	-5.25	-15.49	71.87	itemLotId_1	11702400	屍肉鳥　聖堂街A
m24_00_00_01.msb	m24_00_00_01	c1170_0007	-1	117301	屍肉烏　聖堂街A・中盤	0	-63.073	-0.932	147.066	itemLotId_1	11702400	屍肉鳥　聖堂街A
m24_00_00_01.msb	m24_00_00_01	c1180_0002	2400342	118010	さまよう狂気(小)　聖堂街A・生贄接続	0	62.416	21.617	242.959	itemLotId_1	11800100	さまよう狂気（小）　聖堂街A　○（A-生贄接続）
m24_00_00_01.msb	m24_00_00_01	c1180_0003	2400343	118011	さまよう狂気(小)　聖堂街A	0	-36.824	-0.346	125.22	itemLotId_1	11800110	さまよう狂気（小）　聖堂街A　○
m24_00_00_01.msb	m24_00_00_01	c1180_0006	2400345	118012	さまよう狂気(小)　聖堂街A・生贄接続	0	1.7	-10.982	126.17	itemLotId_1	11800120	さまよう狂気（小）　聖堂街A　○（A-生贄接続）
m24_00_00_01.msb	m24_00_00_01	c1240_0004	2400117	124400	狂犬　聖堂街B	0	-15.12	-16.39	80.39	itemLotId_1	12402410	狂犬　聖堂街B
m24_00_00_01.msb	m24_00_00_01	c1240_0006	2400118	124400	狂犬　聖堂街B	0	-15.12	-16.39	80.39	itemLotId_1	12402410	狂犬　聖堂街B
m24_00_00_01.msb	m24_00_00_01	c1240_0007	-1	124400	狂犬　聖堂街B	0	-77.55	-18.1	38.47	itemLotId_1	12402410	狂犬　聖堂街B
m24_00_00_01.msb	m24_00_00_01	c1240_0010	-1	124410	狂犬　聖堂街A・序盤	0	-27.51	0.33	206.9	itemLotId_1	12402410	狂犬　聖堂街B
m24_00_00_01.msb	m24_00_00_01	c2521_0000	2400751	252100	月の幼生（赤子）　娼婦用	0	11.298	-9.514	102.853	itemLotId_1	28040	娼婦_娼婦が産んだ赤子_殺害時ドロップアイテム
m24_00_00_01.msb	m24_00_00_01	c2620_0000	-1	262000	群衆（車椅子）　ライフル　聖堂街A	0	0	0	0	itemLotId_1	26202400	群衆（車椅子）　聖堂街A
m24_00_00_01.msb	m24_00_00_01	c2620_0001	-1	262000	群衆（車椅子）　ライフル　聖堂街A	0	0	0	0	itemLotId_1	26202400	群衆（車椅子）　聖堂街A
m24_00_00_01.msb	m24_00_00_01	c2620_0002	-1	262000	群衆（車椅子）　ライフル　聖堂街A	0	0	0	0	itemLotId_1	26202400	群衆（車椅子）　聖堂街A
m24_00_00_01.msb	m24_00_00_01	c2620_0003	-1	262030	群衆（車椅子）　火炎放射　聖堂街C	0	-96.912	-9.387	176.221	itemLotId_1	26202422	群衆（車椅子）_火炎放射　聖堂街C
m24_00_00_01.msb	m24_00_00_01	c2620_0007	-1	262000	群衆（車椅子）　ライフル　聖堂街A	0	-96.381	-9.388	174.94	itemLotId_1	26202400	群衆（車椅子）　聖堂街A
m24_00_00_01.msb	m24_00_00_01	c2630_0009	2400152	263250	群衆A（大）　武器（鎌）　服パターン1　聖堂街A・中盤	0	-123.44	-9.37	155.8	itemLotId_1	10202406	群衆A盾/包丁/鎌/鋤　聖堂街A
m24_00_00_01.msb	m24_00_00_01	c2630_0010	2400154	263250	群衆A（大）　武器（鎌）　服パターン1　聖堂街A・中盤	0	-96.549	-9.625	170.247	itemLotId_1	10202406	群衆A盾/包丁/鎌/鋤　聖堂街A
m24_00_00_01.msb	m24_00_00_01	c2630_0011	2400153	263240	群衆A（大）　武器（包丁）　服パターン1　聖堂街A・中盤	0	-114.84	-9.1	152.34	itemLotId_1	10202406	群衆A盾/包丁/鎌/鋤　聖堂街A
m24_00_00_01.msb	m24_00_00_01	c2630_0012	2400108	263200	群衆A（大）　松明＆斧　服パターン1　聖堂街A・中盤	0	-61.48	-2.133	182.09	itemLotId_1	10202400	群衆A松明　聖堂街A
m24_00_00_01.msb	m24_00_00_01	c2630_0016	-1	263630	群衆A（大）　武器（サーベル）　聖堂街～生贄街	0	88.18	2.34	229.83	itemLotId_1	10202402	群衆Aサーベル　聖堂街A
m24_00_00_01.msb	m24_00_00_01	c2630_0017	-1	263681	群衆A（大）　銃　固定砲台　聖堂街～生贄街	0	84.11	2.57	226.05	itemLotId_1	10202404	群衆Aリーダー　聖堂街A
m24_00_00_01.msb	m24_00_00_01	c2630_0018	2400155	263250	群衆A（大）　武器（鎌）　服パターン1　聖堂街A・中盤	0	-52.17	12.02	189.35	itemLotId_1	10202406	群衆A盾/包丁/鎌/鋤　聖堂街A
m24_00_00_01.msb	m24_00_00_01	c2630_0020	2400157	263240	群衆A（大）　武器（包丁）　服パターン1　聖堂街A・中盤	0	-107.851	-9.365	160.566	itemLotId_1	10202406	群衆A盾/包丁/鎌/鋤　聖堂街A
m24_00_00_01.msb	m24_00_00_01	c2630_0021	2400112	263200	群衆A（大）　松明＆斧　服パターン1　聖堂街A・中盤	0	13.497	5.399	211.313	itemLotId_1	10202400	群衆A松明　聖堂街A
m24_00_00_01.msb	m24_00_00_01	c2630_0022	-1	263240	群衆A（大）　武器（包丁）　服パターン1　聖堂街A・中盤	0	15.001	5.399	208.241	itemLotId_1	10202406	群衆A盾/包丁/鎌/鋤　聖堂街A
m24_00_00_01.msb	m24_00_00_01	c2630_0023	-1	263630	群衆A（大）　武器（サーベル）　聖堂街～生贄街	0	91.38	1.43	223.24	itemLotId_1	10202402	群衆Aサーベル　聖堂街A
m24_00_00_01.msb	m24_00_00_01	c2630_0027	-1	263200	群衆A（大）　松明＆斧　服パターン1　聖堂街A・中盤	0	0	0	0	itemLotId_1	10202400	群衆A松明　聖堂街A
m24_00_00_01.msb	m24_00_00_01	c2630_0028	-1	263200	群衆A（大）　松明＆斧　服パターン1　聖堂街A・中盤	0	0	0	0	itemLotId_1	10202400	群衆A松明　聖堂街A
m24_00_00_01.msb	m24_00_00_01	c2630_0029	-1	263200	群衆A（大）　松明＆斧　服パターン1　聖堂街A・中盤	0	0	0	0	itemLotId_1	10202400	群衆A松明　聖堂街A
m24_00_00_01.msb	m24_00_00_01	c2630_0030	-1	263200	群衆A（大）　松明＆斧　服パターン1　聖堂街A・中盤	0	0	0	0	itemLotId_1	10202400	群衆A松明　聖堂街A
m24_00_00_01.msb	m24_00_00_01	c2630_0031	-1	263200	群衆A（大）　松明＆斧　服パターン1　聖堂街A・中盤	0	0	0	0	itemLotId_1	10202400	群衆A松明　聖堂街A
m24_00_00_01.msb	m24_00_00_01	c2630_0032	-1	263200	群衆A（大）　松明＆斧　服パターン1　聖堂街A・中盤	0	0	0	0	itemLotId_1	10202400	群衆A松明　聖堂街A
m24_00_00_01.msb	m24_00_00_01	c2630_0033	-1	263200	群衆A（大）　松明＆斧　服パターン1　聖堂街A・中盤	0	0	0	0	itemLotId_1	10202400	群衆A松明　聖堂街A
m24_00_00_01.msb	m24_00_00_01	c2630_0034	-1	263200	群衆A（大）　松明＆斧　服パターン1　聖堂街A・中盤	0	0	0	0	itemLotId_1	10202400	群衆A松明　聖堂街A
m24_00_00_01.msb	m24_00_00_01	c2630_0035	-1	263200	群衆A（大）　松明＆斧　服パターン1　聖堂街A・中盤	0	0	0	0	itemLotId_1	10202400	群衆A松明　聖堂街A
m24_00_00_01.msb	m24_00_00_01	c2630_0036	-1	263200	群衆A（大）　松明＆斧　服パターン1　聖堂街A・中盤	0	0	0	0	itemLotId_1	10202400	群衆A松明　聖堂街A
m24_00_00_01.msb	m24_00_00_01	c2630_0037	-1	263210	群衆A（大）　盾＆松明　服パターン1　聖堂街A・中盤	0	0	0	0	itemLotId_1	10202400	群衆A松明　聖堂街A
m24_00_00_01.msb	m24_00_00_01	c2630_0038	-1	263210	群衆A（大）　盾＆松明　服パターン1　聖堂街A・中盤	0	0	0	0	itemLotId_1	10202400	群衆A松明　聖堂街A
m24_00_00_01.msb	m24_00_00_01	c2630_0039	-1	263210	群衆A（大）　盾＆松明　服パターン1　聖堂街A・中盤	0	0	0	0	itemLotId_1	10202400	群衆A松明　聖堂街A
m24_00_00_01.msb	m24_00_00_01	c2630_0040	-1	263210	群衆A（大）　盾＆松明　服パターン1　聖堂街A・中盤	0	0	0	0	itemLotId_1	10202400	群衆A松明　聖堂街A
m24_00_00_01.msb	m24_00_00_01	c2630_0041	-1	263210	群衆A（大）　盾＆松明　服パターン1　聖堂街A・中盤	0	0	0	0	itemLotId_1	10202400	群衆A松明　聖堂街A
m24_00_00_01.msb	m24_00_00_01	c2630_0042	-1	263210	群衆A（大）　盾＆松明　服パターン1　聖堂街A・中盤	0	0	0	0	itemLotId_1	10202400	群衆A松明　聖堂街A
m24_00_00_01.msb	m24_00_00_01	c2630_0043	-1	263210	群衆A（大）　盾＆松明　服パターン1　聖堂街A・中盤	0	0	0	0	itemLotId_1	10202400	群衆A松明　聖堂街A
m24_00_00_01.msb	m24_00_00_01	c2630_0044	-1	263210	群衆A（大）　盾＆松明　服パターン1　聖堂街A・中盤	0	0	0	0	itemLotId_1	10202400	群衆A松明　聖堂街A
m24_00_00_01.msb	m24_00_00_01	c2630_0045	-1	263210	群衆A（大）　盾＆松明　服パターン1　聖堂街A・中盤	0	0	0	0	itemLotId_1	10202400	群衆A松明　聖堂街A
m24_00_00_01.msb	m24_00_00_01	c2630_0046	-1	263210	群衆A（大）　盾＆松明　服パターン1　聖堂街A・中盤	0	0	0	0	itemLotId_1	10202400	群衆A松明　聖堂街A
m24_00_00_01.msb	m24_00_00_01	c2630_0047	-1	263230	群衆A（大）　武器（サーベル）　服パターン1　聖堂街A・中盤	0	0	0	0	itemLotId_1	10202402	群衆Aサーベル　聖堂街A
m24_00_00_01.msb	m24_00_00_01	c2630_0048	-1	263230	群衆A（大）　武器（サーベル）　服パターン1　聖堂街A・中盤	0	0	0	0	itemLotId_1	10202402	群衆Aサーベル　聖堂街A
m24_00_00_01.msb	m24_00_00_01	c2630_0049	-1	263230	群衆A（大）　武器（サーベル）　服パターン1　聖堂街A・中盤	0	0	0	0	itemLotId_1	10202402	群衆Aサーベル　聖堂街A
m24_00_00_01.msb	m24_00_00_01	c2630_0050	-1	263230	群衆A（大）　武器（サーベル）　服パターン1　聖堂街A・中盤	0	0	0	0	itemLotId_1	10202402	群衆Aサーベル　聖堂街A
m24_00_00_01.msb	m24_00_00_01	c2630_0051	-1	263230	群衆A（大）　武器（サーベル）　服パターン1　聖堂街A・中盤	0	0	0	0	itemLotId_1	10202402	群衆Aサーベル　聖堂街A
m24_00_00_01.msb	m24_00_00_01	c2630_0052	-1	263230	群衆A（大）　武器（サーベル）　服パターン1　聖堂街A・中盤	0	0	0	0	itemLotId_1	10202402	群衆Aサーベル　聖堂街A
m24_00_00_01.msb	m24_00_00_01	c2630_0053	-1	263230	群衆A（大）　武器（サーベル）　服パターン1　聖堂街A・中盤	0	0	0	0	itemLotId_1	10202402	群衆Aサーベル　聖堂街A
m24_00_00_01.msb	m24_00_00_01	c2630_0054	-1	263230	群衆A（大）　武器（サーベル）　服パターン1　聖堂街A・中盤	0	0	0	0	itemLotId_1	10202402	群衆Aサーベル　聖堂街A
m24_00_00_01.msb	m24_00_00_01	c2630_0055	-1	263230	群衆A（大）　武器（サーベル）　服パターン1　聖堂街A・中盤	0	0	0	0	itemLotId_1	10202402	群衆Aサーベル　聖堂街A
m24_00_00_01.msb	m24_00_00_01	c2630_0056	-1	263230	群衆A（大）　武器（サーベル）　服パターン1　聖堂街A・中盤	0	0	0	0	itemLotId_1	10202402	群衆Aサーベル　聖堂街A
m24_00_00_01.msb	m24_00_00_01	c2630_0057	-1	263270	群衆A（大）　長物両手（鋤）　服パターン1　聖堂街A・中盤	0	0	0	0	itemLotId_1	10202406	群衆A盾/包丁/鎌/鋤　聖堂街A
m24_00_00_01.msb	m24_00_00_01	c2630_0058	-1	263270	群衆A（大）　長物両手（鋤）　服パターン1　聖堂街A・中盤	0	0	0	0	itemLotId_1	10202406	群衆A盾/包丁/鎌/鋤　聖堂街A
m24_00_00_01.msb	m24_00_00_01	c2630_0059	-1	263270	群衆A（大）　長物両手（鋤）　服パターン1　聖堂街A・中盤	0	0	0	0	itemLotId_1	10202406	群衆A盾/包丁/鎌/鋤　聖堂街A
m24_00_00_01.msb	m24_00_00_01	c2630_0060	-1	263270	群衆A（大）　長物両手（鋤）　服パターン1　聖堂街A・中盤	0	0	0	0	itemLotId_1	10202406	群衆A盾/包丁/鎌/鋤　聖堂街A
m24_00_00_01.msb	m24_00_00_01	c2630_0061	-1	263270	群衆A（大）　長物両手（鋤）　服パターン1　聖堂街A・中盤	0	0	0	0	itemLotId_1	10202406	群衆A盾/包丁/鎌/鋤　聖堂街A
m24_00_00_01.msb	m24_00_00_01	c2630_0062	-1	263270	群衆A（大）　長物両手（鋤）　服パターン1　聖堂街A・中盤	0	0	0	0	itemLotId_1	10202406	群衆A盾/包丁/鎌/鋤　聖堂街A
m24_00_00_01.msb	m24_00_00_01	c2630_0063	-1	263270	群衆A（大）　長物両手（鋤）　服パターン1　聖堂街A・中盤	0	0	0	0	itemLotId_1	10202406	群衆A盾/包丁/鎌/鋤　聖堂街A
m24_00_00_01.msb	m24_00_00_01	c2630_0064	-1	263270	群衆A（大）　長物両手（鋤）　服パターン1　聖堂街A・中盤	0	0	0	0	itemLotId_1	10202406	群衆A盾/包丁/鎌/鋤　聖堂街A
m24_00_00_01.msb	m24_00_00_01	c2630_0065	-1	263270	群衆A（大）　長物両手（鋤）　服パターン1　聖堂街A・中盤	0	0	0	0	itemLotId_1	10202406	群衆A盾/包丁/鎌/鋤　聖堂街A
m24_00_00_01.msb	m24_00_00_01	c2630_0066	-1	263270	群衆A（大）　長物両手（鋤）　服パターン1　聖堂街A・中盤	0	0	0	0	itemLotId_1	10202406	群衆A盾/包丁/鎌/鋤　聖堂街A
m24_00_00_01.msb	m24_00_00_01	c2640_0002	-1	264200	群衆B（大）　レンガ　聖堂街A	0	0	0	0	itemLotId_1	10302400	群衆B　聖堂街A
m24_00_00_01.msb	m24_00_00_01	c2640_0003	-1	264200	群衆B（大）　レンガ　聖堂街A	0	0	0	0	itemLotId_1	10302400	群衆B　聖堂街A
m24_00_00_01.msb	m24_00_00_01	c2640_0004	-1	264200	群衆B（大）　レンガ　聖堂街A	0	0	0	0	itemLotId_1	10302400	群衆B　聖堂街A
m24_00_00_01.msb	m24_00_00_01	c2730_0011	2400133	273101	医療教会のフランケン　斧・中盤	0	-31.79	0.137	173.555	itemLotId_1	27302400	医療教会のフランケン　斧　聖堂街A
m24_01_00_00.msb	m24_01_00_00	c0000_0004	2410711	6071	ニセ女医（発狂）	241334	-272.74	-29.38	173.31	itemLotId_1	24075	偽女医_死亡時ドロップアイテム
m24_01_00_00.msb	m24_01_00_00	c0000_0005	2410770	6113	娼婦（出産後 狂気）	241318	19.84	-29.5	109.92	itemLotId_1	28010	娼婦_死亡時ドロップアイテム
m24_01_00_00.msb	m24_01_00_00	c0000_0008	2410900	6160	復讐者（初回聖堂街B）	241325	-143.628	-48.503	-63.881	itemLotId_1	35020	復讐者_死亡時ドロップアイテム_通常時
m24_01_00_00.msb	m24_01_00_00	c0000_0009	2410710	6070	ニセ女医	241314	-199.978	-40.531	209.781	itemLotId_1	24070	偽女医_死亡時ドロップアイテム
m24_01_00_00.msb	m24_01_00_00	c0000_0010	2410901	6400	復讐者イベント用NPC1（ヘンリック）	0	-35.98	-40.72	98.96	itemLotId_1	55000	復讐者イベント用NPC1（ヘンリック）のドロップアイテム
m24_01_00_00.msb	m24_01_00_00	c1000_0000	2410200	100020	猟犬　聖堂街B	0	-203.001	-27.016	-10.604	itemLotId_1	10002410	猟犬　聖堂街B
m24_01_00_00.msb	m24_01_00_00	c1000_0001	2410201	100020	猟犬　聖堂街B	0	-207.21455	-26.319	-7.369338	itemLotId_1	10002410	猟犬　聖堂街B
m24_01_00_00.msb	m24_01_00_00	c1000_0002	2410019	100021	猟犬　聖堂街B　最初の猟犬	0	-191.6	-50.62	145	itemLotId_1	10002410	猟犬　聖堂街B
m24_01_00_00.msb	m24_01_00_00	c1051_0000	2410750	105241	さまよう寡婦（侵入PC召喚）　聖堂街B	0	-126.253	-50.453	-73.654	itemLotId_1	10524100	さまよう寡婦（侵入PC召喚）　聖堂街B
m24_01_00_00.msb	m24_01_00_00	c1060_0000	-1	106030	脳喰らい　聖堂街B	0	-216.7	-54.67	178.14	itemLotId_1	10602410	脳喰らい　聖堂街B
m24_01_00_00.msb	m24_01_00_00	c1091_0000	2410781	109100	異形ビースト　会話用_感染者の乞食　警戒行動なし	0	-195.964	-28.646	63.511	itemLotId_1	29010	重病人_異形ビーストになったときのドロップアイテム
m24_01_00_00.msb	m24_01_00_00	c1100_0000	2410226	110010	下水ネズミ　聖堂街B　腫瘍全なし	0	-127.644	-67.939	-116.292	itemLotId_1	11002410	下水ネズミ　聖堂街B
m24_01_00_00.msb	m24_01_00_00	c1100_0001	2410225	110010	下水ネズミ　聖堂街B　腫瘍全なし	0	-117.306	-67.939	-105.793	itemLotId_1	11002410	下水ネズミ　聖堂街B
m24_01_00_00.msb	m24_01_00_00	c1100_0002	2410223	110010	下水ネズミ　聖堂街B　腫瘍全なし	0	-120.908	-67.939	-106.808	itemLotId_1	11002410	下水ネズミ　聖堂街B
m24_01_00_00.msb	m24_01_00_00	c1100_0003	2410222	110010	下水ネズミ　聖堂街B　腫瘍全なし	0	-119.13	-67.939	-107.968	itemLotId_1	11002410	下水ネズミ　聖堂街B
m24_01_00_00.msb	m24_01_00_00	c1100_0004	2410228	110010	下水ネズミ　聖堂街B　腫瘍全なし	0	-112.136	-70.787	-86.052	itemLotId_1	11002410	下水ネズミ　聖堂街B
m24_01_00_00.msb	m24_01_00_00	c1100_0005	2410227	110010	下水ネズミ　聖堂街B　腫瘍全なし	0	-112.19	-70.787	-84.6	itemLotId_1	11002410	下水ネズミ　聖堂街B
m24_01_00_00.msb	m24_01_00_00	c1100_0006	2410224	110010	下水ネズミ　聖堂街B　腫瘍全なし	0	-138.462	-66.632	-91.61	itemLotId_1	11002410	下水ネズミ　聖堂街B
m24_01_00_00.msb	m24_01_00_00	c1100_0007	2410221	110010	下水ネズミ　聖堂街B　腫瘍全なし	0	-128.826	-67.951	-82.614	itemLotId_1	11002410	下水ネズミ　聖堂街B
m24_01_00_00.msb	m24_01_00_00	c1100_0008	2410220	110010	下水ネズミ　聖堂街B　腫瘍全なし	0	-127.555	-67.951	-82.063	itemLotId_1	11002410	下水ネズミ　聖堂街B
m24_01_00_00.msb	m24_01_00_00	c1100_0009	-1	110010	下水ネズミ　聖堂街B　腫瘍全なし	0	-243.46	-60.468	-24.375	itemLotId_1	11002410	下水ネズミ　聖堂街B
m24_01_00_00.msb	m24_01_00_00	c1100_0010	-1	110010	下水ネズミ　聖堂街B　腫瘍全なし	0	-243.339	-60.468	-23.203	itemLotId_1	11002410	下水ネズミ　聖堂街B
m24_01_00_00.msb	m24_01_00_00	c1100_0011	-1	110010	下水ネズミ　聖堂街B　腫瘍全なし	0	-238.397	-60.448	-31.696	itemLotId_1	11002410	下水ネズミ　聖堂街B
m24_01_00_00.msb	m24_01_00_00	c1100_0012	-1	110010	下水ネズミ　聖堂街B　腫瘍全なし	0	-224.649	-60.324	-36.445	itemLotId_1	11002410	下水ネズミ　聖堂街B
m24_01_00_00.msb	m24_01_00_00	c1100_0013	-1	110010	下水ネズミ　聖堂街B　腫瘍全なし	0	-223.836	-60.468	-37.942	itemLotId_1	11002410	下水ネズミ　聖堂街B
m24_01_00_00.msb	m24_01_00_00	c1100_0015	-1	110010	下水ネズミ　聖堂街B　腫瘍全なし	0	-192.755	-60.403	-52.469	itemLotId_1	11002410	下水ネズミ　聖堂街B
m24_01_00_00.msb	m24_01_00_00	c1100_0017	-1	110010	下水ネズミ　聖堂街B　腫瘍全なし	0	-234.146	-60.175	-26.042	itemLotId_1	11002410	下水ネズミ　聖堂街B
m24_01_00_00.msb	m24_01_00_00	c1100_0019	-1	110010	下水ネズミ　聖堂街B　腫瘍全なし	0	-224.538	-60.414	-45.973	itemLotId_1	11002410	下水ネズミ　聖堂街B
m24_01_00_00.msb	m24_01_00_00	c1120_0009	2410148	112400	水死体ビースト【貧弱】　聖堂街_Ｂ	0	-181.089	-75.247	-77.569	itemLotId_1	11202420	水死体ビースト　聖堂街B
m24_01_00_00.msb	m24_01_00_00	c1120_0010	2410149	112401	水死体ビースト【青年】　聖堂街_Ｂ	0	-182.999	-75.247	-76.009	itemLotId_1	11202420	水死体ビースト　聖堂街B
m24_01_00_00.msb	m24_01_00_00	c1120_0011	2410150	112402	水死体ビースト【街人】　聖堂街_Ｂ	0	-180.036	-75.247	-76.442	itemLotId_1	11202420	水死体ビースト　聖堂街B
m24_01_00_00.msb	m24_01_00_00	c1120_0015	2410154	112402	水死体ビースト【街人】　聖堂街_Ｂ	0	-183.83	-75.247	-78.216	itemLotId_1	11202420	水死体ビースト　聖堂街B
m24_01_00_00.msb	m24_01_00_00	c1120_0016	2410140	112400	水死体ビースト【貧弱】　聖堂街_Ｂ	0	-181.251	-75.283	-82.37	itemLotId_1	11202420	水死体ビースト　聖堂街B
m24_01_00_00.msb	m24_01_00_00	c1120_0017	2410141	112401	水死体ビースト【青年】　聖堂街_Ｂ	0	-179.651	-75.283	-74.126	itemLotId_1	11202420	水死体ビースト　聖堂街B
m24_01_00_00.msb	m24_01_00_00	c1120_0020	2410144	112401	水死体ビースト【青年】　聖堂街_Ｂ	0	-183.03	-75.28	-69.27	itemLotId_1	11202420	水死体ビースト　聖堂街B
m24_01_00_00.msb	m24_01_00_00	c1120_0023	2410147	112400	水死体ビースト【貧弱】　聖堂街_Ｂ	0	-127.9	-78.289	-57.608	itemLotId_1	11202420	水死体ビースト　聖堂街B
m24_01_00_00.msb	m24_01_00_00	c1120_0024	-1	112402	水死体ビースト【街人】　聖堂街_Ｂ	0	-133.287	-78.29	-46.247	itemLotId_1	11202420	水死体ビースト　聖堂街B
m24_01_00_00.msb	m24_01_00_00	c1120_0026	-1	112400	水死体ビースト【貧弱】　聖堂街_Ｂ	0	-155.576	-75.245	-71.141	itemLotId_1	11202420	水死体ビースト　聖堂街B
m24_01_00_00.msb	m24_01_00_00	c1120_0027	-1	112401	水死体ビースト【青年】　聖堂街_Ｂ	0	-131.442	-78.29	-37.712	itemLotId_1	11202420	水死体ビースト　聖堂街B
m24_01_00_00.msb	m24_01_00_00	c1120_0028	-1	112402	水死体ビースト【街人】　聖堂街_Ｂ	0	-132.64	-78.24	-37.89	itemLotId_1	11202420	水死体ビースト　聖堂街B
m24_01_00_00.msb	m24_01_00_00	c1120_0030	-1	112401	水死体ビースト【青年】　聖堂街_Ｂ	0	-154.879	-75.245	-72.442	itemLotId_1	11202420	水死体ビースト　聖堂街B
m24_01_00_00.msb	m24_01_00_00	c1170_0003	2410132	117400	屍肉烏　聖堂街B	0	-160.11	-60.933	-103.008	itemLotId_1	11702410	屍肉鳥　聖堂街B
m24_01_00_00.msb	m24_01_00_00	c1170_0004	2410133	117400	屍肉烏　聖堂街B	0	-159.64	-60.881	-100.378	itemLotId_1	11702410	屍肉鳥　聖堂街B
m24_01_00_00.msb	m24_01_00_00	c1170_0005	-1	117400	屍肉烏　聖堂街B	0	-172.972	-61.252	-107.65	itemLotId_1	11702410	屍肉鳥　聖堂街B
m24_01_00_00.msb	m24_01_00_00	c1170_0006	-1	117070	屍肉烏　森	0	-210.79	-39.69	205.652	itemLotId_1	11702700	屍肉鳥　森
m24_01_00_00.msb	m24_01_00_00	c1170_0007	-1	117070	屍肉烏　森	0	-212.719	-39.645	205.625	itemLotId_1	11702700	屍肉鳥　森
m24_01_00_00.msb	m24_01_00_00	c1170_0008	2410136	117400	屍肉烏　聖堂街B	0	-180.973	-61.064	-92.842	itemLotId_1	11702410	屍肉鳥　聖堂街B
m24_01_00_00.msb	m24_01_00_00	c1170_0009	2410137	117400	屍肉烏　聖堂街B	0	-122.09	-72.3	-34.03	itemLotId_1	11702410	屍肉鳥　聖堂街B
m24_01_00_00.msb	m24_01_00_00	c1170_0010	2410138	117400	屍肉烏　聖堂街B	0	-174.436	-61.196	-97.34	itemLotId_1	11702410	屍肉鳥　聖堂街B
m24_01_00_00.msb	m24_01_00_00	c1170_0011	2410139	117400	屍肉烏　聖堂街B	0	-173.983	-61.07	-98.957	itemLotId_1	11702410	屍肉鳥　聖堂街B
m24_01_00_00.msb	m24_01_00_00	c1170_0012	2410247	117400	屍肉烏　聖堂街B	0	-163.769	-27.026	22.788	itemLotId_1	11702410	屍肉鳥　聖堂街B
m24_01_00_00.msb	m24_01_00_00	c1170_0014	2410130	117400	屍肉烏　聖堂街B	0	-155.21	-71.31	-61.83	itemLotId_1	11702410	屍肉鳥　聖堂街B
m24_01_00_00.msb	m24_01_00_00	c1170_0017	2410249	117400	屍肉烏　聖堂街B	0	-167.349	-27.017	24.362	itemLotId_1	11702410	屍肉鳥　聖堂街B
m24_01_00_00.msb	m24_01_00_00	c1170_0018	2410250	117400	屍肉烏　聖堂街B	0	-165.926	-27.017	25.847	itemLotId_1	11702410	屍肉鳥　聖堂街B
m24_01_00_00.msb	m24_01_00_00	c1170_0019	2410131	117400	屍肉烏　聖堂街B	0	-155.97	-71.31	-60.76	itemLotId_1	11702410	屍肉鳥　聖堂街B
m24_01_00_00.msb	m24_01_00_00	c1170_0020	-1	117400	屍肉烏　聖堂街B	0	-172.147	-40.097	-45.821	itemLotId_1	11702410	屍肉鳥　聖堂街B
m24_01_00_00.msb	m24_01_00_00	c1170_0021	-1	117400	屍肉烏　聖堂街B	0	-169.793	-40.105	-44.691	itemLotId_1	11702410	屍肉鳥　聖堂街B
m24_01_00_00.msb	m24_01_00_00	c1170_0022	-1	117400	屍肉烏　聖堂街B	0	-171.585	-40.601	-49.629	itemLotId_1	11702410	屍肉鳥　聖堂街B
m24_01_00_00.msb	m24_01_00_00	c1170_0023	2410134	117400	屍肉烏　聖堂街B	0	-124.88	-71.99	-31.67	itemLotId_1	11702410	屍肉鳥　聖堂街B
m24_01_00_00.msb	m24_01_00_00	c1170_0024	-1	117400	屍肉烏　聖堂街B	0	-149.866	-46.488	-84.331	itemLotId_1	11702410	屍肉鳥　聖堂街B
m24_01_00_00.msb	m24_01_00_00	c1170_0025	-1	117400	屍肉烏　聖堂街B	0	-151.212	-46.488	-85.865	itemLotId_1	11702410	屍肉鳥　聖堂街B
m24_01_00_00.msb	m24_01_00_00	c1170_0026	-1	117400	屍肉烏　聖堂街B	0	-155.08	-46.488	-83.552	itemLotId_1	11702410	屍肉鳥　聖堂街B
m24_01_00_00.msb	m24_01_00_00	c1170_0027	-1	117400	屍肉烏　聖堂街B	0	-152.6	-46.488	-79.673	itemLotId_1	11702410	屍肉鳥　聖堂街B
m24_01_00_00.msb	m24_01_00_00	c1170_0028	-1	117070	屍肉烏　森	0	-216.713	-40.776	219.996	itemLotId_1	11702700	屍肉鳥　森
m24_01_00_00.msb	m24_01_00_00	c1170_0029	-1	117070	屍肉烏　森	0	-216.834	-40.804	222.024	itemLotId_1	11702700	屍肉鳥　森
m24_01_00_00.msb	m24_01_00_00	c1170_0034	-1	117070	屍肉烏　森	0	-218.816	-41.243	216.812	itemLotId_1	11702700	屍肉鳥　森
m24_01_00_00.msb	m24_01_00_00	c1170_0035	-1	117070	屍肉烏　森	0	-214.482	-41.507	215.482	itemLotId_1	11702700	屍肉鳥　森
m24_01_00_00.msb	m24_01_00_00	c1240_0000	2410113	124400	狂犬　聖堂街B	0	-218.13	-33.053	-40.483	itemLotId_1	12402410	狂犬　聖堂街B
m24_01_00_00.msb	m24_01_00_00	c1240_0001	-1	124400	狂犬　聖堂街B	0	-208.617	-34.659	-50.279	itemLotId_1	12402410	狂犬　聖堂街B
m24_01_00_00.msb	m24_01_00_00	c1240_0002	-1	124400	狂犬　聖堂街B	0	-222.51	-34.661	-58.51	itemLotId_1	12402410	狂犬　聖堂街B
m24_01_00_00.msb	m24_01_00_00	c1240_0003	2410270	124400	狂犬　聖堂街B	0	-209.65	-40.169	4.82	itemLotId_1	12402410	狂犬　聖堂街B
m24_01_00_00.msb	m24_01_00_00	c1240_0004	2410271	124400	狂犬　聖堂街B	0	-157.508	-39.6	-22.866	itemLotId_1	12402410	狂犬　聖堂街B
m24_01_00_00.msb	m24_01_00_00	c1240_0005	2410272	124400	狂犬　聖堂街B	0	-142.501	-42.573	-37.757	itemLotId_1	12402410	狂犬　聖堂街B
m24_01_00_00.msb	m24_01_00_00	c1240_0007	2410274	124400	狂犬　聖堂街B	0	-132.515	-43.411	-22.312	itemLotId_1	12402410	狂犬　聖堂街B
m24_01_00_00.msb	m24_01_00_00	c1240_0014	2410111	124400	狂犬　聖堂街B	0	-123.19	-43.48	-48.5	itemLotId_1	12402410	狂犬　聖堂街B
m24_01_00_00.msb	m24_01_00_00	c1270_0001	-1	127500	吸血豚　聖堂街B(少女のリボンを落とす	0	-88.76	-78.35	1.67	itemLotId_1	12702410	吸血豚　聖堂街B
m24_01_00_00.msb	m24_01_00_00	c2000_0000	-1	200110	処刑人　聖堂街B	0	-214.75	-45.112	104.46	itemLotId_1	20002410	処刑人　聖堂街B
m24_01_00_00.msb	m24_01_00_00	c2500_0000	2410290	250060	月からの使者　聖堂街B　元々会話NPCだった	0	-196.577	-40.531	215.651	itemLotId_1	23010	診療所の女医_侵入時に死体から拾えるアイテム
m24_01_00_00.msb	m24_01_00_00	c2500_0001	2410291	250061	月からの使者　聖堂街B　元々会話NPCだった	0	-237.52	-40.649	201.411	itemLotId_1	25000	偏屈な老人_死亡時ドロップアイテム
m24_01_00_00.msb	m24_01_00_00	c2500_0002	2410292	250062	月からの使者　聖堂街B　元々会話NPCだった	0	-235.271	-40.64	211.7	itemLotId_1	27070	感染者の乞食_死亡時ドロップアイテム
m24_01_00_00.msb	m24_01_00_00	c2500_0003	2410293	250063	月からの使者　聖堂街B　元々会話NPCだった	0	-205.16188	-40.464893	240.87871	itemLotId_1	30020	少女_診療所_月使者になっている際の死亡ドロップ
m24_01_00_00.msb	m24_01_00_00	c2500_0004	2410294	250064	月からの使者　聖堂街B　元々会話NPCだった	0	-233.839	-40.651	195.28	itemLotId_1	26040	孤独な老婆_死亡時ドロップアイテム
m24_01_00_00.msb	m24_01_00_00	c2500_0005	2410295	250065	月からの使者　聖堂街B　元々会話NPCだった	0	-205.416	-40.583	236.286	itemLotId_1	28010	娼婦_死亡時ドロップアイテム
m24_01_00_00.msb	m24_01_00_00	c2500_0006	2410296	250066	月からの使者　聖堂街B　元々会話NPCだった	0	-227.858	-40.613	242.435	itemLotId_1	32030	囚われの尼僧_死亡時ドロップアイテム
m24_01_00_00.msb	m24_01_00_00	c2521_0000	2410771	252100	月の幼生（赤子）　娼婦用	0	18.81	-29.95	108.73	itemLotId_1	28040	娼婦_娼婦が産んだ赤子_殺害時ドロップアイテム
m24_01_00_00.msb	m24_01_00_00	c2600_0000	-1	260241	恐ろしい群衆（柵）　聖堂街B	0	-129.93	-60.99	-138.29	itemLotId_1	26002410	恐ろしい群衆　聖堂街B
m24_01_00_00.msb	m24_01_00_00	c2600_0001	-1	260240	恐ろしい群衆（松明・のこぎり）　聖堂街B	0	-58.86	-48.841	43.77	itemLotId_1	26002410	恐ろしい群衆　聖堂街B
m24_01_00_00.msb	m24_01_00_00	c2600_0002	-1	260241	恐ろしい群衆（柵）　聖堂街B	0	-57.434	-48.775	45.944	itemLotId_1	26002410	恐ろしい群衆　聖堂街B
m24_01_00_00.msb	m24_01_00_00	c2600_0003	-1	260242	恐ろしい群衆（柵）　聖堂街B　強ドーピング	0	-182.62	-59.85	-61.1	itemLotId_1	26002410	恐ろしい群衆　聖堂街B
m24_01_00_00.msb	m24_01_00_00	c2600_0004	2410157	260240	恐ろしい群衆（松明・のこぎり）　聖堂街B	0	-99.95	-56.1	-85.78	itemLotId_1	26002410	恐ろしい群衆　聖堂街B
m24_01_00_00.msb	m24_01_00_00	c2600_0005	2410500	260240	恐ろしい群衆（松明・のこぎり）　聖堂街B	0	-130.3	-60.96	-115.71	itemLotId_1	26002410	恐ろしい群衆　聖堂街B
m24_01_00_00.msb	m24_01_00_00	c2600_0006	2410501	260241	恐ろしい群衆（柵）　聖堂街B	0	-123.94	-60.948	-80.59	itemLotId_1	26002410	恐ろしい群衆　聖堂街B
m24_01_00_00.msb	m24_01_00_00	c2600_0007	-1	260241	恐ろしい群衆（柵）　聖堂街B	0	-212.65993	-50.656948	-40.71834	itemLotId_1	26002410	恐ろしい群衆　聖堂街B
m24_01_00_00.msb	m24_01_00_00	c2600_0008	-1	260240	恐ろしい群衆（松明・のこぎり）　聖堂街B	0	-209.92	-50.54	-56.15	itemLotId_1	26002410	恐ろしい群衆　聖堂街B
m24_01_00_00.msb	m24_01_00_00	c2600_0009	-1	260240	恐ろしい群衆（松明・のこぎり）　聖堂街B	0	-226.185	-50.576	-29.212	itemLotId_1	26002410	恐ろしい群衆　聖堂街B
m24_01_00_00.msb	m24_01_00_00	c2620_0000	-1	262410	群衆（車椅子）　短筒　聖堂街B	0	-201.297	-36.119	20.348	itemLotId_1	26202410	群衆（車椅子）　聖堂街B
m24_01_00_00.msb	m24_01_00_00	c2630_0000	2410015	263400	群衆A（大）　松明＆斧　服パターン1　聖堂街B	0	-192.015	-44.158	82.728	itemLotId_1	10202400	群衆A松明　聖堂街A
m24_01_00_00.msb	m24_01_00_00	c2630_0001	-1	263433	群衆A（大）　銃（固定砲台）　聖堂街B	0	-216.485	-40.401	0.277	itemLotId_1	10202404	群衆Aリーダー　聖堂街A
m24_01_00_00.msb	m24_01_00_00	c2630_0002	2410102	263440	群衆A（大）　武器（包丁）　服パターン1　聖堂街B	0	-233.296	-31.517	78.735	itemLotId_1	10202406	群衆A盾/包丁/鎌/鋤　聖堂街A
m24_01_00_00.msb	m24_01_00_00	c2630_0003	2410103	263450	群衆A（大）　武器（鎌）　服パターン1　聖堂街B	0	-221.645	-34.58	84.567	itemLotId_1	10202406	群衆A盾/包丁/鎌/鋤　聖堂街A
m24_01_00_00.msb	m24_01_00_00	c2630_0004	2410025	263400	群衆A（大）　松明＆斧　服パターン1　聖堂街B	0	-80.407	-55.528	10.392	itemLotId_1	10202400	群衆A松明　聖堂街A
m24_01_00_00.msb	m24_01_00_00	c2630_0005	2410126	263400	群衆A（大）　松明＆斧　服パターン1　聖堂街B	0	-229.85	-40.401	47.55	itemLotId_1	10202400	群衆A松明　聖堂街A
m24_01_00_00.msb	m24_01_00_00	c2630_0006	2410026	263430	群衆A（大）　武器（サーベル）　服パターン1　聖堂街B	0	-81.439	-55.394	13.19	itemLotId_1	10202402	群衆Aサーベル　聖堂街A
m24_01_00_00.msb	m24_01_00_00	c2630_0007	2410027	263470	群衆A（大）　長物両手（鋤）　服パターン1　聖堂街B	0	-78.179	-55.392	8.445	itemLotId_1	10202406	群衆A盾/包丁/鎌/鋤　聖堂街A
m24_01_00_00.msb	m24_01_00_00	c2630_0008	-1	263450	群衆A（大）　武器（鎌）　服パターン1　聖堂街B	0	-254.52	-35.141	41.49	itemLotId_1	10202406	群衆A盾/包丁/鎌/鋤　聖堂街A
m24_01_00_00.msb	m24_01_00_00	c2630_0010	2410178	263433	群衆A（大）　銃（固定砲台）　聖堂街B	0	-238.183	-40.401	41.316	itemLotId_1	10202404	群衆Aリーダー　聖堂街A
m24_01_00_00.msb	m24_01_00_00	c2630_0012	2410023	263410	群衆A（大）　盾＆松明　服パターン1　聖堂街B	0	-77.456	-55.534	11.574	itemLotId_1	10202400	群衆A松明　聖堂街A
m24_01_00_00.msb	m24_01_00_00	c2630_0013	-1	263440	群衆A（大）　武器（包丁）　服パターン1　聖堂街B	0	-213.057	-41.667	79.674	itemLotId_1	10202406	群衆A盾/包丁/鎌/鋤　聖堂街A
m24_01_00_00.msb	m24_01_00_00	c2630_0016	2410186	263400	群衆A（大）　松明＆斧　服パターン1　聖堂街B	0	-218.606	-40.289	10.417	itemLotId_1	10202400	群衆A松明　聖堂街A
m24_01_00_00.msb	m24_01_00_00	c2630_0017	2410187	263400	群衆A（大）　松明＆斧　服パターン1　聖堂街B	0	-226.165	-40.169	2.981	itemLotId_1	10202400	群衆A松明　聖堂街A
m24_01_00_00.msb	m24_01_00_00	c2630_0018	2410188	263470	群衆A（大）　長物両手（鋤）　服パターン1　聖堂街B	0	-219.107	-40.401	7.959	itemLotId_1	10202406	群衆A盾/包丁/鎌/鋤　聖堂街A
m24_01_00_00.msb	m24_01_00_00	c2630_0019	2410181	263440	群衆A（大）　武器（包丁）　服パターン1　聖堂街B	0	-236.359	-37.391	61.045	itemLotId_1	10202406	群衆A盾/包丁/鎌/鋤　聖堂街A
m24_01_00_00.msb	m24_01_00_00	c2630_0020	2410189	263430	群衆A（大）　武器（サーベル）　服パターン1　聖堂街B	0	-222.839	-40.401	3.92	itemLotId_1	10202402	群衆Aサーベル　聖堂街A
m24_01_00_00.msb	m24_01_00_00	c2630_0021	2410024	263440	群衆A（大）　武器（包丁）　服パターン1　聖堂街B	0	-78.472	-55.534	14.361	itemLotId_1	10202406	群衆A盾/包丁/鎌/鋤　聖堂街A
m24_01_00_00.msb	m24_01_00_00	c2630_0022	2410191	263440	群衆A（大）　武器（包丁）　服パターン1　聖堂街B	0	-224.927	-40.401	4.549	itemLotId_1	10202406	群衆A盾/包丁/鎌/鋤　聖堂街A
m24_01_00_00.msb	m24_01_00_00	c2630_0023	2410192	263410	群衆A（大）　盾＆松明　服パターン1　聖堂街B	0	-220.416	-40.401	9.754	itemLotId_1	10202400	群衆A松明　聖堂街A
m24_01_00_00.msb	m24_01_00_00	c2630_0024	2410127	263440	群衆A（大）　武器（包丁）　服パターン1　聖堂街B	0	-230.551	-40.4	50.136	itemLotId_1	10202406	群衆A盾/包丁/鎌/鋤　聖堂街A
m24_01_00_00.msb	m24_01_00_00	c2630_0026	2410125	263400	群衆A（大）　松明＆斧　服パターン1　聖堂街B	0	-232.4459	-40.126	40.09559	itemLotId_1	10202400	群衆A松明　聖堂街A
m24_01_00_00.msb	m24_01_00_00	c2630_0027	2410114	263400	群衆A（大）　松明＆斧　服パターン1　聖堂街B	0	-216.892	-32.091	-39.936	itemLotId_1	10202400	群衆A松明　聖堂街A
m24_01_00_00.msb	m24_01_00_00	c2630_0028	2410115	263440	群衆A（大）　武器（包丁）　服パターン1　聖堂街B	0	-217.941	-31.935	-38.595	itemLotId_1	10202406	群衆A盾/包丁/鎌/鋤　聖堂街A
m24_01_00_00.msb	m24_01_00_00	c2630_0029	2410116	263433	群衆A（大）　銃（固定砲台）　聖堂街B	0	-216.175	-31.056	-38.228	itemLotId_1	10202404	群衆Aリーダー　聖堂街A
m24_01_00_00.msb	m24_01_00_00	c2630_0030	2410018	263470	群衆A（大）　長物両手（鋤）　服パターン1　聖堂街B	0	-231.84	-40.401	43.287	itemLotId_1	10202406	群衆A盾/包丁/鎌/鋤　聖堂街A
m24_01_00_00.msb	m24_01_00_00	c2630_0031	2410121	263440	群衆A（大）　武器（包丁）　服パターン1　聖堂街B	0	-233.991	-40.401	38.244	itemLotId_1	10202406	群衆A盾/包丁/鎌/鋤　聖堂街A
m24_01_00_00.msb	m24_01_00_00	c2630_0032	2410028	263410	群衆A（大）　盾＆松明　服パターン1　聖堂街B	0	-70.75275	-51.299755	25.090672	itemLotId_1	10202400	群衆A松明　聖堂街A
m24_01_00_00.msb	m24_01_00_00	c2630_0033	2410100	263450	群衆A（大）　武器（鎌）　服パターン1　聖堂街B	0	-171.74	-44.176	64.41	itemLotId_1	10202406	群衆A盾/包丁/鎌/鋤　聖堂街A
m24_01_00_00.msb	m24_01_00_00	c2630_0034	-1	263470	群衆A（大）　長物両手（鋤）　服パターン1　聖堂街B	0	-215.258	-41.192	79.113	itemLotId_1	10202406	群衆A盾/包丁/鎌/鋤　聖堂街A
m24_01_00_00.msb	m24_01_00_00	c2630_0036	2410161	263430	群衆A（大）　武器（サーベル）　服パターン1　聖堂街B	0	-228.914	-40.401	54.265	itemLotId_1	10202402	群衆Aサーベル　聖堂街A
m24_01_00_00.msb	m24_01_00_00	c2630_0037	-1	263400	群衆A（大）　松明＆斧　服パターン1　聖堂街B	0	-215.542	-40.4	75	itemLotId_1	10202400	群衆A松明　聖堂街A
m24_01_00_00.msb	m24_01_00_00	c2630_0038	-1	263433	群衆A（大）　銃（固定砲台）　聖堂街B	0	-213.655	-37.233	11.182	itemLotId_1	10202404	群衆Aリーダー　聖堂街A
m24_01_00_00.msb	m24_01_00_00	c2630_0039	2410101	263440	群衆A（大）　武器（包丁）　服パターン1　聖堂街B	0	-176.58	-43.91	64.18	itemLotId_1	10202406	群衆A盾/包丁/鎌/鋤　聖堂街A
m24_01_00_00.msb	m24_01_00_00	c2630_0040	-1	263410	群衆A（大）　盾＆松明　服パターン1　聖堂街B	0	-213.371	-40.9	76.544	itemLotId_1	10202400	群衆A松明　聖堂街A
m24_01_00_00.msb	m24_01_00_00	c2630_0041	2410016	263440	群衆A（大）　武器（包丁）　服パターン1　聖堂街B	0	-247.414	-37.436	25.818	itemLotId_1	10202406	群衆A盾/包丁/鎌/鋤　聖堂街A
m24_01_00_00.msb	m24_01_00_00	c2630_0042	-1	263450	群衆A（大）　武器（鎌）　服パターン1　聖堂街B	0	-193.45	-26.79	4.439	itemLotId_1	10202406	群衆A盾/包丁/鎌/鋤　聖堂街A
m24_01_00_00.msb	m24_01_00_00	c2630_0043	-1	263430	群衆A（大）　武器（サーベル）　服パターン1　聖堂街B	0	-197.835	-31.253	26.706	itemLotId_1	10202402	群衆Aサーベル　聖堂街A
m24_01_00_00.msb	m24_01_00_00	c2630_0044	-1	263450	群衆A（大）　武器（鎌）　服パターン1　聖堂街B	0	-204.321	-31.251	17.225	itemLotId_1	10202406	群衆A盾/包丁/鎌/鋤　聖堂街A
m24_01_00_00.msb	m24_01_00_00	c2630_0045	-1	263432	群衆A（大）　武器（サーベル）　服パターン3　聖堂街B	0	-193.248	-36.089	26.439	itemLotId_1	10202402	群衆Aサーベル　聖堂街A
m24_01_00_00.msb	m24_01_00_00	c2630_0046	2410040	263433	群衆A（大）　銃（固定砲台）　聖堂街B	0	-152.68	-60.95	-103.76	itemLotId_1	10202404	群衆Aリーダー　聖堂街A
m24_01_00_00.msb	m24_01_00_00	c2630_0051	-1	263400	群衆A（大）　松明＆斧　服パターン1　聖堂街B	0	-205.13	-33.373	45.02	itemLotId_1	10202400	群衆A松明　聖堂街A
m24_01_00_00.msb	m24_01_00_00	c2630_0052	-1	263433	群衆A（大）　銃（固定砲台）　聖堂街B	0	-135.94	-60.95	-131.34	itemLotId_1	10202404	群衆Aリーダー　聖堂街A
m24_01_00_00.msb	m24_01_00_00	c2630_0056	2410196	263400	群衆A（大）　松明＆斧　服パターン1　聖堂街B	0	-229.127	-37.437	-2.342	itemLotId_1	10202400	群衆A松明　聖堂街A
m24_01_00_00.msb	m24_01_00_00	c2630_0057	-1	263433	群衆A（大）　銃（固定砲台）　聖堂街B	0	-151.48	-60.97	-141.65	itemLotId_1	10202404	群衆Aリーダー　聖堂街A
m24_01_00_00.msb	m24_01_00_00	c2630_0065	2410193	263410	群衆A（大）　盾＆松明　服パターン1　聖堂街B	0	-217.236	-34.516	85.121	itemLotId_1	10202400	群衆A松明　聖堂街A
m24_01_00_00.msb	m24_01_00_00	c2630_0066	2410182	263400	群衆A（大）　松明＆斧　服パターン1　聖堂街B	0	-224.815	-40.401	63.416	itemLotId_1	10202400	群衆A松明　聖堂街A
m24_01_00_00.msb	m24_01_00_00	c2630_0069	2410183	263470	群衆A（大）　長物両手（鋤）　服パターン1　聖堂街B	0	-223.086	-40.401	60.12	itemLotId_1	10202406	群衆A盾/包丁/鎌/鋤　聖堂街A
m24_01_00_00.msb	m24_01_00_00	c2640_0000	2410194	264401	群衆B（大）　レンガ　マント付　聖堂街B	0	-201.25	-40.383	-14.15	itemLotId_1	10302410	群衆B　聖堂街B
m24_01_00_00.msb	m24_01_00_00	c2640_0001	2410202	264400	群衆B（大）　レンガ　聖堂街B	0	-165.486	-27.021	24.002	itemLotId_1	10302410	群衆B　聖堂街B
m24_01_00_00.msb	m24_01_00_00	c2640_0003	-1	264410	群衆B（大）　石像　聖堂街B	0	-177.503	-46.467	-65.343	itemLotId_1	10302410	群衆B　聖堂街B
m24_01_00_00.msb	m24_01_00_00	c2640_0005	2410030	264400	群衆B（大）　レンガ　聖堂街B	0	-64.56645	-51.386	25.63331	itemLotId_1	10302410	群衆B　聖堂街B
m24_01_00_00.msb	m24_01_00_00	c2640_0006	2410260	264400	群衆B（大）　レンガ　聖堂街B	0	-163.38954	-41.71694	21.685995	itemLotId_1	10302410	群衆B　聖堂街B
m24_01_00_00.msb	m24_01_00_00	c2640_0007	2410261	264401	群衆B（大）　レンガ　マント付　聖堂街B	0	-157.67348	-41.71694	16.512655	itemLotId_1	10302410	群衆B　聖堂街B
m24_01_00_00.msb	m24_01_00_00	c1000_0003	2410203	100020	猟犬　聖堂街B	0	-122.016685	-26.98	67.89234	itemLotId_1	10002410	猟犬　聖堂街B
m24_01_00_00.msb	m24_01_00_00	c1000_0004	2410204	100020	猟犬　聖堂街B	0	-126.246666	-26.764	69.35834	itemLotId_1	10002410	猟犬　聖堂街B
m24_01_00_00.msb	m24_01_00_00	c1100_0018	-1	110010	下水ネズミ　聖堂街B　腫瘍全なし	0	-234.026	-60.384	-27.216	itemLotId_1	11002410	下水ネズミ　聖堂街B
m24_01_00_00.msb	m24_01_00_00	c1100_0020	-1	110010	下水ネズミ　聖堂街B　腫瘍全なし	0	-202.195	-60.306	-54.292	itemLotId_1	11002410	下水ネズミ　聖堂街B
m24_01_00_00.msb	m24_01_00_00	c1120_0000	-1	112400	水死体ビースト【貧弱】　聖堂街_Ｂ	0	-111.81	-67.69	-85.07	itemLotId_1	11202420	水死体ビースト　聖堂街B
m24_01_00_00.msb	m24_01_00_00	c1120_0001	-1	112400	水死体ビースト【貧弱】　聖堂街_Ｂ	0	-126.95	-67.29	-82.35	itemLotId_1	11202420	水死体ビースト　聖堂街B
m24_01_00_00.msb	m24_01_00_00	c1120_0002	-1	112400	水死体ビースト【貧弱】　聖堂街_Ｂ	0	-143.37	-67.29	-93.14	itemLotId_1	11202420	水死体ビースト　聖堂街B
m24_01_00_00.msb	m24_01_00_00	c1120_0003	-1	112400	水死体ビースト【貧弱】　聖堂街_Ｂ	0	-143.83	-67.29	-105.71	itemLotId_1	11202420	水死体ビースト　聖堂街B
m24_01_00_00.msb	m24_01_00_00	c1120_0004	-1	112400	水死体ビースト【貧弱】　聖堂街_Ｂ	0	-137.48	-67.29	-115.51	itemLotId_1	11202420	水死体ビースト　聖堂街B
m24_01_00_00.msb	m24_01_00_00	c1120_0005	-1	112400	水死体ビースト【貧弱】　聖堂街_Ｂ	0	-118.06	-67.29	-102.42	itemLotId_1	11202420	水死体ビースト　聖堂街B
m24_01_00_00.msb	m24_01_00_00	c1120_0006	-1	112400	水死体ビースト【貧弱】　聖堂街_Ｂ	0	-109.03	-67.29	-98.08	itemLotId_1	11202420	水死体ビースト　聖堂街B
m24_01_00_00.msb	m24_01_00_00	c1120_0007	-1	112400	水死体ビースト【貧弱】　聖堂街_Ｂ	0	-122.27	-67.49	-95.95	itemLotId_1	11202420	水死体ビースト　聖堂街B
m24_01_00_00.msb	m24_01_00_00	c1120_0008	-1	112400	水死体ビースト【貧弱】　聖堂街_Ｂ	0	-147.91	-67.69	-119.23	itemLotId_1	11202420	水死体ビースト　聖堂街B
m24_01_00_00.msb	m24_01_00_00	c1120_0012	2410151	112400	水死体ビースト【貧弱】　聖堂街_Ｂ	0	-182.127	-75.247	-77.733	itemLotId_1	11202420	水死体ビースト　聖堂街B
m24_01_00_00.msb	m24_01_00_00	c1120_0013	2410152	112401	水死体ビースト【青年】　聖堂街_Ｂ	0	-182.001	-75.247	-75.179	itemLotId_1	11202420	水死体ビースト　聖堂街B
m24_01_00_00.msb	m24_01_00_00	c1120_0014	2410153	112402	水死体ビースト【街人】　聖堂街_Ｂ	0	-182.082	-75.247	-76.559	itemLotId_1	11202420	水死体ビースト　聖堂街B
m24_01_00_00.msb	m24_01_00_00	c1120_0018	2410142	112402	水死体ビースト【街人】　聖堂街_Ｂ	0	-178.64	-75.28	-75.96	itemLotId_1	11202420	水死体ビースト　聖堂街B
m24_01_00_00.msb	m24_01_00_00	c1120_0019	2410143	112402	水死体ビースト【街人】　聖堂街_Ｂ	0	-178.4	-75.283	-68.18	itemLotId_1	11202420	水死体ビースト　聖堂街B
m24_01_00_00.msb	m24_01_00_00	c1120_0021	2410145	112400	水死体ビースト【貧弱】　聖堂街_Ｂ	0	-187.8	-75.28	-73.9	itemLotId_1	11202420	水死体ビースト　聖堂街B
m24_01_00_00.msb	m24_01_00_00	c1120_0022	2410146	112400	水死体ビースト【貧弱】　聖堂街_Ｂ	0	-183.07	-75.28	-86.95	itemLotId_1	11202420	水死体ビースト　聖堂街B
m24_01_00_00.msb	m24_01_00_00	c1120_0025	-1	112401	水死体ビースト【青年】　聖堂街_Ｂ	0	-146.577	-78.29	-54.137	itemLotId_1	11202420	水死体ビースト　聖堂街B
m24_01_00_00.msb	m24_01_00_00	c1120_0029	-1	112402	水死体ビースト【街人】　聖堂街_Ｂ	0	-145.262	-78.29	-51.046	itemLotId_1	11202420	水死体ビースト　聖堂街B
m24_01_00_00.msb	m24_01_00_00	c1170_0013	2410244	117400	屍肉烏　聖堂街B	0	-170.66	-26.343	9.863	itemLotId_1	11702410	屍肉鳥　聖堂街B
m24_01_00_00.msb	m24_01_00_00	c1170_0015	2410246	117400	屍肉烏　聖堂街B	0	-170.349	-26.764	13.201	itemLotId_1	11702410	屍肉鳥　聖堂街B
m24_01_00_00.msb	m24_01_00_00	c1170_0016	2410245	117400	屍肉烏　聖堂街B	0	-168.045	-26.114	11.211	itemLotId_1	11702410	屍肉鳥　聖堂街B
m24_01_00_00.msb	m24_01_00_00	c1170_0030	2410242	117400	屍肉烏　聖堂街B	0	-206.31958	-27.024	-10.123693	itemLotId_1	11702410	屍肉鳥　聖堂街B
m24_01_00_00.msb	m24_01_00_00	c1170_0031	2410243	117400	屍肉烏　聖堂街B	0	-204.8707	-27.026	-8.677839	itemLotId_1	11702410	屍肉鳥　聖堂街B
m24_01_00_00.msb	m24_01_00_00	c1170_0032	2410240	117400	屍肉烏　聖堂街B	0	-226.55121	-27.017	-42.617805	itemLotId_1	11702410	屍肉鳥　聖堂街B
m24_01_00_00.msb	m24_01_00_00	c1170_0033	2410241	117400	屍肉烏　聖堂街B	0	-225.1282	-27.017	-41.132805	itemLotId_1	11702410	屍肉鳥　聖堂街B
m24_01_00_00.msb	m24_01_00_00	c1180_0000	2410400	118000	さまよう狂気(小)　聖堂街B　00	0	-214.71	-45	102.29	itemLotId_1	11800000	さまよう狂気（小）　聖堂街B　×
m24_01_00_00.msb	m24_01_00_00	c1180_0001	2410401	118001	さまよう狂気(小)　聖堂街B　01	0	-241.66	-31.496	-8.28	itemLotId_1	11800010	さまよう狂気（小）　聖堂街B
m24_01_00_00.msb	m24_01_00_00	c1180_0002	2410402	118002	さまよう狂気(小)　聖堂街B　02	0	-178.85	-38.86	13.08	itemLotId_1	11800020	さまよう狂気（小）　聖堂街B　×
m24_01_00_00.msb	m24_01_00_00	c1180_0003	2410403	118003	さまよう狂気(小)　聖堂街B　03	0	-133.87	-49.41	-73.07	itemLotId_1	11800030	さまよう狂気（小）　聖堂街B　×
m24_01_00_00.msb	m24_01_00_00	c1180_0004	2410404	118004	さまよう狂気(小)　聖堂街B　04	0	-138.75626	-70.79	-138.1745	itemLotId_1	11800040	さまよう狂気（小）　聖堂街B　×
m24_01_00_00.msb	m24_01_00_00	c1240_0013	2410280	124400	狂犬　聖堂街B	0	-135.356	-41.542	-21.831	itemLotId_1	12402410	狂犬　聖堂街B
m24_01_00_00.msb	m24_01_00_00	c2000_0003	-1	200110	処刑人　聖堂街B	0	-135.794	-67.956	-102.276	itemLotId_1	20002410	処刑人　聖堂街B
m24_01_00_00.msb	m24_01_00_00	c2050_0000	2410230	205241	狂気の悪霊　SAN値　聖堂街B	0	-197.71426	-47.63977	105.094925	itemLotId_1	20524100	狂気の悪霊　SAN値　聖堂街B
m24_01_00_00.msb	m24_01_00_00	c2050_0001	2410232	205241	狂気の悪霊　SAN値　聖堂街B	0	-175.94	-38.86	15.64	itemLotId_1	20524100	狂気の悪霊　SAN値　聖堂街B
m24_01_00_00.msb	m24_01_00_00	c2050_0002	2410233	205241	狂気の悪霊　SAN値　聖堂街B	0	-108.7	-58.72	-25.05	itemLotId_1	20524100	狂気の悪霊　SAN値　聖堂街B
m24_01_00_00.msb	m24_01_00_00	c2110_0000	2410300	211041	蜘蛛のクトゥルフ　聖堂街B月	0	-191.99	-45.12	114.19	itemLotId_1	21102410	蜘蛛のクトゥルフ　聖堂街B 月夜
m24_01_00_00.msb	m24_01_00_00	c2520_0000	2410301	252024	月の幼生　聖堂街B	0	-202.87	-45.11	115	itemLotId_1	25202410	月の幼生　聖堂街B 月夜
m24_01_00_00.msb	m24_01_00_00	c2520_0001	2410302	252024	月の幼生　聖堂街B	0	-198.08	-45.12	115.22	itemLotId_1	25202410	月の幼生　聖堂街B 月夜
m24_01_00_00.msb	m24_01_00_00	c2520_0002	2410303	252024	月の幼生　聖堂街B	0	-200.93	-45.11	113.13	itemLotId_1	25202410	月の幼生　聖堂街B 月夜
m24_01_00_00.msb	m24_01_00_00	c2520_0003	2410304	252024	月の幼生　聖堂街B	0	-200.34	-45.11	118.47	itemLotId_1	25202410	月の幼生　聖堂街B 月夜
m24_01_00_00.msb	m24_01_00_00	c2520_0004	2410305	252024	月の幼生　聖堂街B	0	-202.54	-45.11	118.46	itemLotId_1	25202410	月の幼生　聖堂街B 月夜
m24_01_00_00.msb	m24_01_00_00	c2630_0009	-1	263430	群衆A（大）　武器（サーベル）　服パターン1　聖堂街B	0	-216.659	-40.484	76.704	itemLotId_1	10202402	群衆Aサーベル　聖堂街A
m24_01_00_00.msb	m24_01_00_00	c2630_0014	2410179	263470	群衆A（大）　長物両手（鋤）　服パターン1　聖堂街B	0	-235.131	-37.391	61.315	itemLotId_1	10202406	群衆A盾/包丁/鎌/鋤　聖堂街A
m24_01_00_00.msb	m24_01_00_00	c2630_0015	2410180	263400	群衆A（大）　松明＆斧　服パターン1　聖堂街B	0	-226.713	-40.401	58.727	itemLotId_1	10202400	群衆A松明　聖堂街A
m24_01_00_00.msb	m24_01_00_00	c2630_0035	2410160	263400	群衆A（大）　松明＆斧　服パターン1　聖堂街B	0	-228.205	-40.401	51.388	itemLotId_1	10202400	群衆A松明　聖堂街A
m24_01_00_00.msb	m24_01_00_00	c2630_0047	-1	263410	群衆A（大）　盾＆松明　服パターン1　聖堂街B	0	-156.13	-41.717	17.35	itemLotId_1	10202400	群衆A松明　聖堂街A
m24_01_00_00.msb	m24_01_00_00	c2630_0048	2410117	263440	群衆A（大）　武器（包丁）　服パターン1　聖堂街B	0	-161.08	-41.717	25.19	itemLotId_1	10202406	群衆A盾/包丁/鎌/鋤　聖堂街A
m24_01_00_00.msb	m24_01_00_00	c2630_0049	2410118	263430	群衆A（大）　武器（サーベル）　服パターン1　聖堂街B	0	-164.65	-41.717	20.46	itemLotId_1	10202402	群衆Aサーベル　聖堂街A
m24_01_00_00.msb	m24_01_00_00	c2630_0050	2410119	263490	群衆A（大）　素手　聖堂街B	0	-169.426	-41.717	22.559	itemLotId_1	10202406	群衆A盾/包丁/鎌/鋤　聖堂街A
m24_01_00_00.msb	m24_01_00_00	c2630_0053	-1	263400	群衆A（大）　松明＆斧　服パターン1　聖堂街B	0	-142.84	-43.41	-35.07	itemLotId_1	10202400	群衆A松明　聖堂街A
m24_01_00_00.msb	m24_01_00_00	c2630_0054	-1	263430	群衆A（大）　武器（サーベル）　服パターン1　聖堂街B	0	-143.06	-43.41	-35.58	itemLotId_1	10202402	群衆Aサーベル　聖堂街A
m24_01_00_00.msb	m24_01_00_00	c2630_0055	2410124	263430	群衆A（大）　武器（サーベル）　服パターン1　聖堂街B	0	-140.84	-43.41	-35.22	itemLotId_1	10202402	群衆Aサーベル　聖堂街A
m24_01_00_00.msb	m24_01_00_00	c2630_0058	-1	263470	群衆A（大）　長物両手（鋤）　服パターン1　聖堂街B	0	-175.906	-46.488	-66.52	itemLotId_1	10202406	群衆A盾/包丁/鎌/鋤　聖堂街A
m24_01_00_00.msb	m24_01_00_00	c2630_0059	-1	263400	群衆A（大）　松明＆斧　服パターン1　聖堂街B	0	-85.07	-55.69	5.12	itemLotId_1	10202400	群衆A松明　聖堂街A
m24_01_00_00.msb	m24_01_00_00	c2630_0060	-1	263430	群衆A（大）　武器（サーベル）　服パターン1　聖堂街B	0	-84.42	-55.69	7.89	itemLotId_1	10202402	群衆Aサーベル　聖堂街A
m24_01_00_00.msb	m24_01_00_00	c2630_0061	-1	263470	群衆A（大）　長物両手（鋤）　服パターン1　聖堂街B	0	-82.94	-55.69	5.3	itemLotId_1	10202406	群衆A盾/包丁/鎌/鋤　聖堂街A
m24_01_00_00.msb	m24_01_00_00	c2630_0068	2410177	263490	群衆A（大）　素手　聖堂街B	0	-225.786	-40.401	55.888	itemLotId_1	10202406	群衆A盾/包丁/鎌/鋤　聖堂街A
m24_01_00_00.msb	m24_01_00_00	c2630_1000	-1	263490	群衆A（大）　素手　聖堂街B	0	-127.977455	-44.025	30.679398	itemLotId_1	10202406	群衆A盾/包丁/鎌/鋤　聖堂街A
m24_01_00_00.msb	m24_01_00_00	c2630_1001	-1	263490	群衆A（大）　素手　聖堂街B	0	-127.977455	-44.025	30.679398	itemLotId_1	10202406	群衆A盾/包丁/鎌/鋤　聖堂街A
m24_01_00_00.msb	m24_01_00_00	c2630_1002	-1	263490	群衆A（大）　素手　聖堂街B	0	-127.977455	-44.025	30.679398	itemLotId_1	10202406	群衆A盾/包丁/鎌/鋤　聖堂街A
m24_01_00_00.msb	m24_01_00_00	c2630_1003	-1	263490	群衆A（大）　素手　聖堂街B	0	-127.977455	-44.025	30.679398	itemLotId_1	10202406	群衆A盾/包丁/鎌/鋤　聖堂街A
m24_01_00_00.msb	m24_01_00_00	c2630_1004	-1	263490	群衆A（大）　素手　聖堂街B	0	-127.977455	-44.025	30.679398	itemLotId_1	10202406	群衆A盾/包丁/鎌/鋤　聖堂街A
m24_01_00_00.msb	m24_01_00_00	c2630_1005	-1	263490	群衆A（大）　素手　聖堂街B	0	-127.977455	-44.025	30.679398	itemLotId_1	10202406	群衆A盾/包丁/鎌/鋤　聖堂街A
m24_01_00_00.msb	m24_01_00_00	c2630_1006	-1	263490	群衆A（大）　素手　聖堂街B	0	-127.977455	-44.025	30.679398	itemLotId_1	10202406	群衆A盾/包丁/鎌/鋤　聖堂街A
m24_01_00_00.msb	m24_01_00_00	c2640_0004	-1	264400	群衆B（大）　レンガ　聖堂街B	0	-81.55	-55.69	9.12	itemLotId_1	10302410	群衆B　聖堂街B
m24_01_00_00.msb	m24_01_00_00	c2640_0008	-1	264401	群衆B（大）　レンガ　マント付　聖堂街B	0	-186.48	-50.66	-54.83	itemLotId_1	10302410	群衆B　聖堂街B
m24_01_00_00.msb	m24_01_00_00	c2640_0009	-1	264410	群衆B（大）　石像　聖堂街B	0	-210.42	-50.657	-40.57	itemLotId_1	10302410	群衆B　聖堂街B
m24_01_00_01.msb	m24_01_00_01	c0000_0004	2410711	6071	ニセ女医（発狂）	241334	-272.74	-29.38	173.31	itemLotId_1	24075	偽女医_死亡時ドロップアイテム
m24_01_00_01.msb	m24_01_00_01	c0000_0005	2410770	6113	娼婦（出産後 狂気）	241318	19.84	-29.5	109.92	itemLotId_1	28010	娼婦_死亡時ドロップアイテム
m24_01_00_01.msb	m24_01_00_01	c0000_0008	2410900	6160	復讐者（初回聖堂街B）	241325	-143.628	-48.503	-63.881	itemLotId_1	35020	復讐者_死亡時ドロップアイテム_通常時
m24_01_00_01.msb	m24_01_00_01	c0000_0009	2410710	6070	ニセ女医	241314	-199.978	-40.531	209.781	itemLotId_1	24070	偽女医_死亡時ドロップアイテム
m24_01_00_01.msb	m24_01_00_01	c0000_0010	2410901	6400	復讐者イベント用NPC1（ヘンリック）	0	-35.98	-40.72	98.96	itemLotId_1	55000	復讐者イベント用NPC1（ヘンリック）のドロップアイテム
m24_01_00_01.msb	m24_01_00_01	c1000_0000	2410200	100020	猟犬　聖堂街B	0	-203.001	-27.016	-10.604	itemLotId_1	10002410	猟犬　聖堂街B
m24_01_00_01.msb	m24_01_00_01	c1000_0001	2410201	100020	猟犬　聖堂街B	0	-207.21455	-26.319	-7.369338	itemLotId_1	10002410	猟犬　聖堂街B
m24_01_00_01.msb	m24_01_00_01	c1000_0002	2410019	100021	猟犬　聖堂街B　最初の猟犬	0	-191.6	-50.62	145	itemLotId_1	10002410	猟犬　聖堂街B
m24_01_00_01.msb	m24_01_00_01	c1051_0000	2410750	105241	さまよう寡婦（侵入PC召喚）　聖堂街B	0	-126.253	-50.453	-73.654	itemLotId_1	10524100	さまよう寡婦（侵入PC召喚）　聖堂街B
m24_01_00_01.msb	m24_01_00_01	c1060_0000	-1	106030	脳喰らい　聖堂街B	0	-216.7	-54.67	178.14	itemLotId_1	10602410	脳喰らい　聖堂街B
m24_01_00_01.msb	m24_01_00_01	c1091_0000	2410781	109100	異形ビースト　会話用_感染者の乞食　警戒行動なし	0	-195.964	-28.646	63.511	itemLotId_1	29010	重病人_異形ビーストになったときのドロップアイテム
m24_01_00_01.msb	m24_01_00_01	c1100_0000	2410226	110010	下水ネズミ　聖堂街B　腫瘍全なし	0	-127.644	-67.939	-116.292	itemLotId_1	11002410	下水ネズミ　聖堂街B
m24_01_00_01.msb	m24_01_00_01	c1100_0001	2410225	110010	下水ネズミ　聖堂街B　腫瘍全なし	0	-117.306	-67.939	-105.793	itemLotId_1	11002410	下水ネズミ　聖堂街B
m24_01_00_01.msb	m24_01_00_01	c1100_0002	2410223	110010	下水ネズミ　聖堂街B　腫瘍全なし	0	-120.908	-67.939	-106.808	itemLotId_1	11002410	下水ネズミ　聖堂街B
m24_01_00_01.msb	m24_01_00_01	c1100_0003	2410222	110010	下水ネズミ　聖堂街B　腫瘍全なし	0	-119.13	-67.939	-107.968	itemLotId_1	11002410	下水ネズミ　聖堂街B
m24_01_00_01.msb	m24_01_00_01	c1100_0004	2410228	110010	下水ネズミ　聖堂街B　腫瘍全なし	0	-112.136	-70.787	-86.052	itemLotId_1	11002410	下水ネズミ　聖堂街B
m24_01_00_01.msb	m24_01_00_01	c1100_0005	2410227	110010	下水ネズミ　聖堂街B　腫瘍全なし	0	-112.19	-70.787	-84.6	itemLotId_1	11002410	下水ネズミ　聖堂街B
m24_01_00_01.msb	m24_01_00_01	c1100_0006	2410224	110010	下水ネズミ　聖堂街B　腫瘍全なし	0	-138.462	-66.632	-91.61	itemLotId_1	11002410	下水ネズミ　聖堂街B
m24_01_00_01.msb	m24_01_00_01	c1100_0007	2410221	110010	下水ネズミ　聖堂街B　腫瘍全なし	0	-128.826	-67.951	-82.614	itemLotId_1	11002410	下水ネズミ　聖堂街B
m24_01_00_01.msb	m24_01_00_01	c1100_0008	2410220	110010	下水ネズミ　聖堂街B　腫瘍全なし	0	-127.555	-67.951	-82.063	itemLotId_1	11002410	下水ネズミ　聖堂街B
m24_01_00_01.msb	m24_01_00_01	c1100_0009	-1	110010	下水ネズミ　聖堂街B　腫瘍全なし	0	-243.46	-60.468	-24.375	itemLotId_1	11002410	下水ネズミ　聖堂街B
m24_01_00_01.msb	m24_01_00_01	c1100_0010	-1	110010	下水ネズミ　聖堂街B　腫瘍全なし	0	-243.339	-60.468	-23.203	itemLotId_1	11002410	下水ネズミ　聖堂街B
m24_01_00_01.msb	m24_01_00_01	c1100_0011	-1	110010	下水ネズミ　聖堂街B　腫瘍全なし	0	-238.397	-60.448	-31.696	itemLotId_1	11002410	下水ネズミ　聖堂街B
m24_01_00_01.msb	m24_01_00_01	c1100_0012	-1	110010	下水ネズミ　聖堂街B　腫瘍全なし	0	-224.649	-60.324	-36.445	itemLotId_1	11002410	下水ネズミ　聖堂街B
m24_01_00_01.msb	m24_01_00_01	c1100_0013	-1	110010	下水ネズミ　聖堂街B　腫瘍全なし	0	-223.836	-60.468	-37.942	itemLotId_1	11002410	下水ネズミ　聖堂街B
m24_01_00_01.msb	m24_01_00_01	c1100_0015	-1	110010	下水ネズミ　聖堂街B　腫瘍全なし	0	-192.755	-60.403	-52.469	itemLotId_1	11002410	下水ネズミ　聖堂街B
m24_01_00_01.msb	m24_01_00_01	c1100_0017	-1	110010	下水ネズミ　聖堂街B　腫瘍全なし	0	-234.146	-60.175	-26.042	itemLotId_1	11002410	下水ネズミ　聖堂街B
m24_01_00_01.msb	m24_01_00_01	c1100_0019	-1	110010	下水ネズミ　聖堂街B　腫瘍全なし	0	-224.538	-60.414	-45.973	itemLotId_1	11002410	下水ネズミ　聖堂街B
m24_01_00_01.msb	m24_01_00_01	c1120_0009	2410148	112400	水死体ビースト【貧弱】　聖堂街_Ｂ	0	-181.089	-75.247	-77.569	itemLotId_1	11202420	水死体ビースト　聖堂街B
m24_01_00_01.msb	m24_01_00_01	c1120_0010	2410149	112401	水死体ビースト【青年】　聖堂街_Ｂ	0	-182.999	-75.247	-76.009	itemLotId_1	11202420	水死体ビースト　聖堂街B
m24_01_00_01.msb	m24_01_00_01	c1120_0011	2410150	112402	水死体ビースト【街人】　聖堂街_Ｂ	0	-180.036	-75.247	-76.442	itemLotId_1	11202420	水死体ビースト　聖堂街B
m24_01_00_01.msb	m24_01_00_01	c1120_0015	2410154	112402	水死体ビースト【街人】　聖堂街_Ｂ	0	-183.83	-75.247	-78.216	itemLotId_1	11202420	水死体ビースト　聖堂街B
m24_01_00_01.msb	m24_01_00_01	c1120_0016	2410140	112400	水死体ビースト【貧弱】　聖堂街_Ｂ	0	-181.251	-75.283	-82.37	itemLotId_1	11202420	水死体ビースト　聖堂街B
m24_01_00_01.msb	m24_01_00_01	c1120_0017	2410141	112401	水死体ビースト【青年】　聖堂街_Ｂ	0	-179.651	-75.283	-74.126	itemLotId_1	11202420	水死体ビースト　聖堂街B
m24_01_00_01.msb	m24_01_00_01	c1120_0020	2410144	112401	水死体ビースト【青年】　聖堂街_Ｂ	0	-183.03	-75.28	-69.27	itemLotId_1	11202420	水死体ビースト　聖堂街B
m24_01_00_01.msb	m24_01_00_01	c1120_0023	2410147	112400	水死体ビースト【貧弱】　聖堂街_Ｂ	0	-127.9	-78.289	-57.608	itemLotId_1	11202420	水死体ビースト　聖堂街B
m24_01_00_01.msb	m24_01_00_01	c1120_0024	-1	112402	水死体ビースト【街人】　聖堂街_Ｂ	0	-133.287	-78.29	-46.247	itemLotId_1	11202420	水死体ビースト　聖堂街B
m24_01_00_01.msb	m24_01_00_01	c1120_0026	-1	112400	水死体ビースト【貧弱】　聖堂街_Ｂ	0	-155.576	-75.245	-71.141	itemLotId_1	11202420	水死体ビースト　聖堂街B
m24_01_00_01.msb	m24_01_00_01	c1120_0027	-1	112401	水死体ビースト【青年】　聖堂街_Ｂ	0	-131.442	-78.29	-37.712	itemLotId_1	11202420	水死体ビースト　聖堂街B
m24_01_00_01.msb	m24_01_00_01	c1120_0028	-1	112402	水死体ビースト【街人】　聖堂街_Ｂ	0	-132.64	-78.24	-37.89	itemLotId_1	11202420	水死体ビースト　聖堂街B
m24_01_00_01.msb	m24_01_00_01	c1120_0030	-1	112401	水死体ビースト【青年】　聖堂街_Ｂ	0	-154.879	-75.245	-72.442	itemLotId_1	11202420	水死体ビースト　聖堂街B
m24_01_00_01.msb	m24_01_00_01	c1170_0003	2410132	117400	屍肉烏　聖堂街B	0	-160.11	-60.933	-103.008	itemLotId_1	11702410	屍肉鳥　聖堂街B
m24_01_00_01.msb	m24_01_00_01	c1170_0004	2410133	117400	屍肉烏　聖堂街B	0	-159.64	-60.881	-100.378	itemLotId_1	11702410	屍肉鳥　聖堂街B
m24_01_00_01.msb	m24_01_00_01	c1170_0005	-1	117400	屍肉烏　聖堂街B	0	-172.972	-61.252	-107.65	itemLotId_1	11702410	屍肉鳥　聖堂街B
m24_01_00_01.msb	m24_01_00_01	c1170_0006	-1	117070	屍肉烏　森	0	-210.79	-39.69	205.652	itemLotId_1	11702700	屍肉鳥　森
m24_01_00_01.msb	m24_01_00_01	c1170_0007	-1	117070	屍肉烏　森	0	-212.719	-39.645	205.625	itemLotId_1	11702700	屍肉鳥　森
m24_01_00_01.msb	m24_01_00_01	c1170_0008	2410136	117400	屍肉烏　聖堂街B	0	-180.973	-61.064	-92.842	itemLotId_1	11702410	屍肉鳥　聖堂街B
m24_01_00_01.msb	m24_01_00_01	c1170_0009	2410137	117400	屍肉烏　聖堂街B	0	-122.09	-72.3	-34.03	itemLotId_1	11702410	屍肉鳥　聖堂街B
m24_01_00_01.msb	m24_01_00_01	c1170_0010	2410138	117400	屍肉烏　聖堂街B	0	-174.436	-61.196	-97.34	itemLotId_1	11702410	屍肉鳥　聖堂街B
m24_01_00_01.msb	m24_01_00_01	c1170_0011	2410139	117400	屍肉烏　聖堂街B	0	-173.983	-61.07	-98.957	itemLotId_1	11702410	屍肉鳥　聖堂街B
m24_01_00_01.msb	m24_01_00_01	c1170_0012	2410247	117400	屍肉烏　聖堂街B	0	-163.769	-27.026	22.788	itemLotId_1	11702410	屍肉鳥　聖堂街B
m24_01_00_01.msb	m24_01_00_01	c1170_0014	2410130	117400	屍肉烏　聖堂街B	0	-155.21	-71.31	-61.83	itemLotId_1	11702410	屍肉鳥　聖堂街B
m24_01_00_01.msb	m24_01_00_01	c1170_0017	2410249	117400	屍肉烏　聖堂街B	0	-167.349	-27.017	24.362	itemLotId_1	11702410	屍肉鳥　聖堂街B
m24_01_00_01.msb	m24_01_00_01	c1170_0018	2410250	117400	屍肉烏　聖堂街B	0	-165.926	-27.017	25.847	itemLotId_1	11702410	屍肉鳥　聖堂街B
m24_01_00_01.msb	m24_01_00_01	c1170_0019	2410131	117400	屍肉烏　聖堂街B	0	-155.97	-71.31	-60.76	itemLotId_1	11702410	屍肉鳥　聖堂街B
m24_01_00_01.msb	m24_01_00_01	c1170_0020	-1	117400	屍肉烏　聖堂街B	0	-172.147	-40.097	-45.821	itemLotId_1	11702410	屍肉鳥　聖堂街B
m24_01_00_01.msb	m24_01_00_01	c1170_0021	-1	117400	屍肉烏　聖堂街B	0	-169.793	-40.105	-44.691	itemLotId_1	11702410	屍肉鳥　聖堂街B
m24_01_00_01.msb	m24_01_00_01	c1170_0022	-1	117400	屍肉烏　聖堂街B	0	-171.585	-40.601	-49.629	itemLotId_1	11702410	屍肉鳥　聖堂街B
m24_01_00_01.msb	m24_01_00_01	c1170_0023	2410134	117400	屍肉烏　聖堂街B	0	-124.88	-71.99	-31.67	itemLotId_1	11702410	屍肉鳥　聖堂街B
m24_01_00_01.msb	m24_01_00_01	c1170_0024	-1	117400	屍肉烏　聖堂街B	0	-149.866	-46.488	-84.331	itemLotId_1	11702410	屍肉鳥　聖堂街B
m24_01_00_01.msb	m24_01_00_01	c1170_0025	-1	117400	屍肉烏　聖堂街B	0	-151.212	-46.488	-85.865	itemLotId_1	11702410	屍肉鳥　聖堂街B
m24_01_00_01.msb	m24_01_00_01	c1170_0026	-1	117400	屍肉烏　聖堂街B	0	-155.08	-46.488	-83.552	itemLotId_1	11702410	屍肉鳥　聖堂街B
m24_01_00_01.msb	m24_01_00_01	c1170_0027	-1	117400	屍肉烏　聖堂街B	0	-152.6	-46.488	-79.673	itemLotId_1	11702410	屍肉鳥　聖堂街B
m24_01_00_01.msb	m24_01_00_01	c1170_0028	-1	117070	屍肉烏　森	0	-216.713	-40.776	219.996	itemLotId_1	11702700	屍肉鳥　森
m24_01_00_01.msb	m24_01_00_01	c1170_0029	-1	117070	屍肉烏　森	0	-216.834	-40.804	222.024	itemLotId_1	11702700	屍肉鳥　森
m24_01_00_01.msb	m24_01_00_01	c1170_0034	-1	117070	屍肉烏　森	0	-218.816	-41.243	216.812	itemLotId_1	11702700	屍肉鳥　森
m24_01_00_01.msb	m24_01_00_01	c1170_0035	-1	117070	屍肉烏　森	0	-214.482	-41.507	215.482	itemLotId_1	11702700	屍肉鳥　森
m24_01_00_01.msb	m24_01_00_01	c1240_0000	2410113	124400	狂犬　聖堂街B	0	-218.13	-33.053	-40.483	itemLotId_1	12402410	狂犬　聖堂街B
m24_01_00_01.msb	m24_01_00_01	c1240_0001	-1	124400	狂犬　聖堂街B	0	-208.617	-34.659	-50.279	itemLotId_1	12402410	狂犬　聖堂街B
m24_01_00_01.msb	m24_01_00_01	c1240_0002	-1	124400	狂犬　聖堂街B	0	-222.51	-34.661	-58.51	itemLotId_1	12402410	狂犬　聖堂街B
m24_01_00_01.msb	m24_01_00_01	c1240_0003	2410270	124400	狂犬　聖堂街B	0	-209.65	-40.169	4.82	itemLotId_1	12402410	狂犬　聖堂街B
m24_01_00_01.msb	m24_01_00_01	c1240_0004	2410271	124400	狂犬　聖堂街B	0	-157.508	-39.6	-22.866	itemLotId_1	12402410	狂犬　聖堂街B
m24_01_00_01.msb	m24_01_00_01	c1240_0005	2410272	124400	狂犬　聖堂街B	0	-142.501	-42.573	-37.757	itemLotId_1	12402410	狂犬　聖堂街B
m24_01_00_01.msb	m24_01_00_01	c1240_0007	2410274	124400	狂犬　聖堂街B	0	-132.515	-43.411	-22.312	itemLotId_1	12402410	狂犬　聖堂街B
m24_01_00_01.msb	m24_01_00_01	c1240_0014	2410111	124400	狂犬　聖堂街B	0	-123.19	-43.48	-48.5	itemLotId_1	12402410	狂犬　聖堂街B
m24_01_00_01.msb	m24_01_00_01	c1270_0001	-1	127500	吸血豚　聖堂街B(少女のリボンを落とす	0	-88.76	-78.35	1.67	itemLotId_1	12702410	吸血豚　聖堂街B
m24_01_00_01.msb	m24_01_00_01	c2000_0000	-1	200110	処刑人　聖堂街B	0	-214.75	-45.112	104.46	itemLotId_1	20002410	処刑人　聖堂街B
m24_01_00_01.msb	m24_01_00_01	c2500_0000	2410290	250060	月からの使者　聖堂街B　元々会話NPCだった	0	-196.577	-40.531	215.651	itemLotId_1	23010	診療所の女医_侵入時に死体から拾えるアイテム
m24_01_00_01.msb	m24_01_00_01	c2500_0001	2410291	250061	月からの使者　聖堂街B　元々会話NPCだった	0	-237.52	-40.649	201.411	itemLotId_1	25000	偏屈な老人_死亡時ドロップアイテム
m24_01_00_01.msb	m24_01_00_01	c2500_0002	2410292	250062	月からの使者　聖堂街B　元々会話NPCだった	0	-235.271	-40.64	211.7	itemLotId_1	27070	感染者の乞食_死亡時ドロップアイテム
m24_01_00_01.msb	m24_01_00_01	c2500_0003	2410293	250063	月からの使者　聖堂街B　元々会話NPCだった	0	-205.16188	-40.464893	240.87871	itemLotId_1	30020	少女_診療所_月使者になっている際の死亡ドロップ
m24_01_00_01.msb	m24_01_00_01	c2500_0004	2410294	250064	月からの使者　聖堂街B　元々会話NPCだった	0	-233.839	-40.651	195.28	itemLotId_1	26040	孤独な老婆_死亡時ドロップアイテム
m24_01_00_01.msb	m24_01_00_01	c2500_0005	2410295	250065	月からの使者　聖堂街B　元々会話NPCだった	0	-205.416	-40.583	236.286	itemLotId_1	28010	娼婦_死亡時ドロップアイテム
m24_01_00_01.msb	m24_01_00_01	c2500_0006	2410296	250066	月からの使者　聖堂街B　元々会話NPCだった	0	-227.858	-40.613	242.435	itemLotId_1	32030	囚われの尼僧_死亡時ドロップアイテム
m24_01_00_01.msb	m24_01_00_01	c2521_0000	2410771	252100	月の幼生（赤子）　娼婦用	0	18.81	-29.95	108.73	itemLotId_1	28040	娼婦_娼婦が産んだ赤子_殺害時ドロップアイテム
m24_01_00_01.msb	m24_01_00_01	c2600_0000	-1	260241	恐ろしい群衆（柵）　聖堂街B	0	-129.93	-60.99	-138.29	itemLotId_1	26002410	恐ろしい群衆　聖堂街B
m24_01_00_01.msb	m24_01_00_01	c2600_0001	-1	260240	恐ろしい群衆（松明・のこぎり）　聖堂街B	0	-58.86	-48.841	43.77	itemLotId_1	26002410	恐ろしい群衆　聖堂街B
m24_01_00_01.msb	m24_01_00_01	c2600_0002	-1	260241	恐ろしい群衆（柵）　聖堂街B	0	-57.434	-48.775	45.944	itemLotId_1	26002410	恐ろしい群衆　聖堂街B
m24_01_00_01.msb	m24_01_00_01	c2600_0003	-1	260242	恐ろしい群衆（柵）　聖堂街B　強ドーピング	0	-182.62	-59.85	-61.1	itemLotId_1	26002410	恐ろしい群衆　聖堂街B
m24_01_00_01.msb	m24_01_00_01	c2600_0004	2410157	260240	恐ろしい群衆（松明・のこぎり）　聖堂街B	0	-99.95	-56.1	-85.78	itemLotId_1	26002410	恐ろしい群衆　聖堂街B
m24_01_00_01.msb	m24_01_00_01	c2600_0005	2410500	260240	恐ろしい群衆（松明・のこぎり）　聖堂街B	0	-130.3	-60.96	-115.71	itemLotId_1	26002410	恐ろしい群衆　聖堂街B
m24_01_00_01.msb	m24_01_00_01	c2600_0006	2410501	260241	恐ろしい群衆（柵）　聖堂街B	0	-123.94	-60.948	-80.59	itemLotId_1	26002410	恐ろしい群衆　聖堂街B
m24_01_00_01.msb	m24_01_00_01	c2600_0007	-1	260241	恐ろしい群衆（柵）　聖堂街B	0	-212.65993	-50.656948	-40.71834	itemLotId_1	26002410	恐ろしい群衆　聖堂街B
m24_01_00_01.msb	m24_01_00_01	c2600_0008	-1	260240	恐ろしい群衆（松明・のこぎり）　聖堂街B	0	-209.92	-50.54	-56.15	itemLotId_1	26002410	恐ろしい群衆　聖堂街B
m24_01_00_01.msb	m24_01_00_01	c2600_0009	-1	260240	恐ろしい群衆（松明・のこぎり）　聖堂街B	0	-226.185	-50.576	-29.212	itemLotId_1	26002410	恐ろしい群衆　聖堂街B
m24_01_00_01.msb	m24_01_00_01	c2620_0000	-1	262410	群衆（車椅子）　短筒　聖堂街B	0	-201.297	-36.119	20.348	itemLotId_1	26202410	群衆（車椅子）　聖堂街B
m24_01_00_01.msb	m24_01_00_01	c2630_0000	2410015	263400	群衆A（大）　松明＆斧　服パターン1　聖堂街B	0	-192.015	-44.158	82.728	itemLotId_1	10202400	群衆A松明　聖堂街A
m24_01_00_01.msb	m24_01_00_01	c2630_0001	-1	263433	群衆A（大）　銃（固定砲台）　聖堂街B	0	-216.485	-40.401	0.277	itemLotId_1	10202404	群衆Aリーダー　聖堂街A
m24_01_00_01.msb	m24_01_00_01	c2630_0002	2410102	263440	群衆A（大）　武器（包丁）　服パターン1　聖堂街B	0	-233.296	-31.517	78.735	itemLotId_1	10202406	群衆A盾/包丁/鎌/鋤　聖堂街A
m24_01_00_01.msb	m24_01_00_01	c2630_0003	2410103	263450	群衆A（大）　武器（鎌）　服パターン1　聖堂街B	0	-221.645	-34.58	84.567	itemLotId_1	10202406	群衆A盾/包丁/鎌/鋤　聖堂街A
m24_01_00_01.msb	m24_01_00_01	c2630_0004	2410025	263400	群衆A（大）　松明＆斧　服パターン1　聖堂街B	0	-80.407	-55.528	10.392	itemLotId_1	10202400	群衆A松明　聖堂街A
m24_01_00_01.msb	m24_01_00_01	c2630_0005	2410126	263400	群衆A（大）　松明＆斧　服パターン1　聖堂街B	0	-229.85	-40.401	47.55	itemLotId_1	10202400	群衆A松明　聖堂街A
m24_01_00_01.msb	m24_01_00_01	c2630_0006	2410026	263430	群衆A（大）　武器（サーベル）　服パターン1　聖堂街B	0	-81.439	-55.394	13.19	itemLotId_1	10202402	群衆Aサーベル　聖堂街A
m24_01_00_01.msb	m24_01_00_01	c2630_0007	2410027	263470	群衆A（大）　長物両手（鋤）　服パターン1　聖堂街B	0	-78.179	-55.392	8.445	itemLotId_1	10202406	群衆A盾/包丁/鎌/鋤　聖堂街A
m24_01_00_01.msb	m24_01_00_01	c2630_0008	-1	263450	群衆A（大）　武器（鎌）　服パターン1　聖堂街B	0	-254.52	-35.141	41.49	itemLotId_1	10202406	群衆A盾/包丁/鎌/鋤　聖堂街A
m24_01_00_01.msb	m24_01_00_01	c2630_0010	2410178	263433	群衆A（大）　銃（固定砲台）　聖堂街B	0	-238.183	-40.401	41.316	itemLotId_1	10202404	群衆Aリーダー　聖堂街A
m24_01_00_01.msb	m24_01_00_01	c2630_0012	2410023	263410	群衆A（大）　盾＆松明　服パターン1　聖堂街B	0	-77.456	-55.534	11.574	itemLotId_1	10202400	群衆A松明　聖堂街A
m24_01_00_01.msb	m24_01_00_01	c2630_0013	-1	263440	群衆A（大）　武器（包丁）　服パターン1　聖堂街B	0	-213.057	-41.667	79.674	itemLotId_1	10202406	群衆A盾/包丁/鎌/鋤　聖堂街A
m24_01_00_01.msb	m24_01_00_01	c2630_0016	2410186	263400	群衆A（大）　松明＆斧　服パターン1　聖堂街B	0	-218.606	-40.289	10.417	itemLotId_1	10202400	群衆A松明　聖堂街A
m24_01_00_01.msb	m24_01_00_01	c2630_0017	2410187	263400	群衆A（大）　松明＆斧　服パターン1　聖堂街B	0	-226.165	-40.169	2.981	itemLotId_1	10202400	群衆A松明　聖堂街A
m24_01_00_01.msb	m24_01_00_01	c2630_0018	2410188	263470	群衆A（大）　長物両手（鋤）　服パターン1　聖堂街B	0	-219.107	-40.401	7.959	itemLotId_1	10202406	群衆A盾/包丁/鎌/鋤　聖堂街A
m24_01_00_01.msb	m24_01_00_01	c2630_0019	2410181	263440	群衆A（大）　武器（包丁）　服パターン1　聖堂街B	0	-236.359	-37.391	61.045	itemLotId_1	10202406	群衆A盾/包丁/鎌/鋤　聖堂街A
m24_01_00_01.msb	m24_01_00_01	c2630_0020	2410189	263430	群衆A（大）　武器（サーベル）　服パターン1　聖堂街B	0	-222.839	-40.401	3.92	itemLotId_1	10202402	群衆Aサーベル　聖堂街A
m24_01_00_01.msb	m24_01_00_01	c2630_0021	2410024	263440	群衆A（大）　武器（包丁）　服パターン1　聖堂街B	0	-78.472	-55.534	14.361	itemLotId_1	10202406	群衆A盾/包丁/鎌/鋤　聖堂街A
m24_01_00_01.msb	m24_01_00_01	c2630_0022	2410191	263440	群衆A（大）　武器（包丁）　服パターン1　聖堂街B	0	-224.927	-40.401	4.549	itemLotId_1	10202406	群衆A盾/包丁/鎌/鋤　聖堂街A
m24_01_00_01.msb	m24_01_00_01	c2630_0023	2410192	263410	群衆A（大）　盾＆松明　服パターン1　聖堂街B	0	-220.416	-40.401	9.754	itemLotId_1	10202400	群衆A松明　聖堂街A
m24_01_00_01.msb	m24_01_00_01	c2630_0024	2410127	263440	群衆A（大）　武器（包丁）　服パターン1　聖堂街B	0	-230.551	-40.4	50.136	itemLotId_1	10202406	群衆A盾/包丁/鎌/鋤　聖堂街A
m24_01_00_01.msb	m24_01_00_01	c2630_0026	2410125	263400	群衆A（大）　松明＆斧　服パターン1　聖堂街B	0	-232.4459	-40.126	40.09559	itemLotId_1	10202400	群衆A松明　聖堂街A
m24_01_00_01.msb	m24_01_00_01	c2630_0027	2410114	263400	群衆A（大）　松明＆斧　服パターン1　聖堂街B	0	-216.892	-32.091	-39.936	itemLotId_1	10202400	群衆A松明　聖堂街A
m24_01_00_01.msb	m24_01_00_01	c2630_0028	2410115	263440	群衆A（大）　武器（包丁）　服パターン1　聖堂街B	0	-217.941	-31.935	-38.595	itemLotId_1	10202406	群衆A盾/包丁/鎌/鋤　聖堂街A
m24_01_00_01.msb	m24_01_00_01	c2630_0029	2410116	263433	群衆A（大）　銃（固定砲台）　聖堂街B	0	-216.175	-31.056	-38.228	itemLotId_1	10202404	群衆Aリーダー　聖堂街A
m24_01_00_01.msb	m24_01_00_01	c2630_0030	2410018	263470	群衆A（大）　長物両手（鋤）　服パターン1　聖堂街B	0	-231.84	-40.401	43.287	itemLotId_1	10202406	群衆A盾/包丁/鎌/鋤　聖堂街A
m24_01_00_01.msb	m24_01_00_01	c2630_0031	2410121	263440	群衆A（大）　武器（包丁）　服パターン1　聖堂街B	0	-233.991	-40.401	38.244	itemLotId_1	10202406	群衆A盾/包丁/鎌/鋤　聖堂街A
m24_01_00_01.msb	m24_01_00_01	c2630_0032	2410028	263410	群衆A（大）　盾＆松明　服パターン1　聖堂街B	0	-70.75275	-51.299755	25.090672	itemLotId_1	10202400	群衆A松明　聖堂街A
m24_01_00_01.msb	m24_01_00_01	c2630_0033	2410100	263450	群衆A（大）　武器（鎌）　服パターン1　聖堂街B	0	-171.74	-44.176	64.41	itemLotId_1	10202406	群衆A盾/包丁/鎌/鋤　聖堂街A
m24_01_00_01.msb	m24_01_00_01	c2630_0034	-1	263470	群衆A（大）　長物両手（鋤）　服パターン1　聖堂街B	0	-215.258	-41.192	79.113	itemLotId_1	10202406	群衆A盾/包丁/鎌/鋤　聖堂街A
m24_01_00_01.msb	m24_01_00_01	c2630_0036	2410161	263430	群衆A（大）　武器（サーベル）　服パターン1　聖堂街B	0	-228.914	-40.401	54.265	itemLotId_1	10202402	群衆Aサーベル　聖堂街A
m24_01_00_01.msb	m24_01_00_01	c2630_0037	-1	263400	群衆A（大）　松明＆斧　服パターン1　聖堂街B	0	-215.542	-40.4	75	itemLotId_1	10202400	群衆A松明　聖堂街A
m24_01_00_01.msb	m24_01_00_01	c2630_0038	-1	263433	群衆A（大）　銃（固定砲台）　聖堂街B	0	-213.655	-37.233	11.182	itemLotId_1	10202404	群衆Aリーダー　聖堂街A
m24_01_00_01.msb	m24_01_00_01	c2630_0039	2410101	263440	群衆A（大）　武器（包丁）　服パターン1　聖堂街B	0	-176.58	-43.91	64.18	itemLotId_1	10202406	群衆A盾/包丁/鎌/鋤　聖堂街A
m24_01_00_01.msb	m24_01_00_01	c2630_0040	-1	263410	群衆A（大）　盾＆松明　服パターン1　聖堂街B	0	-213.371	-40.9	76.544	itemLotId_1	10202400	群衆A松明　聖堂街A
m24_01_00_01.msb	m24_01_00_01	c2630_0041	2410016	263440	群衆A（大）　武器（包丁）　服パターン1　聖堂街B	0	-247.414	-37.436	25.818	itemLotId_1	10202406	群衆A盾/包丁/鎌/鋤　聖堂街A
m24_01_00_01.msb	m24_01_00_01	c2630_0042	-1	263450	群衆A（大）　武器（鎌）　服パターン1　聖堂街B	0	-193.45	-26.79	4.439	itemLotId_1	10202406	群衆A盾/包丁/鎌/鋤　聖堂街A
m24_01_00_01.msb	m24_01_00_01	c2630_0043	-1	263430	群衆A（大）　武器（サーベル）　服パターン1　聖堂街B	0	-197.835	-31.253	26.706	itemLotId_1	10202402	群衆Aサーベル　聖堂街A
m24_01_00_01.msb	m24_01_00_01	c2630_0044	-1	263450	群衆A（大）　武器（鎌）　服パターン1　聖堂街B	0	-204.321	-31.251	17.225	itemLotId_1	10202406	群衆A盾/包丁/鎌/鋤　聖堂街A
m24_01_00_01.msb	m24_01_00_01	c2630_0045	-1	263432	群衆A（大）　武器（サーベル）　服パターン3　聖堂街B	0	-193.248	-36.089	26.439	itemLotId_1	10202402	群衆Aサーベル　聖堂街A
m24_01_00_01.msb	m24_01_00_01	c2630_0046	2410040	263433	群衆A（大）　銃（固定砲台）　聖堂街B	0	-152.68	-60.95	-103.76	itemLotId_1	10202404	群衆Aリーダー　聖堂街A
m24_01_00_01.msb	m24_01_00_01	c2630_0051	-1	263400	群衆A（大）　松明＆斧　服パターン1　聖堂街B	0	-205.13	-33.373	45.02	itemLotId_1	10202400	群衆A松明　聖堂街A
m24_01_00_01.msb	m24_01_00_01	c2630_0052	-1	263433	群衆A（大）　銃（固定砲台）　聖堂街B	0	-135.94	-60.95	-131.34	itemLotId_1	10202404	群衆Aリーダー　聖堂街A
m24_01_00_01.msb	m24_01_00_01	c2630_0056	2410196	263400	群衆A（大）　松明＆斧　服パターン1　聖堂街B	0	-229.127	-37.437	-2.342	itemLotId_1	10202400	群衆A松明　聖堂街A
m24_01_00_01.msb	m24_01_00_01	c2630_0057	-1	263433	群衆A（大）　銃（固定砲台）　聖堂街B	0	-151.48	-60.97	-141.65	itemLotId_1	10202404	群衆Aリーダー　聖堂街A
m24_01_00_01.msb	m24_01_00_01	c2630_0065	2410193	263410	群衆A（大）　盾＆松明　服パターン1　聖堂街B	0	-217.236	-34.516	85.121	itemLotId_1	10202400	群衆A松明　聖堂街A
m24_01_00_01.msb	m24_01_00_01	c2630_0066	2410182	263400	群衆A（大）　松明＆斧　服パターン1　聖堂街B	0	-224.815	-40.401	63.416	itemLotId_1	10202400	群衆A松明　聖堂街A
m24_01_00_01.msb	m24_01_00_01	c2630_0069	2410183	263470	群衆A（大）　長物両手（鋤）　服パターン1　聖堂街B	0	-223.086	-40.401	60.12	itemLotId_1	10202406	群衆A盾/包丁/鎌/鋤　聖堂街A
m24_01_00_01.msb	m24_01_00_01	c2640_0000	2410194	264401	群衆B（大）　レンガ　マント付　聖堂街B	0	-201.25	-40.383	-14.15	itemLotId_1	10302410	群衆B　聖堂街B
m24_01_00_01.msb	m24_01_00_01	c2640_0001	2410202	264400	群衆B（大）　レンガ　聖堂街B	0	-165.486	-27.021	24.002	itemLotId_1	10302410	群衆B　聖堂街B
m24_01_00_01.msb	m24_01_00_01	c2640_0003	-1	264410	群衆B（大）　石像　聖堂街B	0	-177.503	-46.467	-65.343	itemLotId_1	10302410	群衆B　聖堂街B
m24_01_00_01.msb	m24_01_00_01	c2640_0005	2410030	264400	群衆B（大）　レンガ　聖堂街B	0	-64.56645	-51.386	25.63331	itemLotId_1	10302410	群衆B　聖堂街B
m24_01_00_01.msb	m24_01_00_01	c2640_0006	2410260	264400	群衆B（大）　レンガ　聖堂街B	0	-163.38954	-41.71694	21.685995	itemLotId_1	10302410	群衆B　聖堂街B
m24_01_00_01.msb	m24_01_00_01	c2640_0007	2410261	264401	群衆B（大）　レンガ　マント付　聖堂街B	0	-157.67348	-41.71694	16.512655	itemLotId_1	10302410	群衆B　聖堂街B
m24_01_00_01.msb	m24_01_00_01	c1000_0003	2410203	100020	猟犬　聖堂街B	0	-122.016685	-26.98	67.89234	itemLotId_1	10002410	猟犬　聖堂街B
m24_01_00_01.msb	m24_01_00_01	c1000_0004	2410204	100020	猟犬　聖堂街B	0	-126.246666	-26.764	69.35834	itemLotId_1	10002410	猟犬　聖堂街B
m24_01_00_01.msb	m24_01_00_01	c1100_0018	-1	110010	下水ネズミ　聖堂街B　腫瘍全なし	0	-234.026	-60.384	-27.216	itemLotId_1	11002410	下水ネズミ　聖堂街B
m24_01_00_01.msb	m24_01_00_01	c1100_0020	-1	110010	下水ネズミ　聖堂街B　腫瘍全なし	0	-202.195	-60.306	-54.292	itemLotId_1	11002410	下水ネズミ　聖堂街B
m24_01_00_01.msb	m24_01_00_01	c1120_0000	-1	112400	水死体ビースト【貧弱】　聖堂街_Ｂ	0	-111.81	-67.69	-85.07	itemLotId_1	11202420	水死体ビースト　聖堂街B
m24_01_00_01.msb	m24_01_00_01	c1120_0001	-1	112400	水死体ビースト【貧弱】　聖堂街_Ｂ	0	-126.95	-67.29	-82.35	itemLotId_1	11202420	水死体ビースト　聖堂街B
m24_01_00_01.msb	m24_01_00_01	c1120_0002	-1	112400	水死体ビースト【貧弱】　聖堂街_Ｂ	0	-143.37	-67.29	-93.14	itemLotId_1	11202420	水死体ビースト　聖堂街B
m24_01_00_01.msb	m24_01_00_01	c1120_0003	-1	112400	水死体ビースト【貧弱】　聖堂街_Ｂ	0	-143.83	-67.29	-105.71	itemLotId_1	11202420	水死体ビースト　聖堂街B
m24_01_00_01.msb	m24_01_00_01	c1120_0004	-1	112400	水死体ビースト【貧弱】　聖堂街_Ｂ	0	-137.48	-67.29	-115.51	itemLotId_1	11202420	水死体ビースト　聖堂街B
m24_01_00_01.msb	m24_01_00_01	c1120_0005	-1	112400	水死体ビースト【貧弱】　聖堂街_Ｂ	0	-118.06	-67.29	-102.42	itemLotId_1	11202420	水死体ビースト　聖堂街B
m24_01_00_01.msb	m24_01_00_01	c1120_0006	-1	112400	水死体ビースト【貧弱】　聖堂街_Ｂ	0	-109.03	-67.29	-98.08	itemLotId_1	11202420	水死体ビースト　聖堂街B
m24_01_00_01.msb	m24_01_00_01	c1120_0007	-1	112400	水死体ビースト【貧弱】　聖堂街_Ｂ	0	-122.27	-67.49	-95.95	itemLotId_1	11202420	水死体ビースト　聖堂街B
m24_01_00_01.msb	m24_01_00_01	c1120_0008	-1	112400	水死体ビースト【貧弱】　聖堂街_Ｂ	0	-147.91	-67.69	-119.23	itemLotId_1	11202420	水死体ビースト　聖堂街B
m24_01_00_01.msb	m24_01_00_01	c1120_0012	2410151	112400	水死体ビースト【貧弱】　聖堂街_Ｂ	0	-182.127	-75.247	-77.733	itemLotId_1	11202420	水死体ビースト　聖堂街B
m24_01_00_01.msb	m24_01_00_01	c1120_0013	2410152	112401	水死体ビースト【青年】　聖堂街_Ｂ	0	-182.001	-75.247	-75.179	itemLotId_1	11202420	水死体ビースト　聖堂街B
m24_01_00_01.msb	m24_01_00_01	c1120_0014	2410153	112402	水死体ビースト【街人】　聖堂街_Ｂ	0	-182.082	-75.247	-76.559	itemLotId_1	11202420	水死体ビースト　聖堂街B
m24_01_00_01.msb	m24_01_00_01	c1120_0018	2410142	112402	水死体ビースト【街人】　聖堂街_Ｂ	0	-178.64	-75.28	-75.96	itemLotId_1	11202420	水死体ビースト　聖堂街B
m24_01_00_01.msb	m24_01_00_01	c1120_0019	2410143	112402	水死体ビースト【街人】　聖堂街_Ｂ	0	-178.4	-75.283	-68.18	itemLotId_1	11202420	水死体ビースト　聖堂街B
m24_01_00_01.msb	m24_01_00_01	c1120_0021	2410145	112400	水死体ビースト【貧弱】　聖堂街_Ｂ	0	-187.8	-75.28	-73.9	itemLotId_1	11202420	水死体ビースト　聖堂街B
m24_01_00_01.msb	m24_01_00_01	c1120_0022	2410146	112400	水死体ビースト【貧弱】　聖堂街_Ｂ	0	-183.07	-75.28	-86.95	itemLotId_1	11202420	水死体ビースト　聖堂街B
m24_01_00_01.msb	m24_01_00_01	c1120_0025	-1	112401	水死体ビースト【青年】　聖堂街_Ｂ	0	-146.577	-78.29	-54.137	itemLotId_1	11202420	水死体ビースト　聖堂街B
m24_01_00_01.msb	m24_01_00_01	c1120_0029	-1	112402	水死体ビースト【街人】　聖堂街_Ｂ	0	-145.262	-78.29	-51.046	itemLotId_1	11202420	水死体ビースト　聖堂街B
m24_01_00_01.msb	m24_01_00_01	c1170_0013	2410244	117400	屍肉烏　聖堂街B	0	-170.66	-26.343	9.863	itemLotId_1	11702410	屍肉鳥　聖堂街B
m24_01_00_01.msb	m24_01_00_01	c1170_0015	2410246	117400	屍肉烏　聖堂街B	0	-170.349	-26.764	13.201	itemLotId_1	11702410	屍肉鳥　聖堂街B
m24_01_00_01.msb	m24_01_00_01	c1170_0016	2410245	117400	屍肉烏　聖堂街B	0	-168.045	-26.114	11.211	itemLotId_1	11702410	屍肉鳥　聖堂街B
m24_01_00_01.msb	m24_01_00_01	c1170_0030	2410242	117400	屍肉烏　聖堂街B	0	-206.31958	-27.024	-10.123693	itemLotId_1	11702410	屍肉鳥　聖堂街B
m24_01_00_01.msb	m24_01_00_01	c1170_0031	2410243	117400	屍肉烏　聖堂街B	0	-204.8707	-27.026	-8.677839	itemLotId_1	11702410	屍肉鳥　聖堂街B
m24_01_00_01.msb	m24_01_00_01	c1170_0032	2410240	117400	屍肉烏　聖堂街B	0	-226.55121	-27.017	-42.617805	itemLotId_1	11702410	屍肉鳥　聖堂街B
m24_01_00_01.msb	m24_01_00_01	c1170_0033	2410241	117400	屍肉烏　聖堂街B	0	-225.1282	-27.017	-41.132805	itemLotId_1	11702410	屍肉鳥　聖堂街B
m24_01_00_01.msb	m24_01_00_01	c1180_0000	2410400	118000	さまよう狂気(小)　聖堂街B　00	0	-214.71	-45	102.29	itemLotId_1	11800000	さまよう狂気（小）　聖堂街B　×
m24_01_00_01.msb	m24_01_00_01	c1180_0001	2410401	118001	さまよう狂気(小)　聖堂街B　01	0	-241.66	-31.496	-8.28	itemLotId_1	11800010	さまよう狂気（小）　聖堂街B
m24_01_00_01.msb	m24_01_00_01	c1180_0002	2410402	118002	さまよう狂気(小)　聖堂街B　02	0	-178.85	-38.86	13.08	itemLotId_1	11800020	さまよう狂気（小）　聖堂街B　×
m24_01_00_01.msb	m24_01_00_01	c1180_0003	2410403	118003	さまよう狂気(小)　聖堂街B　03	0	-133.87	-49.41	-73.07	itemLotId_1	11800030	さまよう狂気（小）　聖堂街B　×
m24_01_00_01.msb	m24_01_00_01	c1180_0004	2410404	118004	さまよう狂気(小)　聖堂街B　04	0	-138.75626	-70.79	-138.1745	itemLotId_1	11800040	さまよう狂気（小）　聖堂街B　×
m24_01_00_01.msb	m24_01_00_01	c1240_0013	2410280	124400	狂犬　聖堂街B	0	-135.356	-41.542	-21.831	itemLotId_1	12402410	狂犬　聖堂街B
m24_01_00_01.msb	m24_01_00_01	c2000_0003	-1	200110	処刑人　聖堂街B	0	-135.794	-67.956	-102.276	itemLotId_1	20002410	処刑人　聖堂街B
m24_01_00_01.msb	m24_01_00_01	c2050_0000	2410230	205241	狂気の悪霊　SAN値　聖堂街B	0	-197.71426	-47.63977	105.094925	itemLotId_1	20524100	狂気の悪霊　SAN値　聖堂街B
m24_01_00_01.msb	m24_01_00_01	c2050_0001	2410232	205241	狂気の悪霊　SAN値　聖堂街B	0	-175.94	-38.86	15.64	itemLotId_1	20524100	狂気の悪霊　SAN値　聖堂街B
m24_01_00_01.msb	m24_01_00_01	c2050_0002	2410233	205241	狂気の悪霊　SAN値　聖堂街B	0	-108.7	-58.72	-25.05	itemLotId_1	20524100	狂気の悪霊　SAN値　聖堂街B
m24_01_00_01.msb	m24_01_00_01	c2110_0000	2410300	211041	蜘蛛のクトゥルフ　聖堂街B月	0	-191.99	-45.12	114.19	itemLotId_1	21102410	蜘蛛のクトゥルフ　聖堂街B 月夜
m24_01_00_01.msb	m24_01_00_01	c2520_0000	2410301	252024	月の幼生　聖堂街B	0	-202.87	-45.11	115	itemLotId_1	25202410	月の幼生　聖堂街B 月夜
m24_01_00_01.msb	m24_01_00_01	c2520_0001	2410302	252024	月の幼生　聖堂街B	0	-198.08	-45.12	115.22	itemLotId_1	25202410	月の幼生　聖堂街B 月夜
m24_01_00_01.msb	m24_01_00_01	c2520_0002	2410303	252024	月の幼生　聖堂街B	0	-200.93	-45.11	113.13	itemLotId_1	25202410	月の幼生　聖堂街B 月夜
m24_01_00_01.msb	m24_01_00_01	c2520_0003	2410304	252024	月の幼生　聖堂街B	0	-200.34	-45.11	118.47	itemLotId_1	25202410	月の幼生　聖堂街B 月夜
m24_01_00_01.msb	m24_01_00_01	c2520_0004	2410305	252024	月の幼生　聖堂街B	0	-202.54	-45.11	118.46	itemLotId_1	25202410	月の幼生　聖堂街B 月夜
m24_01_00_01.msb	m24_01_00_01	c2630_0009	-1	263430	群衆A（大）　武器（サーベル）　服パターン1　聖堂街B	0	-216.659	-40.484	76.704	itemLotId_1	10202402	群衆Aサーベル　聖堂街A
m24_01_00_01.msb	m24_01_00_01	c2630_0014	2410179	263470	群衆A（大）　長物両手（鋤）　服パターン1　聖堂街B	0	-235.131	-37.391	61.315	itemLotId_1	10202406	群衆A盾/包丁/鎌/鋤　聖堂街A
m24_01_00_01.msb	m24_01_00_01	c2630_0015	2410180	263400	群衆A（大）　松明＆斧　服パターン1　聖堂街B	0	-226.713	-40.401	58.727	itemLotId_1	10202400	群衆A松明　聖堂街A
m24_01_00_01.msb	m24_01_00_01	c2630_0035	2410160	263400	群衆A（大）　松明＆斧　服パターン1　聖堂街B	0	-228.205	-40.401	51.388	itemLotId_1	10202400	群衆A松明　聖堂街A
m24_01_00_01.msb	m24_01_00_01	c2630_0047	-1	263410	群衆A（大）　盾＆松明　服パターン1　聖堂街B	0	-156.13	-41.717	17.35	itemLotId_1	10202400	群衆A松明　聖堂街A
m24_01_00_01.msb	m24_01_00_01	c2630_0048	2410117	263440	群衆A（大）　武器（包丁）　服パターン1　聖堂街B	0	-161.08	-41.717	25.19	itemLotId_1	10202406	群衆A盾/包丁/鎌/鋤　聖堂街A
m24_01_00_01.msb	m24_01_00_01	c2630_0049	2410118	263430	群衆A（大）　武器（サーベル）　服パターン1　聖堂街B	0	-164.65	-41.717	20.46	itemLotId_1	10202402	群衆Aサーベル　聖堂街A
m24_01_00_01.msb	m24_01_00_01	c2630_0050	2410119	263490	群衆A（大）　素手　聖堂街B	0	-169.426	-41.717	22.559	itemLotId_1	10202406	群衆A盾/包丁/鎌/鋤　聖堂街A
m24_01_00_01.msb	m24_01_00_01	c2630_0053	-1	263400	群衆A（大）　松明＆斧　服パターン1　聖堂街B	0	-142.84	-43.41	-35.07	itemLotId_1	10202400	群衆A松明　聖堂街A
m24_01_00_01.msb	m24_01_00_01	c2630_0054	-1	263430	群衆A（大）　武器（サーベル）　服パターン1　聖堂街B	0	-143.06	-43.41	-35.58	itemLotId_1	10202402	群衆Aサーベル　聖堂街A
m24_01_00_01.msb	m24_01_00_01	c2630_0055	2410124	263430	群衆A（大）　武器（サーベル）　服パターン1　聖堂街B	0	-140.84	-43.41	-35.22	itemLotId_1	10202402	群衆Aサーベル　聖堂街A
m24_01_00_01.msb	m24_01_00_01	c2630_0058	-1	263470	群衆A（大）　長物両手（鋤）　服パターン1　聖堂街B	0	-175.906	-46.488	-66.52	itemLotId_1	10202406	群衆A盾/包丁/鎌/鋤　聖堂街A
m24_01_00_01.msb	m24_01_00_01	c2630_0059	-1	263400	群衆A（大）　松明＆斧　服パターン1　聖堂街B	0	-85.07	-55.69	5.12	itemLotId_1	10202400	群衆A松明　聖堂街A
m24_01_00_01.msb	m24_01_00_01	c2630_0060	-1	263430	群衆A（大）　武器（サーベル）　服パターン1　聖堂街B	0	-84.42	-55.69	7.89	itemLotId_1	10202402	群衆Aサーベル　聖堂街A
m24_01_00_01.msb	m24_01_00_01	c2630_0061	-1	263470	群衆A（大）　長物両手（鋤）　服パターン1　聖堂街B	0	-82.94	-55.69	5.3	itemLotId_1	10202406	群衆A盾/包丁/鎌/鋤　聖堂街A
m24_01_00_01.msb	m24_01_00_01	c2630_0068	2410177	263490	群衆A（大）　素手　聖堂街B	0	-225.786	-40.401	55.888	itemLotId_1	10202406	群衆A盾/包丁/鎌/鋤　聖堂街A
m24_01_00_01.msb	m24_01_00_01	c2630_1000	-1	263490	群衆A（大）　素手　聖堂街B	0	-127.977455	-44.025	30.679398	itemLotId_1	10202406	群衆A盾/包丁/鎌/鋤　聖堂街A
m24_01_00_01.msb	m24_01_00_01	c2630_1001	-1	263490	群衆A（大）　素手　聖堂街B	0	-127.977455	-44.025	30.679398	itemLotId_1	10202406	群衆A盾/包丁/鎌/鋤　聖堂街A
m24_01_00_01.msb	m24_01_00_01	c2630_1002	-1	263490	群衆A（大）　素手　聖堂街B	0	-127.977455	-44.025	30.679398	itemLotId_1	10202406	群衆A盾/包丁/鎌/鋤　聖堂街A
m24_01_00_01.msb	m24_01_00_01	c2630_1003	-1	263490	群衆A（大）　素手　聖堂街B	0	-127.977455	-44.025	30.679398	itemLotId_1	10202406	群衆A盾/包丁/鎌/鋤　聖堂街A
m24_01_00_01.msb	m24_01_00_01	c2630_1004	-1	263490	群衆A（大）　素手　聖堂街B	0	-127.977455	-44.025	30.679398	itemLotId_1	10202406	群衆A盾/包丁/鎌/鋤　聖堂街A
m24_01_00_01.msb	m24_01_00_01	c2630_1005	-1	263490	群衆A（大）　素手　聖堂街B	0	-127.977455	-44.025	30.679398	itemLotId_1	10202406	群衆A盾/包丁/鎌/鋤　聖堂街A
m24_01_00_01.msb	m24_01_00_01	c2630_1006	-1	263490	群衆A（大）　素手　聖堂街B	0	-127.977455	-44.025	30.679398	itemLotId_1	10202406	群衆A盾/包丁/鎌/鋤　聖堂街A
m24_01_00_01.msb	m24_01_00_01	c2640_0004	-1	264400	群衆B（大）　レンガ　聖堂街B	0	-81.55	-55.69	9.12	itemLotId_1	10302410	群衆B　聖堂街B
m24_01_00_01.msb	m24_01_00_01	c2640_0008	-1	264401	群衆B（大）　レンガ　マント付　聖堂街B	0	-186.48	-50.66	-54.83	itemLotId_1	10302410	群衆B　聖堂街B
m24_01_00_01.msb	m24_01_00_01	c2640_0009	-1	264410	群衆B（大）　石像　聖堂街B	0	-210.42	-50.657	-40.57	itemLotId_1	10302410	群衆B　聖堂街B
m24_01_00_11.msb	m24_01_00_11	c0000_0004	2410711	6071	ニセ女医（発狂）	241334	-272.74	-29.38	173.31	itemLotId_1	24075	偽女医_死亡時ドロップアイテム
m24_01_00_11.msb	m24_01_00_11	c0000_0005	2410770	6113	娼婦（出産後 狂気）	241318	19.84	-29.5	109.92	itemLotId_1	28010	娼婦_死亡時ドロップアイテム
m24_01_00_11.msb	m24_01_00_11	c0000_0008	2410900	6160	復讐者（初回聖堂街B）	241325	-143.628	-48.503	-63.881	itemLotId_1	35020	復讐者_死亡時ドロップアイテム_通常時
m24_01_00_11.msb	m24_01_00_11	c0000_0009	2410710	6070	ニセ女医	241314	-199.978	-40.531	209.781	itemLotId_1	24070	偽女医_死亡時ドロップアイテム
m24_01_00_11.msb	m24_01_00_11	c0000_0010	2410901	6400	復讐者イベント用NPC1（ヘンリック）	0	-35.98	-40.72	98.96	itemLotId_1	55000	復讐者イベント用NPC1（ヘンリック）のドロップアイテム
m24_01_00_11.msb	m24_01_00_11	c1000_0000	2410200	100020	猟犬　聖堂街B	0	-203.001	-27.016	-10.604	itemLotId_1	10002410	猟犬　聖堂街B
m24_01_00_11.msb	m24_01_00_11	c1000_0001	2410201	100020	猟犬　聖堂街B	0	-207.21455	-26.319	-7.369338	itemLotId_1	10002410	猟犬　聖堂街B
m24_01_00_11.msb	m24_01_00_11	c1000_0002	2410019	100021	猟犬　聖堂街B　最初の猟犬	0	-191.6	-50.62	145	itemLotId_1	10002410	猟犬　聖堂街B
m24_01_00_11.msb	m24_01_00_11	c1051_0000	2410750	105241	さまよう寡婦（侵入PC召喚）　聖堂街B	0	-126.253	-50.453	-73.654	itemLotId_1	10524100	さまよう寡婦（侵入PC召喚）　聖堂街B
m24_01_00_11.msb	m24_01_00_11	c1060_0000	-1	106030	脳喰らい　聖堂街B	0	-216.7	-54.67	178.14	itemLotId_1	10602410	脳喰らい　聖堂街B
m24_01_00_11.msb	m24_01_00_11	c1091_0000	2410781	109100	異形ビースト　会話用_感染者の乞食　警戒行動なし	0	-195.964	-28.646	63.511	itemLotId_1	29010	重病人_異形ビーストになったときのドロップアイテム
m24_01_00_11.msb	m24_01_00_11	c1100_0000	2410226	110010	下水ネズミ　聖堂街B　腫瘍全なし	0	-127.644	-67.939	-116.292	itemLotId_1	11002410	下水ネズミ　聖堂街B
m24_01_00_11.msb	m24_01_00_11	c1100_0001	2410225	110010	下水ネズミ　聖堂街B　腫瘍全なし	0	-117.306	-67.939	-105.793	itemLotId_1	11002410	下水ネズミ　聖堂街B
m24_01_00_11.msb	m24_01_00_11	c1100_0002	2410223	110010	下水ネズミ　聖堂街B　腫瘍全なし	0	-120.908	-67.939	-106.808	itemLotId_1	11002410	下水ネズミ　聖堂街B
m24_01_00_11.msb	m24_01_00_11	c1100_0003	2410222	110010	下水ネズミ　聖堂街B　腫瘍全なし	0	-119.13	-67.939	-107.968	itemLotId_1	11002410	下水ネズミ　聖堂街B
m24_01_00_11.msb	m24_01_00_11	c1100_0004	2410228	110010	下水ネズミ　聖堂街B　腫瘍全なし	0	-112.136	-70.787	-86.052	itemLotId_1	11002410	下水ネズミ　聖堂街B
m24_01_00_11.msb	m24_01_00_11	c1100_0005	2410227	110010	下水ネズミ　聖堂街B　腫瘍全なし	0	-112.19	-70.787	-84.6	itemLotId_1	11002410	下水ネズミ　聖堂街B
m24_01_00_11.msb	m24_01_00_11	c1100_0006	2410224	110010	下水ネズミ　聖堂街B　腫瘍全なし	0	-138.462	-66.632	-91.61	itemLotId_1	11002410	下水ネズミ　聖堂街B
m24_01_00_11.msb	m24_01_00_11	c1100_0007	2410221	110010	下水ネズミ　聖堂街B　腫瘍全なし	0	-128.826	-67.951	-82.614	itemLotId_1	11002410	下水ネズミ　聖堂街B
m24_01_00_11.msb	m24_01_00_11	c1100_0008	2410220	110010	下水ネズミ　聖堂街B　腫瘍全なし	0	-127.555	-67.951	-82.063	itemLotId_1	11002410	下水ネズミ　聖堂街B
m24_01_00_11.msb	m24_01_00_11	c1100_0009	-1	110010	下水ネズミ　聖堂街B　腫瘍全なし	0	-243.46	-60.468	-24.375	itemLotId_1	11002410	下水ネズミ　聖堂街B
m24_01_00_11.msb	m24_01_00_11	c1100_0010	-1	110010	下水ネズミ　聖堂街B　腫瘍全なし	0	-243.339	-60.468	-23.203	itemLotId_1	11002410	下水ネズミ　聖堂街B
m24_01_00_11.msb	m24_01_00_11	c1100_0011	-1	110010	下水ネズミ　聖堂街B　腫瘍全なし	0	-238.397	-60.448	-31.696	itemLotId_1	11002410	下水ネズミ　聖堂街B
m24_01_00_11.msb	m24_01_00_11	c1100_0012	-1	110010	下水ネズミ　聖堂街B　腫瘍全なし	0	-224.649	-60.324	-36.445	itemLotId_1	11002410	下水ネズミ　聖堂街B
m24_01_00_11.msb	m24_01_00_11	c1100_0013	-1	110010	下水ネズミ　聖堂街B　腫瘍全なし	0	-223.836	-60.468	-37.942	itemLotId_1	11002410	下水ネズミ　聖堂街B
m24_01_00_11.msb	m24_01_00_11	c1100_0015	-1	110010	下水ネズミ　聖堂街B　腫瘍全なし	0	-192.755	-60.403	-52.469	itemLotId_1	11002410	下水ネズミ　聖堂街B
m24_01_00_11.msb	m24_01_00_11	c1100_0017	-1	110010	下水ネズミ　聖堂街B　腫瘍全なし	0	-234.146	-60.175	-26.042	itemLotId_1	11002410	下水ネズミ　聖堂街B
m24_01_00_11.msb	m24_01_00_11	c1100_0019	-1	110010	下水ネズミ　聖堂街B　腫瘍全なし	0	-224.538	-60.414	-45.973	itemLotId_1	11002410	下水ネズミ　聖堂街B
m24_01_00_11.msb	m24_01_00_11	c1120_0009	2410148	112400	水死体ビースト【貧弱】　聖堂街_Ｂ	0	-181.089	-75.247	-77.569	itemLotId_1	11202420	水死体ビースト　聖堂街B
m24_01_00_11.msb	m24_01_00_11	c1120_0010	2410149	112401	水死体ビースト【青年】　聖堂街_Ｂ	0	-182.999	-75.247	-76.009	itemLotId_1	11202420	水死体ビースト　聖堂街B
m24_01_00_11.msb	m24_01_00_11	c1120_0011	2410150	112402	水死体ビースト【街人】　聖堂街_Ｂ	0	-180.036	-75.247	-76.442	itemLotId_1	11202420	水死体ビースト　聖堂街B
m24_01_00_11.msb	m24_01_00_11	c1120_0015	2410154	112402	水死体ビースト【街人】　聖堂街_Ｂ	0	-183.83	-75.247	-78.216	itemLotId_1	11202420	水死体ビースト　聖堂街B
m24_01_00_11.msb	m24_01_00_11	c1120_0016	2410140	112400	水死体ビースト【貧弱】　聖堂街_Ｂ	0	-181.251	-75.283	-82.37	itemLotId_1	11202420	水死体ビースト　聖堂街B
m24_01_00_11.msb	m24_01_00_11	c1120_0017	2410141	112401	水死体ビースト【青年】　聖堂街_Ｂ	0	-179.651	-75.283	-74.126	itemLotId_1	11202420	水死体ビースト　聖堂街B
m24_01_00_11.msb	m24_01_00_11	c1120_0020	2410144	112401	水死体ビースト【青年】　聖堂街_Ｂ	0	-183.03	-75.28	-69.27	itemLotId_1	11202420	水死体ビースト　聖堂街B
m24_01_00_11.msb	m24_01_00_11	c1120_0023	2410147	112400	水死体ビースト【貧弱】　聖堂街_Ｂ	0	-127.9	-78.289	-57.608	itemLotId_1	11202420	水死体ビースト　聖堂街B
m24_01_00_11.msb	m24_01_00_11	c1120_0024	-1	112402	水死体ビースト【街人】　聖堂街_Ｂ	0	-133.287	-78.29	-46.247	itemLotId_1	11202420	水死体ビースト　聖堂街B
m24_01_00_11.msb	m24_01_00_11	c1120_0026	-1	112400	水死体ビースト【貧弱】　聖堂街_Ｂ	0	-155.576	-75.245	-71.141	itemLotId_1	11202420	水死体ビースト　聖堂街B
m24_01_00_11.msb	m24_01_00_11	c1120_0027	-1	112401	水死体ビースト【青年】　聖堂街_Ｂ	0	-131.442	-78.29	-37.712	itemLotId_1	11202420	水死体ビースト　聖堂街B
m24_01_00_11.msb	m24_01_00_11	c1120_0028	-1	112402	水死体ビースト【街人】　聖堂街_Ｂ	0	-132.64	-78.24	-37.89	itemLotId_1	11202420	水死体ビースト　聖堂街B
m24_01_00_11.msb	m24_01_00_11	c1120_0030	-1	112401	水死体ビースト【青年】　聖堂街_Ｂ	0	-154.879	-75.245	-72.442	itemLotId_1	11202420	水死体ビースト　聖堂街B
m24_01_00_11.msb	m24_01_00_11	c1170_0003	2410132	117400	屍肉烏　聖堂街B	0	-160.11	-60.933	-103.008	itemLotId_1	11702410	屍肉鳥　聖堂街B
m24_01_00_11.msb	m24_01_00_11	c1170_0004	2410133	117400	屍肉烏　聖堂街B	0	-159.64	-60.881	-100.378	itemLotId_1	11702410	屍肉鳥　聖堂街B
m24_01_00_11.msb	m24_01_00_11	c1170_0005	-1	117400	屍肉烏　聖堂街B	0	-172.972	-61.252	-107.65	itemLotId_1	11702410	屍肉鳥　聖堂街B
m24_01_00_11.msb	m24_01_00_11	c1170_0006	-1	117070	屍肉烏　森	0	-210.79	-39.69	205.652	itemLotId_1	11702700	屍肉鳥　森
m24_01_00_11.msb	m24_01_00_11	c1170_0007	-1	117070	屍肉烏　森	0	-212.719	-39.645	205.625	itemLotId_1	11702700	屍肉鳥　森
m24_01_00_11.msb	m24_01_00_11	c1170_0008	2410136	117400	屍肉烏　聖堂街B	0	-180.973	-61.064	-92.842	itemLotId_1	11702410	屍肉鳥　聖堂街B
m24_01_00_11.msb	m24_01_00_11	c1170_0009	2410137	117400	屍肉烏　聖堂街B	0	-122.09	-72.3	-34.03	itemLotId_1	11702410	屍肉鳥　聖堂街B
m24_01_00_11.msb	m24_01_00_11	c1170_0010	2410138	117400	屍肉烏　聖堂街B	0	-174.436	-61.196	-97.34	itemLotId_1	11702410	屍肉鳥　聖堂街B
m24_01_00_11.msb	m24_01_00_11	c1170_0011	2410139	117400	屍肉烏　聖堂街B	0	-173.983	-61.07	-98.957	itemLotId_1	11702410	屍肉鳥　聖堂街B
m24_01_00_11.msb	m24_01_00_11	c1170_0012	2410247	117400	屍肉烏　聖堂街B	0	-163.769	-27.026	22.788	itemLotId_1	11702410	屍肉鳥　聖堂街B
m24_01_00_11.msb	m24_01_00_11	c1170_0014	2410130	117400	屍肉烏　聖堂街B	0	-155.21	-71.31	-61.83	itemLotId_1	11702410	屍肉鳥　聖堂街B
m24_01_00_11.msb	m24_01_00_11	c1170_0017	2410249	117400	屍肉烏　聖堂街B	0	-167.349	-27.017	24.362	itemLotId_1	11702410	屍肉鳥　聖堂街B
m24_01_00_11.msb	m24_01_00_11	c1170_0018	2410250	117400	屍肉烏　聖堂街B	0	-165.926	-27.017	25.847	itemLotId_1	11702410	屍肉鳥　聖堂街B
m24_01_00_11.msb	m24_01_00_11	c1170_0019	2410131	117400	屍肉烏　聖堂街B	0	-155.97	-71.31	-60.76	itemLotId_1	11702410	屍肉鳥　聖堂街B
m24_01_00_11.msb	m24_01_00_11	c1170_0020	-1	117400	屍肉烏　聖堂街B	0	-172.147	-40.097	-45.821	itemLotId_1	11702410	屍肉鳥　聖堂街B
m24_01_00_11.msb	m24_01_00_11	c1170_0021	-1	117400	屍肉烏　聖堂街B	0	-169.793	-40.105	-44.691	itemLotId_1	11702410	屍肉鳥　聖堂街B
m24_01_00_11.msb	m24_01_00_11	c1170_0022	-1	117400	屍肉烏　聖堂街B	0	-171.585	-40.601	-49.629	itemLotId_1	11702410	屍肉鳥　聖堂街B
m24_01_00_11.msb	m24_01_00_11	c1170_0023	2410134	117400	屍肉烏　聖堂街B	0	-124.88	-71.99	-31.67	itemLotId_1	11702410	屍肉鳥　聖堂街B
m24_01_00_11.msb	m24_01_00_11	c1170_0024	-1	117400	屍肉烏　聖堂街B	0	-149.866	-46.488	-84.331	itemLotId_1	11702410	屍肉鳥　聖堂街B
m24_01_00_11.msb	m24_01_00_11	c1170_0025	-1	117400	屍肉烏　聖堂街B	0	-151.212	-46.488	-85.865	itemLotId_1	11702410	屍肉鳥　聖堂街B
m24_01_00_11.msb	m24_01_00_11	c1170_0026	-1	117400	屍肉烏　聖堂街B	0	-155.08	-46.488	-83.552	itemLotId_1	11702410	屍肉鳥　聖堂街B
m24_01_00_11.msb	m24_01_00_11	c1170_0027	-1	117400	屍肉烏　聖堂街B	0	-152.6	-46.488	-79.673	itemLotId_1	11702410	屍肉鳥　聖堂街B
m24_01_00_11.msb	m24_01_00_11	c1170_0028	-1	117070	屍肉烏　森	0	-216.713	-40.776	219.996	itemLotId_1	11702700	屍肉鳥　森
m24_01_00_11.msb	m24_01_00_11	c1170_0029	-1	117070	屍肉烏　森	0	-216.834	-40.804	222.024	itemLotId_1	11702700	屍肉鳥　森
m24_01_00_11.msb	m24_01_00_11	c1170_0034	-1	117070	屍肉烏　森	0	-218.816	-41.243	216.812	itemLotId_1	11702700	屍肉鳥　森
m24_01_00_11.msb	m24_01_00_11	c1170_0035	-1	117070	屍肉烏　森	0	-214.482	-41.507	215.482	itemLotId_1	11702700	屍肉鳥　森
m24_01_00_11.msb	m24_01_00_11	c1240_0000	2410113	124400	狂犬　聖堂街B	0	-218.13	-33.053	-40.483	itemLotId_1	12402410	狂犬　聖堂街B
m24_01_00_11.msb	m24_01_00_11	c1240_0001	-1	124400	狂犬　聖堂街B	0	-208.617	-34.659	-50.279	itemLotId_1	12402410	狂犬　聖堂街B
m24_01_00_11.msb	m24_01_00_11	c1240_0002	-1	124400	狂犬　聖堂街B	0	-222.51	-34.661	-58.51	itemLotId_1	12402410	狂犬　聖堂街B
m24_01_00_11.msb	m24_01_00_11	c1240_0003	2410270	124400	狂犬　聖堂街B	0	-209.65	-40.169	4.82	itemLotId_1	12402410	狂犬　聖堂街B
m24_01_00_11.msb	m24_01_00_11	c1240_0004	2410271	124400	狂犬　聖堂街B	0	-157.508	-39.6	-22.866	itemLotId_1	12402410	狂犬　聖堂街B
m24_01_00_11.msb	m24_01_00_11	c1240_0005	2410272	124400	狂犬　聖堂街B	0	-142.501	-42.573	-37.757	itemLotId_1	12402410	狂犬　聖堂街B
m24_01_00_11.msb	m24_01_00_11	c1240_0007	2410274	124400	狂犬　聖堂街B	0	-132.515	-43.411	-22.312	itemLotId_1	12402410	狂犬　聖堂街B
m24_01_00_11.msb	m24_01_00_11	c1240_0014	2410111	124400	狂犬　聖堂街B	0	-123.19	-43.48	-48.5	itemLotId_1	12402410	狂犬　聖堂街B
m24_01_00_11.msb	m24_01_00_11	c1270_0001	-1	127500	吸血豚　聖堂街B(少女のリボンを落とす	0	-88.76	-78.35	1.67	itemLotId_1	12702410	吸血豚　聖堂街B
m24_01_00_11.msb	m24_01_00_11	c2000_0000	-1	200110	処刑人　聖堂街B	0	-214.75	-45.112	104.46	itemLotId_1	20002410	処刑人　聖堂街B
m24_01_00_11.msb	m24_01_00_11	c2500_0000	2410290	250060	月からの使者　聖堂街B　元々会話NPCだった	0	-196.577	-40.531	215.651	itemLotId_1	23010	診療所の女医_侵入時に死体から拾えるアイテム
m24_01_00_11.msb	m24_01_00_11	c2500_0001	2410291	250061	月からの使者　聖堂街B　元々会話NPCだった	0	-237.52	-40.649	201.411	itemLotId_1	25000	偏屈な老人_死亡時ドロップアイテム
m24_01_00_11.msb	m24_01_00_11	c2500_0002	2410292	250062	月からの使者　聖堂街B　元々会話NPCだった	0	-235.271	-40.64	211.7	itemLotId_1	27070	感染者の乞食_死亡時ドロップアイテム
m24_01_00_11.msb	m24_01_00_11	c2500_0003	2410293	250063	月からの使者　聖堂街B　元々会話NPCだった	0	-205.16188	-40.464893	240.87871	itemLotId_1	30020	少女_診療所_月使者になっている際の死亡ドロップ
m24_01_00_11.msb	m24_01_00_11	c2500_0004	2410294	250064	月からの使者　聖堂街B　元々会話NPCだった	0	-233.839	-40.651	195.28	itemLotId_1	26040	孤独な老婆_死亡時ドロップアイテム
m24_01_00_11.msb	m24_01_00_11	c2500_0005	2410295	250065	月からの使者　聖堂街B　元々会話NPCだった	0	-205.416	-40.583	236.286	itemLotId_1	28010	娼婦_死亡時ドロップアイテム
m24_01_00_11.msb	m24_01_00_11	c2500_0006	2410296	250066	月からの使者　聖堂街B　元々会話NPCだった	0	-227.858	-40.613	242.435	itemLotId_1	32030	囚われの尼僧_死亡時ドロップアイテム
m24_01_00_11.msb	m24_01_00_11	c2521_0000	2410771	252100	月の幼生（赤子）　娼婦用	0	18.81	-29.95	108.73	itemLotId_1	28040	娼婦_娼婦が産んだ赤子_殺害時ドロップアイテム
m24_01_00_11.msb	m24_01_00_11	c2600_0000	-1	260241	恐ろしい群衆（柵）　聖堂街B	0	-129.93	-60.99	-138.29	itemLotId_1	26002410	恐ろしい群衆　聖堂街B
m24_01_00_11.msb	m24_01_00_11	c2600_0001	-1	260240	恐ろしい群衆（松明・のこぎり）　聖堂街B	0	-58.86	-48.841	43.77	itemLotId_1	26002410	恐ろしい群衆　聖堂街B
m24_01_00_11.msb	m24_01_00_11	c2600_0002	-1	260241	恐ろしい群衆（柵）　聖堂街B	0	-57.434	-48.775	45.944	itemLotId_1	26002410	恐ろしい群衆　聖堂街B
m24_01_00_11.msb	m24_01_00_11	c2600_0003	-1	260242	恐ろしい群衆（柵）　聖堂街B　強ドーピング	0	-182.62	-59.85	-61.1	itemLotId_1	26002410	恐ろしい群衆　聖堂街B
m24_01_00_11.msb	m24_01_00_11	c2600_0004	2410157	260240	恐ろしい群衆（松明・のこぎり）　聖堂街B	0	-99.95	-56.1	-85.78	itemLotId_1	26002410	恐ろしい群衆　聖堂街B
m24_01_00_11.msb	m24_01_00_11	c2600_0005	2410500	260240	恐ろしい群衆（松明・のこぎり）　聖堂街B	0	-130.3	-60.96	-115.71	itemLotId_1	26002410	恐ろしい群衆　聖堂街B
m24_01_00_11.msb	m24_01_00_11	c2600_0006	2410501	260241	恐ろしい群衆（柵）　聖堂街B	0	-123.94	-60.948	-80.59	itemLotId_1	26002410	恐ろしい群衆　聖堂街B
m24_01_00_11.msb	m24_01_00_11	c2600_0007	-1	260241	恐ろしい群衆（柵）　聖堂街B	0	-212.65993	-50.656948	-40.71834	itemLotId_1	26002410	恐ろしい群衆　聖堂街B
m24_01_00_11.msb	m24_01_00_11	c2600_0008	-1	260240	恐ろしい群衆（松明・のこぎり）　聖堂街B	0	-209.92	-50.54	-56.15	itemLotId_1	26002410	恐ろしい群衆　聖堂街B
m24_01_00_11.msb	m24_01_00_11	c2600_0009	-1	260240	恐ろしい群衆（松明・のこぎり）　聖堂街B	0	-226.185	-50.576	-29.212	itemLotId_1	26002410	恐ろしい群衆　聖堂街B
m24_01_00_11.msb	m24_01_00_11	c2620_0000	-1	262410	群衆（車椅子）　短筒　聖堂街B	0	-201.297	-36.119	20.348	itemLotId_1	26202410	群衆（車椅子）　聖堂街B
m24_01_00_11.msb	m24_01_00_11	c2630_0000	2410015	263400	群衆A（大）　松明＆斧　服パターン1　聖堂街B	0	-192.015	-44.158	82.728	itemLotId_1	10202400	群衆A松明　聖堂街A
m24_01_00_11.msb	m24_01_00_11	c2630_0001	-1	263433	群衆A（大）　銃（固定砲台）　聖堂街B	0	-216.485	-40.401	0.277	itemLotId_1	10202404	群衆Aリーダー　聖堂街A
m24_01_00_11.msb	m24_01_00_11	c2630_0002	2410102	263440	群衆A（大）　武器（包丁）　服パターン1　聖堂街B	0	-233.296	-31.517	78.735	itemLotId_1	10202406	群衆A盾/包丁/鎌/鋤　聖堂街A
m24_01_00_11.msb	m24_01_00_11	c2630_0003	2410103	263450	群衆A（大）　武器（鎌）　服パターン1　聖堂街B	0	-221.645	-34.58	84.567	itemLotId_1	10202406	群衆A盾/包丁/鎌/鋤　聖堂街A
m24_01_00_11.msb	m24_01_00_11	c2630_0004	2410025	263400	群衆A（大）　松明＆斧　服パターン1　聖堂街B	0	-80.407	-55.528	10.392	itemLotId_1	10202400	群衆A松明　聖堂街A
m24_01_00_11.msb	m24_01_00_11	c2630_0005	2410126	263400	群衆A（大）　松明＆斧　服パターン1　聖堂街B	0	-229.85	-40.401	47.55	itemLotId_1	10202400	群衆A松明　聖堂街A
m24_01_00_11.msb	m24_01_00_11	c2630_0006	2410026	263430	群衆A（大）　武器（サーベル）　服パターン1　聖堂街B	0	-81.439	-55.394	13.19	itemLotId_1	10202402	群衆Aサーベル　聖堂街A
m24_01_00_11.msb	m24_01_00_11	c2630_0007	2410027	263470	群衆A（大）　長物両手（鋤）　服パターン1　聖堂街B	0	-78.179	-55.392	8.445	itemLotId_1	10202406	群衆A盾/包丁/鎌/鋤　聖堂街A
m24_01_00_11.msb	m24_01_00_11	c2630_0008	-1	263450	群衆A（大）　武器（鎌）　服パターン1　聖堂街B	0	-254.52	-35.141	41.49	itemLotId_1	10202406	群衆A盾/包丁/鎌/鋤　聖堂街A
m24_01_00_11.msb	m24_01_00_11	c2630_0010	2410178	263433	群衆A（大）　銃（固定砲台）　聖堂街B	0	-238.183	-40.401	41.316	itemLotId_1	10202404	群衆Aリーダー　聖堂街A
m24_01_00_11.msb	m24_01_00_11	c2630_0012	2410023	263410	群衆A（大）　盾＆松明　服パターン1　聖堂街B	0	-77.456	-55.534	11.574	itemLotId_1	10202400	群衆A松明　聖堂街A
m24_01_00_11.msb	m24_01_00_11	c2630_0013	-1	263440	群衆A（大）　武器（包丁）　服パターン1　聖堂街B	0	-213.057	-41.667	79.674	itemLotId_1	10202406	群衆A盾/包丁/鎌/鋤　聖堂街A
m24_01_00_11.msb	m24_01_00_11	c2630_0016	2410186	263400	群衆A（大）　松明＆斧　服パターン1　聖堂街B	0	-218.606	-40.289	10.417	itemLotId_1	10202400	群衆A松明　聖堂街A
m24_01_00_11.msb	m24_01_00_11	c2630_0017	2410187	263400	群衆A（大）　松明＆斧　服パターン1　聖堂街B	0	-226.165	-40.169	2.981	itemLotId_1	10202400	群衆A松明　聖堂街A
m24_01_00_11.msb	m24_01_00_11	c2630_0018	2410188	263470	群衆A（大）　長物両手（鋤）　服パターン1　聖堂街B	0	-219.107	-40.401	7.959	itemLotId_1	10202406	群衆A盾/包丁/鎌/鋤　聖堂街A
m24_01_00_11.msb	m24_01_00_11	c2630_0019	2410181	263440	群衆A（大）　武器（包丁）　服パターン1　聖堂街B	0	-236.359	-37.391	61.045	itemLotId_1	10202406	群衆A盾/包丁/鎌/鋤　聖堂街A
m24_01_00_11.msb	m24_01_00_11	c2630_0020	2410189	263430	群衆A（大）　武器（サーベル）　服パターン1　聖堂街B	0	-222.839	-40.401	3.92	itemLotId_1	10202402	群衆Aサーベル　聖堂街A
m24_01_00_11.msb	m24_01_00_11	c2630_0021	2410024	263440	群衆A（大）　武器（包丁）　服パターン1　聖堂街B	0	-78.472	-55.534	14.361	itemLotId_1	10202406	群衆A盾/包丁/鎌/鋤　聖堂街A
m24_01_00_11.msb	m24_01_00_11	c2630_0022	2410191	263440	群衆A（大）　武器（包丁）　服パターン1　聖堂街B	0	-224.927	-40.401	4.549	itemLotId_1	10202406	群衆A盾/包丁/鎌/鋤　聖堂街A
m24_01_00_11.msb	m24_01_00_11	c2630_0023	2410192	263410	群衆A（大）　盾＆松明　服パターン1　聖堂街B	0	-220.416	-40.401	9.754	itemLotId_1	10202400	群衆A松明　聖堂街A
m24_01_00_11.msb	m24_01_00_11	c2630_0024	2410127	263440	群衆A（大）　武器（包丁）　服パターン1　聖堂街B	0	-230.551	-40.4	50.136	itemLotId_1	10202406	群衆A盾/包丁/鎌/鋤　聖堂街A
m24_01_00_11.msb	m24_01_00_11	c2630_0026	2410125	263400	群衆A（大）　松明＆斧　服パターン1　聖堂街B	0	-232.4459	-40.126	40.09559	itemLotId_1	10202400	群衆A松明　聖堂街A
m24_01_00_11.msb	m24_01_00_11	c2630_0027	2410114	263400	群衆A（大）　松明＆斧　服パターン1　聖堂街B	0	-216.892	-32.091	-39.936	itemLotId_1	10202400	群衆A松明　聖堂街A
m24_01_00_11.msb	m24_01_00_11	c2630_0028	2410115	263440	群衆A（大）　武器（包丁）　服パターン1　聖堂街B	0	-217.941	-31.935	-38.595	itemLotId_1	10202406	群衆A盾/包丁/鎌/鋤　聖堂街A
m24_01_00_11.msb	m24_01_00_11	c2630_0029	2410116	263433	群衆A（大）　銃（固定砲台）　聖堂街B	0	-216.175	-31.056	-38.228	itemLotId_1	10202404	群衆Aリーダー　聖堂街A
m24_01_00_11.msb	m24_01_00_11	c2630_0030	2410018	263470	群衆A（大）　長物両手（鋤）　服パターン1　聖堂街B	0	-231.84	-40.401	43.287	itemLotId_1	10202406	群衆A盾/包丁/鎌/鋤　聖堂街A
m24_01_00_11.msb	m24_01_00_11	c2630_0031	2410121	263440	群衆A（大）　武器（包丁）　服パターン1　聖堂街B	0	-233.991	-40.401	38.244	itemLotId_1	10202406	群衆A盾/包丁/鎌/鋤　聖堂街A
m24_01_00_11.msb	m24_01_00_11	c2630_0032	2410028	263410	群衆A（大）　盾＆松明　服パターン1　聖堂街B	0	-70.75275	-51.299755	25.090672	itemLotId_1	10202400	群衆A松明　聖堂街A
m24_01_00_11.msb	m24_01_00_11	c2630_0033	2410100	263450	群衆A（大）　武器（鎌）　服パターン1　聖堂街B	0	-171.74	-44.176	64.41	itemLotId_1	10202406	群衆A盾/包丁/鎌/鋤　聖堂街A
m24_01_00_11.msb	m24_01_00_11	c2630_0034	-1	263470	群衆A（大）　長物両手（鋤）　服パターン1　聖堂街B	0	-215.258	-41.192	79.113	itemLotId_1	10202406	群衆A盾/包丁/鎌/鋤　聖堂街A
m24_01_00_11.msb	m24_01_00_11	c2630_0036	2410161	263430	群衆A（大）　武器（サーベル）　服パターン1　聖堂街B	0	-228.914	-40.401	54.265	itemLotId_1	10202402	群衆Aサーベル　聖堂街A
m24_01_00_11.msb	m24_01_00_11	c2630_0037	-1	263400	群衆A（大）　松明＆斧　服パターン1　聖堂街B	0	-215.542	-40.4	75	itemLotId_1	10202400	群衆A松明　聖堂街A
m24_01_00_11.msb	m24_01_00_11	c2630_0038	-1	263433	群衆A（大）　銃（固定砲台）　聖堂街B	0	-213.655	-37.233	11.182	itemLotId_1	10202404	群衆Aリーダー　聖堂街A
m24_01_00_11.msb	m24_01_00_11	c2630_0039	2410101	263440	群衆A（大）　武器（包丁）　服パターン1　聖堂街B	0	-176.58	-43.91	64.18	itemLotId_1	10202406	群衆A盾/包丁/鎌/鋤　聖堂街A
m24_01_00_11.msb	m24_01_00_11	c2630_0040	-1	263410	群衆A（大）　盾＆松明　服パターン1　聖堂街B	0	-213.371	-40.9	76.544	itemLotId_1	10202400	群衆A松明　聖堂街A
m24_01_00_11.msb	m24_01_00_11	c2630_0041	2410016	263440	群衆A（大）　武器（包丁）　服パターン1　聖堂街B	0	-247.414	-37.436	25.818	itemLotId_1	10202406	群衆A盾/包丁/鎌/鋤　聖堂街A
m24_01_00_11.msb	m24_01_00_11	c2630_0042	-1	263450	群衆A（大）　武器（鎌）　服パターン1　聖堂街B	0	-193.45	-26.79	4.439	itemLotId_1	10202406	群衆A盾/包丁/鎌/鋤　聖堂街A
m24_01_00_11.msb	m24_01_00_11	c2630_0043	-1	263430	群衆A（大）　武器（サーベル）　服パターン1　聖堂街B	0	-197.835	-31.253	26.706	itemLotId_1	10202402	群衆Aサーベル　聖堂街A
m24_01_00_11.msb	m24_01_00_11	c2630_0044	-1	263450	群衆A（大）　武器（鎌）　服パターン1　聖堂街B	0	-204.321	-31.251	17.225	itemLotId_1	10202406	群衆A盾/包丁/鎌/鋤　聖堂街A
m24_01_00_11.msb	m24_01_00_11	c2630_0045	-1	263432	群衆A（大）　武器（サーベル）　服パターン3　聖堂街B	0	-193.248	-36.089	26.439	itemLotId_1	10202402	群衆Aサーベル　聖堂街A
m24_01_00_11.msb	m24_01_00_11	c2630_0046	2410040	263433	群衆A（大）　銃（固定砲台）　聖堂街B	0	-152.68	-60.95	-103.76	itemLotId_1	10202404	群衆Aリーダー　聖堂街A
m24_01_00_11.msb	m24_01_00_11	c2630_0051	-1	263400	群衆A（大）　松明＆斧　服パターン1　聖堂街B	0	-205.13	-33.373	45.02	itemLotId_1	10202400	群衆A松明　聖堂街A
m24_01_00_11.msb	m24_01_00_11	c2630_0052	-1	263433	群衆A（大）　銃（固定砲台）　聖堂街B	0	-135.94	-60.95	-131.34	itemLotId_1	10202404	群衆Aリーダー　聖堂街A
m24_01_00_11.msb	m24_01_00_11	c2630_0056	2410196	263400	群衆A（大）　松明＆斧　服パターン1　聖堂街B	0	-229.127	-37.437	-2.342	itemLotId_1	10202400	群衆A松明　聖堂街A
m24_01_00_11.msb	m24_01_00_11	c2630_0057	-1	263433	群衆A（大）　銃（固定砲台）　聖堂街B	0	-151.48	-60.97	-141.65	itemLotId_1	10202404	群衆Aリーダー　聖堂街A
m24_01_00_11.msb	m24_01_00_11	c2630_0065	2410193	263410	群衆A（大）　盾＆松明　服パターン1　聖堂街B	0	-217.236	-34.516	85.121	itemLotId_1	10202400	群衆A松明　聖堂街A
m24_01_00_11.msb	m24_01_00_11	c2630_0066	2410182	263400	群衆A（大）　松明＆斧　服パターン1　聖堂街B	0	-224.815	-40.401	63.416	itemLotId_1	10202400	群衆A松明　聖堂街A
m24_01_00_11.msb	m24_01_00_11	c2630_0069	2410183	263470	群衆A（大）　長物両手（鋤）　服パターン1　聖堂街B	0	-223.086	-40.401	60.12	itemLotId_1	10202406	群衆A盾/包丁/鎌/鋤　聖堂街A
m24_01_00_11.msb	m24_01_00_11	c2640_0000	2410194	264401	群衆B（大）　レンガ　マント付　聖堂街B	0	-201.25	-40.383	-14.15	itemLotId_1	10302410	群衆B　聖堂街B
m24_01_00_11.msb	m24_01_00_11	c2640_0001	2410202	264400	群衆B（大）　レンガ　聖堂街B	0	-165.486	-27.021	24.002	itemLotId_1	10302410	群衆B　聖堂街B
m24_01_00_11.msb	m24_01_00_11	c2640_0003	-1	264410	群衆B（大）　石像　聖堂街B	0	-177.503	-46.467	-65.343	itemLotId_1	10302410	群衆B　聖堂街B
m24_01_00_11.msb	m24_01_00_11	c2640_0005	2410030	264400	群衆B（大）　レンガ　聖堂街B	0	-64.56645	-51.386	25.63331	itemLotId_1	10302410	群衆B　聖堂街B
m24_01_00_11.msb	m24_01_00_11	c2640_0006	2410260	264400	群衆B（大）　レンガ　聖堂街B	0	-163.38954	-41.71694	21.685995	itemLotId_1	10302410	群衆B　聖堂街B
m24_01_00_11.msb	m24_01_00_11	c2640_0007	2410261	264401	群衆B（大）　レンガ　マント付　聖堂街B	0	-157.67348	-41.71694	16.512655	itemLotId_1	10302410	群衆B　聖堂街B
m24_01_00_11.msb	m24_01_00_11	c1000_0003	2410203	100020	猟犬　聖堂街B	0	-122.016685	-26.98	67.89234	itemLotId_1	10002410	猟犬　聖堂街B
m24_01_00_11.msb	m24_01_00_11	c1000_0004	2410204	100020	猟犬　聖堂街B	0	-126.246666	-26.764	69.35834	itemLotId_1	10002410	猟犬　聖堂街B
m24_01_00_11.msb	m24_01_00_11	c1100_0018	-1	110010	下水ネズミ　聖堂街B　腫瘍全なし	0	-234.026	-60.384	-27.216	itemLotId_1	11002410	下水ネズミ　聖堂街B
m24_01_00_11.msb	m24_01_00_11	c1100_0020	-1	110010	下水ネズミ　聖堂街B　腫瘍全なし	0	-202.195	-60.306	-54.292	itemLotId_1	11002410	下水ネズミ　聖堂街B
m24_01_00_11.msb	m24_01_00_11	c1120_0000	-1	112400	水死体ビースト【貧弱】　聖堂街_Ｂ	0	-111.81	-67.69	-85.07	itemLotId_1	11202420	水死体ビースト　聖堂街B
m24_01_00_11.msb	m24_01_00_11	c1120_0001	-1	112400	水死体ビースト【貧弱】　聖堂街_Ｂ	0	-126.95	-67.29	-82.35	itemLotId_1	11202420	水死体ビースト　聖堂街B
m24_01_00_11.msb	m24_01_00_11	c1120_0002	-1	112400	水死体ビースト【貧弱】　聖堂街_Ｂ	0	-143.37	-67.29	-93.14	itemLotId_1	11202420	水死体ビースト　聖堂街B
m24_01_00_11.msb	m24_01_00_11	c1120_0003	-1	112400	水死体ビースト【貧弱】　聖堂街_Ｂ	0	-143.83	-67.29	-105.71	itemLotId_1	11202420	水死体ビースト　聖堂街B
m24_01_00_11.msb	m24_01_00_11	c1120_0004	-1	112400	水死体ビースト【貧弱】　聖堂街_Ｂ	0	-137.48	-67.29	-115.51	itemLotId_1	11202420	水死体ビースト　聖堂街B
m24_01_00_11.msb	m24_01_00_11	c1120_0005	-1	112400	水死体ビースト【貧弱】　聖堂街_Ｂ	0	-118.06	-67.29	-102.42	itemLotId_1	11202420	水死体ビースト　聖堂街B
m24_01_00_11.msb	m24_01_00_11	c1120_0006	-1	112400	水死体ビースト【貧弱】　聖堂街_Ｂ	0	-109.03	-67.29	-98.08	itemLotId_1	11202420	水死体ビースト　聖堂街B
m24_01_00_11.msb	m24_01_00_11	c1120_0007	-1	112400	水死体ビースト【貧弱】　聖堂街_Ｂ	0	-122.27	-67.49	-95.95	itemLotId_1	11202420	水死体ビースト　聖堂街B
m24_01_00_11.msb	m24_01_00_11	c1120_0008	-1	112400	水死体ビースト【貧弱】　聖堂街_Ｂ	0	-147.91	-67.69	-119.23	itemLotId_1	11202420	水死体ビースト　聖堂街B
m24_01_00_11.msb	m24_01_00_11	c1120_0012	2410151	112400	水死体ビースト【貧弱】　聖堂街_Ｂ	0	-182.127	-75.247	-77.733	itemLotId_1	11202420	水死体ビースト　聖堂街B
m24_01_00_11.msb	m24_01_00_11	c1120_0013	2410152	112401	水死体ビースト【青年】　聖堂街_Ｂ	0	-182.001	-75.247	-75.179	itemLotId_1	11202420	水死体ビースト　聖堂街B
m24_01_00_11.msb	m24_01_00_11	c1120_0014	2410153	112402	水死体ビースト【街人】　聖堂街_Ｂ	0	-182.082	-75.247	-76.559	itemLotId_1	11202420	水死体ビースト　聖堂街B
m24_01_00_11.msb	m24_01_00_11	c1120_0018	2410142	112402	水死体ビースト【街人】　聖堂街_Ｂ	0	-178.64	-75.28	-75.96	itemLotId_1	11202420	水死体ビースト　聖堂街B
m24_01_00_11.msb	m24_01_00_11	c1120_0019	2410143	112402	水死体ビースト【街人】　聖堂街_Ｂ	0	-178.4	-75.283	-68.18	itemLotId_1	11202420	水死体ビースト　聖堂街B
m24_01_00_11.msb	m24_01_00_11	c1120_0021	2410145	112400	水死体ビースト【貧弱】　聖堂街_Ｂ	0	-187.8	-75.28	-73.9	itemLotId_1	11202420	水死体ビースト　聖堂街B
m24_01_00_11.msb	m24_01_00_11	c1120_0022	2410146	112400	水死体ビースト【貧弱】　聖堂街_Ｂ	0	-183.07	-75.28	-86.95	itemLotId_1	11202420	水死体ビースト　聖堂街B
m24_01_00_11.msb	m24_01_00_11	c1120_0025	-1	112401	水死体ビースト【青年】　聖堂街_Ｂ	0	-146.577	-78.29	-54.137	itemLotId_1	11202420	水死体ビースト　聖堂街B
m24_01_00_11.msb	m24_01_00_11	c1120_0029	-1	112402	水死体ビースト【街人】　聖堂街_Ｂ	0	-145.262	-78.29	-51.046	itemLotId_1	11202420	水死体ビースト　聖堂街B
m24_01_00_11.msb	m24_01_00_11	c1170_0013	2410244	117400	屍肉烏　聖堂街B	0	-170.66	-26.343	9.863	itemLotId_1	11702410	屍肉鳥　聖堂街B
m24_01_00_11.msb	m24_01_00_11	c1170_0015	2410246	117400	屍肉烏　聖堂街B	0	-170.349	-26.764	13.201	itemLotId_1	11702410	屍肉鳥　聖堂街B
m24_01_00_11.msb	m24_01_00_11	c1170_0016	2410245	117400	屍肉烏　聖堂街B	0	-168.045	-26.114	11.211	itemLotId_1	11702410	屍肉鳥　聖堂街B
m24_01_00_11.msb	m24_01_00_11	c1170_0030	2410242	117400	屍肉烏　聖堂街B	0	-206.31958	-27.024	-10.123693	itemLotId_1	11702410	屍肉鳥　聖堂街B
m24_01_00_11.msb	m24_01_00_11	c1170_0031	2410243	117400	屍肉烏　聖堂街B	0	-204.8707	-27.026	-8.677839	itemLotId_1	11702410	屍肉鳥　聖堂街B
m24_01_00_11.msb	m24_01_00_11	c1170_0032	2410240	117400	屍肉烏　聖堂街B	0	-226.55121	-27.017	-42.617805	itemLotId_1	11702410	屍肉鳥　聖堂街B
m24_01_00_11.msb	m24_01_00_11	c1170_0033	2410241	117400	屍肉烏　聖堂街B	0	-225.1282	-27.017	-41.132805	itemLotId_1	11702410	屍肉鳥　聖堂街B
m24_01_00_11.msb	m24_01_00_11	c1180_0000	2410400	118000	さまよう狂気(小)　聖堂街B　00	0	-214.71	-45	102.29	itemLotId_1	11800000	さまよう狂気（小）　聖堂街B　×
m24_01_00_11.msb	m24_01_00_11	c1180_0001	2410401	118001	さまよう狂気(小)　聖堂街B　01	0	-241.66	-31.496	-8.28	itemLotId_1	11800010	さまよう狂気（小）　聖堂街B
m24_01_00_11.msb	m24_01_00_11	c1180_0002	2410402	118002	さまよう狂気(小)　聖堂街B　02	0	-178.85	-38.86	13.08	itemLotId_1	11800020	さまよう狂気（小）　聖堂街B　×
m24_01_00_11.msb	m24_01_00_11	c1180_0003	2410403	118003	さまよう狂気(小)　聖堂街B　03	0	-133.87	-49.41	-73.07	itemLotId_1	11800030	さまよう狂気（小）　聖堂街B　×
m24_01_00_11.msb	m24_01_00_11	c1180_0004	2410404	118004	さまよう狂気(小)　聖堂街B　04	0	-138.75626	-70.79	-138.1745	itemLotId_1	11800040	さまよう狂気（小）　聖堂街B　×
m24_01_00_11.msb	m24_01_00_11	c1240_0013	2410280	124400	狂犬　聖堂街B	0	-135.356	-41.542	-21.831	itemLotId_1	12402410	狂犬　聖堂街B
m24_01_00_11.msb	m24_01_00_11	c2000_0003	-1	200110	処刑人　聖堂街B	0	-135.794	-67.956	-102.276	itemLotId_1	20002410	処刑人　聖堂街B
m24_01_00_11.msb	m24_01_00_11	c2050_0000	2410230	205241	狂気の悪霊　SAN値　聖堂街B	0	-197.71426	-47.63977	105.094925	itemLotId_1	20524100	狂気の悪霊　SAN値　聖堂街B
m24_01_00_11.msb	m24_01_00_11	c2050_0001	2410232	205241	狂気の悪霊　SAN値　聖堂街B	0	-175.94	-38.86	15.64	itemLotId_1	20524100	狂気の悪霊　SAN値　聖堂街B
m24_01_00_11.msb	m24_01_00_11	c2050_0002	2410233	205241	狂気の悪霊　SAN値　聖堂街B	0	-108.7	-58.72	-25.05	itemLotId_1	20524100	狂気の悪霊　SAN値　聖堂街B
m24_01_00_11.msb	m24_01_00_11	c2110_0000	2410300	211041	蜘蛛のクトゥルフ　聖堂街B月	0	-191.99	-45.12	114.19	itemLotId_1	21102410	蜘蛛のクトゥルフ　聖堂街B 月夜
m24_01_00_11.msb	m24_01_00_11	c2520_0000	2410301	252024	月の幼生　聖堂街B	0	-202.87	-45.11	115	itemLotId_1	25202410	月の幼生　聖堂街B 月夜
m24_01_00_11.msb	m24_01_00_11	c2520_0001	2410302	252024	月の幼生　聖堂街B	0	-198.08	-45.12	115.22	itemLotId_1	25202410	月の幼生　聖堂街B 月夜
m24_01_00_11.msb	m24_01_00_11	c2520_0002	2410303	252024	月の幼生　聖堂街B	0	-200.93	-45.11	113.13	itemLotId_1	25202410	月の幼生　聖堂街B 月夜
m24_01_00_11.msb	m24_01_00_11	c2520_0003	2410304	252024	月の幼生　聖堂街B	0	-200.34	-45.11	118.47	itemLotId_1	25202410	月の幼生　聖堂街B 月夜
m24_01_00_11.msb	m24_01_00_11	c2520_0004	2410305	252024	月の幼生　聖堂街B	0	-202.54	-45.11	118.46	itemLotId_1	25202410	月の幼生　聖堂街B 月夜
m24_01_00_11.msb	m24_01_00_11	c2630_0009	-1	263430	群衆A（大）　武器（サーベル）　服パターン1　聖堂街B	0	-216.659	-40.484	76.704	itemLotId_1	10202402	群衆Aサーベル　聖堂街A
m24_01_00_11.msb	m24_01_00_11	c2630_0014	2410179	263470	群衆A（大）　長物両手（鋤）　服パターン1　聖堂街B	0	-235.131	-37.391	61.315	itemLotId_1	10202406	群衆A盾/包丁/鎌/鋤　聖堂街A
m24_01_00_11.msb	m24_01_00_11	c2630_0015	2410180	263400	群衆A（大）　松明＆斧　服パターン1　聖堂街B	0	-226.713	-40.401	58.727	itemLotId_1	10202400	群衆A松明　聖堂街A
m24_01_00_11.msb	m24_01_00_11	c2630_0035	2410160	263400	群衆A（大）　松明＆斧　服パターン1　聖堂街B	0	-228.205	-40.401	51.388	itemLotId_1	10202400	群衆A松明　聖堂街A
m24_01_00_11.msb	m24_01_00_11	c2630_0047	-1	263410	群衆A（大）　盾＆松明　服パターン1　聖堂街B	0	-156.13	-41.717	17.35	itemLotId_1	10202400	群衆A松明　聖堂街A
m24_01_00_11.msb	m24_01_00_11	c2630_0048	2410117	263440	群衆A（大）　武器（包丁）　服パターン1　聖堂街B	0	-161.08	-41.717	25.19	itemLotId_1	10202406	群衆A盾/包丁/鎌/鋤　聖堂街A
m24_01_00_11.msb	m24_01_00_11	c2630_0049	2410118	263430	群衆A（大）　武器（サーベル）　服パターン1　聖堂街B	0	-164.65	-41.717	20.46	itemLotId_1	10202402	群衆Aサーベル　聖堂街A
m24_01_00_11.msb	m24_01_00_11	c2630_0050	2410119	263490	群衆A（大）　素手　聖堂街B	0	-169.426	-41.717	22.559	itemLotId_1	10202406	群衆A盾/包丁/鎌/鋤　聖堂街A
m24_01_00_11.msb	m24_01_00_11	c2630_0053	-1	263400	群衆A（大）　松明＆斧　服パターン1　聖堂街B	0	-142.84	-43.41	-35.07	itemLotId_1	10202400	群衆A松明　聖堂街A
m24_01_00_11.msb	m24_01_00_11	c2630_0054	-1	263430	群衆A（大）　武器（サーベル）　服パターン1　聖堂街B	0	-143.06	-43.41	-35.58	itemLotId_1	10202402	群衆Aサーベル　聖堂街A
m24_01_00_11.msb	m24_01_00_11	c2630_0055	2410124	263430	群衆A（大）　武器（サーベル）　服パターン1　聖堂街B	0	-140.84	-43.41	-35.22	itemLotId_1	10202402	群衆Aサーベル　聖堂街A
m24_01_00_11.msb	m24_01_00_11	c2630_0058	-1	263470	群衆A（大）　長物両手（鋤）　服パターン1　聖堂街B	0	-175.906	-46.488	-66.52	itemLotId_1	10202406	群衆A盾/包丁/鎌/鋤　聖堂街A
m24_01_00_11.msb	m24_01_00_11	c2630_0059	-1	263400	群衆A（大）　松明＆斧　服パターン1　聖堂街B	0	-85.07	-55.69	5.12	itemLotId_1	10202400	群衆A松明　聖堂街A
m24_01_00_11.msb	m24_01_00_11	c2630_0060	-1	263430	群衆A（大）　武器（サーベル）　服パターン1　聖堂街B	0	-84.42	-55.69	7.89	itemLotId_1	10202402	群衆Aサーベル　聖堂街A
m24_01_00_11.msb	m24_01_00_11	c2630_0061	-1	263470	群衆A（大）　長物両手（鋤）　服パターン1　聖堂街B	0	-82.94	-55.69	5.3	itemLotId_1	10202406	群衆A盾/包丁/鎌/鋤　聖堂街A
m24_01_00_11.msb	m24_01_00_11	c2630_0068	2410177	263490	群衆A（大）　素手　聖堂街B	0	-225.786	-40.401	55.888	itemLotId_1	10202406	群衆A盾/包丁/鎌/鋤　聖堂街A
m24_01_00_11.msb	m24_01_00_11	c2630_1000	-1	263490	群衆A（大）　素手　聖堂街B	0	-127.977455	-44.025	30.679398	itemLotId_1	10202406	群衆A盾/包丁/鎌/鋤　聖堂街A
m24_01_00_11.msb	m24_01_00_11	c2630_1001	-1	263490	群衆A（大）　素手　聖堂街B	0	-127.977455	-44.025	30.679398	itemLotId_1	10202406	群衆A盾/包丁/鎌/鋤　聖堂街A
m24_01_00_11.msb	m24_01_00_11	c2630_1002	-1	263490	群衆A（大）　素手　聖堂街B	0	-127.977455	-44.025	30.679398	itemLotId_1	10202406	群衆A盾/包丁/鎌/鋤　聖堂街A
m24_01_00_11.msb	m24_01_00_11	c2630_1003	-1	263490	群衆A（大）　素手　聖堂街B	0	-127.977455	-44.025	30.679398	itemLotId_1	10202406	群衆A盾/包丁/鎌/鋤　聖堂街A
m24_01_00_11.msb	m24_01_00_11	c2630_1004	-1	263490	群衆A（大）　素手　聖堂街B	0	-127.977455	-44.025	30.679398	itemLotId_1	10202406	群衆A盾/包丁/鎌/鋤　聖堂街A
m24_01_00_11.msb	m24_01_00_11	c2630_1005	-1	263490	群衆A（大）　素手　聖堂街B	0	-127.977455	-44.025	30.679398	itemLotId_1	10202406	群衆A盾/包丁/鎌/鋤　聖堂街A
m24_01_00_11.msb	m24_01_00_11	c2630_1006	-1	263490	群衆A（大）　素手　聖堂街B	0	-127.977455	-44.025	30.679398	itemLotId_1	10202406	群衆A盾/包丁/鎌/鋤　聖堂街A
m24_01_00_11.msb	m24_01_00_11	c2640_0004	-1	264400	群衆B（大）　レンガ　聖堂街B	0	-81.55	-55.69	9.12	itemLotId_1	10302410	群衆B　聖堂街B
m24_01_00_11.msb	m24_01_00_11	c2640_0008	-1	264401	群衆B（大）　レンガ　マント付　聖堂街B	0	-186.48	-50.66	-54.83	itemLotId_1	10302410	群衆B　聖堂街B
m24_01_00_11.msb	m24_01_00_11	c2640_0009	-1	264410	群衆B（大）　石像　聖堂街B	0	-210.42	-50.657	-40.57	itemLotId_1	10302410	群衆B　聖堂街B
m24_02_00_00.msb	m24_02_00_00	c1000_0000	2420200	100010	猟犬　聖堂街C	0	-82.16732	67.354614	304.65106	itemLotId_1	10002420	猟犬　聖堂街C
m24_02_00_00.msb	m24_02_00_00	c1000_0001	2420201	100010	猟犬　聖堂街C	0	-89.253	65.875	303.295	itemLotId_1	10002420	猟犬　聖堂街C
m24_02_00_00.msb	m24_02_00_00	c1000_0002	2420202	100010	猟犬　聖堂街C	0	-89.275	62.328	300.17	itemLotId_1	10002420	猟犬　聖堂街C
m24_02_00_00.msb	m24_02_00_00	c1000_0003	2420203	100010	猟犬　聖堂街C	0	-99.50353	48.96991	321.3642	itemLotId_1	10002420	猟犬　聖堂街C
m24_02_00_00.msb	m24_02_00_00	c1000_0005	2420205	100010	猟犬　聖堂街C	0	-69.1	60.366615	273.2	itemLotId_1	10002420	猟犬　聖堂街C
m24_02_00_00.msb	m24_02_00_00	c1051_0000	2420710	105242	さまよう寡婦（侵入PC召喚）　聖堂街C	0	-97.72	58.87	326.75	itemLotId_1	10524200	さまよう寡婦（侵入PC召喚）　聖堂街C
m24_02_00_00.msb	m24_02_00_00	c1060_0002	2420268	106020	脳喰らい 投げ　聖堂街C	0	-71.43	58.87	278.05	itemLotId_1	10602420	脳喰らい　聖堂街C
m24_02_00_00.msb	m24_02_00_00	c1060_0005	2420263	106020	脳喰らい 投げ　聖堂街C	0	-65.87	48.97	311.25	itemLotId_1	10602420	脳喰らい　聖堂街C
m24_02_00_00.msb	m24_02_00_00	c1060_0006	2420264	106020	脳喰らい 投げ　聖堂街C	0	-108.55	58.87	335.34	itemLotId_1	10602420	脳喰らい　聖堂街C
m24_02_00_00.msb	m24_02_00_00	c1060_0007	2420265	106020	脳喰らい 投げ　聖堂街C	0	-69.78	60.87	291.7	itemLotId_1	10602420	脳喰らい　聖堂街C
m24_02_00_00.msb	m24_02_00_00	c1060_0008	2420266	106020	脳喰らい 投げ　聖堂街C	0	-89.631516	48.973045	282.41443	itemLotId_1	10602420	脳喰らい　聖堂街C
m24_02_00_00.msb	m24_02_00_00	c1060_0009	2420267	106020	脳喰らい 投げ　聖堂街C	0	-113.55	58.87	287.02	itemLotId_1	10602420	脳喰らい　聖堂街C
m24_02_00_00.msb	m24_02_00_00	c1170_0000	2420300	117450	屍肉烏　聖堂街C・後半	0	-94.994896	48.489	272.6486	itemLotId_1	11702420	屍肉鳥　聖堂街C
m24_02_00_00.msb	m24_02_00_00	c1170_0001	2420301	117450	屍肉烏　聖堂街C・後半	0	-90.117	47.059	273.298	itemLotId_1	11702420	屍肉鳥　聖堂街C
m24_02_00_00.msb	m24_02_00_00	c1170_0002	2420302	117450	屍肉烏　聖堂街C・後半	0	-83.475	47.058	269.178	itemLotId_1	11702420	屍肉鳥　聖堂街C
m24_02_00_00.msb	m24_02_00_00	c1170_0003	2420303	117450	屍肉烏　聖堂街C・後半	0	-85.767	47.059	270.427	itemLotId_1	11702420	屍肉鳥　聖堂街C
m24_02_00_00.msb	m24_02_00_00	c1170_0004	2420304	117450	屍肉烏　聖堂街C・後半	0	-88.518	47.099	270.786	itemLotId_1	11702420	屍肉鳥　聖堂街C
m24_02_00_00.msb	m24_02_00_00	c1170_0005	2420305	117450	屍肉烏　聖堂街C・後半	0	-96.75898	47.074936	275.68396	itemLotId_1	11702420	屍肉鳥　聖堂街C
m24_02_00_00.msb	m24_02_00_00	c1180_0000	-1	118070	さまよう狂気(小)　聖堂街C	0	-69.88	48.97	315.48	itemLotId_1	11800700	さまよう狂気（小）　聖堂街C（後半）　○
m24_02_00_00.msb	m24_02_00_00	c2520_0000	2420350	252000	月の幼生　聖堂街C	0	-41.10812	47.542828	285.16373	itemLotId_1	25202420	月の幼生　聖堂街C
m24_02_00_00.msb	m24_02_00_00	c2520_0001	2420351	252000	月の幼生　聖堂街C	0	-43.641075	47.766235	280.57175	itemLotId_1	25202420	月の幼生　聖堂街C
m24_02_00_00.msb	m24_02_00_00	c2520_0002	2420352	252000	月の幼生　聖堂街C	0	-10.44	42.66	234.16	itemLotId_1	25202420	月の幼生　聖堂街C
m24_02_00_00.msb	m24_02_00_00	c2520_0003	2420375	252000	月の幼生　聖堂街C	0	-9.618	42.93	233.126	itemLotId_1	25202420	月の幼生　聖堂街C
m24_02_00_00.msb	m24_02_00_00	c2520_0004	2420376	252000	月の幼生　聖堂街C	0	-6.105	43.413	228.627	itemLotId_1	25202420	月の幼生　聖堂街C
m24_02_00_00.msb	m24_02_00_00	c2520_0005	2420388	252001	月の幼生 走行巡回　聖堂街C	0	49.595	49.29	310.397	itemLotId_1	25202420	月の幼生　聖堂街C
m24_02_00_00.msb	m24_02_00_00	c2520_0006	2420389	252001	月の幼生 走行巡回　聖堂街C	0	85.46	4.12	376.06	itemLotId_1	25202420	月の幼生　聖堂街C
m24_02_00_00.msb	m24_02_00_00	c2520_0007	2420357	252001	月の幼生 走行巡回　聖堂街C	0	-58.46	47.04	265.66	itemLotId_1	25202420	月の幼生　聖堂街C
m24_02_00_00.msb	m24_02_00_00	c2520_0008	2420358	252001	月の幼生 走行巡回　聖堂街C	0	-65.81449	47.032	264.19318	itemLotId_1	25202420	月の幼生　聖堂街C
m24_02_00_00.msb	m24_02_00_00	c2520_0009	2420359	252001	月の幼生 走行巡回　聖堂街C	0	-61.922295	47.755802	271.60806	itemLotId_1	25202420	月の幼生　聖堂街C
m24_02_00_00.msb	m24_02_00_00	c2520_0010	2420390	252001	月の幼生 走行巡回　聖堂街C	0	85.58	4.12	374.92	itemLotId_1	25202420	月の幼生　聖堂街C
m24_02_00_00.msb	m24_02_00_00	c2520_0011	2420391	252001	月の幼生 走行巡回　聖堂街C	0	88.44	4.12	375.05	itemLotId_1	25202420	月の幼生　聖堂街C
m24_02_00_00.msb	m24_02_00_00	c2520_0012	2420392	252001	月の幼生 走行巡回　聖堂街C	0	-54.29	47.76	270.04	itemLotId_1	25202420	月の幼生　聖堂街C
m24_02_00_00.msb	m24_02_00_00	c2520_0013	2420377	252000	月の幼生　聖堂街C	0	-44.648685	47.53113	275.73383	itemLotId_1	25202420	月の幼生　聖堂街C
m24_02_00_00.msb	m24_02_00_00	c2520_0015	2420363	252001	月の幼生 走行巡回　聖堂街C	0	-56.564	47.756	270.961	itemLotId_1	25202420	月の幼生　聖堂街C
m24_02_00_00.msb	m24_02_00_00	c2520_0016	2420364	252001	月の幼生 走行巡回　聖堂街C	0	-64.89846	47.759	272.9075	itemLotId_1	25202420	月の幼生　聖堂街C
m24_02_00_00.msb	m24_02_00_00	c2520_0021	2420380	252000	月の幼生　聖堂街C	0	-37.55209	47.036167	291.84262	itemLotId_1	25202420	月の幼生　聖堂街C
m24_02_00_00.msb	m24_02_00_00	c2520_0022	2420381	252000	月の幼生　聖堂街C	0	-38.486755	47.03619	285.47052	itemLotId_1	25202420	月の幼生　聖堂街C
m24_02_00_00.msb	m24_02_00_00	c2520_0023	2420382	252000	月の幼生　聖堂街C	0	-38.484016	47.296024	290.62823	itemLotId_1	25202420	月の幼生　聖堂街C
m24_02_00_00.msb	m24_02_00_00	c2520_0024	2420383	252000	月の幼生　聖堂街C	0	-41.540295	47.538136	288.45135	itemLotId_1	25202420	月の幼生　聖堂街C
m24_02_00_00.msb	m24_02_00_00	c2520_0025	2420384	252000	月の幼生　聖堂街C	0	-42.54532	47.531208	293.10294	itemLotId_1	25202420	月の幼生　聖堂街C
m24_02_00_00.msb	m24_02_00_00	c2520_0026	2420385	252001	月の幼生 走行巡回　聖堂街C	0	-63.24	47.04	265.25	itemLotId_1	25202420	月の幼生　聖堂街C
m24_02_00_00.msb	m24_02_00_00	c2520_0027	2420386	252001	月の幼生 走行巡回　聖堂街C	0	-67.57	47.76	262.24985	itemLotId_1	25202420	月の幼生　聖堂街C
m24_02_00_00.msb	m24_02_00_00	c2520_0033	2420387	252000	月の幼生　聖堂街C	0	41.89	34.48	202.08	itemLotId_1	25202420	月の幼生　聖堂街C
m24_02_00_00.msb	m24_02_00_00	c2700_0000	2420450	270200	教会の使者（杖のみ）　聖堂街C・後半	0	-17.13	41.93	239.47	itemLotId_1	27002400	教会の使者 杖　聖堂街A
m24_02_00_00.msb	m24_02_00_00	c2700_0001	2420451	270220	教会の使者（杖-空ランタン）　聖堂街C・後半	0	-15.1	42.27	237.62	itemLotId_1	27002404	教会の使者 ランタン　聖堂街A
m24_02_00_00.msb	m24_02_00_00	c2700_0002	2420452	270250	教会の使者（杖-鎌）聖堂街C・後半	0	-104.14	60.68	285.57	itemLotId_1	27002408	教会の使者 鎌　聖堂街A
m24_02_00_00.msb	m24_02_00_00	c1000_0004	2420204	100010	猟犬　聖堂街C	0	-65.632	60.643	272.658	itemLotId_1	10002420	猟犬　聖堂街C
m24_02_00_01.msb	m24_02_00_01	c1000_0000	2420200	100010	猟犬　聖堂街C	0	-82.16732	67.354614	304.65106	itemLotId_1	10002420	猟犬　聖堂街C
m24_02_00_01.msb	m24_02_00_01	c1000_0001	2420201	100010	猟犬　聖堂街C	0	-89.253	65.875	303.295	itemLotId_1	10002420	猟犬　聖堂街C
m24_02_00_01.msb	m24_02_00_01	c1000_0002	2420202	100010	猟犬　聖堂街C	0	-89.275	62.328	300.17	itemLotId_1	10002420	猟犬　聖堂街C
m24_02_00_01.msb	m24_02_00_01	c1000_0003	2420203	100010	猟犬　聖堂街C	0	-99.50353	48.96991	321.3642	itemLotId_1	10002420	猟犬　聖堂街C
m24_02_00_01.msb	m24_02_00_01	c1000_0005	2420205	100010	猟犬　聖堂街C	0	-69.1	60.366615	273.2	itemLotId_1	10002420	猟犬　聖堂街C
m24_02_00_01.msb	m24_02_00_01	c1051_0000	2420710	105242	さまよう寡婦（侵入PC召喚）　聖堂街C	0	-97.72	58.87	326.75	itemLotId_1	10524200	さまよう寡婦（侵入PC召喚）　聖堂街C
m24_02_00_01.msb	m24_02_00_01	c1060_0002	2420268	106020	脳喰らい 投げ　聖堂街C	0	-71.43	58.87	278.05	itemLotId_1	10602420	脳喰らい　聖堂街C
m24_02_00_01.msb	m24_02_00_01	c1060_0005	2420263	106020	脳喰らい 投げ　聖堂街C	0	-65.87	48.97	311.25	itemLotId_1	10602420	脳喰らい　聖堂街C
m24_02_00_01.msb	m24_02_00_01	c1060_0006	2420264	106020	脳喰らい 投げ　聖堂街C	0	-108.55	58.87	335.34	itemLotId_1	10602420	脳喰らい　聖堂街C
m24_02_00_01.msb	m24_02_00_01	c1060_0007	2420265	106020	脳喰らい 投げ　聖堂街C	0	-69.78	60.87	291.7	itemLotId_1	10602420	脳喰らい　聖堂街C
m24_02_00_01.msb	m24_02_00_01	c1060_0008	2420266	106020	脳喰らい 投げ　聖堂街C	0	-89.631516	48.973045	282.41443	itemLotId_1	10602420	脳喰らい　聖堂街C
m24_02_00_01.msb	m24_02_00_01	c1060_0009	2420267	106020	脳喰らい 投げ　聖堂街C	0	-113.55	58.87	287.02	itemLotId_1	10602420	脳喰らい　聖堂街C
m24_02_00_01.msb	m24_02_00_01	c1170_0000	2420300	117450	屍肉烏　聖堂街C・後半	0	-94.994896	48.489	272.6486	itemLotId_1	11702420	屍肉鳥　聖堂街C
m24_02_00_01.msb	m24_02_00_01	c1170_0001	2420301	117450	屍肉烏　聖堂街C・後半	0	-90.117	47.059	273.298	itemLotId_1	11702420	屍肉鳥　聖堂街C
m24_02_00_01.msb	m24_02_00_01	c1170_0002	2420302	117450	屍肉烏　聖堂街C・後半	0	-83.475	47.058	269.178	itemLotId_1	11702420	屍肉鳥　聖堂街C
m24_02_00_01.msb	m24_02_00_01	c1170_0003	2420303	117450	屍肉烏　聖堂街C・後半	0	-85.767	47.059	270.427	itemLotId_1	11702420	屍肉鳥　聖堂街C
m24_02_00_01.msb	m24_02_00_01	c1170_0004	2420304	117450	屍肉烏　聖堂街C・後半	0	-88.518	47.099	270.786	itemLotId_1	11702420	屍肉鳥　聖堂街C
m24_02_00_01.msb	m24_02_00_01	c1170_0005	2420305	117450	屍肉烏　聖堂街C・後半	0	-96.75898	47.074936	275.68396	itemLotId_1	11702420	屍肉鳥　聖堂街C
m24_02_00_01.msb	m24_02_00_01	c1180_0000	-1	118070	さまよう狂気(小)　聖堂街C	0	-69.88	48.97	315.48	itemLotId_1	11800700	さまよう狂気（小）　聖堂街C（後半）　○
m24_02_00_01.msb	m24_02_00_01	c2520_0000	2420350	252000	月の幼生　聖堂街C	0	-41.10812	47.542828	285.16373	itemLotId_1	25202420	月の幼生　聖堂街C
m24_02_00_01.msb	m24_02_00_01	c2520_0001	2420351	252000	月の幼生　聖堂街C	0	-43.641075	47.766235	280.57175	itemLotId_1	25202420	月の幼生　聖堂街C
m24_02_00_01.msb	m24_02_00_01	c2520_0002	2420352	252000	月の幼生　聖堂街C	0	-10.44	42.66	234.16	itemLotId_1	25202420	月の幼生　聖堂街C
m24_02_00_01.msb	m24_02_00_01	c2520_0003	2420375	252000	月の幼生　聖堂街C	0	-9.618	42.93	233.126	itemLotId_1	25202420	月の幼生　聖堂街C
m24_02_00_01.msb	m24_02_00_01	c2520_0004	2420376	252000	月の幼生　聖堂街C	0	-6.105	43.413	228.627	itemLotId_1	25202420	月の幼生　聖堂街C
m24_02_00_01.msb	m24_02_00_01	c2520_0005	2420388	252001	月の幼生 走行巡回　聖堂街C	0	49.595	49.29	310.397	itemLotId_1	25202420	月の幼生　聖堂街C
m24_02_00_01.msb	m24_02_00_01	c2520_0006	2420389	252001	月の幼生 走行巡回　聖堂街C	0	85.46	4.12	376.06	itemLotId_1	25202420	月の幼生　聖堂街C
m24_02_00_01.msb	m24_02_00_01	c2520_0007	2420357	252001	月の幼生 走行巡回　聖堂街C	0	-58.46	47.04	265.66	itemLotId_1	25202420	月の幼生　聖堂街C
m24_02_00_01.msb	m24_02_00_01	c2520_0008	2420358	252001	月の幼生 走行巡回　聖堂街C	0	-65.81449	47.032	264.19318	itemLotId_1	25202420	月の幼生　聖堂街C
m24_02_00_01.msb	m24_02_00_01	c2520_0009	2420359	252001	月の幼生 走行巡回　聖堂街C	0	-61.922295	47.755802	271.60806	itemLotId_1	25202420	月の幼生　聖堂街C
m24_02_00_01.msb	m24_02_00_01	c2520_0010	2420390	252001	月の幼生 走行巡回　聖堂街C	0	85.58	4.12	374.92	itemLotId_1	25202420	月の幼生　聖堂街C
m24_02_00_01.msb	m24_02_00_01	c2520_0011	2420391	252001	月の幼生 走行巡回　聖堂街C	0	88.44	4.12	375.05	itemLotId_1	25202420	月の幼生　聖堂街C
m24_02_00_01.msb	m24_02_00_01	c2520_0012	2420392	252001	月の幼生 走行巡回　聖堂街C	0	-54.29	47.76	270.04	itemLotId_1	25202420	月の幼生　聖堂街C
m24_02_00_01.msb	m24_02_00_01	c2520_0013	2420377	252000	月の幼生　聖堂街C	0	-44.648685	47.53113	275.73383	itemLotId_1	25202420	月の幼生　聖堂街C
m24_02_00_01.msb	m24_02_00_01	c2520_0015	2420363	252001	月の幼生 走行巡回　聖堂街C	0	-56.564	47.756	270.961	itemLotId_1	25202420	月の幼生　聖堂街C
m24_02_00_01.msb	m24_02_00_01	c2520_0016	2420364	252001	月の幼生 走行巡回　聖堂街C	0	-64.89846	47.759	272.9075	itemLotId_1	25202420	月の幼生　聖堂街C
m24_02_00_01.msb	m24_02_00_01	c2520_0021	2420380	252000	月の幼生　聖堂街C	0	-37.55209	47.036167	291.84262	itemLotId_1	25202420	月の幼生　聖堂街C
m24_02_00_01.msb	m24_02_00_01	c2520_0022	2420381	252000	月の幼生　聖堂街C	0	-38.486755	47.03619	285.47052	itemLotId_1	25202420	月の幼生　聖堂街C
m24_02_00_01.msb	m24_02_00_01	c2520_0023	2420382	252000	月の幼生　聖堂街C	0	-38.484016	47.296024	290.62823	itemLotId_1	25202420	月の幼生　聖堂街C
m24_02_00_01.msb	m24_02_00_01	c2520_0024	2420383	252000	月の幼生　聖堂街C	0	-41.540295	47.538136	288.45135	itemLotId_1	25202420	月の幼生　聖堂街C
m24_02_00_01.msb	m24_02_00_01	c2520_0025	2420384	252000	月の幼生　聖堂街C	0	-42.54532	47.531208	293.10294	itemLotId_1	25202420	月の幼生　聖堂街C
m24_02_00_01.msb	m24_02_00_01	c2520_0026	2420385	252001	月の幼生 走行巡回　聖堂街C	0	-63.24	47.04	265.25	itemLotId_1	25202420	月の幼生　聖堂街C
m24_02_00_01.msb	m24_02_00_01	c2520_0027	2420386	252001	月の幼生 走行巡回　聖堂街C	0	-67.57	47.76	262.24985	itemLotId_1	25202420	月の幼生　聖堂街C
m24_02_00_01.msb	m24_02_00_01	c2520_0033	2420387	252000	月の幼生　聖堂街C	0	41.89	34.48	202.08	itemLotId_1	25202420	月の幼生　聖堂街C
m24_02_00_01.msb	m24_02_00_01	c2700_0000	2420450	270200	教会の使者（杖のみ）　聖堂街C・後半	0	-17.13	41.93	239.47	itemLotId_1	27002400	教会の使者 杖　聖堂街A
m24_02_00_01.msb	m24_02_00_01	c2700_0001	2420451	270220	教会の使者（杖-空ランタン）　聖堂街C・後半	0	-15.1	42.27	237.62	itemLotId_1	27002404	教会の使者 ランタン　聖堂街A
m24_02_00_01.msb	m24_02_00_01	c2700_0002	2420452	270250	教会の使者（杖-鎌）聖堂街C・後半	0	-104.14	60.68	285.57	itemLotId_1	27002408	教会の使者 鎌　聖堂街A
m24_02_00_01.msb	m24_02_00_01	c1000_0004	2420204	100010	猟犬　聖堂街C	0	-65.632	60.643	272.658	itemLotId_1	10002420	猟犬　聖堂街C
m25_00_00_00.msb	m25_00_00_00	c0000_0008	2500790	6150	血族狩り（車輪）	250324	127	130	-463.773	itemLotId_1	34040	血族狩り_死亡時ドロップアイテム_古城
m25_00_00_00.msb	m25_00_00_00	c1051_0000	2500710	105250	さまよう寡婦（侵入PC召喚）　古城	0	-53.05	94.14	-301.41	itemLotId_1	10525000	さまよう寡婦（侵入PC召喚）　古城
m25_00_00_00.msb	m25_00_00_00	c1180_0002	2500402	118082	さまよう狂気(小)　古城　02	0	-53.335	82.798	-229.797	itemLotId_1	11800820	さまよう狂気（小）　古城　○
m25_00_00_00.msb	m25_00_00_00	c1220_0000	2500180	122000	幼生オオコウモリ　古城	1	30.468	62	-192.313	itemLotId_1	12202500	幼生オオコウモリ　古城
m25_00_00_00.msb	m25_00_00_00	c1220_0002	2500136	122000	幼生オオコウモリ　古城	0	-95.459	73.766	-296.479	itemLotId_1	12202500	幼生オオコウモリ　古城
m25_00_00_00.msb	m25_00_00_00	c1220_0003	2500134	122000	幼生オオコウモリ　古城	1	-75.03	64.8	-218.6	itemLotId_1	12202500	幼生オオコウモリ　古城
m25_00_00_00.msb	m25_00_00_00	c1220_0004	2500172	122000	幼生オオコウモリ　古城	1	53.932	62.65	-202.167	itemLotId_1	12202500	幼生オオコウモリ　古城
m25_00_00_00.msb	m25_00_00_00	c1220_0005	2500173	122000	幼生オオコウモリ　古城	1	54.748	70.905	-221.645	itemLotId_1	12202500	幼生オオコウモリ　古城
m25_00_00_00.msb	m25_00_00_00	c1220_0007	2500135	122000	幼生オオコウモリ　古城	1	-75.106	64.8	-222.116	itemLotId_1	12202500	幼生オオコウモリ　古城
m25_00_00_00.msb	m25_00_00_00	c1220_0008	2500160	122000	幼生オオコウモリ　古城	1	-82.573	64.824	-244.497	itemLotId_1	12202500	幼生オオコウモリ　古城
m25_00_00_00.msb	m25_00_00_00	c1220_0009	2500161	122000	幼生オオコウモリ　古城	1	-81.69	64.824	-254.425	itemLotId_1	12202500	幼生オオコウモリ　古城
m25_00_00_00.msb	m25_00_00_00	c1220_0010	2500182	122000	幼生オオコウモリ　古城	0	-39.533	97.391	-277.901	itemLotId_1	12202500	幼生オオコウモリ　古城
m25_00_00_00.msb	m25_00_00_00	c1220_0011	2500133	122000	幼生オオコウモリ　古城	1	70.359	58.999	-216.801	itemLotId_1	12202500	幼生オオコウモリ　古城
m25_00_00_00.msb	m25_00_00_00	c1220_0012	2500183	122000	幼生オオコウモリ　古城	0	-33.833	96.26	-284.027	itemLotId_1	12202500	幼生オオコウモリ　古城
m25_00_00_00.msb	m25_00_00_00	c1220_0013	-1	122002	幼生オオコウモリ　強化版　古城	1	-39.51	96.86	-287.11	itemLotId_1	12202500	幼生オオコウモリ　古城
m25_00_00_00.msb	m25_00_00_00	c2130_0000	2500102	213510	血舐め（血袋中）　古城	0	17.33	23.92	-252.08	itemLotId_1	21302500	血舐め　古城
m25_00_00_00.msb	m25_00_00_00	c2130_0001	2500190	213510	血舐め（血袋中）　古城	0	18.5	24.1	-253.77	itemLotId_1	21302500	血舐め　古城
m25_00_00_00.msb	m25_00_00_00	c2130_0002	2500107	213510	血舐め（血袋中）　古城	0	42.164	32.643	-257.196	itemLotId_1	21302500	血舐め　古城
m25_00_00_00.msb	m25_00_00_00	c2130_0003	2500191	213500	血舐め（血袋小）　古城	0	34.96	26.25	-271.33	itemLotId_1	21302500	血舐め　古城
m25_00_00_00.msb	m25_00_00_00	c2130_0004	2500104	213500	血舐め（血袋小）　古城	0	68.356	35.991	-230.461	itemLotId_1	21302500	血舐め　古城
m25_00_00_00.msb	m25_00_00_00	c2130_0006	2500103	213500	血舐め（血袋小）　古城	0	28.3	25.9	-270.6	itemLotId_1	21302500	血舐め　古城
m25_00_00_00.msb	m25_00_00_00	c2130_0007	2500101	213510	血舐め（血袋中）　古城	0	8.06	21.75	-241.24	itemLotId_1	21302500	血舐め　古城
m25_00_00_00.msb	m25_00_00_00	c2130_0008	2500105	213500	血舐め（血袋小）　古城	0	74.616	36.475	-237.601	itemLotId_1	21302500	血舐め　古城
m25_00_00_00.msb	m25_00_00_00	c2130_0009	2500106	213530	血舐め（血袋特大）　古城	0	80.551	36.063	-231.319	itemLotId_1	21302500	血舐め　古城
m25_00_00_00.msb	m25_00_00_00	c2150_0000	2500200	215000	古城の悪霊（ナイフ）	0	102.713	40.601	-284.826	itemLotId_1	21502500	古城の悪霊　古城
m25_00_00_00.msb	m25_00_00_00	c2150_0001	2500201	215000	古城の悪霊（ナイフ）	0	119.23	47.49	-268.27	itemLotId_1	21502500	古城の悪霊　古城
m25_00_00_00.msb	m25_00_00_00	c2150_0002	2500202	215000	古城の悪霊（ナイフ）	0	88.134	40.601	-265.437	itemLotId_1	21502500	古城の悪霊　古城
m25_00_00_00.msb	m25_00_00_00	c2150_0003	2500203	215000	古城の悪霊（ナイフ）	0	105.412	50	-289.951	itemLotId_1	21502500	古城の悪霊　古城
m25_00_00_00.msb	m25_00_00_00	c2150_0004	2500204	215000	古城の悪霊（ナイフ）	0	90.432	40.6	-282.929	itemLotId_1	21502500	古城の悪霊　古城
m25_00_00_00.msb	m25_00_00_00	c2150_0005	2500205	215000	古城の悪霊（ナイフ）	0	116.625	49.999	-292.118	itemLotId_1	21502500	古城の悪霊　古城
m25_00_00_00.msb	m25_00_00_00	c2150_0007	2500207	215000	古城の悪霊（ナイフ）	0	88.323	50	-283.675	itemLotId_1	21502500	古城の悪霊　古城
m25_00_00_00.msb	m25_00_00_00	c2150_0008	2500208	215000	古城の悪霊（ナイフ）	0	109.711	40.6	-259.386	itemLotId_1	21502500	古城の悪霊　古城
m25_00_00_00.msb	m25_00_00_00	c2150_0009	2500209	215000	古城の悪霊（ナイフ）	0	104.18	40.6	-265.6	itemLotId_1	21502500	古城の悪霊　古城
m25_00_00_00.msb	m25_00_00_00	c2150_0010	2500210	215000	古城の悪霊（ナイフ）	0	123.299	50.029	-253.1	itemLotId_1	21502500	古城の悪霊　古城
m25_00_00_00.msb	m25_00_00_00	c2150_0011	2500211	215000	古城の悪霊（ナイフ）	0	104.201	50.003	-254.156	itemLotId_1	21502500	古城の悪霊　古城
m25_00_00_00.msb	m25_00_00_00	c2150_0012	2500212	215000	古城の悪霊（ナイフ）	0	104.784	40.6	-254.858	itemLotId_1	21502500	古城の悪霊　古城
m25_00_00_00.msb	m25_00_00_00	c2150_0013	2500213	215000	古城の悪霊（ナイフ）	0	110.506	50.017	-294.683	itemLotId_1	21502500	古城の悪霊　古城
m25_00_00_00.msb	m25_00_00_00	c2150_0017	2500217	215000	古城の悪霊（ナイフ）	0	105.471	50	-228.907	itemLotId_1	21502500	古城の悪霊　古城
m25_00_00_00.msb	m25_00_00_00	c2150_0018	2500218	215000	古城の悪霊（ナイフ）	0	112.946	50.003	-232.151	itemLotId_1	21502500	古城の悪霊　古城
m25_00_00_00.msb	m25_00_00_00	c2150_0019	2500219	215000	古城の悪霊（ナイフ）	0	110.368	50.006	-241.332	itemLotId_1	21502500	古城の悪霊　古城
m25_00_00_00.msb	m25_00_00_00	c2150_0020	2500220	215000	古城の悪霊（ナイフ）	0	104.249	50	-236.189	itemLotId_1	21502500	古城の悪霊　古城
m25_00_00_00.msb	m25_00_00_00	c2150_0022	2500222	215000	古城の悪霊（ナイフ）	0	110.896	50	-233.572	itemLotId_1	21502500	古城の悪霊　古城
m25_00_00_00.msb	m25_00_00_00	c2150_0023	2500223	215000	古城の悪霊（ナイフ）	0	112.779	50.002	-228.813	itemLotId_1	21502500	古城の悪霊　古城
m25_00_00_00.msb	m25_00_00_00	c2150_0024	2500224	215000	古城の悪霊（ナイフ）	0	118.737	50.005	-239.859	itemLotId_1	21502500	古城の悪霊　古城
m25_00_00_00.msb	m25_00_00_00	c2150_0030	2500230	215000	古城の悪霊（ナイフ）	0	-50.72	65	-234.624	itemLotId_1	21502500	古城の悪霊　古城
m25_00_00_00.msb	m25_00_00_00	c2150_0031	2500231	215000	古城の悪霊（ナイフ）	0	-48.872	65	-247.286	itemLotId_1	21502500	古城の悪霊　古城
m25_00_00_00.msb	m25_00_00_00	c2150_0032	2500232	215000	古城の悪霊（ナイフ）	0	-50.011	65	-244.094	itemLotId_1	21502500	古城の悪霊　古城
m25_00_00_00.msb	m25_00_00_00	c2150_0033	2500233	215000	古城の悪霊（ナイフ）	0	-42.329	65	-248.836	itemLotId_1	21502500	古城の悪霊　古城
m25_00_00_00.msb	m25_00_00_00	c2150_0034	2500234	215000	古城の悪霊（ナイフ）	0	-34.354	65	-248.435	itemLotId_1	21502500	古城の悪霊　古城
m25_00_00_00.msb	m25_00_00_00	c2150_0036	2500236	215000	古城の悪霊（ナイフ）	0	-37.968	65.022	-246.913	itemLotId_1	21502500	古城の悪霊　古城
m25_00_00_00.msb	m25_00_00_00	c2150_0037	2500237	215000	古城の悪霊（ナイフ）	0	-34.91	65	-258.566	itemLotId_1	21502500	古城の悪霊　古城
m25_00_00_00.msb	m25_00_00_00	c2150_0038	2500238	215000	古城の悪霊（ナイフ）	0	-43.552	65	-255.502	itemLotId_1	21502500	古城の悪霊　古城
m25_00_00_00.msb	m25_00_00_00	c2150_0040	2500240	215000	古城の悪霊（ナイフ）	0	-46.046	65	-262.849	itemLotId_1	21502500	古城の悪霊　古城
m25_00_00_00.msb	m25_00_00_00	c2150_0041	2500241	215010	古城の悪霊（生首）	0	-61.073	65	-254.966	itemLotId_1	21502500	古城の悪霊　古城
m25_00_00_00.msb	m25_00_00_00	c2150_0043	2500243	215000	古城の悪霊（ナイフ）	0	-71.272	64.999	-258.779	itemLotId_1	21502500	古城の悪霊　古城
m25_00_00_00.msb	m25_00_00_00	c2150_0045	2500245	215010	古城の悪霊（生首）	0	-70.456	64.999	-257.425	itemLotId_1	21502500	古城の悪霊　古城
m25_00_00_00.msb	m25_00_00_00	c2150_0046	2500246	215010	古城の悪霊（生首）	0	-63.07	65	-230.996	itemLotId_1	21502500	古城の悪霊　古城
m25_00_00_00.msb	m25_00_00_00	c2150_0048	2500248	215000	古城の悪霊（ナイフ）	0	-64.882	64.999	-258.483	itemLotId_1	21502500	古城の悪霊　古城
m25_00_00_00.msb	m25_00_00_00	c2150_0049	2500249	215000	古城の悪霊（ナイフ）	0	-57.949	65	-233.687	itemLotId_1	21502500	古城の悪霊　古城
m25_00_00_00.msb	m25_00_00_00	c2150_0050	2500250	215000	古城の悪霊（ナイフ）	0	-68.513	65	-240.496	itemLotId_1	21502500	古城の悪霊　古城
m25_00_00_00.msb	m25_00_00_00	c2150_0051	2500251	215000	古城の悪霊（ナイフ）	0	-71.922	65	-230.684	itemLotId_1	21502500	古城の悪霊　古城
m25_00_00_00.msb	m25_00_00_00	c2150_0052	2500252	215000	古城の悪霊（ナイフ）	0	121.32	50.05	-257.2	itemLotId_1	21502500	古城の悪霊　古城
m25_00_00_00.msb	m25_00_00_00	c2150_0054	2500254	215000	古城の悪霊（ナイフ）	0	97.8	40.6	-273.82	itemLotId_1	21502500	古城の悪霊　古城
m25_00_00_00.msb	m25_00_00_00	c2150_0055	2500255	215000	古城の悪霊（ナイフ）	0	111.144	50	-289.263	itemLotId_1	21502500	古城の悪霊　古城
m25_00_00_00.msb	m25_00_00_00	c2150_0056	2500256	215000	古城の悪霊（ナイフ）	0	98.717	40.599	-260.483	itemLotId_1	21502500	古城の悪霊　古城
m25_00_00_00.msb	m25_00_00_00	c2150_0072	2500272	215000	古城の悪霊（ナイフ）	0	-49.702	65	-273.073	itemLotId_1	21502500	古城の悪霊　古城
m25_00_00_00.msb	m25_00_00_00	c2150_0073	2500273	215000	古城の悪霊（ナイフ）	0	-36.513	65	-269.879	itemLotId_1	21502500	古城の悪霊　古城
m25_00_00_00.msb	m25_00_00_00	c2150_0074	2500274	215000	古城の悪霊（ナイフ）	0	-42.285	65.05	-269.366	itemLotId_1	21502500	古城の悪霊　古城
m25_00_00_00.msb	m25_00_00_00	c2150_0075	2500275	215000	古城の悪霊（ナイフ）	0	-34.17	65	-264.18	itemLotId_1	21502500	古城の悪霊　古城
m25_00_00_00.msb	m25_00_00_00	c2150_0076	2500276	215010	古城の悪霊（生首）	0	-62.673	65	-243.235	itemLotId_1	21502500	古城の悪霊　古城
m25_00_00_00.msb	m25_00_00_00	c2320_0000	2500800	232000	王の死神　古城	0	66.62	112.535	-377.1	itemLotId_1	23200000	王の死神　古城
m25_00_00_00.msb	m25_00_00_00	c2330_0001	2500115	233010	王の召使い（杖のみ）　古城	0	99.422	40.6	-266.58	itemLotId_1	23302502	王の召使い（杖のみ）　古城
m25_00_00_00.msb	m25_00_00_00	c2330_0003	-1	233020	王の召使い（杖＋燭台）　古城	0	-37.959	65	-274.944	itemLotId_1	23302504	王の召使い（杖＋燭台）　古城
m25_00_00_00.msb	m25_00_00_00	c2330_0004	2500124	233020	王の召使い（杖＋燭台）　古城	0	-71.28	65	-254.321	itemLotId_1	23302504	王の召使い（杖＋燭台）　古城
m25_00_00_00.msb	m25_00_00_00	c2330_0006	-1	233000	王の召使い（剣）　古城	0	-8.42	66.21	-191.32	itemLotId_1	23302500	王の召使い（剣）　古城
m25_00_00_00.msb	m25_00_00_00	c2330_0007	2500127	233000	王の召使い（剣）　古城	0	-34.164	76.4	-238.11	itemLotId_1	23302500	王の召使い（剣）　古城
m25_00_00_00.msb	m25_00_00_00	c2330_0008	2500128	233000	王の召使い（剣）　古城	0	-53.245	76.397	-265.259	itemLotId_1	23302500	王の召使い（剣）　古城
m25_00_00_00.msb	m25_00_00_00	c2330_0009	-1	233021	王の召使い（杖＋燭台・ダメージ）　古城	0	-71.805	76.813	-240.851	itemLotId_1	23302504	王の召使い（杖＋燭台）　古城
m25_00_00_00.msb	m25_00_00_00	c2330_0010	-1	233000	王の召使い（剣）　古城	0	-71.85	76.4	-270.24	itemLotId_1	23302500	王の召使い（剣）　古城
m25_00_00_00.msb	m25_00_00_00	c2330_0011	-1	233021	王の召使い（杖＋燭台・ダメージ）　古城	0	-50.355	76.399	-244.71	itemLotId_1	23302504	王の召使い（杖＋燭台）　古城
m25_00_00_00.msb	m25_00_00_00	c2330_0012	2500129	233000	王の召使い（剣）　古城	0	-53.88	76.399	-244.506	itemLotId_1	23302500	王の召使い（剣）　古城
m25_00_00_00.msb	m25_00_00_00	c2330_0013	2500126	233010	王の召使い（杖のみ）　古城	0	89.51	50	-286.138	itemLotId_1	23302502	王の召使い（杖のみ）　古城
m25_00_00_00.msb	m25_00_00_00	c2330_0017	2500118	233010	王の召使い（杖のみ）　古城	0	102.519	40.6	-256.055	itemLotId_1	23302502	王の召使い（杖のみ）　古城
m25_00_00_00.msb	m25_00_00_00	c2330_0018	2500116	233010	王の召使い（杖のみ）　古城	0	99.169	50.002	-250.019	itemLotId_1	23302502	王の召使い（杖のみ）　古城
m25_00_00_00.msb	m25_00_00_00	c2330_0020	2500138	233000	王の召使い（剣）　古城	0	-62.315	76.399	-230.312	itemLotId_1	23302500	王の召使い（剣）　古城
m25_00_00_00.msb	m25_00_00_00	c2330_0021	2500137	233011	王の召使い（杖のみ・ダメージ）　古城	0	-74.43	76.399	-272.659	itemLotId_1	23302502	王の召使い（杖のみ）　古城
m25_00_00_00.msb	m25_00_00_00	c2330_0022	2500119	233010	王の召使い（杖のみ）　古城	0	95.844	40.6	-286.153	itemLotId_1	23302502	王の召使い（杖のみ）　古城
m25_00_00_00.msb	m25_00_00_00	c9010_0002	2500802	232000	王の死神　古城	0	62.78	111.665	-371.63	itemLotId_1	23200000	王の死神　古城
m25_00_00_00.msb	m25_00_00_00	c0000_0007	2500791	6370	古城　血族	0	-41.59	77.11	-255.73	itemLotId_1	54000	
m25_00_00_00.msb	m25_00_00_00	c1180_0000	2500400	118080	さまよう狂気(小)　古城　00	0	-34.915	82.799	-289.425	itemLotId_1	11800800	さまよう狂気（小）　古城　×
m25_00_00_00.msb	m25_00_00_00	c1180_0001	2500401	118081	さまよう狂気(小)　古城　01	0	-34.11	82.8	-240.053	itemLotId_1	11800810	さまよう狂気（小）　古城　×
m25_00_00_00.msb	m25_00_00_00	c1180_0003	2500403	118083	さまよう狂気(小)　古城　03	0	-59.495	82.799	-287.758	itemLotId_1	11800830	さまよう狂気（小）　古城　×
m25_00_00_00.msb	m25_00_00_00	c1180_0004	2500404	118084	さまよう狂気(小)　古城　04	0	-68.67	82.799	-292.003	itemLotId_1	11800840	さまよう狂気（小）　古城　×
m25_00_00_00.msb	m25_00_00_00	c2320_1000	-1	232000	王の死神　古城	0	62.78	111.665	-371.63	itemLotId_1	23200000	王の死神　古城
m26_00_00_00.msb	m26_00_00_00	c0000_0001	2600720	6440	トラップロード　侵入NPC	0	125.15	1019.28	46.9	itemLotId_1	49000	敵NPC_トラップロード
m26_00_00_00.msb	m26_00_00_00	c1050_0000	2600700	105260	さまよう寡婦（侵入PC召喚）　トラップロード	0	100.35	1019.29	98.17	itemLotId_1	10526000	さまよう寡婦（侵入PC召喚）　トラップロード
m26_00_00_00.msb	m26_00_00_00	c1050_0001	2600701	105260	さまよう寡婦（侵入PC召喚）　トラップロード	0	154.74	1085.1	-100.21	itemLotId_1	10526000	さまよう寡婦（侵入PC召喚）　トラップロード
m26_00_00_00.msb	m26_00_00_00	c1110_0000	2600130	111600	死と闇の眷属　トラップロード	0	86.66	1058.69	106.47	itemLotId_1	11102600	死と闇の眷属　TR
m26_00_00_00.msb	m26_00_00_00	c1110_0001	2600131	111600	死と闇の眷属　トラップロード	0	91.73	1058.69	103.62	itemLotId_1	11102600	死と闇の眷属　TR
m26_00_00_00.msb	m26_00_00_00	c1110_0002	2600132	111600	死と闇の眷属　トラップロード	0	95.99	1058.69	119.2	itemLotId_1	11102600	死と闇の眷属　TR
m26_00_00_00.msb	m26_00_00_00	c1110_0003	2600133	111600	死と闇の眷属　トラップロード	0	91.519	1058.689	113.667	itemLotId_1	11102600	死と闇の眷属　TR
m26_00_00_00.msb	m26_00_00_00	c1111_0000	-1	111610	死と闇の眷属　首なし　トラップロード	0	98.838	1040.315	106.934	itemLotId_1	11102600	死と闇の眷属　TR
m26_00_00_00.msb	m26_00_00_00	c1111_0001	-1	111610	死と闇の眷属　首なし　トラップロード	0	98.838	1040.315	106.934	itemLotId_1	11102600	死と闇の眷属　TR
m26_00_00_00.msb	m26_00_00_00	c1111_0004	2600134	111610	死と闇の眷属　首なし　トラップロード	0	118.94	1021.787	117.18	itemLotId_1	11102600	死と闇の眷属　TR
m26_00_00_00.msb	m26_00_00_00	c1111_0005	2600135	111610	死と闇の眷属　首なし　トラップロード	0	106.525	1021.693	125.913	itemLotId_1	11102600	死と闇の眷属　TR
m26_00_00_00.msb	m26_00_00_00	c1111_0006	2600136	111610	死と闇の眷属　首なし　トラップロード	0	103.97	1020.474	117.38	itemLotId_1	11102600	死と闇の眷属　TR
m26_00_00_00.msb	m26_00_00_00	c1111_0007	2600137	111610	死と闇の眷属　首なし　トラップロード	0	112.815	1020.318	122.486	itemLotId_1	11102600	死と闇の眷属　TR
m26_00_00_00.msb	m26_00_00_00	c1111_0008	2600138	111610	死と闇の眷属　首なし　トラップロード	0	110.5	1025.286	124.16	itemLotId_1	11102600	死と闇の眷属　TR
m26_00_00_00.msb	m26_00_00_00	c1111_0009	2600139	111610	死と闇の眷属　首なし　トラップロード	0	110.5	1024.286	118.43	itemLotId_1	11102600	死と闇の眷属　TR
m26_00_00_00.msb	m26_00_00_00	c1111_0010	2600140	111610	死と闇の眷属　首なし　トラップロード	0	101.308	1018.281	123.155	itemLotId_1	11102600	死と闇の眷属　TR
m26_00_00_00.msb	m26_00_00_00	c1111_0011	2600141	111610	死と闇の眷属　首なし　トラップロード	0	110.609	1021.189	107.634	itemLotId_1	11102600	死と闇の眷属　TR
m26_00_00_00.msb	m26_00_00_00	c1171_0000	2600114	117600	屍肉烏　トラップロード　犬頭	0	95.094	1025.432	-69.722	itemLotId_1	11702600	屍肉鳥　TR
m26_00_00_00.msb	m26_00_00_00	c1171_0002	2600117	117600	屍肉烏　トラップロード　犬頭	0	77.495	1026.661	-38.967	itemLotId_1	11702600	屍肉鳥　TR
m26_00_00_00.msb	m26_00_00_00	c1171_0003	2600119	117600	屍肉烏　トラップロード　犬頭	0	77.243	1033.385	-15.34	itemLotId_1	11702600	屍肉鳥　TR
m26_00_00_00.msb	m26_00_00_00	c1171_0004	2600118	117600	屍肉烏　トラップロード　犬頭	0	77.903	1033.7	-13.727	itemLotId_1	11702600	屍肉鳥　TR
m26_00_00_00.msb	m26_00_00_00	c1171_0005	2600120	117600	屍肉烏　トラップロード　犬頭	0	82.72	1020.347	-46.26	itemLotId_1	11702600	屍肉鳥　TR
m26_00_00_00.msb	m26_00_00_00	c1171_0006	2600125	117600	屍肉烏　トラップロード　犬頭	0	133.348	1067.372	6.099	itemLotId_1	11702600	屍肉鳥　TR
m26_00_00_00.msb	m26_00_00_00	c1171_0007	2600126	117600	屍肉烏　トラップロード　犬頭	0	134.674	1067.259	3.317	itemLotId_1	11702600	屍肉鳥　TR
m26_00_00_00.msb	m26_00_00_00	c1171_0012	2600121	117600	屍肉烏　トラップロード　犬頭	0	83.123	1020.423	-44.148	itemLotId_1	11702600	屍肉鳥　TR
m26_00_00_00.msb	m26_00_00_00	c1171_0013	2600122	117600	屍肉烏　トラップロード　犬頭	0	80.257	1020.412	-46.591	itemLotId_1	11702600	屍肉鳥　TR
m26_00_00_00.msb	m26_00_00_00	c1180_0000	2600400	118100	さまよう狂気(小)　トラップロード　00	0	195.977	1082.102	-56.426	itemLotId_1	11801000	さまよう狂気（小）　トラップロード　○
m26_00_00_00.msb	m26_00_00_00	c1180_0001	2600401	118101	さまよう狂気(小)　トラップロード　01	0	-86.584	961.045	-0.624	itemLotId_1	11801010	さまよう狂気（小）　トラップロード　○
m26_00_00_00.msb	m26_00_00_00	c1180_0003	2600403	118103	さまよう狂気(小)　トラップロード　03	0	123.728	1037.818	-86.56	itemLotId_1	11801030	さまよう狂気（小）　トラップロード　○
m26_00_00_00.msb	m26_00_00_00	c1241_0000	2600145	124600	狂犬　トラップロード　烏頭	0	134.19	1067.315	4.85	itemLotId_1	12402600	狂犬　TR
m26_00_00_00.msb	m26_00_00_00	c1241_0002	2600123	124600	狂犬　トラップロード　烏頭	0	81.448	1020.347	-44.627	itemLotId_1	12402600	狂犬　TR
m26_00_00_00.msb	m26_00_00_00	c1241_0003	-1	124600	狂犬　トラップロード　烏頭	0	62.321	1024.986	-14.21	itemLotId_1	12402600	狂犬　TR
m26_00_00_00.msb	m26_00_00_00	c1241_0004	-1	124600	狂犬　トラップロード　烏頭	0	70.275	1025.036	-23.22	itemLotId_1	12402600	狂犬　TR
m26_00_00_00.msb	m26_00_00_00	c1271_0000	2600190	127600	吸血豚　トラップロード　悪夢頭	0	177.522	1092.853	-48.563	itemLotId_1	12702600	吸血豚　TR
m26_00_00_00.msb	m26_00_00_00	c1271_0001	2600191	127600	吸血豚　トラップロード　悪夢頭	0	144.191	1094.365	-70.3	itemLotId_1	12702600	吸血豚　TR
m26_00_00_00.msb	m26_00_00_00	c1271_0002	2600192	127600	吸血豚　トラップロード　悪夢頭	0	138.41	1094.365	-74.651	itemLotId_1	12702600	吸血豚　TR
m26_00_00_00.msb	m26_00_00_00	c1300_0000	2600102	130000	死と闇の眷属（大）　トラップロード	0	106.69	1018.343	120.716	itemLotId_1	13002600	死と闇の眷属（大）　TR
m26_00_00_00.msb	m26_00_00_00	c2040_0001	2600161	204600	操り骸　ボス部屋用　トラップロード	0	157.688	1037.976	-35.573	itemLotId_1	20402600	操り骸　TR
m26_00_00_00.msb	m26_00_00_00	c2040_0002	2600170	204600	操り骸　ボス部屋用　トラップロード	0	78.829	1048.019	-39.064	itemLotId_1	20402600	操り骸　TR
m26_00_00_00.msb	m26_00_00_00	c2040_0003	2600171	204600	操り骸　ボス部屋用　トラップロード	0	83.256	1053.062	-63.033	itemLotId_1	20402600	操り骸　TR
m26_00_00_00.msb	m26_00_00_00	c2040_0004	2600172	204600	操り骸　ボス部屋用　トラップロード	0	96.295	1043	-33.244	itemLotId_1	20402600	操り骸　TR
m26_00_00_00.msb	m26_00_00_00	c2040_0005	2600162	204600	操り骸　ボス部屋用　トラップロード	0	167.427	1042.984	-61.891	itemLotId_1	20402600	操り骸　TR
m26_00_00_00.msb	m26_00_00_00	c2040_0006	2600173	204600	操り骸　ボス部屋用　トラップロード	0	104.432	1048.019	-42.641	itemLotId_1	20402600	操り骸　TR
m26_00_00_00.msb	m26_00_00_00	c2040_0008	2600175	204600	操り骸　ボス部屋用　トラップロード	0	99.934	1061.229	-26.013	itemLotId_1	20402600	操り骸　TR
m26_00_00_00.msb	m26_00_00_00	c2040_0009	2600176	204600	操り骸　ボス部屋用　トラップロード	0	100.018	1043	-23.642	itemLotId_1	20402600	操り骸　TR
m26_00_00_00.msb	m26_00_00_00	c2040_0010	2600177	204600	操り骸　ボス部屋用　トラップロード	0	98.47	1048.019	-40.768	itemLotId_1	20402600	操り骸　TR
m26_00_00_00.msb	m26_00_00_00	c2040_0011	2600163	204600	操り骸　ボス部屋用　トラップロード	0	175.277	1032.982	-15.719	itemLotId_1	20402600	操り骸　TR
m26_00_00_00.msb	m26_00_00_00	c2040_0012	2600164	204600	操り骸　ボス部屋用　トラップロード	0	175.1	1037.976	-35.804	itemLotId_1	20402600	操り骸　TR
m26_00_00_00.msb	m26_00_00_00	c2040_0013	2600178	204600	操り骸　ボス部屋用　トラップロード	0	90.024	1043.036	-15.461	itemLotId_1	20402600	操り骸　TR
m26_00_00_00.msb	m26_00_00_00	c2040_0014	2600179	204600	操り骸　ボス部屋用　トラップロード	0	93.616	1061.228	-13.096	itemLotId_1	20402600	操り骸　TR
m26_00_00_00.msb	m26_00_00_00	c2040_0015	2600220	204600	操り骸　ボス部屋用　トラップロード	0	138.08	1030.728	-16.75	itemLotId_1	20402600	操り骸　TR
m26_00_00_00.msb	m26_00_00_00	c2040_0016	2600221	204600	操り骸　ボス部屋用　トラップロード	0	144.46	1032.982	-13.14	itemLotId_1	20402600	操り骸　TR
m26_00_00_00.msb	m26_00_00_00	c2040_0021	2600165	204600	操り骸　ボス部屋用　トラップロード	0	177.679	1042.984	-60.254	itemLotId_1	20402600	操り骸　TR
m26_00_00_00.msb	m26_00_00_00	c2040_0024	2600167	204600	操り骸　ボス部屋用　トラップロード	0	136.665	1037.977	-46.104	itemLotId_1	20402600	操り骸　TR
m26_00_00_00.msb	m26_00_00_00	c2040_0040	2600169	204600	操り骸　ボス部屋用　トラップロード	0	132.028	1037.977	-42.035	itemLotId_1	20402600	操り骸　TR
m26_00_00_00.msb	m26_00_00_00	c2120_0000	-1	212620	闇の旅団　オーブ・鎚　トラップロード・後半	0	156.988	1085.118	-4.208	itemLotId_1	21202604	闇の旅団　槌・オーブ　TR
m26_00_00_00.msb	m26_00_00_00	c2120_0002	-1	212610	闇の旅団　剣・蝋燭　トラップロード・後半	0	74.421	1098.339	-63.094	itemLotId_1	21202602	闇の旅団　剣・蝋燭　TR
m26_00_00_00.msb	m26_00_00_00	c2120_0003	-1	212620	闇の旅団　オーブ・鎚　トラップロード・後半	0	149.297	1085.088	-106.003	itemLotId_1	21202604	闇の旅団　槌・オーブ　TR
m26_00_00_00.msb	m26_00_00_00	c2120_0004	-1	212620	闇の旅団　オーブ・鎚　トラップロード・後半	0	72.105	1098.339	-60.515	itemLotId_1	21202604	闇の旅団　槌・オーブ　TR
m26_00_00_00.msb	m26_00_00_00	c2120_0005	-1	212600	闇の旅団　剣　トラップロード・後半	0	74.435	1098.339	-61.348	itemLotId_1	21202600	闇の旅団　剣　TR
m26_00_00_00.msb	m26_00_00_00	c2120_0006	-1	212600	闇の旅団　剣　トラップロード・後半	0	72.882	1098.339	-62.204	itemLotId_1	21202600	闇の旅団　剣　TR
m26_00_00_00.msb	m26_00_00_00	c2120_0007	-1	212600	闇の旅団　剣　トラップロード・後半	0	142.506	1085.157	-96.804	itemLotId_1	21202600	闇の旅団　剣　TR
m26_00_00_00.msb	m26_00_00_00	c2120_0010	-1	212600	闇の旅団　剣　トラップロード・後半	0	121.585	1075.599	-10.297	itemLotId_1	21202600	闇の旅団　剣　TR
m26_00_00_00.msb	m26_00_00_00	c2120_0011	-1	212610	闇の旅団　剣・蝋燭　トラップロード・後半	0	122.763	1075.599	-8.638	itemLotId_1	21202602	闇の旅団　剣・蝋燭　TR
m26_00_00_00.msb	m26_00_00_00	c2180_0000	2600103	218610	銀の獣の眷属（寄生虫）　トラップロード	0	5.64	986.91	72.61	itemLotId_1	21802602	銀の獣の眷属（寄生虫）　TR
m26_00_00_00.msb	m26_00_00_00	c2180_0001	2600113	218610	銀の獣の眷属（寄生虫）　トラップロード	0	-89.205	959.334	-33.996	itemLotId_1	21802602	銀の獣の眷属（寄生虫）　TR
m26_00_00_00.msb	m26_00_00_00	c2180_0003	2600104	218610	銀の獣の眷属（寄生虫）　トラップロード	0	-22.858	981.763	44.209	itemLotId_1	21802602	銀の獣の眷属（寄生虫）　TR
m26_00_00_00.msb	m26_00_00_00	c2180_0004	2600201	218600	銀の獣の眷属　トラップロード	0	-29.88	977.67	33	itemLotId_1	21802600	銀の獣の眷属（松明）　TR
m26_00_00_00.msb	m26_00_00_00	c2250_0000	-1	225000	牢番A　剣のみ＋クロスボウ　トラップロード	0	98.823	1003.681	-26.798	itemLotId_1	22502600	牢番A　剣のみ＋クロスボウ　TR
m26_00_00_00.msb	m26_00_00_00	c2250_0001	-1	225000	牢番A　剣のみ＋クロスボウ　トラップロード	0	104.66	1003.734	-17.851	itemLotId_1	22502600	牢番A　剣のみ＋クロスボウ　TR
m26_00_00_00.msb	m26_00_00_00	c2250_0002	-1	225000	牢番A　剣のみ＋クロスボウ　トラップロード	0	95.256	1003.746	-22.011	itemLotId_1	22502600	牢番A　剣のみ＋クロスボウ　TR
m26_00_00_00.msb	m26_00_00_00	c2250_0003	2600106	225040	牢番A　素手（弱そう）　トラップロード	0	110.572	1014.555	-3.269	itemLotId_1	22502606	牢番A　素手（弱そう）　TR
m26_00_00_00.msb	m26_00_00_00	c2250_0004	2600105	225040	牢番A　素手（弱そう）　トラップロード	0	125.323	1019.257	37.328	itemLotId_1	22502606	牢番A　素手（弱そう）　TR
m26_00_00_00.msb	m26_00_00_00	c2250_0006	2600109	225040	牢番A　素手（弱そう）　トラップロード	0	136.066	1014.555	-11.021	itemLotId_1	22502606	牢番A　素手（弱そう）　TR
m26_00_00_00.msb	m26_00_00_00	c2250_0007	2600110	225040	牢番A　素手（弱そう）　トラップロード	0	139.177	1014.555	-7.03	itemLotId_1	22502606	牢番A　素手（弱そう）　TR
m26_00_00_00.msb	m26_00_00_00	c2250_0009	2600111	225040	牢番A　素手（弱そう）　トラップロード	0	126.312	1014.556	8.54	itemLotId_1	22502606	牢番A　素手（弱そう）　TR
m26_00_00_00.msb	m26_00_00_00	c2250_0010	2600112	225040	牢番A　素手（弱そう）　トラップロード	0	114.881	1003.745	-22.129	itemLotId_1	22502606	牢番A　素手（弱そう）　TR
m26_00_00_00.msb	m26_00_00_00	c2250_0011	2600195	225040	牢番A　素手（弱そう）　トラップロード	0	113.277	1014.555	-1.569	itemLotId_1	22502606	牢番A　素手（弱そう）　TR
m26_00_00_00.msb	m26_00_00_00	c2250_0012	2600196	225040	牢番A　素手（弱そう）　トラップロード	0	109.831	1014.555	-6.269	itemLotId_1	22502606	牢番A　素手（弱そう）　TR
m26_00_00_00.msb	m26_00_00_00	c2250_0013	2600197	225040	牢番A　素手（弱そう）　トラップロード	0	112.747	1014.555	-5.069	itemLotId_1	22502606	牢番A　素手（弱そう）　TR
m26_00_00_00.msb	m26_00_00_00	c2250_0014	-1	225020	牢番A　鞭（キャットオブナインテイル）　トラップロード	0	120.36	1049.32	-63.49	itemLotId_1	22502604	牢番A　鞭　TR
m26_00_00_00.msb	m26_00_00_00	c2250_0015	-1	225000	牢番A　剣のみ＋クロスボウ　トラップロード	0	115.55	1051	-67.17	itemLotId_1	22502600	牢番A　剣のみ＋クロスボウ　TR
m26_00_00_00.msb	m26_00_00_00	c2250_0016	-1	225020	牢番A　鞭（キャットオブナインテイル）　トラップロード	0	124.147	1028.912	-64.486	itemLotId_1	22502604	牢番A　鞭　TR
m26_00_00_00.msb	m26_00_00_00	c2250_0017	-1	225020	牢番A　鞭（キャットオブナインテイル）　トラップロード	0	127.198	1027.938	-63.879	itemLotId_1	22502604	牢番A　鞭　TR
m26_00_00_00.msb	m26_00_00_00	c2250_0018	-1	225000	牢番A　剣のみ＋クロスボウ　トラップロード	0	118.411	1016.995	-85.537	itemLotId_1	22502600	牢番A　剣のみ＋クロスボウ　TR
m26_00_00_00.msb	m26_00_00_00	c2250_0021	2600198	225040	牢番A　素手（弱そう）　トラップロード	0	140.116	1014.555	-12.537	itemLotId_1	22502606	牢番A　素手（弱そう）　TR
m26_00_00_00.msb	m26_00_00_00	c2260_0002	-1	226000	牢番B　鎖鞭　トラップロード	0	118.16	1016.55	-83.78	itemLotId_1	22602600	牢番B　鎖鞭　TR
m26_00_00_00.msb	m26_00_00_00	c2260_0006	-1	226000	牢番B　鎖鞭　トラップロード	0	95.931	1003.746	-34.947	itemLotId_1	22602600	牢番B　鎖鞭　TR
m26_00_00_00.msb	m26_00_00_00	c2260_0007	2600202	226000	牢番B　鎖鞭　トラップロード	0	130.369	1003.746	-24.069	itemLotId_1	22602600	牢番B　鎖鞭　TR
m26_00_00_00.msb	m26_00_00_00	c2400_0000	2600150	240610	捨て子の巨人 大岩持ち　トラップロード	0	-8.2	999.651	119.07	itemLotId_1	24002600	捨て子の巨人　TR
m26_00_00_00.msb	m26_00_00_00	c2400_0001	2600180	240600	捨て子の巨人 素手　トラップロード	0	42.709	983.551	2.407	itemLotId_1	24002600	捨て子の巨人　TR
m26_00_00_00.msb	m26_00_00_00	c2400_0002	2600181	240600	捨て子の巨人 素手　トラップロード	0	59.18	984.57	2.39	itemLotId_1	24002600	捨て子の巨人　TR
m26_00_00_00.msb	m26_00_00_00	c2400_0003	2600153	240610	捨て子の巨人 大岩持ち　トラップロード	0	47.938	1007.79	128.425	itemLotId_1	24002600	捨て子の巨人　TR
m26_00_00_00.msb	m26_00_00_00	c2400_0004	2600182	240610	捨て子の巨人 大岩持ち　トラップロード	0	45.194	983.646	0.811	itemLotId_1	24002600	捨て子の巨人　TR
m26_00_00_00.msb	m26_00_00_00	c2400_0005	2600155	240610	捨て子の巨人 大岩持ち　トラップロード	0	10.762	1001.885	134.048	itemLotId_1	24002600	捨て子の巨人　TR
m26_00_00_00.msb	m26_00_00_00	c2400_0006	2600183	240600	捨て子の巨人 素手　トラップロード	0	37.131	1004.231	126.718	itemLotId_1	24002600	捨て子の巨人　TR
m26_00_00_00.msb	m26_00_00_00	c2560_0000	2600300	256600	なりそこないメッセンジャー（ほおずき）　トラップロード	0	107.264	1059.028	18.936	itemLotId_1	25602600	ほおずき　TR
m26_00_00_00.msb	m26_00_00_00	c2560_0001	2600301	256600	なりそこないメッセンジャー（ほおずき）　トラップロード	0	107.388	1059.045	89.243	itemLotId_1	25602600	ほおずき　TR
m26_00_00_00.msb	m26_00_00_00	c2560_0002	2600302	256600	なりそこないメッセンジャー（ほおずき）　トラップロード	0	110.67	1059.075	78.915	itemLotId_1	25602600	ほおずき　TR
m26_00_00_00.msb	m26_00_00_00	c2560_0003	2600303	256600	なりそこないメッセンジャー（ほおずき）　トラップロード	0	101.814	1039.9141	129.902	itemLotId_1	25602600	ほおずき　TR
m26_00_00_00.msb	m26_00_00_00	c1170_0002	2600116	117600	屍肉烏　トラップロード　犬頭	0	96.383	1025.413	-70.314	itemLotId_1	11702600	屍肉鳥　TR
m26_00_00_00.msb	m26_00_00_00	c1180_0002	2600402	118102	さまよう狂気(小)　トラップロード　02	0	184.768	1082.102	-78.951	itemLotId_1	11801020	さまよう狂気（小）　トラップロード　×
m26_00_00_00.msb	m26_00_00_00	c1180_0004	2600404	118104	さまよう狂気(小)　トラップロード　04	0	110.25	1039.95	135.13	itemLotId_1	11801040	さまよう狂気（小）　トラップロード　×
m26_00_00_00.msb	m26_00_00_00	c2040_0000	2600160	204600	操り骸　ボス部屋用　トラップロード	0	166.422	1037.976	-37.698	itemLotId_1	20402600	操り骸　TR
m26_00_00_00.msb	m26_00_00_00	c2040_0007	2600174	204600	操り骸　ボス部屋用　トラップロード	0	84.992	1043	-9.154	itemLotId_1	20402600	操り骸　TR
m26_00_00_00.msb	m26_00_00_00	c2040_0022	2600166	204600	操り骸　ボス部屋用　トラップロード	0	157.553	1042.984	-61.287	itemLotId_1	20402600	操り骸　TR
m26_00_00_00.msb	m26_00_00_00	c2040_0027	2600168	204600	操り骸　ボス部屋用　トラップロード	0	136.861	1037.977	-38.151	itemLotId_1	20402600	操り骸　TR
m26_00_00_00.msb	m26_00_00_00	c2050_0000	-1	205260	狂気の悪霊　SAN値　トラップロード	0	96.14	1043.03	-12.29	itemLotId_1	20526000	狂気の悪霊　SAN値　トラップロード
m26_00_00_00.msb	m26_00_00_00	c2050_0001	-1	205260	狂気の悪霊　SAN値　トラップロード	0	188.395	1082.102	-71.248	itemLotId_1	20526000	狂気の悪霊　SAN値　トラップロード
m26_00_00_00.msb	m26_00_00_00	c2050_0002	-1	205260	狂気の悪霊　SAN値　トラップロード	0	169.44	1082.102	-90.722	itemLotId_1	20526000	狂気の悪霊　SAN値　トラップロード
m26_00_00_00.msb	m26_00_00_00	c2050_0003	-1	205260	狂気の悪霊　SAN値　トラップロード	0	98.82	1043.03	-29.96	itemLotId_1	20526000	狂気の悪霊　SAN値　トラップロード
m26_00_00_00.msb	m26_00_00_00	c2050_0004	-1	205260	狂気の悪霊　SAN値　トラップロード	0	187.35	1082.13	-22.92	itemLotId_1	20526000	狂気の悪霊　SAN値　トラップロード
m26_00_00_00.msb	m26_00_00_00	c2250_0020	-1	225000	牢番A　剣のみ＋クロスボウ　トラップロード	0	133.88	1022.75	-80.22	itemLotId_1	22502600	牢番A　剣のみ＋クロスボウ　TR
m27_00_00_00.msb	m27_00_00_00	c0000_0004	2700755	6100	感染者の乞食	270317	-296.918	-89.923	297.392	itemLotId_1	27070	感染者の乞食_死亡時ドロップアイテム
m27_00_00_00.msb	m27_00_00_00	c1051_0000	2700710	105270	さまよう寡婦（侵入PC召喚）　森	0	-274.98	-99.17823	311.66	itemLotId_1	10527000	さまよう寡婦（侵入PC召喚）　森
m27_00_00_00.msb	m27_00_00_00	c1120_0000	2700151	112070	水死体ビースト　森【街人】	0	-359.49	-100.63246	231.6	itemLotId_1	11202700	水死体ビースト　森
m27_00_00_00.msb	m27_00_00_00	c1120_0001	2700150	112070	水死体ビースト　森【街人】	0	-372.46	-100.155	197.749	itemLotId_1	11202700	水死体ビースト　森
m27_00_00_00.msb	m27_00_00_00	c1120_0002	2700152	112070	水死体ビースト　森【街人】	0	-367.823	-100.436	213.12	itemLotId_1	11202700	水死体ビースト　森
m27_00_00_00.msb	m27_00_00_00	c1120_0003	2700153	112070	水死体ビースト　森【街人】	0	-366.022	-100.57	217.908	itemLotId_1	11202700	水死体ビースト　森
m27_00_00_00.msb	m27_00_00_00	c1120_0004	2700154	112070	水死体ビースト　森【街人】	0	-365.051	-100.07	211.01	itemLotId_1	11202700	水死体ビースト　森
m27_00_00_00.msb	m27_00_00_00	c1120_0005	2700155	112071	水死体ビースト　森【獣】	0	-296.54	-172.576	419.11	itemLotId_1	11202700	水死体ビースト　森
m27_00_00_00.msb	m27_00_00_00	c1120_0006	2700156	112071	水死体ビースト　森【獣】	0	-292.571	-172.799	441.619	itemLotId_1	11202700	水死体ビースト　森
m27_00_00_00.msb	m27_00_00_00	c1120_0007	2700161	112071	水死体ビースト　森【獣】	0	-289.561	-172.089	412.859	itemLotId_1	11202700	水死体ビースト　森
m27_00_00_00.msb	m27_00_00_00	c1120_0008	2700158	112071	水死体ビースト　森【獣】	0	-291.31	-172.446	419.496	itemLotId_1	11202700	水死体ビースト　森
m27_00_00_00.msb	m27_00_00_00	c1120_0009	2700159	112071	水死体ビースト　森【獣】	0	-298.281	-173.553	455.328	itemLotId_1	11202700	水死体ビースト　森
m27_00_00_00.msb	m27_00_00_00	c1120_0010	2700160	112071	水死体ビースト　森【獣】	0	-287.609	-173.409	446.69	itemLotId_1	11202700	水死体ビースト　森
m27_00_00_00.msb	m27_00_00_00	c1120_0011	2700162	112071	水死体ビースト　森【獣】	0	-296.471	-172.361	416.003	itemLotId_1	11202700	水死体ビースト　森
m27_00_00_00.msb	m27_00_00_00	c1170_0000	2700200	117070	屍肉烏　森	0	-351.66	-109.617	181.852	itemLotId_1	11702700	屍肉鳥　森
m27_00_00_00.msb	m27_00_00_00	c1170_0001	2700201	117070	屍肉烏　森	0	-349.653	-109.15	186.105	itemLotId_1	11702700	屍肉鳥　森
m27_00_00_00.msb	m27_00_00_00	c1170_0002	2700202	117070	屍肉烏　森	0	-354.099	-109.303	184.895	itemLotId_1	11702700	屍肉鳥　森
m27_00_00_00.msb	m27_00_00_00	c1170_0009	2700209	117070	屍肉烏　森	0	-380.083	-86.479	134.044	itemLotId_1	11702700	屍肉鳥　森
m27_00_00_00.msb	m27_00_00_00	c1170_0016	2700216	117070	屍肉烏　森	0	-367.295	-77.813	137.091	itemLotId_1	11702700	屍肉鳥　森
m27_00_00_00.msb	m27_00_00_00	c1170_0017	2700217	117070	屍肉烏　森	0	-373.799	-77.541	137.883	itemLotId_1	11702700	屍肉鳥　森
m27_00_00_00.msb	m27_00_00_00	c1170_0018	2700218	117070	屍肉烏　森	0	-368.978	-77.814	130.177	itemLotId_1	11702700	屍肉鳥　森
m27_00_00_00.msb	m27_00_00_00	c1170_0019	2700219	117070	屍肉烏　森	0	-203.97	-76.81652	250.06	itemLotId_1	11702700	屍肉鳥　森
m27_00_00_00.msb	m27_00_00_00	c1170_0020	2700220	117070	屍肉烏　森	0	-210.1	-76.29966	250.74	itemLotId_1	11702700	屍肉鳥　森
m27_00_00_00.msb	m27_00_00_00	c1170_0021	2700221	117070	屍肉烏　森	0	-291.284	-91.211	231.621	itemLotId_1	11702700	屍肉鳥　森
m27_00_00_00.msb	m27_00_00_00	c1170_0022	2700222	117070	屍肉烏　森	0	-288.059	-91.339	237.847	itemLotId_1	11702700	屍肉鳥　森
m27_00_00_00.msb	m27_00_00_00	c1170_0023	2700223	117070	屍肉烏　森	0	-289.888	-91.993	239.294	itemLotId_1	11702700	屍肉鳥　森
m27_00_00_00.msb	m27_00_00_00	c1180_0006	2700256	118052	さまよう狂気(小)　森	0	-284.919	-90.313	230.155	itemLotId_1	11800520	さまよう狂気（小）　森　○
m27_00_00_00.msb	m27_00_00_00	c1240_0000	2700300	124500	狂犬　森	0	-263.19	-85.42	199.441	itemLotId_1	12402700	狂犬　森
m27_00_00_00.msb	m27_00_00_00	c1240_0001	2700301	124501	狂犬　森　檻の中用	0	-357.919	-88.678	128.941	itemLotId_1	12402700	狂犬　森
m27_00_00_00.msb	m27_00_00_00	c1240_0002	2700302	124501	狂犬　森　檻の中用	0	-365.651	-87.647	129.802	itemLotId_1	12402700	狂犬　森
m27_00_00_00.msb	m27_00_00_00	c1240_0004	2700308	124501	狂犬　森　檻の中用	0	-362.83	-87.57	125.14	itemLotId_1	12402700	狂犬　森
m27_00_00_00.msb	m27_00_00_00	c1240_0005	2700309	124501	狂犬　森　檻の中用	0	-371.01	-86.57	121.94	itemLotId_1	12402700	狂犬　森
m27_00_00_00.msb	m27_00_00_00	c1240_0008	2700320	124500	狂犬　森	0	-387.336	-84.962	153.969	itemLotId_1	12402700	狂犬　森
m27_00_00_00.msb	m27_00_00_00	c1240_0009	2700305	124500	狂犬　森	0	-261.14	-85.496	199.058	itemLotId_1	12402700	狂犬　森
m27_00_00_00.msb	m27_00_00_00	c1240_0010	2700321	124500	狂犬　森	0	-400.69	-84.431	155.2	itemLotId_1	12402700	狂犬　森
m27_00_00_00.msb	m27_00_00_00	c1250_0001	2700351	125001	蛇玉（子）　通常カラー/2本太い	0	-253.638	-158.679	466.285	itemLotId_1	12502700	蛇玉（子）　森
m27_00_00_00.msb	m27_00_00_00	c1250_0002	2700352	125001	蛇玉（子）　通常カラー/2本太い	0	-164.325	-136.825	467.416	itemLotId_1	12502700	蛇玉（子）　森
m27_00_00_00.msb	m27_00_00_00	c1250_0003	2700359	125001	蛇玉（子）　通常カラー/2本太い	0	-193.96	-158.165	492.21	itemLotId_1	12502700	蛇玉（子）　森
m27_00_00_00.msb	m27_00_00_00	c1250_0004	2700354	125002	蛇玉（子）　通常カラー/2本太い別バリ	0	-187.94	-155.828	451.397	itemLotId_1	12502700	蛇玉（子）　森
m27_00_00_00.msb	m27_00_00_00	c1250_0005	2700700	125001	蛇玉（子）　通常カラー/2本太い	0	-179.029	-146.109	446.017	itemLotId_1	12502700	蛇玉（子）　森
m27_00_00_00.msb	m27_00_00_00	c1250_0006	2700356	125001	蛇玉（子）　通常カラー/2本太い	0	-184.335	-155.492	449.45	itemLotId_1	12502700	蛇玉（子）　森
m27_00_00_00.msb	m27_00_00_00	c1260_0000	2700417	126001	蛇玉（子）・小　通常カラー/2本太い	0	-141.923	-132.513	375.886	itemLotId_1	12602700	蛇玉(子)小　森
m27_00_00_00.msb	m27_00_00_00	c1260_0001	2700401	126001	蛇玉（子）・小　通常カラー/2本太い	0	-175.06	-145.824	431.828	itemLotId_1	12602700	蛇玉(子)小　森
m27_00_00_00.msb	m27_00_00_00	c1260_0002	2700402	126000	蛇玉（子）・小　通常カラー/1本だけ太い	0	-167.123	-129.524	367.37	itemLotId_1	12602700	蛇玉(子)小　森
m27_00_00_00.msb	m27_00_00_00	c1260_0003	2700418	126000	蛇玉（子）・小　通常カラー/1本だけ太い	0	-139.246	-129.163	359.612	itemLotId_1	12602700	蛇玉(子)小　森
m27_00_00_00.msb	m27_00_00_00	c1260_0004	2700419	126002	蛇玉（子）・小　通常カラー/2本太い別バリ	0	-135.369	-130.843	366.572	itemLotId_1	12602700	蛇玉(子)小　森
m27_00_00_00.msb	m27_00_00_00	c1260_0005	2700435	126000	蛇玉（子）・小　通常カラー/1本だけ太い	0	-174.835	-143.838	425.342	itemLotId_1	12602700	蛇玉(子)小　森
m27_00_00_00.msb	m27_00_00_00	c1260_0006	2700406	126002	蛇玉（子）・小　通常カラー/2本太い別バリ	0	-222.13	-156.57	440.89	itemLotId_1	12602700	蛇玉(子)小　森
m27_00_00_00.msb	m27_00_00_00	c1260_0007	2700407	126001	蛇玉（子）・小　通常カラー/2本太い	0	-172.349	-127.14	348.445	itemLotId_1	12602700	蛇玉(子)小　森
m27_00_00_00.msb	m27_00_00_00	c1260_0008	2700408	126001	蛇玉（子）・小　通常カラー/2本太い	0	-138.94	-136.692	413.199	itemLotId_1	12602700	蛇玉(子)小　森
m27_00_00_00.msb	m27_00_00_00	c1260_0009	2700413	126001	蛇玉（子）・小　通常カラー/2本太い	0	-136.15865	-136.92776	435.5565	itemLotId_1	12602700	蛇玉(子)小　森
m27_00_00_00.msb	m27_00_00_00	c1260_0011	2700411	126001	蛇玉（子）・小　通常カラー/2本太い	0	-171.615	-128.359	362.439	itemLotId_1	12602700	蛇玉(子)小　森
m27_00_00_00.msb	m27_00_00_00	c1260_0012	2700412	126002	蛇玉（子）・小　通常カラー/2本太い別バリ	0	-131.966	-136.034	437.05	itemLotId_1	12602700	蛇玉(子)小　森
m27_00_00_00.msb	m27_00_00_00	c1260_0013	2700400	126002	蛇玉（子）・小　通常カラー/2本太い別バリ	0	-136.15865	-136.92776	435.5565	itemLotId_1	12602700	蛇玉(子)小　森
m27_00_00_00.msb	m27_00_00_00	c1260_0014	2700425	126001	蛇玉（子）・小　通常カラー/2本太い	0	-126.38	-136.01	443.565	itemLotId_1	12602700	蛇玉(子)小　森
m27_00_00_00.msb	m27_00_00_00	c1260_0015	2700424	126002	蛇玉（子）・小　通常カラー/2本太い別バリ	0	-141.366	-134.128	393.695	itemLotId_1	12602700	蛇玉(子)小　森
m27_00_00_00.msb	m27_00_00_00	c1260_0016	2700431	126001	蛇玉（子）・小　通常カラー/2本太い	0	-141.923	-132.513	375.886	itemLotId_1	12602700	蛇玉(子)小　森
m27_00_00_00.msb	m27_00_00_00	c1260_0017	2700428	126000	蛇玉（子）・小　通常カラー/1本だけ太い	0	-167.468	-131.903	378.91	itemLotId_1	12602700	蛇玉(子)小　森
m27_00_00_00.msb	m27_00_00_00	c1260_0018	2700429	126001	蛇玉（子）・小　通常カラー/2本太い	0	-144.916	-133.185	450.165	itemLotId_1	12602700	蛇玉(子)小　森
m27_00_00_00.msb	m27_00_00_00	c1260_0019	2700430	126001	蛇玉（子）・小　通常カラー/2本太い	0	-180.798	-146.345	433.009	itemLotId_1	12602700	蛇玉(子)小　森
m27_00_00_00.msb	m27_00_00_00	c1260_0020	2700405	126001	蛇玉（子）・小　通常カラー/2本太い	0	-155.94	-129.19	347.29	itemLotId_1	12602700	蛇玉(子)小　森
m27_00_00_00.msb	m27_00_00_00	c1260_0027	2700427	126000	蛇玉（子）・小　通常カラー/1本だけ太い	0	-179.74	-135.297	414.831	itemLotId_1	12602700	蛇玉(子)小　森
m27_00_00_00.msb	m27_00_00_00	c1260_0029	2700432	126002	蛇玉（子）・小　通常カラー/2本太い別バリ	0	-228.88	-156.34	408.44	itemLotId_1	12602700	蛇玉(子)小　森
m27_00_00_00.msb	m27_00_00_00	c1260_0030	2700442	126001	蛇玉（子）・小　通常カラー/2本太い	0	-234.17	-156.51	413.26	itemLotId_1	12602700	蛇玉(子)小　森
m27_00_00_00.msb	m27_00_00_00	c1260_0031	2700445	126001	蛇玉（子）・小　通常カラー/2本太い	0	-197.03	-157.45215	491.75	itemLotId_1	12602700	蛇玉(子)小　森
m27_00_00_00.msb	m27_00_00_00	c1260_0032	2700446	126002	蛇玉（子）・小　通常カラー/2本太い別バリ	0	-195.924	-156.954	485.553	itemLotId_1	12602700	蛇玉(子)小　森
m27_00_00_00.msb	m27_00_00_00	c1260_0033	2700440	126001	蛇玉（子）・小　通常カラー/2本太い	0	-177.465	-126.775	330.489	itemLotId_1	12602700	蛇玉(子)小　森
m27_00_00_00.msb	m27_00_00_00	c1260_0038	2700437	126001	蛇玉（子）・小　通常カラー/2本太い	0	-269.634	-159.084	443.946	itemLotId_1	12602700	蛇玉(子)小　森
m27_00_00_00.msb	m27_00_00_00	c1260_0039	2700438	126002	蛇玉（子）・小　通常カラー/2本太い別バリ	0	-273.447	-158.878	449.147	itemLotId_1	12602700	蛇玉(子)小　森
m27_00_00_00.msb	m27_00_00_00	c1260_0045	2700443	126001	蛇玉（子）・小　通常カラー/2本太い	0	-182.991	-146.802	435.261	itemLotId_1	12602700	蛇玉(子)小　森
m27_00_00_00.msb	m27_00_00_00	c1260_0048	2700403	126001	蛇玉（子）・小　通常カラー/2本太い	0	-136.15865	-136.92776	435.5565	itemLotId_1	12602700	蛇玉(子)小　森
m27_00_00_00.msb	m27_00_00_00	c1260_0053	2700414	126001	蛇玉（子）・小　通常カラー/2本太い	0	-136.15865	-136.92776	435.5565	itemLotId_1	12602700	蛇玉(子)小　森
m27_00_00_00.msb	m27_00_00_00	c1260_0054	2700415	126002	蛇玉（子）・小　通常カラー/2本太い別バリ	0	-136.15865	-136.92776	435.5565	itemLotId_1	12602700	蛇玉(子)小　森
m27_00_00_00.msb	m27_00_00_00	c1260_0056	2700441	126000	蛇玉（子）・小　通常カラー/1本だけ太い	0	-181.891	-125.297	320.571	itemLotId_1	12602700	蛇玉(子)小　森
m27_00_00_00.msb	m27_00_00_00	c1260_0057	2700420	126000	蛇玉（子）・小　通常カラー/1本だけ太い	0	-134.235	-134.003	395.312	itemLotId_1	12602700	蛇玉(子)小　森
m27_00_00_00.msb	m27_00_00_00	c1260_0058	2700421	126000	蛇玉（子）・小　通常カラー/1本だけ太い	0	-131.735	-133.308	384.225	itemLotId_1	12602700	蛇玉(子)小　森
m27_00_00_00.msb	m27_00_00_00	c1260_0059	2700422	126000	蛇玉（子）・小　通常カラー/1本だけ太い	0	-134.079	-137.2245	413.541	itemLotId_1	12602700	蛇玉(子)小　森
m27_00_00_00.msb	m27_00_00_00	c1260_0060	2700423	126000	蛇玉（子）・小　通常カラー/1本だけ太い	0	-150.281	-137.05647	400.088	itemLotId_1	12602700	蛇玉(子)小　森
m27_00_00_00.msb	m27_00_00_00	c1260_0061	2700426	126001	蛇玉（子）・小　通常カラー/2本太い	0	-154.44	-135.577	462.214	itemLotId_1	12602700	蛇玉(子)小　森
m27_00_00_00.msb	m27_00_00_00	c1260_0062	2700409	126000	蛇玉（子）・小　通常カラー/1本だけ太い	0	-177.729	-127.216	351.883	itemLotId_1	12602700	蛇玉(子)小　森
m27_00_00_00.msb	m27_00_00_00	c1260_0063	2700416	126002	蛇玉（子）・小　通常カラー/2本太い別バリ	0	-141.366	-134.128	393.695	itemLotId_1	12602700	蛇玉(子)小　森
m27_00_00_00.msb	m27_00_00_00	c1260_0064	2700447	126000	蛇玉（子）・小　通常カラー/1本だけ太い	0	-201.929	-157.89	489.723	itemLotId_1	12602700	蛇玉(子)小　森
m27_00_00_00.msb	m27_00_00_00	c1260_0065	2700448	126001	蛇玉（子）・小　通常カラー/2本太い	0	-197.008	-155.608	478.755	itemLotId_1	12602700	蛇玉(子)小　森
m27_00_00_00.msb	m27_00_00_00	c1260_0066	2700433	126001	蛇玉（子）・小　通常カラー/2本太い	0	-275.053	-158.316	427.54	itemLotId_1	12602700	蛇玉(子)小　森
m27_00_00_00.msb	m27_00_00_00	c1260_0067	2700434	126002	蛇玉（子）・小　通常カラー/2本太い別バリ	0	-273.327	-158.642	421.476	itemLotId_1	12602700	蛇玉(子)小　森
m27_00_00_00.msb	m27_00_00_00	c1270_0000	2700450	127400	吸血豚　森	0	-263.518	-169.539	352.373	itemLotId_1	12702700	吸血豚　森
m27_00_00_00.msb	m27_00_00_00	c1270_0001	2700451	127400	吸血豚　森	0	-282.543	-171.763	475.227	itemLotId_1	12702700	吸血豚　森
m27_00_00_00.msb	m27_00_00_00	c1270_0002	2700452	127400	吸血豚　森	0	-240.58	-153.803	433.575	itemLotId_1	12702700	吸血豚　森
m27_00_00_00.msb	m27_00_00_00	c2000_0000	2700706	200200	処刑人　森	0	-142.304	-122.333	351.645	itemLotId_1	20002700	処刑人　森
m27_00_00_00.msb	m27_00_00_00	c2000_0004	2700705	200200	処刑人　森	0	-119.001	-50.977	216.684	itemLotId_1	20002700	処刑人　森
m27_00_00_00.msb	m27_00_00_00	c2020_0000	2700680	202006	人さらい 森マップ配置用	0	-398.09	-85.282	167.792	itemLotId_1	20202400	人さらい　聖堂街A
m27_00_00_00.msb	m27_00_00_00	c2170_0000	2700500	217000	蛇沼からの使者（頭蛇表示済）	0	-224.733	-111.166	299.927	itemLotId_1	21702700	蛇沼からの使者　森
m27_00_00_00.msb	m27_00_00_00	c2170_0001	2700501	217000	蛇沼からの使者（頭蛇表示済）	0	-224.989	-154.484	424.9153	itemLotId_1	21702700	蛇沼からの使者　森
m27_00_00_00.msb	m27_00_00_00	c2170_0002	2700503	217000	蛇沼からの使者（頭蛇表示済）	0	-127.52	-135.881	432.399	itemLotId_1	21702700	蛇沼からの使者　森
m27_00_00_00.msb	m27_00_00_00	c2170_0003	2700502	217000	蛇沼からの使者（頭蛇表示済）	0	-261.064	-160.523	437.987	itemLotId_1	21702700	蛇沼からの使者　森
m27_00_00_00.msb	m27_00_00_00	c2170_0004	2700703	217003	蛇沼からの使者（頭蛇未表示・ハット）	0	-219.179	-168.087	507.56	itemLotId_1	21702700	蛇沼からの使者　森
m27_00_00_00.msb	m27_00_00_00	c2170_0005	2700512	217002	蛇沼からの使者（頭蛇未表示・シルクハット）	0	-164.367	-147.472	450.845	itemLotId_1	21702700	蛇沼からの使者　森
m27_00_00_00.msb	m27_00_00_00	c2170_0006	2700511	217003	蛇沼からの使者（頭蛇未表示・ハット）	0	-163.051	-147.322	452.415	itemLotId_1	21702700	蛇沼からの使者　森
m27_00_00_00.msb	m27_00_00_00	c2170_0007	2700515	217002	蛇沼からの使者（頭蛇未表示・シルクハット）	0	-155.617	-135.031	375.251	itemLotId_1	21702700	蛇沼からの使者　森
m27_00_00_00.msb	m27_00_00_00	c2170_0008	2700510	217000	蛇沼からの使者（頭蛇表示済）	0	-287.74	-158.78366	344.98	itemLotId_1	21702700	蛇沼からの使者　森
m27_00_00_00.msb	m27_00_00_00	c2170_0013	2700513	217001	蛇沼からの使者（頭蛇未表示・キャップ）	0	-281.737	-103.5	324.391	itemLotId_1	21702700	蛇沼からの使者　森
m27_00_00_00.msb	m27_00_00_00	c2170_0014	2700514	217000	蛇沼からの使者（頭蛇表示済）	0	-164.509	-147.499	452.651	itemLotId_1	21702700	蛇沼からの使者　森
m27_00_00_00.msb	m27_00_00_00	c2500_0000	2700550	250070	月からの使者　森	0	-178.71	-156.071	380.17	itemLotId_1	25002700	月からの使者　森
m27_00_00_00.msb	m27_00_00_00	c2500_0001	2700551	250070	月からの使者　森	0	-192.011	-158.349	358.144	itemLotId_1	25002700	月からの使者　森
m27_00_00_00.msb	m27_00_00_00	c2500_0002	2700552	250070	月からの使者　森	0	-179.507	-155.825	381.956	itemLotId_1	25002700	月からの使者　森
m27_00_00_00.msb	m27_00_00_00	c2500_0004	2700554	250070	月からの使者　森	0	-184.64047	-154.451	398.50558	itemLotId_1	25002700	月からの使者　森
m27_00_00_00.msb	m27_00_00_00	c2500_0005	2700555	250070	月からの使者　森	0	-186.522	-155.884	370.139	itemLotId_1	25002700	月からの使者　森
m27_00_00_00.msb	m27_00_00_00	c2500_0006	2700556	250070	月からの使者　森	0	-187.221	-153.607	414.675	itemLotId_1	25002700	月からの使者　森
m27_00_00_00.msb	m27_00_00_00	c2500_0007	2700557	250070	月からの使者　森	0	-188.96	-153.87494	424.83	itemLotId_1	25002700	月からの使者　森
m27_00_00_00.msb	m27_00_00_00	c2600_0000	2700650	260060	恐ろしい群衆（松明・のこぎり）　森	0	-363.914	-98.786	248.552	itemLotId_1	26002700	恐ろしい群衆　森
m27_00_00_00.msb	m27_00_00_00	c2600_0001	2700652	260020	恐ろしい群衆（鍬）　森	0	-296.21	-112.90669	330.2	itemLotId_1	26002700	恐ろしい群衆　森
m27_00_00_00.msb	m27_00_00_00	c2600_0002	2700651	260060	恐ろしい群衆（松明・のこぎり）　森	0	-300.5996	-85.703	189.36256	itemLotId_1	26002700	恐ろしい群衆　森
m27_00_00_00.msb	m27_00_00_00	c2600_0003	2700653	260060	恐ろしい群衆（松明・のこぎり）　森	0	-266.024	-78.549	214.227	itemLotId_1	26002700	恐ろしい群衆　森
m27_00_00_00.msb	m27_00_00_00	c2600_0005	2700655	260060	恐ろしい群衆（松明・のこぎり）　森	0	-171.743	-71.65	236.159	itemLotId_1	26002700	恐ろしい群衆　森
m27_00_00_00.msb	m27_00_00_00	c2600_0008	2700133	260020	恐ろしい群衆（鍬）　森	0	-315.845	-97.174	285.136	itemLotId_1	26002700	恐ろしい群衆　森
m27_00_00_00.msb	m27_00_00_00	c2600_0009	2700659	260060	恐ろしい群衆（松明・のこぎり）　森	0	-351.994	-99.11009	166.833	itemLotId_1	26002700	恐ろしい群衆　森
m27_00_00_00.msb	m27_00_00_00	c2632_0000	2700110	263000	群衆A（大）　松明＆斧　森	0	-275.167	-87.873	208.345	itemLotId_1	10202700	群衆A松明　森
m27_00_00_00.msb	m27_00_00_00	c2632_0002	2700146	263066	群衆A（大）　油壷投擲　乱射砲台　森	0	-163.443	-61.409	219.844	itemLotId_1	10202710	群衆A投擲 油壺　森
m27_00_00_00.msb	m27_00_00_00	c2632_0003	2700103	263066	群衆A（大）　油壷投擲　乱射砲台　森	0	-264.136	-85.54177	199.722	itemLotId_1	10202710	群衆A投擲 油壺　森
m27_00_00_00.msb	m27_00_00_00	c2632_0004	2700104	263010	群衆A（大）　盾＆松明　森	0	-245.056	-80.702	191.161	itemLotId_1	10202700	群衆A松明　森
m27_00_00_00.msb	m27_00_00_00	c2632_0005	2700105	263066	群衆A（大）　油壷投擲　乱射砲台　森	0	-256.575	-85.28102	196.372	itemLotId_1	10202710	群衆A投擲 油壺　森
m27_00_00_00.msb	m27_00_00_00	c2632_0006	2700106	263000	群衆A（大）　松明＆斧　森	0	-267.527	-87.61	193.553	itemLotId_1	10202700	群衆A松明　森
m27_00_00_00.msb	m27_00_00_00	c2632_0008	2700100	263080	群衆A（大）　銃　森	0	-221.141	-75.713	221.208	itemLotId_1	10202704	群衆Aリーダー　森
m27_00_00_00.msb	m27_00_00_00	c2632_0013	2700113	263080	群衆A（大）　銃　森	0	-328.397	-98.432	177.114	itemLotId_1	10202704	群衆Aリーダー　森
m27_00_00_00.msb	m27_00_00_00	c2632_0016	2700116	263080	群衆A（大）　銃　森	0	-352.339	-99.05128	162.525	itemLotId_1	10202704	群衆Aリーダー　森
m27_00_00_00.msb	m27_00_00_00	c2632_0017	2700117	263070	群衆A（大）　長物両手（鋤）　森	0	-337.415	-97.736	160.129	itemLotId_1	10202706	群衆A盾/包丁/鎌/鋤　森
m27_00_00_00.msb	m27_00_00_00	c2632_0018	2700145	263000	群衆A（大）　松明＆斧　森	0	-377.58508	-86.792625	148.94794	itemLotId_1	10202700	群衆A松明　森
m27_00_00_00.msb	m27_00_00_00	c2632_0027	2700128	263061	群衆A（大）　火炎瓶投擲　乱射砲台　森	0	-374.2	-90.442	188.153	itemLotId_1	10202708	群衆A投擲 火炎瓶　森
m27_00_00_00.msb	m27_00_00_00	c2632_0029	2700130	263061	群衆A（大）　火炎瓶投擲　乱射砲台　森	0	-365.937	-92.245	210.996	itemLotId_1	10202708	群衆A投擲 火炎瓶　森
m27_00_00_00.msb	m27_00_00_00	c2632_0030	2700131	263081	群衆A（大）　銃　固定砲台　森	0	-355.548	-91.962	257.003	itemLotId_1	10202704	群衆Aリーダー　森
m27_00_00_00.msb	m27_00_00_00	c2632_0031	2700132	263080	群衆A（大）　銃　森	0	-330.05	-98.984	278.416	itemLotId_1	10202704	群衆Aリーダー　森
m27_00_00_00.msb	m27_00_00_00	c2632_0032	2700102	263000	群衆A（大）　松明＆斧　森	0	-355.924	-99.295	179.773	itemLotId_1	10202700	群衆A松明　森
m27_00_00_00.msb	m27_00_00_00	c2632_0033	2700134	263070	群衆A（大）　長物両手（鋤）　森	0	-315.625	-100.021	258.625	itemLotId_1	10202706	群衆A盾/包丁/鎌/鋤　森
m27_00_00_00.msb	m27_00_00_00	c2632_0034	2700135	263050	群衆A（大）　武器（鎌）　森	0	-340.87	-98.6	165.34	itemLotId_1	10202706	群衆A盾/包丁/鎌/鋤　森
m27_00_00_00.msb	m27_00_00_00	c2632_0036	2700137	263050	群衆A（大）　武器（鎌）　森	0	-302.791	-98.536	255.274	itemLotId_1	10202706	群衆A盾/包丁/鎌/鋤　森
m27_00_00_00.msb	m27_00_00_00	c2632_0037	2700138	263050	群衆A（大）　武器（鎌）　森	0	-306.695	-98.657	255.891	itemLotId_1	10202706	群衆A盾/包丁/鎌/鋤　森
m27_00_00_00.msb	m27_00_00_00	c2632_0038	2700139	263030	群衆A（大）　武器（サーベル）　森	0	-300.48145	-96.624596	274.04282	itemLotId_1	10202702	群衆Aサーベル　森
m27_00_00_00.msb	m27_00_00_00	c2632_0041	2700101	263060	群衆A（大）　火炎瓶投擲　森	0	-354.088	-99.476	178.56	itemLotId_1	10202708	群衆A投擲 火炎瓶　森
m27_00_00_00.msb	m27_00_00_00	c2632_0042	2700140	263000	群衆A（大）　松明＆斧　森	0	-348.915	-96.935	259.028	itemLotId_1	10202700	群衆A松明　森
m27_00_00_00.msb	m27_00_00_00	c2632_0045	2700141	263010	群衆A（大）　盾＆松明　森	0	-349.02	-97.01155	256.65	itemLotId_1	10202700	群衆A松明　森
m27_00_00_00.msb	m27_00_00_00	c2632_0049	2700143	263000	群衆A（大）　松明＆斧　森	0	-356.39	-92.216995	206.41	itemLotId_1	10202700	群衆A松明　森
m27_00_00_00.msb	m27_00_00_00	c2632_0051	2700111	263010	群衆A（大）　盾＆松明　森	0	-272.895	-88.532814	200.154	itemLotId_1	10202700	群衆A松明　森
m27_00_00_00.msb	m27_00_00_00	c2632_0052	2700118	263095	群衆A（大）　素手　森　汎用住人（演出用）	0	-351.80768	-90.65039	131.38377	itemLotId_1	10202706	群衆A盾/包丁/鎌/鋤　森
m27_00_00_00.msb	m27_00_00_00	c2632_0053	2700654	263000	群衆A（大）　松明＆斧　森	0	-202.886	-76.0946	238.635	itemLotId_1	10202700	群衆A松明　森
m27_00_00_00.msb	m27_00_00_00	c2632_0054	2700660	263000	群衆A（大）　松明＆斧　森	0	-353.21	-99.5971	176.74	itemLotId_1	10202700	群衆A松明　森
m27_00_00_00.msb	m27_00_00_00	c2632_0055	2700129	263061	群衆A（大）　火炎瓶投擲　乱射砲台　森	0	-368.03	-91.423	217.445	itemLotId_1	10202708	群衆A投擲 火炎瓶　森
m27_00_00_00.msb	m27_00_00_00	c2632_0056	2700127	263070	群衆A（大）　長物両手（鋤）　森	0	-381.279	-89.852	180.046	itemLotId_1	10202706	群衆A盾/包丁/鎌/鋤　森
m27_00_00_00.msb	m27_00_00_00	c2632_0057	2700126	263030	群衆A（大）　武器（サーベル）　森	0	-359.536	-90.271	196.369	itemLotId_1	10202702	群衆Aサーベル　森
m27_00_00_00.msb	m27_00_00_00	c2632_0058	2700114	263040	群衆A（大）　武器（包丁）　森	0	-329.413	-98.577	180.108	itemLotId_1	10202706	群衆A盾/包丁/鎌/鋤　森
m27_00_00_00.msb	m27_00_00_00	c2730_0000	2700750	273400	医療教会のフランケン　拳　森/聖B接続	0	-266.752	-110.979	136.583	itemLotId_1	27302720	医療教会のフランケン　炎の拳　森⇔聖B
m27_00_00_00.msb	m27_00_00_00	c2730_0001	2700751	273400	医療教会のフランケン　拳　森/聖B接続	0	-262.677	-111.345	91.103	itemLotId_1	27302720	医療教会のフランケン　炎の拳　森⇔聖B
m27_00_00_00.msb	m27_00_00_00	c2730_0002	2700752	273400	医療教会のフランケン　拳　森/聖B接続	0	-251.284	-110.967	136.472	itemLotId_1	27302720	医療教会のフランケン　炎の拳　森⇔聖B
m27_00_00_00.msb	m27_00_00_00	c5040_0000	2700756	504030	嵐の獣　感染者の乞食_変身用	270217	-297.81	-107.18	274.85	itemLotId_1	27070	感染者の乞食_死亡時ドロップアイテム
m27_00_00_00.msb	m27_00_00_00	c1180_0003	2700253	118051	さまよう狂気(小)　森	0	-290.994	-112.93982	338.692	itemLotId_1	11800510	さまよう狂気（小）　森　×
m27_00_00_00.msb	m27_00_00_00	c1250_0008	2700358	125001	蛇玉（子）　通常カラー/2本太い	0	-217.517	-151.49	406.181	itemLotId_1	12502700	蛇玉（子）　森
m27_00_00_00.msb	m27_00_00_00	c1260_0046	2700444	126000	蛇玉（子）・小　通常カラー/1本だけ太い	0	-178.128	-146.54826	437.48	itemLotId_1	12602700	蛇玉(子)小　森
m27_00_00_00.msb	m27_00_00_00	c1260_0050	2700405	126001	蛇玉（子）・小　通常カラー/2本太い	0	-136.15865	-136.92776	435.5565	itemLotId_1	12602700	蛇玉(子)小　森
m27_00_00_00.msb	m27_00_00_00	c1260_0051	2700410	126001	蛇玉（子）・小　通常カラー/2本太い	0	-136.15865	-136.92776	435.5565	itemLotId_1	12602700	蛇玉(子)小　森
m27_00_00_00.msb	m27_00_00_00	c2050_0000	2700699	205270	狂気の悪霊　SAN値　森	0	-206.357	-121.323	321.843	itemLotId_1	20527000	狂気の悪霊　SAN値　森
m27_00_00_00.msb	m27_00_00_00	c2050_0001	2700698	205270	狂気の悪霊　SAN値　森	0	-342.85	-92.289085	138.12	itemLotId_1	20527000	狂気の悪霊　SAN値　森
m27_00_00_00.msb	m27_00_00_00	c2050_0002	2700697	205270	狂気の悪霊　SAN値　森	0	-247.174	-165.334	327.205	itemLotId_1	20527000	狂気の悪霊　SAN値　森
m27_00_00_01.msb	m27_00_00_01	c0000_0004	2700755	6100	感染者の乞食	270317	-296.918	-89.923	297.392	itemLotId_1	27070	感染者の乞食_死亡時ドロップアイテム
m27_00_00_01.msb	m27_00_00_01	c1051_0000	2700710	105270	さまよう寡婦（侵入PC召喚）　森	0	-274.98	-99.17823	311.66	itemLotId_1	10527000	さまよう寡婦（侵入PC召喚）　森
m27_00_00_01.msb	m27_00_00_01	c1120_0000	2700151	112070	水死体ビースト　森【街人】	0	-359.49	-100.63246	231.6	itemLotId_1	11202700	水死体ビースト　森
m27_00_00_01.msb	m27_00_00_01	c1120_0001	2700150	112070	水死体ビースト　森【街人】	0	-372.46	-100.155	197.749	itemLotId_1	11202700	水死体ビースト　森
m27_00_00_01.msb	m27_00_00_01	c1120_0002	2700152	112070	水死体ビースト　森【街人】	0	-367.823	-100.436	213.12	itemLotId_1	11202700	水死体ビースト　森
m27_00_00_01.msb	m27_00_00_01	c1120_0003	2700153	112070	水死体ビースト　森【街人】	0	-366.022	-100.57	217.908	itemLotId_1	11202700	水死体ビースト　森
m27_00_00_01.msb	m27_00_00_01	c1120_0004	2700154	112070	水死体ビースト　森【街人】	0	-365.051	-100.07	211.01	itemLotId_1	11202700	水死体ビースト　森
m27_00_00_01.msb	m27_00_00_01	c1120_0005	2700155	112071	水死体ビースト　森【獣】	0	-296.54	-172.576	419.11	itemLotId_1	11202700	水死体ビースト　森
m27_00_00_01.msb	m27_00_00_01	c1120_0006	2700156	112071	水死体ビースト　森【獣】	0	-292.571	-172.799	441.619	itemLotId_1	11202700	水死体ビースト　森
m27_00_00_01.msb	m27_00_00_01	c1120_0007	2700161	112071	水死体ビースト　森【獣】	0	-289.561	-172.089	412.859	itemLotId_1	11202700	水死体ビースト　森
m27_00_00_01.msb	m27_00_00_01	c1120_0008	2700158	112071	水死体ビースト　森【獣】	0	-291.31	-172.446	419.496	itemLotId_1	11202700	水死体ビースト　森
m27_00_00_01.msb	m27_00_00_01	c1120_0009	2700159	112071	水死体ビースト　森【獣】	0	-298.281	-173.553	455.328	itemLotId_1	11202700	水死体ビースト　森
m27_00_00_01.msb	m27_00_00_01	c1120_0010	2700160	112071	水死体ビースト　森【獣】	0	-287.609	-173.409	446.69	itemLotId_1	11202700	水死体ビースト　森
m27_00_00_01.msb	m27_00_00_01	c1120_0011	2700162	112071	水死体ビースト　森【獣】	0	-296.471	-172.361	416.003	itemLotId_1	11202700	水死体ビースト　森
m27_00_00_01.msb	m27_00_00_01	c1170_0000	2700200	117070	屍肉烏　森	0	-351.66	-109.617	181.852	itemLotId_1	11702700	屍肉鳥　森
m27_00_00_01.msb	m27_00_00_01	c1170_0001	2700201	117070	屍肉烏　森	0	-349.653	-109.15	186.105	itemLotId_1	11702700	屍肉鳥　森
m27_00_00_01.msb	m27_00_00_01	c1170_0002	2700202	117070	屍肉烏　森	0	-354.099	-109.303	184.895	itemLotId_1	11702700	屍肉鳥　森
m27_00_00_01.msb	m27_00_00_01	c1170_0009	2700209	117070	屍肉烏　森	0	-380.083	-86.479	134.044	itemLotId_1	11702700	屍肉鳥　森
m27_00_00_01.msb	m27_00_00_01	c1170_0016	2700216	117070	屍肉烏　森	0	-367.295	-77.813	137.091	itemLotId_1	11702700	屍肉鳥　森
m27_00_00_01.msb	m27_00_00_01	c1170_0017	2700217	117070	屍肉烏　森	0	-373.799	-77.541	137.883	itemLotId_1	11702700	屍肉鳥　森
m27_00_00_01.msb	m27_00_00_01	c1170_0018	2700218	117070	屍肉烏　森	0	-368.978	-77.814	130.177	itemLotId_1	11702700	屍肉鳥　森
m27_00_00_01.msb	m27_00_00_01	c1170_0019	2700219	117070	屍肉烏　森	0	-203.97	-76.81652	250.06	itemLotId_1	11702700	屍肉鳥　森
m27_00_00_01.msb	m27_00_00_01	c1170_0020	2700220	117070	屍肉烏　森	0	-210.1	-76.29966	250.74	itemLotId_1	11702700	屍肉鳥　森
m27_00_00_01.msb	m27_00_00_01	c1170_0021	2700221	117070	屍肉烏　森	0	-291.284	-91.211	231.621	itemLotId_1	11702700	屍肉鳥　森
m27_00_00_01.msb	m27_00_00_01	c1170_0022	2700222	117070	屍肉烏　森	0	-288.059	-91.339	237.847	itemLotId_1	11702700	屍肉鳥　森
m27_00_00_01.msb	m27_00_00_01	c1170_0023	2700223	117070	屍肉烏　森	0	-289.888	-91.993	239.294	itemLotId_1	11702700	屍肉鳥　森
m27_00_00_01.msb	m27_00_00_01	c1180_0006	2700256	118052	さまよう狂気(小)　森	0	-284.919	-90.313	230.155	itemLotId_1	11800520	さまよう狂気（小）　森　○
m27_00_00_01.msb	m27_00_00_01	c1240_0000	2700300	124500	狂犬　森	0	-263.19	-85.42	199.441	itemLotId_1	12402700	狂犬　森
m27_00_00_01.msb	m27_00_00_01	c1240_0001	2700301	124501	狂犬　森　檻の中用	0	-357.919	-88.678	128.941	itemLotId_1	12402700	狂犬　森
m27_00_00_01.msb	m27_00_00_01	c1240_0002	2700302	124501	狂犬　森　檻の中用	0	-365.651	-87.647	129.802	itemLotId_1	12402700	狂犬　森
m27_00_00_01.msb	m27_00_00_01	c1240_0004	2700308	124501	狂犬　森　檻の中用	0	-362.83	-87.57	125.14	itemLotId_1	12402700	狂犬　森
m27_00_00_01.msb	m27_00_00_01	c1240_0005	2700309	124501	狂犬　森　檻の中用	0	-371.01	-86.57	121.94	itemLotId_1	12402700	狂犬　森
m27_00_00_01.msb	m27_00_00_01	c1240_0008	2700320	124500	狂犬　森	0	-387.336	-84.962	153.969	itemLotId_1	12402700	狂犬　森
m27_00_00_01.msb	m27_00_00_01	c1240_0009	2700305	124500	狂犬　森	0	-261.14	-85.496	199.058	itemLotId_1	12402700	狂犬　森
m27_00_00_01.msb	m27_00_00_01	c1240_0010	2700321	124500	狂犬　森	0	-400.69	-84.431	155.2	itemLotId_1	12402700	狂犬　森
m27_00_00_01.msb	m27_00_00_01	c1250_0001	2700351	125001	蛇玉（子）　通常カラー/2本太い	0	-253.638	-158.679	466.285	itemLotId_1	12502700	蛇玉（子）　森
m27_00_00_01.msb	m27_00_00_01	c1250_0002	2700352	125001	蛇玉（子）　通常カラー/2本太い	0	-164.325	-136.825	467.416	itemLotId_1	12502700	蛇玉（子）　森
m27_00_00_01.msb	m27_00_00_01	c1250_0003	2700359	125001	蛇玉（子）　通常カラー/2本太い	0	-193.96	-158.165	492.21	itemLotId_1	12502700	蛇玉（子）　森
m27_00_00_01.msb	m27_00_00_01	c1250_0004	2700354	125002	蛇玉（子）　通常カラー/2本太い別バリ	0	-187.94	-155.828	451.397	itemLotId_1	12502700	蛇玉（子）　森
m27_00_00_01.msb	m27_00_00_01	c1250_0005	2700700	125001	蛇玉（子）　通常カラー/2本太い	0	-179.029	-146.109	446.017	itemLotId_1	12502700	蛇玉（子）　森
m27_00_00_01.msb	m27_00_00_01	c1250_0006	2700356	125001	蛇玉（子）　通常カラー/2本太い	0	-184.335	-155.492	449.45	itemLotId_1	12502700	蛇玉（子）　森
m27_00_00_01.msb	m27_00_00_01	c1260_0000	2700417	126001	蛇玉（子）・小　通常カラー/2本太い	0	-141.923	-132.513	375.886	itemLotId_1	12602700	蛇玉(子)小　森
m27_00_00_01.msb	m27_00_00_01	c1260_0001	2700401	126001	蛇玉（子）・小　通常カラー/2本太い	0	-175.06	-145.824	431.828	itemLotId_1	12602700	蛇玉(子)小　森
m27_00_00_01.msb	m27_00_00_01	c1260_0002	2700402	126000	蛇玉（子）・小　通常カラー/1本だけ太い	0	-167.123	-129.524	367.37	itemLotId_1	12602700	蛇玉(子)小　森
m27_00_00_01.msb	m27_00_00_01	c1260_0003	2700418	126000	蛇玉（子）・小　通常カラー/1本だけ太い	0	-139.246	-129.163	359.612	itemLotId_1	12602700	蛇玉(子)小　森
m27_00_00_01.msb	m27_00_00_01	c1260_0004	2700419	126002	蛇玉（子）・小　通常カラー/2本太い別バリ	0	-135.369	-130.843	366.572	itemLotId_1	12602700	蛇玉(子)小　森
m27_00_00_01.msb	m27_00_00_01	c1260_0005	2700435	126000	蛇玉（子）・小　通常カラー/1本だけ太い	0	-174.835	-143.838	425.342	itemLotId_1	12602700	蛇玉(子)小　森
m27_00_00_01.msb	m27_00_00_01	c1260_0006	2700406	126002	蛇玉（子）・小　通常カラー/2本太い別バリ	0	-222.13	-156.57	440.89	itemLotId_1	12602700	蛇玉(子)小　森
m27_00_00_01.msb	m27_00_00_01	c1260_0007	2700407	126001	蛇玉（子）・小　通常カラー/2本太い	0	-172.349	-127.14	348.445	itemLotId_1	12602700	蛇玉(子)小　森
m27_00_00_01.msb	m27_00_00_01	c1260_0008	2700408	126001	蛇玉（子）・小　通常カラー/2本太い	0	-138.94	-136.692	413.199	itemLotId_1	12602700	蛇玉(子)小　森
m27_00_00_01.msb	m27_00_00_01	c1260_0009	2700413	126001	蛇玉（子）・小　通常カラー/2本太い	0	-136.15865	-136.92776	435.5565	itemLotId_1	12602700	蛇玉(子)小　森
m27_00_00_01.msb	m27_00_00_01	c1260_0011	2700411	126001	蛇玉（子）・小　通常カラー/2本太い	0	-171.615	-128.359	362.439	itemLotId_1	12602700	蛇玉(子)小　森
m27_00_00_01.msb	m27_00_00_01	c1260_0012	2700412	126002	蛇玉（子）・小　通常カラー/2本太い別バリ	0	-131.966	-136.034	437.05	itemLotId_1	12602700	蛇玉(子)小　森
m27_00_00_01.msb	m27_00_00_01	c1260_0013	2700400	126002	蛇玉（子）・小　通常カラー/2本太い別バリ	0	-136.15865	-136.92776	435.5565	itemLotId_1	12602700	蛇玉(子)小　森
m27_00_00_01.msb	m27_00_00_01	c1260_0014	2700425	126001	蛇玉（子）・小　通常カラー/2本太い	0	-126.38	-136.01	443.565	itemLotId_1	12602700	蛇玉(子)小　森
m27_00_00_01.msb	m27_00_00_01	c1260_0015	2700424	126002	蛇玉（子）・小　通常カラー/2本太い別バリ	0	-141.366	-134.128	393.695	itemLotId_1	12602700	蛇玉(子)小　森
m27_00_00_01.msb	m27_00_00_01	c1260_0016	2700431	126001	蛇玉（子）・小　通常カラー/2本太い	0	-141.923	-132.513	375.886	itemLotId_1	12602700	蛇玉(子)小　森
m27_00_00_01.msb	m27_00_00_01	c1260_0017	2700428	126000	蛇玉（子）・小　通常カラー/1本だけ太い	0	-167.468	-131.903	378.91	itemLotId_1	12602700	蛇玉(子)小　森
m27_00_00_01.msb	m27_00_00_01	c1260_0018	2700429	126001	蛇玉（子）・小　通常カラー/2本太い	0	-144.916	-133.185	450.165	itemLotId_1	12602700	蛇玉(子)小　森
m27_00_00_01.msb	m27_00_00_01	c1260_0019	2700430	126001	蛇玉（子）・小　通常カラー/2本太い	0	-180.798	-146.345	433.009	itemLotId_1	12602700	蛇玉(子)小　森
m27_00_00_01.msb	m27_00_00_01	c1260_0020	2700405	126001	蛇玉（子）・小　通常カラー/2本太い	0	-155.94	-129.19	347.29	itemLotId_1	12602700	蛇玉(子)小　森
m27_00_00_01.msb	m27_00_00_01	c1260_0027	2700427	126000	蛇玉（子）・小　通常カラー/1本だけ太い	0	-179.74	-135.297	414.831	itemLotId_1	12602700	蛇玉(子)小　森
m27_00_00_01.msb	m27_00_00_01	c1260_0029	2700432	126002	蛇玉（子）・小　通常カラー/2本太い別バリ	0	-228.88	-156.34	408.44	itemLotId_1	12602700	蛇玉(子)小　森
m27_00_00_01.msb	m27_00_00_01	c1260_0030	2700442	126001	蛇玉（子）・小　通常カラー/2本太い	0	-234.17	-156.51	413.26	itemLotId_1	12602700	蛇玉(子)小　森
m27_00_00_01.msb	m27_00_00_01	c1260_0031	2700445	126001	蛇玉（子）・小　通常カラー/2本太い	0	-197.03	-157.45215	491.75	itemLotId_1	12602700	蛇玉(子)小　森
m27_00_00_01.msb	m27_00_00_01	c1260_0032	2700446	126002	蛇玉（子）・小　通常カラー/2本太い別バリ	0	-195.924	-156.954	485.553	itemLotId_1	12602700	蛇玉(子)小　森
m27_00_00_01.msb	m27_00_00_01	c1260_0033	2700440	126001	蛇玉（子）・小　通常カラー/2本太い	0	-177.465	-126.775	330.489	itemLotId_1	12602700	蛇玉(子)小　森
m27_00_00_01.msb	m27_00_00_01	c1260_0038	2700437	126001	蛇玉（子）・小　通常カラー/2本太い	0	-269.634	-159.084	443.946	itemLotId_1	12602700	蛇玉(子)小　森
m27_00_00_01.msb	m27_00_00_01	c1260_0039	2700438	126002	蛇玉（子）・小　通常カラー/2本太い別バリ	0	-273.447	-158.878	449.147	itemLotId_1	12602700	蛇玉(子)小　森
m27_00_00_01.msb	m27_00_00_01	c1260_0045	2700443	126001	蛇玉（子）・小　通常カラー/2本太い	0	-182.991	-146.802	435.261	itemLotId_1	12602700	蛇玉(子)小　森
m27_00_00_01.msb	m27_00_00_01	c1260_0048	2700403	126001	蛇玉（子）・小　通常カラー/2本太い	0	-136.15865	-136.92776	435.5565	itemLotId_1	12602700	蛇玉(子)小　森
m27_00_00_01.msb	m27_00_00_01	c1260_0053	2700414	126001	蛇玉（子）・小　通常カラー/2本太い	0	-136.15865	-136.92776	435.5565	itemLotId_1	12602700	蛇玉(子)小　森
m27_00_00_01.msb	m27_00_00_01	c1260_0054	2700415	126002	蛇玉（子）・小　通常カラー/2本太い別バリ	0	-136.15865	-136.92776	435.5565	itemLotId_1	12602700	蛇玉(子)小　森
m27_00_00_01.msb	m27_00_00_01	c1260_0056	2700441	126000	蛇玉（子）・小　通常カラー/1本だけ太い	0	-181.891	-125.297	320.571	itemLotId_1	12602700	蛇玉(子)小　森
m27_00_00_01.msb	m27_00_00_01	c1260_0057	2700420	126000	蛇玉（子）・小　通常カラー/1本だけ太い	0	-134.235	-134.003	395.312	itemLotId_1	12602700	蛇玉(子)小　森
m27_00_00_01.msb	m27_00_00_01	c1260_0058	2700421	126000	蛇玉（子）・小　通常カラー/1本だけ太い	0	-131.735	-133.308	384.225	itemLotId_1	12602700	蛇玉(子)小　森
m27_00_00_01.msb	m27_00_00_01	c1260_0059	2700422	126000	蛇玉（子）・小　通常カラー/1本だけ太い	0	-134.079	-137.2245	413.541	itemLotId_1	12602700	蛇玉(子)小　森
m27_00_00_01.msb	m27_00_00_01	c1260_0060	2700423	126000	蛇玉（子）・小　通常カラー/1本だけ太い	0	-150.281	-137.05647	400.088	itemLotId_1	12602700	蛇玉(子)小　森
m27_00_00_01.msb	m27_00_00_01	c1260_0061	2700426	126001	蛇玉（子）・小　通常カラー/2本太い	0	-154.44	-135.577	462.214	itemLotId_1	12602700	蛇玉(子)小　森
m27_00_00_01.msb	m27_00_00_01	c1260_0062	2700409	126000	蛇玉（子）・小　通常カラー/1本だけ太い	0	-177.729	-127.216	351.883	itemLotId_1	12602700	蛇玉(子)小　森
m27_00_00_01.msb	m27_00_00_01	c1260_0063	2700416	126002	蛇玉（子）・小　通常カラー/2本太い別バリ	0	-141.366	-134.128	393.695	itemLotId_1	12602700	蛇玉(子)小　森
m27_00_00_01.msb	m27_00_00_01	c1260_0064	2700447	126000	蛇玉（子）・小　通常カラー/1本だけ太い	0	-201.929	-157.89	489.723	itemLotId_1	12602700	蛇玉(子)小　森
m27_00_00_01.msb	m27_00_00_01	c1260_0065	2700448	126001	蛇玉（子）・小　通常カラー/2本太い	0	-197.008	-155.608	478.755	itemLotId_1	12602700	蛇玉(子)小　森
m27_00_00_01.msb	m27_00_00_01	c1260_0066	2700433	126001	蛇玉（子）・小　通常カラー/2本太い	0	-275.053	-158.316	427.54	itemLotId_1	12602700	蛇玉(子)小　森
m27_00_00_01.msb	m27_00_00_01	c1260_0067	2700434	126002	蛇玉（子）・小　通常カラー/2本太い別バリ	0	-273.327	-158.642	421.476	itemLotId_1	12602700	蛇玉(子)小　森
m27_00_00_01.msb	m27_00_00_01	c1270_0000	2700450	127400	吸血豚　森	0	-263.518	-169.539	352.373	itemLotId_1	12702700	吸血豚　森
m27_00_00_01.msb	m27_00_00_01	c1270_0001	2700451	127400	吸血豚　森	0	-282.543	-171.763	475.227	itemLotId_1	12702700	吸血豚　森
m27_00_00_01.msb	m27_00_00_01	c1270_0002	2700452	127400	吸血豚　森	0	-240.58	-153.803	433.575	itemLotId_1	12702700	吸血豚　森
m27_00_00_01.msb	m27_00_00_01	c2000_0000	2700706	200200	処刑人　森	0	-142.304	-122.333	351.645	itemLotId_1	20002700	処刑人　森
m27_00_00_01.msb	m27_00_00_01	c2000_0004	2700705	200200	処刑人　森	0	-119.001	-50.977	216.684	itemLotId_1	20002700	処刑人　森
m27_00_00_01.msb	m27_00_00_01	c2020_0000	2700680	202006	人さらい 森マップ配置用	0	-398.09	-85.282	167.792	itemLotId_1	20202400	人さらい　聖堂街A
m27_00_00_01.msb	m27_00_00_01	c2170_0000	2700500	217000	蛇沼からの使者（頭蛇表示済）	0	-224.733	-111.166	299.927	itemLotId_1	21702700	蛇沼からの使者　森
m27_00_00_01.msb	m27_00_00_01	c2170_0001	2700501	217000	蛇沼からの使者（頭蛇表示済）	0	-224.989	-154.484	424.9153	itemLotId_1	21702700	蛇沼からの使者　森
m27_00_00_01.msb	m27_00_00_01	c2170_0002	2700503	217000	蛇沼からの使者（頭蛇表示済）	0	-127.52	-135.881	432.399	itemLotId_1	21702700	蛇沼からの使者　森
m27_00_00_01.msb	m27_00_00_01	c2170_0003	2700502	217000	蛇沼からの使者（頭蛇表示済）	0	-261.064	-160.523	437.987	itemLotId_1	21702700	蛇沼からの使者　森
m27_00_00_01.msb	m27_00_00_01	c2170_0004	2700703	217003	蛇沼からの使者（頭蛇未表示・ハット）	0	-219.179	-168.087	507.56	itemLotId_1	21702700	蛇沼からの使者　森
m27_00_00_01.msb	m27_00_00_01	c2170_0005	2700512	217002	蛇沼からの使者（頭蛇未表示・シルクハット）	0	-164.367	-147.472	450.845	itemLotId_1	21702700	蛇沼からの使者　森
m27_00_00_01.msb	m27_00_00_01	c2170_0006	2700511	217003	蛇沼からの使者（頭蛇未表示・ハット）	0	-163.051	-147.322	452.415	itemLotId_1	21702700	蛇沼からの使者　森
m27_00_00_01.msb	m27_00_00_01	c2170_0007	2700515	217002	蛇沼からの使者（頭蛇未表示・シルクハット）	0	-155.617	-135.031	375.251	itemLotId_1	21702700	蛇沼からの使者　森
m27_00_00_01.msb	m27_00_00_01	c2170_0008	2700510	217000	蛇沼からの使者（頭蛇表示済）	0	-287.74	-158.78366	344.98	itemLotId_1	21702700	蛇沼からの使者　森
m27_00_00_01.msb	m27_00_00_01	c2170_0013	2700513	217001	蛇沼からの使者（頭蛇未表示・キャップ）	0	-281.737	-103.5	324.391	itemLotId_1	21702700	蛇沼からの使者　森
m27_00_00_01.msb	m27_00_00_01	c2170_0014	2700514	217000	蛇沼からの使者（頭蛇表示済）	0	-164.509	-147.499	452.651	itemLotId_1	21702700	蛇沼からの使者　森
m27_00_00_01.msb	m27_00_00_01	c2500_0000	2700550	250070	月からの使者　森	0	-178.71	-156.071	380.17	itemLotId_1	25002700	月からの使者　森
m27_00_00_01.msb	m27_00_00_01	c2500_0001	2700551	250070	月からの使者　森	0	-192.011	-158.349	358.144	itemLotId_1	25002700	月からの使者　森
m27_00_00_01.msb	m27_00_00_01	c2500_0002	2700552	250070	月からの使者　森	0	-179.507	-155.825	381.956	itemLotId_1	25002700	月からの使者　森
m27_00_00_01.msb	m27_00_00_01	c2500_0004	2700554	250070	月からの使者　森	0	-184.64047	-154.451	398.50558	itemLotId_1	25002700	月からの使者　森
m27_00_00_01.msb	m27_00_00_01	c2500_0005	2700555	250070	月からの使者　森	0	-186.522	-155.884	370.139	itemLotId_1	25002700	月からの使者　森
m27_00_00_01.msb	m27_00_00_01	c2500_0006	2700556	250070	月からの使者　森	0	-187.221	-153.607	414.675	itemLotId_1	25002700	月からの使者　森
m27_00_00_01.msb	m27_00_00_01	c2500_0007	2700557	250070	月からの使者　森	0	-188.96	-153.87494	424.83	itemLotId_1	25002700	月からの使者　森
m27_00_00_01.msb	m27_00_00_01	c2600_0000	2700650	260060	恐ろしい群衆（松明・のこぎり）　森	0	-363.914	-98.786	248.552	itemLotId_1	26002700	恐ろしい群衆　森
m27_00_00_01.msb	m27_00_00_01	c2600_0001	2700652	260020	恐ろしい群衆（鍬）　森	0	-296.21	-112.90669	330.2	itemLotId_1	26002700	恐ろしい群衆　森
m27_00_00_01.msb	m27_00_00_01	c2600_0002	2700651	260060	恐ろしい群衆（松明・のこぎり）　森	0	-300.5996	-85.703	189.36256	itemLotId_1	26002700	恐ろしい群衆　森
m27_00_00_01.msb	m27_00_00_01	c2600_0003	2700653	260060	恐ろしい群衆（松明・のこぎり）　森	0	-266.024	-78.549	214.227	itemLotId_1	26002700	恐ろしい群衆　森
m27_00_00_01.msb	m27_00_00_01	c2600_0005	2700655	260060	恐ろしい群衆（松明・のこぎり）　森	0	-171.743	-71.65	236.159	itemLotId_1	26002700	恐ろしい群衆　森
m27_00_00_01.msb	m27_00_00_01	c2600_0008	2700133	260020	恐ろしい群衆（鍬）　森	0	-315.845	-97.174	285.136	itemLotId_1	26002700	恐ろしい群衆　森
m27_00_00_01.msb	m27_00_00_01	c2600_0009	2700659	260060	恐ろしい群衆（松明・のこぎり）　森	0	-351.994	-99.11009	166.833	itemLotId_1	26002700	恐ろしい群衆　森
m27_00_00_01.msb	m27_00_00_01	c2632_0000	2700110	263000	群衆A（大）　松明＆斧　森	0	-275.167	-87.873	208.345	itemLotId_1	10202700	群衆A松明　森
m27_00_00_01.msb	m27_00_00_01	c2632_0002	2700146	263066	群衆A（大）　油壷投擲　乱射砲台　森	0	-163.443	-61.409	219.844	itemLotId_1	10202710	群衆A投擲 油壺　森
m27_00_00_01.msb	m27_00_00_01	c2632_0003	2700103	263066	群衆A（大）　油壷投擲　乱射砲台　森	0	-264.136	-85.54177	199.722	itemLotId_1	10202710	群衆A投擲 油壺　森
m27_00_00_01.msb	m27_00_00_01	c2632_0004	2700104	263010	群衆A（大）　盾＆松明　森	0	-245.056	-80.702	191.161	itemLotId_1	10202700	群衆A松明　森
m27_00_00_01.msb	m27_00_00_01	c2632_0005	2700105	263066	群衆A（大）　油壷投擲　乱射砲台　森	0	-256.575	-85.28102	196.372	itemLotId_1	10202710	群衆A投擲 油壺　森
m27_00_00_01.msb	m27_00_00_01	c2632_0006	2700106	263000	群衆A（大）　松明＆斧　森	0	-267.527	-87.61	193.553	itemLotId_1	10202700	群衆A松明　森
m27_00_00_01.msb	m27_00_00_01	c2632_0008	2700100	263080	群衆A（大）　銃　森	0	-221.141	-75.713	221.208	itemLotId_1	10202704	群衆Aリーダー　森
m27_00_00_01.msb	m27_00_00_01	c2632_0013	2700113	263080	群衆A（大）　銃　森	0	-328.397	-98.432	177.114	itemLotId_1	10202704	群衆Aリーダー　森
m27_00_00_01.msb	m27_00_00_01	c2632_0016	2700116	263080	群衆A（大）　銃　森	0	-352.339	-99.05128	162.525	itemLotId_1	10202704	群衆Aリーダー　森
m27_00_00_01.msb	m27_00_00_01	c2632_0017	2700117	263070	群衆A（大）　長物両手（鋤）　森	0	-337.415	-97.736	160.129	itemLotId_1	10202706	群衆A盾/包丁/鎌/鋤　森
m27_00_00_01.msb	m27_00_00_01	c2632_0018	2700145	263000	群衆A（大）　松明＆斧　森	0	-377.58508	-86.792625	148.94794	itemLotId_1	10202700	群衆A松明　森
m27_00_00_01.msb	m27_00_00_01	c2632_0027	2700128	263061	群衆A（大）　火炎瓶投擲　乱射砲台　森	0	-374.2	-90.442	188.153	itemLotId_1	10202708	群衆A投擲 火炎瓶　森
m27_00_00_01.msb	m27_00_00_01	c2632_0029	2700130	263061	群衆A（大）　火炎瓶投擲　乱射砲台　森	0	-365.937	-92.245	210.996	itemLotId_1	10202708	群衆A投擲 火炎瓶　森
m27_00_00_01.msb	m27_00_00_01	c2632_0030	2700131	263081	群衆A（大）　銃　固定砲台　森	0	-355.548	-91.962	257.003	itemLotId_1	10202704	群衆Aリーダー　森
m27_00_00_01.msb	m27_00_00_01	c2632_0031	2700132	263080	群衆A（大）　銃　森	0	-330.05	-98.984	278.416	itemLotId_1	10202704	群衆Aリーダー　森
m27_00_00_01.msb	m27_00_00_01	c2632_0032	2700102	263000	群衆A（大）　松明＆斧　森	0	-355.924	-99.295	179.773	itemLotId_1	10202700	群衆A松明　森
m27_00_00_01.msb	m27_00_00_01	c2632_0033	2700134	263070	群衆A（大）　長物両手（鋤）　森	0	-315.625	-100.021	258.625	itemLotId_1	10202706	群衆A盾/包丁/鎌/鋤　森
m27_00_00_01.msb	m27_00_00_01	c2632_0034	2700135	263050	群衆A（大）　武器（鎌）　森	0	-340.87	-98.6	165.34	itemLotId_1	10202706	群衆A盾/包丁/鎌/鋤　森
m27_00_00_01.msb	m27_00_00_01	c2632_0036	2700137	263050	群衆A（大）　武器（鎌）　森	0	-302.791	-98.536	255.274	itemLotId_1	10202706	群衆A盾/包丁/鎌/鋤　森
m27_00_00_01.msb	m27_00_00_01	c2632_0037	2700138	263050	群衆A（大）　武器（鎌）　森	0	-306.695	-98.657	255.891	itemLotId_1	10202706	群衆A盾/包丁/鎌/鋤　森
m27_00_00_01.msb	m27_00_00_01	c2632_0038	2700139	263030	群衆A（大）　武器（サーベル）　森	0	-300.48145	-96.624596	274.04282	itemLotId_1	10202702	群衆Aサーベル　森
m27_00_00_01.msb	m27_00_00_01	c2632_0041	2700101	263060	群衆A（大）　火炎瓶投擲　森	0	-354.088	-99.476	178.56	itemLotId_1	10202708	群衆A投擲 火炎瓶　森
m27_00_00_01.msb	m27_00_00_01	c2632_0042	2700140	263000	群衆A（大）　松明＆斧　森	0	-348.915	-96.935	259.028	itemLotId_1	10202700	群衆A松明　森
m27_00_00_01.msb	m27_00_00_01	c2632_0045	2700141	263010	群衆A（大）　盾＆松明　森	0	-349.02	-97.01155	256.65	itemLotId_1	10202700	群衆A松明　森
m27_00_00_01.msb	m27_00_00_01	c2632_0049	2700143	263000	群衆A（大）　松明＆斧　森	0	-356.39	-92.216995	206.41	itemLotId_1	10202700	群衆A松明　森
m27_00_00_01.msb	m27_00_00_01	c2632_0051	2700111	263010	群衆A（大）　盾＆松明　森	0	-272.895	-88.532814	200.154	itemLotId_1	10202700	群衆A松明　森
m27_00_00_01.msb	m27_00_00_01	c2632_0052	2700118	263095	群衆A（大）　素手　森　汎用住人（演出用）	0	-351.80768	-90.65039	131.38377	itemLotId_1	10202706	群衆A盾/包丁/鎌/鋤　森
m27_00_00_01.msb	m27_00_00_01	c2632_0053	2700654	263000	群衆A（大）　松明＆斧　森	0	-202.886	-76.0946	238.635	itemLotId_1	10202700	群衆A松明　森
m27_00_00_01.msb	m27_00_00_01	c2632_0054	2700660	263000	群衆A（大）　松明＆斧　森	0	-353.21	-99.5971	176.74	itemLotId_1	10202700	群衆A松明　森
m27_00_00_01.msb	m27_00_00_01	c2632_0055	2700129	263061	群衆A（大）　火炎瓶投擲　乱射砲台　森	0	-368.03	-91.423	217.445	itemLotId_1	10202708	群衆A投擲 火炎瓶　森
m27_00_00_01.msb	m27_00_00_01	c2632_0056	2700127	263070	群衆A（大）　長物両手（鋤）　森	0	-381.279	-89.852	180.046	itemLotId_1	10202706	群衆A盾/包丁/鎌/鋤　森
m27_00_00_01.msb	m27_00_00_01	c2632_0057	2700126	263030	群衆A（大）　武器（サーベル）　森	0	-359.536	-90.271	196.369	itemLotId_1	10202702	群衆Aサーベル　森
m27_00_00_01.msb	m27_00_00_01	c2632_0058	2700114	263040	群衆A（大）　武器（包丁）　森	0	-329.413	-98.577	180.108	itemLotId_1	10202706	群衆A盾/包丁/鎌/鋤　森
m27_00_00_01.msb	m27_00_00_01	c2730_0000	2700750	273400	医療教会のフランケン　拳　森/聖B接続	0	-266.752	-110.979	136.583	itemLotId_1	27302720	医療教会のフランケン　炎の拳　森⇔聖B
m27_00_00_01.msb	m27_00_00_01	c2730_0001	2700751	273400	医療教会のフランケン　拳　森/聖B接続	0	-262.677	-111.345	91.103	itemLotId_1	27302720	医療教会のフランケン　炎の拳　森⇔聖B
m27_00_00_01.msb	m27_00_00_01	c2730_0002	2700752	273400	医療教会のフランケン　拳　森/聖B接続	0	-251.284	-110.967	136.472	itemLotId_1	27302720	医療教会のフランケン　炎の拳　森⇔聖B
m27_00_00_01.msb	m27_00_00_01	c5040_0000	2700756	504030	嵐の獣　感染者の乞食_変身用	270217	-297.81	-107.18	274.85	itemLotId_1	27070	感染者の乞食_死亡時ドロップアイテム
m27_00_00_01.msb	m27_00_00_01	c1180_0003	2700253	118051	さまよう狂気(小)　森	0	-290.994	-112.93982	338.692	itemLotId_1	11800510	さまよう狂気（小）　森　×
m27_00_00_01.msb	m27_00_00_01	c1250_0008	2700358	125001	蛇玉（子）　通常カラー/2本太い	0	-217.517	-151.49	406.181	itemLotId_1	12502700	蛇玉（子）　森
m27_00_00_01.msb	m27_00_00_01	c1260_0046	2700444	126000	蛇玉（子）・小　通常カラー/1本だけ太い	0	-178.128	-146.54826	437.48	itemLotId_1	12602700	蛇玉(子)小　森
m27_00_00_01.msb	m27_00_00_01	c1260_0050	2700405	126001	蛇玉（子）・小　通常カラー/2本太い	0	-136.15865	-136.92776	435.5565	itemLotId_1	12602700	蛇玉(子)小　森
m27_00_00_01.msb	m27_00_00_01	c1260_0051	2700410	126001	蛇玉（子）・小　通常カラー/2本太い	0	-136.15865	-136.92776	435.5565	itemLotId_1	12602700	蛇玉(子)小　森
m27_00_00_01.msb	m27_00_00_01	c2050_0000	2700699	205270	狂気の悪霊　SAN値　森	0	-206.357	-121.323	321.843	itemLotId_1	20527000	狂気の悪霊　SAN値　森
m27_00_00_01.msb	m27_00_00_01	c2050_0001	2700698	205270	狂気の悪霊　SAN値　森	0	-342.85	-92.289085	138.12	itemLotId_1	20527000	狂気の悪霊　SAN値　森
m27_00_00_01.msb	m27_00_00_01	c2050_0002	2700697	205270	狂気の悪霊　SAN値　森	0	-247.174	-165.334	327.205	itemLotId_1	20527000	狂気の悪霊　SAN値　森
m28_00_00_00.msb	m28_00_00_00	c0000_0002	2800671	6140	囚われの尼僧（初回生贄）	0	282.53	-101.81	26.809998	itemLotId_1	32030	囚われの尼僧_死亡時ドロップアイテム
m28_00_00_00.msb	m28_00_00_00	c0000_0005	2800670	6140	囚われの尼僧（初回生贄）	280322	272.8	-126.37	-69.7	itemLotId_1	32030	囚われの尼僧_死亡時ドロップアイテム
m28_00_00_00.msb	m28_00_00_00	c0000_0010	2800700	6340	生贄のNPC１	0	244	-102.9	-64.5	itemLotId_1	51000	敵NPC_生贄の3人衆Aのドロップアイテム（裸）
m28_00_00_00.msb	m28_00_00_00	c0000_0011	2800701	6350	生贄のNPC２	0	257.4	-102.38	-49.699997	itemLotId_1	52000	敵NPC_生贄の3人衆Bのドロップアイテム（大筒）
m28_00_00_00.msb	m28_00_00_00	c0000_0011	2800701	6350	生贄のNPC２	0	257.4	-102.38	-49.699997	itemLotId_2	52001	
m28_00_00_00.msb	m28_00_00_00	c0000_0012	2800702	6360	生贄のNPC３	0	226.7	-106.98	-84.899994	itemLotId_1	53000	敵NPC_生贄の3人衆Cのドロップアイテム（火炎放射器）
m28_00_00_00.msb	m28_00_00_00	c1001_0000	2800540	100100	腐れ猟犬　生贄	0	313.4	-102.17	-145.79999	itemLotId_1	10010000	腐れ猟犬　生贄
m28_00_00_00.msb	m28_00_00_00	c1001_0001	2800541	100100	腐れ猟犬　生贄	0	238.8	-90.39	-41.800003	itemLotId_1	10010000	腐れ猟犬　生贄
m28_00_00_00.msb	m28_00_00_00	c1001_0002	2800542	100100	腐れ猟犬　生贄	0	244.9	-114.47	-57.399994	itemLotId_1	10010000	腐れ猟犬　生贄
m28_00_00_00.msb	m28_00_00_00	c1001_0003	2800543	100100	腐れ猟犬　生贄	0	200.9	-113.41	-93.100006	itemLotId_1	10010000	腐れ猟犬　生贄
m28_00_00_00.msb	m28_00_00_00	c1001_0004	2800544	100100	腐れ猟犬　生贄	0	294.1	-111.4	-152.4	itemLotId_1	10010000	腐れ猟犬　生贄
m28_00_00_00.msb	m28_00_00_00	c1050_0000	2800500	105800	さまよう寡婦　生贄	0	314.8	-64.99	31.300003	itemLotId_1	10502800	さまよう寡婦　生贄
m28_00_00_00.msb	m28_00_00_00	c1050_0001	2800501	105800	さまよう寡婦　生贄	0	334.9	-71.119995	4.599998	itemLotId_1	10502800	さまよう寡婦　生贄
m28_00_00_00.msb	m28_00_00_00	c1050_0002	2800502	105800	さまよう寡婦　生贄	0	334.3	-85.31	-30.5	itemLotId_1	10502800	さまよう寡婦　生贄
m28_00_00_00.msb	m28_00_00_00	c1050_0003	2800503	105800	さまよう寡婦　生贄	0	257.1	-96.66	-104.600006	itemLotId_1	10502800	さまよう寡婦　生贄
m28_00_00_00.msb	m28_00_00_00	c1050_0004	2800504	105800	さまよう寡婦　生贄	0	252	-97.869995	13.900002	itemLotId_1	10502800	さまよう寡婦　生贄
m28_00_00_00.msb	m28_00_00_00	c1050_0005	2800505	105800	さまよう寡婦　生贄	0	357.1	-96.15	-163.20001	itemLotId_1	10502800	さまよう寡婦　生贄
m28_00_00_00.msb	m28_00_00_00	c1050_0009	2800509	105800	さまよう寡婦　生贄	0	255	-137.5	120.5	itemLotId_1	10502800	さまよう寡婦　生贄
m28_00_00_00.msb	m28_00_00_00	c1050_0110	2800520	105810	さまよう寡婦　生贄　ボスおとも	0	392.3	-113.71	-249.6	itemLotId_1	10502810	さまよう寡婦　ボスおとも
m28_00_00_00.msb	m28_00_00_00	c1050_0112	2800522	105810	さまよう寡婦　生贄　ボスおとも	0	385.4	-111.66	-243.20001	itemLotId_1	10502810	さまよう寡婦　ボスおとも
m28_00_00_00.msb	m28_00_00_00	c1050_0114	2800524	105810	さまよう寡婦　生贄　ボスおとも	0	377	-114.5	-233.5	itemLotId_1	10502810	さまよう寡婦　ボスおとも
m28_00_00_00.msb	m28_00_00_00	c1050_0115	2800525	105810	さまよう寡婦　生贄　ボスおとも	0	402.1	-113.76	-213.79999	itemLotId_1	10502810	さまよう寡婦　ボスおとも
m28_00_00_00.msb	m28_00_00_00	c1050_0117	2800527	105810	さまよう寡婦　生贄　ボスおとも	0	408.6	-111.72	-220	itemLotId_1	10502810	さまよう寡婦　ボスおとも
m28_00_00_00.msb	m28_00_00_00	c1050_0119	2800529	105810	さまよう寡婦　生贄　ボスおとも	0	419.8	-113.76	-231.5	itemLotId_1	10502810	さまよう寡婦　ボスおとも
m28_00_00_00.msb	m28_00_00_00	c1051_0000	2800710	105280	さまよう寡婦（侵入PC召喚）　生贄	0	237.7	-90.39	-42.600006	itemLotId_1	10528000	さまよう寡婦（侵入PC召喚）　生贄
m28_00_00_00.msb	m28_00_00_00	c1180_0000	2800720	118030	さまよう狂気(小)　生贄の街 初回	0	226.7	-106.98	-84.899994	itemLotId_1	11800300	さまよう狂気（小）　生贄の街 初回　○
m28_00_00_00.msb	m28_00_00_00	c1180_0001	2800721	118090	さまよう狂気(小)　生贄の街　00	0	265.9	-87.41	-67.600006	itemLotId_1	11800900	さまよう狂気（小）　生贄の街　○
m28_00_00_00.msb	m28_00_00_00	c1180_0002	2800722	118091	さまよう狂気(小)　生贄の街　01	0	240.8	-85.229996	-28.300003	itemLotId_1	11800910	さまよう狂気（小）　生贄の街　○
m28_00_00_00.msb	m28_00_00_00	c1180_0003	2800723	118092	さまよう狂気(小)　生贄の街　02	0	238.8	-103.63	-49.899994	itemLotId_1	11800920	さまよう狂気（小）　生贄の街 初回　○
m28_00_00_00.msb	m28_00_00_00	c1240_0000	2800180	124080	狂犬　生贄初回	0	278	-103.54	15.699997	itemLotId_1	12402810	狂犬　生贄
m28_00_00_00.msb	m28_00_00_00	c1240_0001	2800181	124080	狂犬　生贄初回	0	277.6	-103.51	18.099998	itemLotId_1	12402810	狂犬　生贄
m28_00_00_00.msb	m28_00_00_00	c1240_0002	2800182	124080	狂犬　生贄初回	0	267.6	-103.66	20	itemLotId_1	12402810	狂犬　生贄
m28_00_00_00.msb	m28_00_00_00	c1240_0003	2800183	124080	狂犬　生贄初回	0	273	-104.31	26.900002	itemLotId_1	12402810	狂犬　生贄
m28_00_00_00.msb	m28_00_00_00	c1240_0004	2800184	124080	狂犬　生贄初回	0	276	-103.98	38.5	itemLotId_1	12402810	狂犬　生贄
m28_00_00_00.msb	m28_00_00_00	c1240_0005	2800185	124080	狂犬　生贄初回	0	284	-103.03	36.699997	itemLotId_1	12402810	狂犬　生贄
m28_00_00_00.msb	m28_00_00_00	c1240_0006	2800186	124080	狂犬　生贄初回	0	276	-101.5	62.5	itemLotId_1	12402810	狂犬　生贄
m28_00_00_00.msb	m28_00_00_00	c1240_0007	2800187	124080	狂犬　生贄初回	0	275	-101.61	61.5	itemLotId_1	12402810	狂犬　生贄
m28_00_00_00.msb	m28_00_00_00	c1240_0008	2800188	124080	狂犬　生贄初回	0	305	-112.8	-89.3	itemLotId_1	12402810	狂犬　生贄
m28_00_00_00.msb	m28_00_00_00	c1240_0009	2800189	124080	狂犬　生贄初回	0	304	-115.19	-80.5	itemLotId_1	12402810	狂犬　生贄
m28_00_00_00.msb	m28_00_00_00	c1240_0010	2800190	124080	狂犬　生贄初回	0	239.6	-102.66	-88.100006	itemLotId_1	12402810	狂犬　生贄
m28_00_00_00.msb	m28_00_00_00	c1240_0011	2800191	124080	狂犬　生贄初回	0	238.8	-102.65	-90.2	itemLotId_1	12402810	狂犬　生贄
m28_00_00_00.msb	m28_00_00_00	c1240_0020	2800480	124800	狂犬焼死体　生贄	0	256.7	-93.93	-96.7	itemLotId_1	12402800	狂犬焼死体　生贄（1匹目）
m28_00_00_00.msb	m28_00_00_00	c1240_0021	2800481	124800	狂犬焼死体　生贄	0	253	-93.9	-93.2	itemLotId_1	12402800	狂犬焼死体　生贄（1匹目）
m28_00_00_00.msb	m28_00_00_00	c1240_0022	2800482	124800	狂犬焼死体　生贄	0	243.8	-85.229996	-28.300003	itemLotId_1	12402800	狂犬焼死体　生贄（1匹目）
m28_00_00_00.msb	m28_00_00_00	c1240_0023	2800483	124800	狂犬焼死体　生贄	0	255.7	-81.91	-28.300003	itemLotId_1	12402800	狂犬焼死体　生贄（1匹目）
m28_00_00_00.msb	m28_00_00_00	c1270_0000	2800200	127800	吸血豚　生贄初回	0	297	-115.24	-63.5	itemLotId_1	12702810	吸血豚　生贄
m28_00_00_00.msb	m28_00_00_00	c1270_0001	2800201	127800	吸血豚　生贄初回	0	255	-104.87	-2.300003	itemLotId_1	12702810	吸血豚　生贄
m28_00_00_00.msb	m28_00_00_00	c2000_0000	2800220	200090	処刑人　聖堂街～生贄街	0	99.177475	0.980633	200.50452	itemLotId_1	20002400	処刑人　聖堂街A
m28_00_00_00.msb	m28_00_00_00	c2000_0001	2800221	200090	処刑人　聖堂街～生贄街	0	90.907486	1.145611	201.13632	itemLotId_1	20002400	処刑人　聖堂街A
m28_00_00_00.msb	m28_00_00_00	c2020_0000	2800140	202000	人さらい　生贄初回	0	227.4	-98.369995	-82	itemLotId_1	20202810	人さらい　生贄初回
m28_00_00_00.msb	m28_00_00_00	c2020_0001	2800141	202000	人さらい　生贄初回	0	264	-102.37	-53.399994	itemLotId_1	20202810	人さらい　生贄初回
m28_00_00_00.msb	m28_00_00_00	c2020_0002	2800142	202000	人さらい　生贄初回	0	277.5	-101.63	61	itemLotId_1	20202810	人さらい　生贄初回
m28_00_00_00.msb	m28_00_00_00	c2020_0003	2800143	202000	人さらい　生贄初回	0	238	-102.82	-92.3	itemLotId_1	20202810	人さらい　生贄初回
m28_00_00_00.msb	m28_00_00_00	c2020_0004	2800144	202000	人さらい　生贄初回	0	182	-113.41	-105.2	itemLotId_1	20202810	人さらい　生贄初回
m28_00_00_00.msb	m28_00_00_00	c2020_0005	2800145	202000	人さらい　生贄初回	0	178.7	-113.41	-104.100006	itemLotId_1	20202810	人さらい　生贄初回
m28_00_00_00.msb	m28_00_00_00	c2100_0000	2800160	210005	アイコレクター（牢番ババア）　生贄初回	0	198	-113.41	-87.600006	itemLotId_1	21002810	アイコレクター　生贄初回
m28_00_00_00.msb	m28_00_00_00	c2100_0001	2800161	210005	アイコレクター（牢番ババア）　生贄初回	0	199	-113.41	-87	itemLotId_1	21002810	アイコレクター　生贄初回
m28_00_00_00.msb	m28_00_00_00	c2100_0002	2800162	210005	アイコレクター（牢番ババア）　生贄初回	0	260.7	-102.38	-58.899994	itemLotId_1	21002810	アイコレクター　生贄初回
m28_00_00_00.msb	m28_00_00_00	c2610_0000	2800400	261800	群衆女焼死体　鎌　生贄	0	316.6	-80.2	-2.800003	itemLotId_1	26102800	群衆女　生贄　鎌（1匹目）
m28_00_00_00.msb	m28_00_00_00	c2610_0001	2800401	261840	群衆女焼死体　鉈投擲　生贄	0	315.41998	-80.17	0.209999	itemLotId_1	26102840	群衆女　生贄　鉈投擲（1匹目）
m28_00_00_00.msb	m28_00_00_00	c2610_0002	2800402	261810	群衆女焼死体　鉈松明　生贄	0	308.6	-80.17	0.599998	itemLotId_1	26102810	群衆女　生贄　鉈松明（1匹目）
m28_00_00_00.msb	m28_00_00_00	c2610_0003	2800403	261800	群衆女焼死体　鎌　生贄	0	308.6	-80.229996	-6.199997	itemLotId_1	26102800	群衆女　生贄　鎌（1匹目）
m28_00_00_00.msb	m28_00_00_00	c2610_0004	2800404	261820	群衆女焼死体　焼きごて　生贄	0	292.8	-79.78	-36.399994	itemLotId_1	26102820	群衆女　生贄　焼きごて（1匹目）
m28_00_00_00.msb	m28_00_00_00	c2610_0005	2800405	261800	群衆女焼死体　鎌　生贄	0	291.4	-80.36	-36.300003	itemLotId_1	26102800	群衆女　生贄　鎌（1匹目）
m28_00_00_00.msb	m28_00_00_00	c2610_0006	2800406	261830	群衆女焼死体　ハンマー　生贄	0	284	-84.95	-41.699997	itemLotId_1	26102830	群衆女　生贄　ハンマー（1匹目）
m28_00_00_00.msb	m28_00_00_00	c2610_0007	2800407	261840	群衆女焼死体　鉈投擲　生贄	0	282.6	-85.97	-43.600006	itemLotId_1	26102840	群衆女　生贄　鉈投擲（1匹目）
m28_00_00_00.msb	m28_00_00_00	c2610_0008	2800408	261800	群衆女焼死体　鎌　生贄	0	319.3	-77.130005	-24.600006	itemLotId_1	26102800	群衆女　生贄　鎌（1匹目）
m28_00_00_00.msb	m28_00_00_00	c2610_0010	2800410	261840	群衆女焼死体　鉈投擲　生贄	0	315.6	-77.11	-37.100006	itemLotId_1	26102840	群衆女　生贄　鉈投擲（1匹目）
m28_00_00_00.msb	m28_00_00_00	c2610_0011	2800411	261810	群衆女焼死体　鉈松明　生贄	0	310.7	-77.11	-37	itemLotId_1	26102810	群衆女　生贄　鉈松明（1匹目）
m28_00_00_00.msb	m28_00_00_00	c2630_0000	2800300	263830	群衆A（大）焼死体　武器（サーベル）　服パターン1　生贄	0	242.4	-63.59	14.5	itemLotId_1	10202830	群衆A　生贄　サーベル（1匹目）
m28_00_00_00.msb	m28_00_00_00	c2630_0001	2800301	263850	群衆A（大）焼死体　武器（鎌）　服パターン1　生贄	0	261	-49.14	83.5	itemLotId_1	10202850	群衆A　生贄　鎌（1匹目）
m28_00_00_00.msb	m28_00_00_00	c2630_0002	2800302	263800	群衆A（大）焼死体　松明＆斧　服パターン1　生贄	0	256.9	-39.14	115.3	itemLotId_1	10202800	群衆A　生贄　松明＆斧（1匹目）
m28_00_00_00.msb	m28_00_00_00	c2630_0003	2800303	263831	群衆A（大）焼死体　武器（サーベル）　服パターン2　生贄	0	267.4	-38.85	115.4	itemLotId_1	10202830	群衆A　生贄　サーベル（1匹目）
m28_00_00_00.msb	m28_00_00_00	c2630_0004	2800304	263835	群衆A（大）焼死体　銃　生贄	0	266.5	-100.16	-10.800003	itemLotId_1	10202835	群衆A　生贄　銃（1匹目）
m28_00_00_00.msb	m28_00_00_00	c2630_0005	2800305	263850	群衆A（大）焼死体　武器（鎌）　服パターン1　生贄	0	245.5	-99.6	-1.800003	itemLotId_1	10202850	群衆A　生贄　鎌（1匹目）
m28_00_00_00.msb	m28_00_00_00	c2630_0006	2800306	263835	群衆A（大）焼死体　銃　生贄	0	244.2	-100.16	-40.100006	itemLotId_1	10202835	群衆A　生贄　銃（1匹目）
m28_00_00_00.msb	m28_00_00_00	c2630_0007	2800307	263830	群衆A（大）焼死体　武器（サーベル）　服パターン1　生贄	0	248.6	-100.16	-33.399994	itemLotId_1	10202830	群衆A　生贄　サーベル（1匹目）
m28_00_00_00.msb	m28_00_00_00	c2630_0008	2800308	263800	群衆A（大）焼死体　松明＆斧　服パターン1　生贄	0	281	-61	48.5	itemLotId_1	10202800	群衆A　生贄　松明＆斧（1匹目）
m28_00_00_00.msb	m28_00_00_00	c2630_0009	2800309	263870	群衆A（大）焼死体　長物両手（鋤）　服パターン1　生贄	0	279	-60.09	48	itemLotId_1	10202870	群衆A　生贄　長物（1匹目）
m28_00_00_00.msb	m28_00_00_00	c2630_0010	2800310	263860	群衆A（大）焼死体　投擲	0	275	-58.05	49	itemLotId_1	10202860	群衆A　生贄　投擲　火炎瓶（1匹目）
m28_00_00_00.msb	m28_00_00_00	c2630_0011	2800311	263851	群衆A（大）焼死体　武器（鎌）　服パターン2　生贄	0	273	-56.809998	51.5	itemLotId_1	10202850	群衆A　生贄　鎌（1匹目）
m28_00_00_00.msb	m28_00_00_00	c2630_0012	2800312	263801	群衆A（大）焼死体　松明＆斧　服パターン2　生贄	0	261	-55.43	52.5	itemLotId_1	10202800	群衆A　生贄　松明＆斧（1匹目）
m28_00_00_00.msb	m28_00_00_00	c2630_0013	2800313	263841	群衆A（大）焼死体　武器（包丁）　服パターン2　生贄	0	259	-55.489998	50.5	itemLotId_1	10202840	群衆A　生贄　包丁（1匹目）
m28_00_00_00.msb	m28_00_00_00	c2630_0014	2800314	263830	群衆A（大）焼死体　武器（サーベル）　服パターン1　生贄	0	253	-55.45	48.5	itemLotId_1	10202830	群衆A　生贄　サーベル（1匹目）
m28_00_00_00.msb	m28_00_00_00	c2630_0015	2800315	263835	群衆A（大）焼死体　銃　生贄	0	251	-55.45	50.5	itemLotId_1	10202835	群衆A　生贄　銃（1匹目）
m28_00_00_00.msb	m28_00_00_00	c2630_0016	2800316	263835	群衆A（大）焼死体　銃　生贄	0	306.1	-67.22	44.300003	itemLotId_1	10202835	群衆A　生贄　銃（1匹目）
m28_00_00_00.msb	m28_00_00_00	c2630_0017	2800317	263835	群衆A（大）焼死体　銃　生贄	0	306.1	-67.21	26.800003	itemLotId_1	10202835	群衆A　生贄　銃（1匹目）
m28_00_00_00.msb	m28_00_00_00	c2630_0018	2800318	263850	群衆A（大）焼死体　武器（鎌）　服パターン1　生贄	0	304	-67.21	39.1	itemLotId_1	10202850	群衆A　生贄　鎌（1匹目）
m28_00_00_00.msb	m28_00_00_00	c2630_0019	2800319	263810	群衆A（大）焼死体　盾＆松明　服パターン1　生贄	0	343.6	-73.19	5.599998	itemLotId_1	10202810	群衆A　生贄　盾＆松明（1匹目）
m28_00_00_00.msb	m28_00_00_00	c2630_0020	2800320	263850	群衆A（大）焼死体　武器（鎌）　服パターン1　生贄	0	328.9	-71.09	17.300003	itemLotId_1	10202850	群衆A　生贄　鎌（1匹目）
m28_00_00_00.msb	m28_00_00_00	c2630_0021	2800321	263835	群衆A（大）焼死体　銃　生贄	0	352.5	-71.09	19.300003	itemLotId_1	10202835	群衆A　生贄　銃（1匹目）
m28_00_00_00.msb	m28_00_00_00	c2630_0022	2800322	263870	群衆A（大）焼死体　長物両手（鋤）　服パターン1　生贄	0	247.1	-96.66	-107	itemLotId_1	10202870	群衆A　生贄　長物（1匹目）
m28_00_00_00.msb	m28_00_00_00	c2630_0023	2800323	263835	群衆A（大）焼死体　銃　生贄	0	245.6	-96.66	-109.600006	itemLotId_1	10202835	群衆A　生贄　銃（1匹目）
m28_00_00_00.msb	m28_00_00_00	c2630_0024	2800324	263835	群衆A（大）焼死体　銃　生贄	0	257.3	-91.55	-91.100006	itemLotId_1	10202835	群衆A　生贄　銃（1匹目）
m28_00_00_00.msb	m28_00_00_00	c2630_0025	2800325	263830	群衆A（大）焼死体　武器（サーベル）　服パターン1　生贄	0	233	-98.3	-108.100006	itemLotId_1	10202830	群衆A　生贄　サーベル（1匹目）
m28_00_00_00.msb	m28_00_00_00	c2630_0026	2800326	263835	群衆A（大）焼死体　銃　生贄	0	329.75	-102.11	-124.479996	itemLotId_1	10202835	群衆A　生贄　銃（1匹目）
m28_00_00_00.msb	m28_00_00_00	c2630_0028	2800328	263830	群衆A（大）焼死体　武器（サーベル）　服パターン1　生贄	0	351	-96.119995	-166.1	itemLotId_1	10202830	群衆A　生贄　サーベル（1匹目）
m28_00_00_00.msb	m28_00_00_00	c2630_0029	2800329	263835	群衆A（大）焼死体　銃　生贄	0	291.1	-104.04	-155.1	itemLotId_1	10202835	群衆A　生贄　銃（1匹目）
m28_00_00_00.msb	m28_00_00_00	c2630_0050	2800240	263630	群衆A（大）　武器（サーベル）　聖堂街～生贄街	0	87.754684	2.247097	219.99728	itemLotId_1	10202402	群衆Aサーベル　聖堂街A
m28_00_00_00.msb	m28_00_00_00	c2630_0051	2800241	263681	群衆A（大）　銃　固定砲台　聖堂街～生贄街	0	84.39114	2.378479	224.77158	itemLotId_1	10202404	群衆Aリーダー　聖堂街A
m28_00_00_00.msb	m28_00_00_00	c2630_0052	2800242	263630	群衆A（大）　武器（サーベル）　聖堂街～生贄街	0	89.91571	1.968658	226.66809	itemLotId_1	10202402	群衆Aサーベル　聖堂街A
m28_00_00_00.msb	m28_00_00_00	c2630_0053	2800243	263681	群衆A（大）　銃　固定砲台　聖堂街～生贄街	0	128.23001	-7.530001	201.34	itemLotId_1	10202404	群衆Aリーダー　聖堂街A
m28_00_00_00.msb	m28_00_00_00	c2630_0054	2800244	263681	群衆A（大）　銃　固定砲台　聖堂街～生贄街	0	132.69	-11.889999	202.04001	itemLotId_1	10202404	群衆Aリーダー　聖堂街A
m28_00_00_00.msb	m28_00_00_00	c2630_0055	2800245	263681	群衆A（大）　銃　固定砲台　聖堂街～生贄街	0	134.80789	-15.623446	198.93555	itemLotId_1	10202404	群衆Aリーダー　聖堂街A
m28_00_00_00.msb	m28_00_00_00	c2630_0104	2800104	263895	群衆A（大）　素手　生贄初回	0	197.7	-113.41	-96.3	itemLotId_1	10202895	群衆A　初回生贄　素手
m28_00_00_00.msb	m28_00_00_00	c2630_0105	2800105	263895	群衆A（大）　素手　生贄初回	0	195.2	-113.41	-101.399994	itemLotId_1	10202895	群衆A　初回生贄　素手
m28_00_00_00.msb	m28_00_00_00	c2630_0106	2800106	263895	群衆A（大）　素手　生贄初回	0	191.9	-113.41	-98.8	itemLotId_1	10202895	群衆A　初回生贄　素手
m28_00_00_00.msb	m28_00_00_00	c2630_0107	2800107	263895	群衆A（大）　素手　生贄初回	0	184.7	-113.41	-86.5	itemLotId_1	10202895	群衆A　初回生贄　素手
m28_00_00_00.msb	m28_00_00_00	c2630_0108	2800108	263895	群衆A（大）　素手　生贄初回	0	182.4	-113.41	-91.399994	itemLotId_1	10202895	群衆A　初回生贄　素手
m28_00_00_00.msb	m28_00_00_00	c2630_0109	2800109	263895	群衆A（大）　素手　生贄初回	0	178.8	-113.41	-95.5	itemLotId_1	10202895	群衆A　初回生贄　素手
m28_00_00_00.msb	m28_00_00_00	c2640_0000	2800380	264800	群衆B（大）焼死体　レンガ　生贄	0	364.1	-71.09	11.400002	itemLotId_1	10302800	群衆B　生贄　レンガ
m28_00_00_00.msb	m28_00_00_00	c2640_0002	2800382	264801	群衆B（大）焼死体　レンガ　マント付き　生贄	0	313	-90.69	-30.5	itemLotId_1	10302800	群衆B　生贄　レンガ
m28_00_00_00.msb	m28_00_00_00	c2640_0003	2800383	264810	群衆B（大）焼死体　石像　生贄	0	326	-85.31	-24.399994	itemLotId_1	10302810	群衆B　生贄　石像
m28_00_00_00.msb	m28_00_00_00	c2640_0004	2800384	264811	群衆B（大）焼死体　石像　マント付き　生贄	0	244.1	-96.66	-107	itemLotId_1	10302810	群衆B　生贄　石像
m28_00_00_00.msb	m28_00_00_00	c2730_0000	2800210	273300	医療教会のフランケン　斧	0	156.37589	-25.175016	182.95522	itemLotId_1	27302800	医療教会のフランケン　斧　生贄
m28_00_00_00.msb	m28_00_00_00	c3100_0000	2800560	310000	ミミック（突進キャラ）　生贄	0	267	-103.25	-37.300003	itemLotId_1	31002800	ミミック　生贄
m28_00_00_00.msb	m28_00_00_00	c3100_0002	2800562	310000	ミミック（突進キャラ）　生贄	0	281	-103.49	-35.5	itemLotId_1	31002800	ミミック　生贄
m28_00_00_00.msb	m28_00_00_00	c3100_0003	2800563	310000	ミミック（突進キャラ）　生贄	0	271	-103.92	13.5	itemLotId_1	31002800	ミミック　生贄
m28_00_00_00.msb	m28_00_00_00	c3100_0004	2800564	310000	ミミック（突進キャラ）　生贄	0	254	-104.9	-2.5	itemLotId_1	31002800	ミミック　生贄
m28_00_00_00.msb	m28_00_00_00	c3100_0006	2800566	310000	ミミック（突進キャラ）　生贄	0	273	-104.13	28.5	itemLotId_1	31002800	ミミック　生贄
m28_00_00_00.msb	m28_00_00_00	c3100_0007	2800567	310000	ミミック（突進キャラ）　生贄	0	271	-104.04	29.5	itemLotId_1	31002800	ミミック　生贄
m28_00_00_00.msb	m28_00_00_00	c3100_0009	2800569	310000	ミミック（突進キャラ）　生贄	0	275	-103.95	31.5	itemLotId_1	31002800	ミミック　生贄
m28_00_00_00.msb	m28_00_00_00	c3100_0010	2800570	310000	ミミック（突進キャラ）　生贄	0	342.9	-108.71	-130	itemLotId_1	31002800	ミミック　生贄
m28_00_00_00.msb	m28_00_00_00	c3100_0011	2800571	310000	ミミック（突進キャラ）　生贄	0	340	-112.5	-147.29999	itemLotId_1	31002800	ミミック　生贄
m28_00_00_00.msb	m28_00_00_00	c3100_0012	2800572	310001	ミミック（射撃キャラ）　生贄	0	325.4	-112.54	-152.4	itemLotId_1	31002800	ミミック　生贄
m28_00_00_00.msb	m28_00_00_00	c3100_0013	2800573	310001	ミミック（射撃キャラ）　生贄	0	338.4	-115.24	-170.5	itemLotId_1	31002800	ミミック　生贄
m28_00_00_00.msb	m28_00_00_00	c1050_0006	-1	105800	さまよう寡婦　生贄	0	332.1	-71.119995	11.400002	itemLotId_1	10502800	さまよう寡婦　生贄
m28_00_00_00.msb	m28_00_00_00	c1050_0007	-1	105800	さまよう寡婦　生贄	0	332.1	-71.119995	11.400002	itemLotId_1	10502800	さまよう寡婦　生贄
m28_00_00_00.msb	m28_00_00_00	c1050_0008	-1	105800	さまよう寡婦　生贄	0	332.1	-71.119995	11.400002	itemLotId_1	10502800	さまよう寡婦　生贄
m28_00_00_00.msb	m28_00_00_00	c1050_0111	2800521	105810	さまよう寡婦　生贄　ボスおとも	0	391.4	-113.71	-249.29999	itemLotId_1	10502810	さまよう寡婦　ボスおとも
m28_00_00_00.msb	m28_00_00_00	c1050_0113	2800523	105810	さまよう寡婦　生贄　ボスおとも	0	379.6	-114.09	-237.5	itemLotId_1	10502810	さまよう寡婦　ボスおとも
m28_00_00_00.msb	m28_00_00_00	c1050_0116	2800526	105810	さまよう寡婦　生贄　ボスおとも	0	402.6	-113.76	-214	itemLotId_1	10502810	さまよう寡婦　ボスおとも
m28_00_00_00.msb	m28_00_00_00	c1050_0118	2800528	105810	さまよう寡婦　生贄　ボスおとも	0	414.4	-113.76	-225.70001	itemLotId_1	10502810	さまよう寡婦　ボスおとも
m28_00_00_00.msb	m28_00_00_00	c1240_0012	-1	124080	狂犬　生贄初回	0	255	-37.5	120.5	itemLotId_1	12402810	狂犬　生贄
m28_00_00_00.msb	m28_00_00_00	c1240_0013	-1	124080	狂犬　生贄初回	0	255	-37.5	120.5	itemLotId_1	12402810	狂犬　生贄
m28_00_00_00.msb	m28_00_00_00	c1240_0014	-1	124080	狂犬　生贄初回	0	255	-37.5	120.5	itemLotId_1	12402810	狂犬　生贄
m28_00_00_00.msb	m28_00_00_00	c1240_0015	-1	124080	狂犬　生贄初回	0	255	-37.5	120.5	itemLotId_1	12402810	狂犬　生贄
m28_00_00_00.msb	m28_00_00_00	c1240_0016	-1	124080	狂犬　生贄初回	0	255	-37.5	120.5	itemLotId_1	12402810	狂犬　生贄
m28_00_00_00.msb	m28_00_00_00	c1240_0017	-1	124080	狂犬　生贄初回	0	255	-37.5	120.5	itemLotId_1	12402810	狂犬　生贄
m28_00_00_00.msb	m28_00_00_00	c1240_0018	-1	124080	狂犬　生贄初回	0	255	-37.5	120.5	itemLotId_1	12402810	狂犬　生贄
m28_00_00_00.msb	m28_00_00_00	c1240_0019	-1	124080	狂犬　生贄初回	0	255	-37.5	120.5	itemLotId_1	12402810	狂犬　生贄
m28_00_00_00.msb	m28_00_00_00	c2050_0000	2800900	205280	狂気の悪霊　SAN値　生贄	0	274.6	-87.31	-47.100006	itemLotId_1	20528000	狂気の悪霊　SAN値　生贄
m28_00_00_00.msb	m28_00_00_00	c2050_0001	2800901	205280	狂気の悪霊　SAN値　生贄	0	314.9	-111.29	-71.8	itemLotId_1	20528000	狂気の悪霊　SAN値　生贄
m28_00_00_00.msb	m28_00_00_00	c2050_0002	2800902	205281	狂気の悪霊　SAN値　生贄初回	0	205	-113.46	-100	itemLotId_1	20528000	狂気の悪霊　SAN値　生贄
m28_00_00_00.msb	m28_00_00_00	c2100_0003	2800163	210000	アイコレクター（牢番ババア）　生贄	0	264	-102.38	-53.399994	itemLotId_1	21002800	アイコレクター　生贄
m28_00_00_00.msb	m28_00_00_00	c2100_0004	-1	210000	アイコレクター（牢番ババア）　生贄	0	351	-96.119995	-166.1	itemLotId_1	21002800	アイコレクター　生贄
m28_00_00_00.msb	m28_00_00_00	c2100_0005	-1	210000	アイコレクター（牢番ババア）　生贄	0	293.6	-106.92	-161.5	itemLotId_1	21002800	アイコレクター　生贄
m28_00_00_00.msb	m28_00_00_00	c2100_0006	-1	210000	アイコレクター（牢番ババア）　生贄	0	302.6	-111.4	-151.9	itemLotId_1	21002800	アイコレクター　生贄
m28_00_00_00.msb	m28_00_00_00	c2100_0007	-1	210000	アイコレクター（牢番ババア）　生贄	0	309.5	-101.87	-137.79999	itemLotId_1	21002800	アイコレクター　生贄
m28_00_00_00.msb	m28_00_00_00	c2100_0008	-1	210000	アイコレクター（牢番ババア）　生贄	0	309.5	-101.87	-137.79999	itemLotId_1	21002800	アイコレクター　生贄
m28_00_00_00.msb	m28_00_00_00	c2100_0009	-1	210000	アイコレクター（牢番ババア）　生贄	0	309.5	-101.87	-137.79999	itemLotId_1	21002800	アイコレクター　生贄
m28_00_00_00.msb	m28_00_00_00	c2610_0009	2800409	261810	群衆女焼死体　鉈松明　生贄	0	315.3	-77.22	-26.399994	itemLotId_1	26102810	群衆女　生贄　鉈松明（1匹目）
m28_00_00_00.msb	m28_00_00_00	c2610_0012	2800412	261810	群衆女焼死体　鉈松明　生贄	0	242.6	-97.08	-109.600006	itemLotId_1	26102810	群衆女　生贄　鉈松明（1匹目）
m28_00_00_00.msb	m28_00_00_00	c2610_0013	2800413	261840	群衆女焼死体　鉈投擲　生贄	0	259.7	-91.5	-95.399994	itemLotId_1	26102840	群衆女　生贄　鉈投擲（1匹目）
m28_00_00_00.msb	m28_00_00_00	c2610_0014	2800414	261840	群衆女焼死体　鉈投擲　生贄	0	259.1	-91.5	-94.3	itemLotId_1	26102840	群衆女　生贄　鉈投擲（1匹目）
m28_00_00_00.msb	m28_00_00_00	c2610_0015	2800415	261820	群衆女焼死体　焼きごて　生贄	0	235.2	-98.15	-101.399994	itemLotId_1	26102820	群衆女　生贄　焼きごて（1匹目）
m28_00_00_00.msb	m28_00_00_00	c2610_0016	2800416	261830	群衆女焼死体　ハンマー　生贄	0	227.4	-98.270004	-87.899994	itemLotId_1	26102830	群衆女　生贄　ハンマー（1匹目）
m28_00_00_00.msb	m28_00_00_00	c2610_0017	2800417	261800	群衆女焼死体　鎌　生贄	0	270.1	-87.41	-61.899994	itemLotId_1	26102800	群衆女　生贄　鎌（1匹目）
m28_00_00_00.msb	m28_00_00_00	c2630_0027	2800327	263835	群衆A（大）焼死体　銃　生贄	0	340.3	-102.48	-121.399994	itemLotId_1	10202835	群衆A　生贄　銃（1匹目）
m28_00_00_00.msb	m28_00_00_00	c2630_0100	2800100	263895	群衆A（大）　素手　生贄初回	0	258.6	-114.47	-61.699997	itemLotId_1	10202895	群衆A　初回生贄　素手
m28_00_00_00.msb	m28_00_00_00	c2630_0101	2800101	263895	群衆A（大）　素手　生贄初回	0	256.2	-114.47	-57.699997	itemLotId_1	10202895	群衆A　初回生贄　素手
m28_00_00_00.msb	m28_00_00_00	c2630_0102	2800102	263895	群衆A（大）　素手　生贄初回	0	261	-114.47	-58.399994	itemLotId_1	10202895	群衆A　初回生贄　素手
m28_00_00_00.msb	m28_00_00_00	c2630_0103	2800103	263895	群衆A（大）　素手　生贄初回	0	260.8	-114.47	-56.300003	itemLotId_1	10202895	群衆A　初回生贄　素手
m28_00_00_00.msb	m28_00_00_00	c2640_0001	2800381	264800	群衆B（大）焼死体　レンガ　生贄	0	346.5	-73.229996	8.400002	itemLotId_1	10302800	群衆B　生贄　レンガ
m28_00_00_00.msb	m28_00_00_00	c2640_0005	2800385	264800	群衆B（大）焼死体　レンガ　生贄	0	228.6	-98.14	-89.899994	itemLotId_1	10302800	群衆B　生贄　レンガ
m28_00_00_00.msb	m28_00_00_00	c3100_0001	-1	310000	ミミック（突進キャラ）　生贄	0	255	-37.5	120.5	itemLotId_1	31002800	ミミック　生贄
m28_00_00_00.msb	m28_00_00_00	c3100_0005	2800565	310000	ミミック（突進キャラ）　生贄	0	258	-104.55	-1.300003	itemLotId_1	31002800	ミミック　生贄
m28_00_00_00.msb	m28_00_00_00	c3100_0008	2800568	310000	ミミック（突進キャラ）　生贄	0	273	-104.21	32.5	itemLotId_1	31002800	ミミック　生贄
m28_00_00_01.msb	m28_00_00_01	c0000_0002	2800671	6140	囚われの尼僧（初回生贄）	0	282.53	-101.81	26.809998	itemLotId_1	32030	囚われの尼僧_死亡時ドロップアイテム
m28_00_00_01.msb	m28_00_00_01	c0000_0005	2800670	6140	囚われの尼僧（初回生贄）	280322	272.8	-126.37	-69.7	itemLotId_1	32030	囚われの尼僧_死亡時ドロップアイテム
m28_00_00_01.msb	m28_00_00_01	c0000_0010	2800700	6340	生贄のNPC１	0	244	-102.9	-64.5	itemLotId_1	51000	敵NPC_生贄の3人衆Aのドロップアイテム（裸）
m28_00_00_01.msb	m28_00_00_01	c0000_0011	2800701	6350	生贄のNPC２	0	257.4	-102.38	-49.699997	itemLotId_1	52000	敵NPC_生贄の3人衆Bのドロップアイテム（大筒）
m28_00_00_01.msb	m28_00_00_01	c0000_0011	2800701	6350	生贄のNPC２	0	257.4	-102.38	-49.699997	itemLotId_2	52001	
m28_00_00_01.msb	m28_00_00_01	c0000_0012	2800702	6360	生贄のNPC３	0	226.7	-106.98	-84.899994	itemLotId_1	53000	敵NPC_生贄の3人衆Cのドロップアイテム（火炎放射器）
m28_00_00_01.msb	m28_00_00_01	c1001_0000	2800540	100100	腐れ猟犬　生贄	0	313.4	-102.17	-145.79999	itemLotId_1	10010000	腐れ猟犬　生贄
m28_00_00_01.msb	m28_00_00_01	c1001_0001	2800541	100100	腐れ猟犬　生贄	0	238.8	-90.39	-41.800003	itemLotId_1	10010000	腐れ猟犬　生贄
m28_00_00_01.msb	m28_00_00_01	c1001_0002	2800542	100100	腐れ猟犬　生贄	0	244.9	-114.47	-57.399994	itemLotId_1	10010000	腐れ猟犬　生贄
m28_00_00_01.msb	m28_00_00_01	c1001_0003	2800543	100100	腐れ猟犬　生贄	0	200.9	-113.41	-93.100006	itemLotId_1	10010000	腐れ猟犬　生贄
m28_00_00_01.msb	m28_00_00_01	c1001_0004	2800544	100100	腐れ猟犬　生贄	0	294.1	-111.4	-152.4	itemLotId_1	10010000	腐れ猟犬　生贄
m28_00_00_01.msb	m28_00_00_01	c1050_0000	2800500	105800	さまよう寡婦　生贄	0	314.8	-64.99	31.300003	itemLotId_1	10502800	さまよう寡婦　生贄
m28_00_00_01.msb	m28_00_00_01	c1050_0001	2800501	105800	さまよう寡婦　生贄	0	334.9	-71.119995	4.599998	itemLotId_1	10502800	さまよう寡婦　生贄
m28_00_00_01.msb	m28_00_00_01	c1050_0002	2800502	105800	さまよう寡婦　生贄	0	334.3	-85.31	-30.5	itemLotId_1	10502800	さまよう寡婦　生贄
m28_00_00_01.msb	m28_00_00_01	c1050_0003	2800503	105800	さまよう寡婦　生贄	0	257.1	-96.66	-104.600006	itemLotId_1	10502800	さまよう寡婦　生贄
m28_00_00_01.msb	m28_00_00_01	c1050_0004	2800504	105800	さまよう寡婦　生贄	0	252	-97.869995	13.900002	itemLotId_1	10502800	さまよう寡婦　生贄
m28_00_00_01.msb	m28_00_00_01	c1050_0005	2800505	105800	さまよう寡婦　生贄	0	357.1	-96.15	-163.20001	itemLotId_1	10502800	さまよう寡婦　生贄
m28_00_00_01.msb	m28_00_00_01	c1050_0009	2800509	105800	さまよう寡婦　生贄	0	255	-137.5	120.5	itemLotId_1	10502800	さまよう寡婦　生贄
m28_00_00_01.msb	m28_00_00_01	c1050_0110	2800520	105810	さまよう寡婦　生贄　ボスおとも	0	392.3	-113.71	-249.6	itemLotId_1	10502810	さまよう寡婦　ボスおとも
m28_00_00_01.msb	m28_00_00_01	c1050_0112	2800522	105810	さまよう寡婦　生贄　ボスおとも	0	385.4	-111.66	-243.20001	itemLotId_1	10502810	さまよう寡婦　ボスおとも
m28_00_00_01.msb	m28_00_00_01	c1050_0114	2800524	105810	さまよう寡婦　生贄　ボスおとも	0	377	-114.5	-233.5	itemLotId_1	10502810	さまよう寡婦　ボスおとも
m28_00_00_01.msb	m28_00_00_01	c1050_0115	2800525	105810	さまよう寡婦　生贄　ボスおとも	0	402.1	-113.76	-213.79999	itemLotId_1	10502810	さまよう寡婦　ボスおとも
m28_00_00_01.msb	m28_00_00_01	c1050_0117	2800527	105810	さまよう寡婦　生贄　ボスおとも	0	408.6	-111.72	-220	itemLotId_1	10502810	さまよう寡婦　ボスおとも
m28_00_00_01.msb	m28_00_00_01	c1050_0119	2800529	105810	さまよう寡婦　生贄　ボスおとも	0	419.8	-113.76	-231.5	itemLotId_1	10502810	さまよう寡婦　ボスおとも
m28_00_00_01.msb	m28_00_00_01	c1051_0000	2800710	105280	さまよう寡婦（侵入PC召喚）　生贄	0	237.7	-90.39	-42.600006	itemLotId_1	10528000	さまよう寡婦（侵入PC召喚）　生贄
m28_00_00_01.msb	m28_00_00_01	c1180_0000	2800720	118030	さまよう狂気(小)　生贄の街 初回	0	226.7	-106.98	-84.899994	itemLotId_1	11800300	さまよう狂気（小）　生贄の街 初回　○
m28_00_00_01.msb	m28_00_00_01	c1180_0001	2800721	118090	さまよう狂気(小)　生贄の街　00	0	265.9	-87.41	-67.600006	itemLotId_1	11800900	さまよう狂気（小）　生贄の街　○
m28_00_00_01.msb	m28_00_00_01	c1180_0002	2800722	118091	さまよう狂気(小)　生贄の街　01	0	240.8	-85.229996	-28.300003	itemLotId_1	11800910	さまよう狂気（小）　生贄の街　○
m28_00_00_01.msb	m28_00_00_01	c1180_0003	2800723	118092	さまよう狂気(小)　生贄の街　02	0	238.8	-103.63	-49.899994	itemLotId_1	11800920	さまよう狂気（小）　生贄の街 初回　○
m28_00_00_01.msb	m28_00_00_01	c1240_0000	2800180	124080	狂犬　生贄初回	0	278	-103.54	15.699997	itemLotId_1	12402810	狂犬　生贄
m28_00_00_01.msb	m28_00_00_01	c1240_0001	2800181	124080	狂犬　生贄初回	0	277.6	-103.51	18.099998	itemLotId_1	12402810	狂犬　生贄
m28_00_00_01.msb	m28_00_00_01	c1240_0002	2800182	124080	狂犬　生贄初回	0	267.6	-103.66	20	itemLotId_1	12402810	狂犬　生贄
m28_00_00_01.msb	m28_00_00_01	c1240_0003	2800183	124080	狂犬　生贄初回	0	273	-104.31	26.900002	itemLotId_1	12402810	狂犬　生贄
m28_00_00_01.msb	m28_00_00_01	c1240_0004	2800184	124080	狂犬　生贄初回	0	276	-103.98	38.5	itemLotId_1	12402810	狂犬　生贄
m28_00_00_01.msb	m28_00_00_01	c1240_0005	2800185	124080	狂犬　生贄初回	0	284	-103.03	36.699997	itemLotId_1	12402810	狂犬　生贄
m28_00_00_01.msb	m28_00_00_01	c1240_0006	2800186	124080	狂犬　生贄初回	0	276	-101.5	62.5	itemLotId_1	12402810	狂犬　生贄
m28_00_00_01.msb	m28_00_00_01	c1240_0007	2800187	124080	狂犬　生贄初回	0	275	-101.61	61.5	itemLotId_1	12402810	狂犬　生贄
m28_00_00_01.msb	m28_00_00_01	c1240_0008	2800188	124080	狂犬　生贄初回	0	305	-112.8	-89.3	itemLotId_1	12402810	狂犬　生贄
m28_00_00_01.msb	m28_00_00_01	c1240_0009	2800189	124080	狂犬　生贄初回	0	304	-115.19	-80.5	itemLotId_1	12402810	狂犬　生贄
m28_00_00_01.msb	m28_00_00_01	c1240_0010	2800190	124080	狂犬　生贄初回	0	239.6	-102.66	-88.100006	itemLotId_1	12402810	狂犬　生贄
m28_00_00_01.msb	m28_00_00_01	c1240_0011	2800191	124080	狂犬　生贄初回	0	238.8	-102.65	-90.2	itemLotId_1	12402810	狂犬　生贄
m28_00_00_01.msb	m28_00_00_01	c1240_0020	2800480	124800	狂犬焼死体　生贄	0	256.7	-93.93	-96.7	itemLotId_1	12402800	狂犬焼死体　生贄（1匹目）
m28_00_00_01.msb	m28_00_00_01	c1240_0021	2800481	124800	狂犬焼死体　生贄	0	253	-93.9	-93.2	itemLotId_1	12402800	狂犬焼死体　生贄（1匹目）
m28_00_00_01.msb	m28_00_00_01	c1240_0022	2800482	124800	狂犬焼死体　生贄	0	243.8	-85.229996	-28.300003	itemLotId_1	12402800	狂犬焼死体　生贄（1匹目）
m28_00_00_01.msb	m28_00_00_01	c1240_0023	2800483	124800	狂犬焼死体　生贄	0	255.7	-81.91	-28.300003	itemLotId_1	12402800	狂犬焼死体　生贄（1匹目）
m28_00_00_01.msb	m28_00_00_01	c1270_0000	2800200	127800	吸血豚　生贄初回	0	297	-115.24	-63.5	itemLotId_1	12702810	吸血豚　生贄
m28_00_00_01.msb	m28_00_00_01	c1270_0001	2800201	127800	吸血豚　生贄初回	0	255	-104.87	-2.300003	itemLotId_1	12702810	吸血豚　生贄
m28_00_00_01.msb	m28_00_00_01	c2000_0000	2800220	200090	処刑人　聖堂街～生贄街	0	99.177475	0.980633	200.50452	itemLotId_1	20002400	処刑人　聖堂街A
m28_00_00_01.msb	m28_00_00_01	c2000_0001	2800221	200090	処刑人　聖堂街～生贄街	0	90.907486	1.145611	201.13632	itemLotId_1	20002400	処刑人　聖堂街A
m28_00_00_01.msb	m28_00_00_01	c2020_0000	2800140	202000	人さらい　生贄初回	0	227.4	-98.369995	-82	itemLotId_1	20202810	人さらい　生贄初回
m28_00_00_01.msb	m28_00_00_01	c2020_0001	2800141	202000	人さらい　生贄初回	0	264	-102.37	-53.399994	itemLotId_1	20202810	人さらい　生贄初回
m28_00_00_01.msb	m28_00_00_01	c2020_0002	2800142	202000	人さらい　生贄初回	0	277.5	-101.63	61	itemLotId_1	20202810	人さらい　生贄初回
m28_00_00_01.msb	m28_00_00_01	c2020_0003	2800143	202000	人さらい　生贄初回	0	238	-102.82	-92.3	itemLotId_1	20202810	人さらい　生贄初回
m28_00_00_01.msb	m28_00_00_01	c2020_0004	2800144	202000	人さらい　生贄初回	0	182	-113.41	-105.2	itemLotId_1	20202810	人さらい　生贄初回
m28_00_00_01.msb	m28_00_00_01	c2020_0005	2800145	202000	人さらい　生贄初回	0	178.7	-113.41	-104.100006	itemLotId_1	20202810	人さらい　生贄初回
m28_00_00_01.msb	m28_00_00_01	c2100_0000	2800160	210005	アイコレクター（牢番ババア）　生贄初回	0	198	-113.41	-87.600006	itemLotId_1	21002810	アイコレクター　生贄初回
m28_00_00_01.msb	m28_00_00_01	c2100_0001	2800161	210005	アイコレクター（牢番ババア）　生贄初回	0	199	-113.41	-87	itemLotId_1	21002810	アイコレクター　生贄初回
m28_00_00_01.msb	m28_00_00_01	c2100_0002	2800162	210005	アイコレクター（牢番ババア）　生贄初回	0	260.7	-102.38	-58.899994	itemLotId_1	21002810	アイコレクター　生贄初回
m28_00_00_01.msb	m28_00_00_01	c2610_0000	2800400	261800	群衆女焼死体　鎌　生贄	0	316.6	-80.2	-2.800003	itemLotId_1	26102800	群衆女　生贄　鎌（1匹目）
m28_00_00_01.msb	m28_00_00_01	c2610_0001	2800401	261840	群衆女焼死体　鉈投擲　生贄	0	315.41998	-80.17	0.209999	itemLotId_1	26102840	群衆女　生贄　鉈投擲（1匹目）
m28_00_00_01.msb	m28_00_00_01	c2610_0002	2800402	261810	群衆女焼死体　鉈松明　生贄	0	308.6	-80.17	0.599998	itemLotId_1	26102810	群衆女　生贄　鉈松明（1匹目）
m28_00_00_01.msb	m28_00_00_01	c2610_0003	2800403	261800	群衆女焼死体　鎌　生贄	0	308.6	-80.229996	-6.199997	itemLotId_1	26102800	群衆女　生贄　鎌（1匹目）
m28_00_00_01.msb	m28_00_00_01	c2610_0004	2800404	261820	群衆女焼死体　焼きごて　生贄	0	292.8	-79.78	-36.399994	itemLotId_1	26102820	群衆女　生贄　焼きごて（1匹目）
m28_00_00_01.msb	m28_00_00_01	c2610_0005	2800405	261800	群衆女焼死体　鎌　生贄	0	291.4	-80.36	-36.300003	itemLotId_1	26102800	群衆女　生贄　鎌（1匹目）
m28_00_00_01.msb	m28_00_00_01	c2610_0006	2800406	261830	群衆女焼死体　ハンマー　生贄	0	284	-84.95	-41.699997	itemLotId_1	26102830	群衆女　生贄　ハンマー（1匹目）
m28_00_00_01.msb	m28_00_00_01	c2610_0007	2800407	261840	群衆女焼死体　鉈投擲　生贄	0	282.6	-85.97	-43.600006	itemLotId_1	26102840	群衆女　生贄　鉈投擲（1匹目）
m28_00_00_01.msb	m28_00_00_01	c2610_0008	2800408	261800	群衆女焼死体　鎌　生贄	0	319.3	-77.130005	-24.600006	itemLotId_1	26102800	群衆女　生贄　鎌（1匹目）
m28_00_00_01.msb	m28_00_00_01	c2610_0010	2800410	261840	群衆女焼死体　鉈投擲　生贄	0	315.6	-77.11	-37.100006	itemLotId_1	26102840	群衆女　生贄　鉈投擲（1匹目）
m28_00_00_01.msb	m28_00_00_01	c2610_0011	2800411	261810	群衆女焼死体　鉈松明　生贄	0	310.7	-77.11	-37	itemLotId_1	26102810	群衆女　生贄　鉈松明（1匹目）
m28_00_00_01.msb	m28_00_00_01	c2630_0000	2800300	263830	群衆A（大）焼死体　武器（サーベル）　服パターン1　生贄	0	242.4	-63.59	14.5	itemLotId_1	10202830	群衆A　生贄　サーベル（1匹目）
m28_00_00_01.msb	m28_00_00_01	c2630_0001	2800301	263850	群衆A（大）焼死体　武器（鎌）　服パターン1　生贄	0	261	-49.14	83.5	itemLotId_1	10202850	群衆A　生贄　鎌（1匹目）
m28_00_00_01.msb	m28_00_00_01	c2630_0002	2800302	263800	群衆A（大）焼死体　松明＆斧　服パターン1　生贄	0	256.9	-39.14	115.3	itemLotId_1	10202800	群衆A　生贄　松明＆斧（1匹目）
m28_00_00_01.msb	m28_00_00_01	c2630_0003	2800303	263831	群衆A（大）焼死体　武器（サーベル）　服パターン2　生贄	0	267.4	-38.85	115.4	itemLotId_1	10202830	群衆A　生贄　サーベル（1匹目）
m28_00_00_01.msb	m28_00_00_01	c2630_0004	2800304	263835	群衆A（大）焼死体　銃　生贄	0	266.5	-100.16	-10.800003	itemLotId_1	10202835	群衆A　生贄　銃（1匹目）
m28_00_00_01.msb	m28_00_00_01	c2630_0005	2800305	263850	群衆A（大）焼死体　武器（鎌）　服パターン1　生贄	0	245.5	-99.6	-1.800003	itemLotId_1	10202850	群衆A　生贄　鎌（1匹目）
m28_00_00_01.msb	m28_00_00_01	c2630_0006	2800306	263835	群衆A（大）焼死体　銃　生贄	0	244.2	-100.16	-40.100006	itemLotId_1	10202835	群衆A　生贄　銃（1匹目）
m28_00_00_01.msb	m28_00_00_01	c2630_0007	2800307	263830	群衆A（大）焼死体　武器（サーベル）　服パターン1　生贄	0	248.6	-100.16	-33.399994	itemLotId_1	10202830	群衆A　生贄　サーベル（1匹目）
m28_00_00_01.msb	m28_00_00_01	c2630_0008	2800308	263800	群衆A（大）焼死体　松明＆斧　服パターン1　生贄	0	281	-61	48.5	itemLotId_1	10202800	群衆A　生贄　松明＆斧（1匹目）
m28_00_00_01.msb	m28_00_00_01	c2630_0009	2800309	263870	群衆A（大）焼死体　長物両手（鋤）　服パターン1　生贄	0	279	-60.09	48	itemLotId_1	10202870	群衆A　生贄　長物（1匹目）
m28_00_00_01.msb	m28_00_00_01	c2630_0010	2800310	263860	群衆A（大）焼死体　投擲	0	275	-58.05	49	itemLotId_1	10202860	群衆A　生贄　投擲　火炎瓶（1匹目）
m28_00_00_01.msb	m28_00_00_01	c2630_0011	2800311	263851	群衆A（大）焼死体　武器（鎌）　服パターン2　生贄	0	273	-56.809998	51.5	itemLotId_1	10202850	群衆A　生贄　鎌（1匹目）
m28_00_00_01.msb	m28_00_00_01	c2630_0012	2800312	263801	群衆A（大）焼死体　松明＆斧　服パターン2　生贄	0	261	-55.43	52.5	itemLotId_1	10202800	群衆A　生贄　松明＆斧（1匹目）
m28_00_00_01.msb	m28_00_00_01	c2630_0013	2800313	263841	群衆A（大）焼死体　武器（包丁）　服パターン2　生贄	0	259	-55.489998	50.5	itemLotId_1	10202840	群衆A　生贄　包丁（1匹目）
m28_00_00_01.msb	m28_00_00_01	c2630_0014	2800314	263830	群衆A（大）焼死体　武器（サーベル）　服パターン1　生贄	0	253	-55.45	48.5	itemLotId_1	10202830	群衆A　生贄　サーベル（1匹目）
m28_00_00_01.msb	m28_00_00_01	c2630_0015	2800315	263835	群衆A（大）焼死体　銃　生贄	0	251	-55.45	50.5	itemLotId_1	10202835	群衆A　生贄　銃（1匹目）
m28_00_00_01.msb	m28_00_00_01	c2630_0016	2800316	263835	群衆A（大）焼死体　銃　生贄	0	306.1	-67.22	44.300003	itemLotId_1	10202835	群衆A　生贄　銃（1匹目）
m28_00_00_01.msb	m28_00_00_01	c2630_0017	2800317	263835	群衆A（大）焼死体　銃　生贄	0	306.1	-67.21	26.800003	itemLotId_1	10202835	群衆A　生贄　銃（1匹目）
m28_00_00_01.msb	m28_00_00_01	c2630_0018	2800318	263850	群衆A（大）焼死体　武器（鎌）　服パターン1　生贄	0	304	-67.21	39.1	itemLotId_1	10202850	群衆A　生贄　鎌（1匹目）
m28_00_00_01.msb	m28_00_00_01	c2630_0019	2800319	263810	群衆A（大）焼死体　盾＆松明　服パターン1　生贄	0	343.6	-73.19	5.599998	itemLotId_1	10202810	群衆A　生贄　盾＆松明（1匹目）
m28_00_00_01.msb	m28_00_00_01	c2630_0020	2800320	263850	群衆A（大）焼死体　武器（鎌）　服パターン1　生贄	0	328.9	-71.09	17.300003	itemLotId_1	10202850	群衆A　生贄　鎌（1匹目）
m28_00_00_01.msb	m28_00_00_01	c2630_0021	2800321	263835	群衆A（大）焼死体　銃　生贄	0	352.5	-71.09	19.300003	itemLotId_1	10202835	群衆A　生贄　銃（1匹目）
m28_00_00_01.msb	m28_00_00_01	c2630_0022	2800322	263870	群衆A（大）焼死体　長物両手（鋤）　服パターン1　生贄	0	247.1	-96.66	-107	itemLotId_1	10202870	群衆A　生贄　長物（1匹目）
m28_00_00_01.msb	m28_00_00_01	c2630_0023	2800323	263835	群衆A（大）焼死体　銃　生贄	0	245.6	-96.66	-109.600006	itemLotId_1	10202835	群衆A　生贄　銃（1匹目）
m28_00_00_01.msb	m28_00_00_01	c2630_0024	2800324	263835	群衆A（大）焼死体　銃　生贄	0	257.3	-91.55	-91.100006	itemLotId_1	10202835	群衆A　生贄　銃（1匹目）
m28_00_00_01.msb	m28_00_00_01	c2630_0025	2800325	263830	群衆A（大）焼死体　武器（サーベル）　服パターン1　生贄	0	233	-98.3	-108.100006	itemLotId_1	10202830	群衆A　生贄　サーベル（1匹目）
m28_00_00_01.msb	m28_00_00_01	c2630_0026	2800326	263835	群衆A（大）焼死体　銃　生贄	0	329.75	-102.11	-124.479996	itemLotId_1	10202835	群衆A　生贄　銃（1匹目）
m28_00_00_01.msb	m28_00_00_01	c2630_0028	2800328	263830	群衆A（大）焼死体　武器（サーベル）　服パターン1　生贄	0	351	-96.119995	-166.1	itemLotId_1	10202830	群衆A　生贄　サーベル（1匹目）
m28_00_00_01.msb	m28_00_00_01	c2630_0029	2800329	263835	群衆A（大）焼死体　銃　生贄	0	291.1	-104.04	-155.1	itemLotId_1	10202835	群衆A　生贄　銃（1匹目）
m28_00_00_01.msb	m28_00_00_01	c2630_0050	2800240	263630	群衆A（大）　武器（サーベル）　聖堂街～生贄街	0	87.754684	2.247097	219.99728	itemLotId_1	10202402	群衆Aサーベル　聖堂街A
m28_00_00_01.msb	m28_00_00_01	c2630_0051	2800241	263681	群衆A（大）　銃　固定砲台　聖堂街～生贄街	0	84.39114	2.378479	224.77158	itemLotId_1	10202404	群衆Aリーダー　聖堂街A
m28_00_00_01.msb	m28_00_00_01	c2630_0052	2800242	263630	群衆A（大）　武器（サーベル）　聖堂街～生贄街	0	89.91571	1.968658	226.66809	itemLotId_1	10202402	群衆Aサーベル　聖堂街A
m28_00_00_01.msb	m28_00_00_01	c2630_0053	2800243	263681	群衆A（大）　銃　固定砲台　聖堂街～生贄街	0	128.23001	-7.530001	201.34	itemLotId_1	10202404	群衆Aリーダー　聖堂街A
m28_00_00_01.msb	m28_00_00_01	c2630_0054	2800244	263681	群衆A（大）　銃　固定砲台　聖堂街～生贄街	0	132.69	-11.889999	202.04001	itemLotId_1	10202404	群衆Aリーダー　聖堂街A
m28_00_00_01.msb	m28_00_00_01	c2630_0055	2800245	263681	群衆A（大）　銃　固定砲台　聖堂街～生贄街	0	134.80789	-15.623446	198.93555	itemLotId_1	10202404	群衆Aリーダー　聖堂街A
m28_00_00_01.msb	m28_00_00_01	c2630_0104	2800104	263895	群衆A（大）　素手　生贄初回	0	197.7	-113.41	-96.3	itemLotId_1	10202895	群衆A　初回生贄　素手
m28_00_00_01.msb	m28_00_00_01	c2630_0105	2800105	263895	群衆A（大）　素手　生贄初回	0	195.2	-113.41	-101.399994	itemLotId_1	10202895	群衆A　初回生贄　素手
m28_00_00_01.msb	m28_00_00_01	c2630_0106	2800106	263895	群衆A（大）　素手　生贄初回	0	191.9	-113.41	-98.8	itemLotId_1	10202895	群衆A　初回生贄　素手
m28_00_00_01.msb	m28_00_00_01	c2630_0107	2800107	263895	群衆A（大）　素手　生贄初回	0	184.7	-113.41	-86.5	itemLotId_1	10202895	群衆A　初回生贄　素手
m28_00_00_01.msb	m28_00_00_01	c2630_0108	2800108	263895	群衆A（大）　素手　生贄初回	0	182.4	-113.41	-91.399994	itemLotId_1	10202895	群衆A　初回生贄　素手
m28_00_00_01.msb	m28_00_00_01	c2630_0109	2800109	263895	群衆A（大）　素手　生贄初回	0	178.8	-113.41	-95.5	itemLotId_1	10202895	群衆A　初回生贄　素手
m28_00_00_01.msb	m28_00_00_01	c2640_0000	2800380	264800	群衆B（大）焼死体　レンガ　生贄	0	364.1	-71.09	11.400002	itemLotId_1	10302800	群衆B　生贄　レンガ
m28_00_00_01.msb	m28_00_00_01	c2640_0002	2800382	264801	群衆B（大）焼死体　レンガ　マント付き　生贄	0	313	-90.69	-30.5	itemLotId_1	10302800	群衆B　生贄　レンガ
m28_00_00_01.msb	m28_00_00_01	c2640_0003	2800383	264810	群衆B（大）焼死体　石像　生贄	0	326	-85.31	-24.399994	itemLotId_1	10302810	群衆B　生贄　石像
m28_00_00_01.msb	m28_00_00_01	c2640_0004	2800384	264811	群衆B（大）焼死体　石像　マント付き　生贄	0	244.1	-96.66	-107	itemLotId_1	10302810	群衆B　生贄　石像
m28_00_00_01.msb	m28_00_00_01	c2730_0000	2800210	273300	医療教会のフランケン　斧	0	156.37589	-25.175016	182.95522	itemLotId_1	27302800	医療教会のフランケン　斧　生贄
m28_00_00_01.msb	m28_00_00_01	c3100_0000	2800560	310000	ミミック（突進キャラ）　生贄	0	267	-103.25	-37.300003	itemLotId_1	31002800	ミミック　生贄
m28_00_00_01.msb	m28_00_00_01	c3100_0002	2800562	310000	ミミック（突進キャラ）　生贄	0	281	-103.49	-35.5	itemLotId_1	31002800	ミミック　生贄
m28_00_00_01.msb	m28_00_00_01	c3100_0003	2800563	310000	ミミック（突進キャラ）　生贄	0	271	-103.92	13.5	itemLotId_1	31002800	ミミック　生贄
m28_00_00_01.msb	m28_00_00_01	c3100_0004	2800564	310000	ミミック（突進キャラ）　生贄	0	254	-104.9	-2.5	itemLotId_1	31002800	ミミック　生贄
m28_00_00_01.msb	m28_00_00_01	c3100_0006	2800566	310000	ミミック（突進キャラ）　生贄	0	273	-104.13	28.5	itemLotId_1	31002800	ミミック　生贄
m28_00_00_01.msb	m28_00_00_01	c3100_0007	2800567	310000	ミミック（突進キャラ）　生贄	0	271	-104.04	29.5	itemLotId_1	31002800	ミミック　生贄
m28_00_00_01.msb	m28_00_00_01	c3100_0009	2800569	310000	ミミック（突進キャラ）　生贄	0	275	-103.95	31.5	itemLotId_1	31002800	ミミック　生贄
m28_00_00_01.msb	m28_00_00_01	c3100_0010	2800570	310000	ミミック（突進キャラ）　生贄	0	342.9	-108.71	-130	itemLotId_1	31002800	ミミック　生贄
m28_00_00_01.msb	m28_00_00_01	c3100_0011	2800571	310000	ミミック（突進キャラ）　生贄	0	340	-112.5	-147.29999	itemLotId_1	31002800	ミミック　生贄
m28_00_00_01.msb	m28_00_00_01	c3100_0012	2800572	310001	ミミック（射撃キャラ）　生贄	0	325.4	-112.54	-152.4	itemLotId_1	31002800	ミミック　生贄
m28_00_00_01.msb	m28_00_00_01	c3100_0013	2800573	310001	ミミック（射撃キャラ）　生贄	0	338.4	-115.24	-170.5	itemLotId_1	31002800	ミミック　生贄
m28_00_00_01.msb	m28_00_00_01	c1050_0006	-1	105800	さまよう寡婦　生贄	0	332.1	-71.119995	11.400002	itemLotId_1	10502800	さまよう寡婦　生贄
m28_00_00_01.msb	m28_00_00_01	c1050_0007	-1	105800	さまよう寡婦　生贄	0	332.1	-71.119995	11.400002	itemLotId_1	10502800	さまよう寡婦　生贄
m28_00_00_01.msb	m28_00_00_01	c1050_0008	-1	105800	さまよう寡婦　生贄	0	332.1	-71.119995	11.400002	itemLotId_1	10502800	さまよう寡婦　生贄
m28_00_00_01.msb	m28_00_00_01	c1050_0111	2800521	105810	さまよう寡婦　生贄　ボスおとも	0	391.4	-113.71	-249.29999	itemLotId_1	10502810	さまよう寡婦　ボスおとも
m28_00_00_01.msb	m28_00_00_01	c1050_0113	2800523	105810	さまよう寡婦　生贄　ボスおとも	0	379.6	-114.09	-237.5	itemLotId_1	10502810	さまよう寡婦　ボスおとも
m28_00_00_01.msb	m28_00_00_01	c1050_0116	2800526	105810	さまよう寡婦　生贄　ボスおとも	0	402.6	-113.76	-214	itemLotId_1	10502810	さまよう寡婦　ボスおとも
m28_00_00_01.msb	m28_00_00_01	c1050_0118	2800528	105810	さまよう寡婦　生贄　ボスおとも	0	414.4	-113.76	-225.70001	itemLotId_1	10502810	さまよう寡婦　ボスおとも
m28_00_00_01.msb	m28_00_00_01	c1240_0012	-1	124080	狂犬　生贄初回	0	255	-37.5	120.5	itemLotId_1	12402810	狂犬　生贄
m28_00_00_01.msb	m28_00_00_01	c1240_0013	-1	124080	狂犬　生贄初回	0	255	-37.5	120.5	itemLotId_1	12402810	狂犬　生贄
m28_00_00_01.msb	m28_00_00_01	c1240_0014	-1	124080	狂犬　生贄初回	0	255	-37.5	120.5	itemLotId_1	12402810	狂犬　生贄
m28_00_00_01.msb	m28_00_00_01	c1240_0015	-1	124080	狂犬　生贄初回	0	255	-37.5	120.5	itemLotId_1	12402810	狂犬　生贄
m28_00_00_01.msb	m28_00_00_01	c1240_0016	-1	124080	狂犬　生贄初回	0	255	-37.5	120.5	itemLotId_1	12402810	狂犬　生贄
m28_00_00_01.msb	m28_00_00_01	c1240_0017	-1	124080	狂犬　生贄初回	0	255	-37.5	120.5	itemLotId_1	12402810	狂犬　生贄
m28_00_00_01.msb	m28_00_00_01	c1240_0018	-1	124080	狂犬　生贄初回	0	255	-37.5	120.5	itemLotId_1	12402810	狂犬　生贄
m28_00_00_01.msb	m28_00_00_01	c1240_0019	-1	124080	狂犬　生贄初回	0	255	-37.5	120.5	itemLotId_1	12402810	狂犬　生贄
m28_00_00_01.msb	m28_00_00_01	c2050_0000	2800900	205280	狂気の悪霊　SAN値　生贄	0	274.6	-87.31	-47.100006	itemLotId_1	20528000	狂気の悪霊　SAN値　生贄
m28_00_00_01.msb	m28_00_00_01	c2050_0001	2800901	205280	狂気の悪霊　SAN値　生贄	0	314.9	-111.29	-71.8	itemLotId_1	20528000	狂気の悪霊　SAN値　生贄
m28_00_00_01.msb	m28_00_00_01	c2050_0002	2800902	205281	狂気の悪霊　SAN値　生贄初回	0	205	-113.46	-100	itemLotId_1	20528000	狂気の悪霊　SAN値　生贄
m28_00_00_01.msb	m28_00_00_01	c2100_0003	2800163	210000	アイコレクター（牢番ババア）　生贄	0	264	-102.38	-53.399994	itemLotId_1	21002800	アイコレクター　生贄
m28_00_00_01.msb	m28_00_00_01	c2100_0004	-1	210000	アイコレクター（牢番ババア）　生贄	0	351	-96.119995	-166.1	itemLotId_1	21002800	アイコレクター　生贄
m28_00_00_01.msb	m28_00_00_01	c2100_0005	-1	210000	アイコレクター（牢番ババア）　生贄	0	293.6	-106.92	-161.5	itemLotId_1	21002800	アイコレクター　生贄
m28_00_00_01.msb	m28_00_00_01	c2100_0006	-1	210000	アイコレクター（牢番ババア）　生贄	0	302.6	-111.4	-151.9	itemLotId_1	21002800	アイコレクター　生贄
m28_00_00_01.msb	m28_00_00_01	c2100_0007	-1	210000	アイコレクター（牢番ババア）　生贄	0	309.5	-101.87	-137.79999	itemLotId_1	21002800	アイコレクター　生贄
m28_00_00_01.msb	m28_00_00_01	c2100_0008	-1	210000	アイコレクター（牢番ババア）　生贄	0	309.5	-101.87	-137.79999	itemLotId_1	21002800	アイコレクター　生贄
m28_00_00_01.msb	m28_00_00_01	c2100_0009	-1	210000	アイコレクター（牢番ババア）　生贄	0	309.5	-101.87	-137.79999	itemLotId_1	21002800	アイコレクター　生贄
m28_00_00_01.msb	m28_00_00_01	c2610_0009	2800409	261810	群衆女焼死体　鉈松明　生贄	0	315.3	-77.22	-26.399994	itemLotId_1	26102810	群衆女　生贄　鉈松明（1匹目）
m28_00_00_01.msb	m28_00_00_01	c2610_0012	2800412	261810	群衆女焼死体　鉈松明　生贄	0	242.6	-97.08	-109.600006	itemLotId_1	26102810	群衆女　生贄　鉈松明（1匹目）
m28_00_00_01.msb	m28_00_00_01	c2610_0013	2800413	261840	群衆女焼死体　鉈投擲　生贄	0	259.7	-91.5	-95.399994	itemLotId_1	26102840	群衆女　生贄　鉈投擲（1匹目）
m28_00_00_01.msb	m28_00_00_01	c2610_0014	2800414	261840	群衆女焼死体　鉈投擲　生贄	0	259.1	-91.5	-94.3	itemLotId_1	26102840	群衆女　生贄　鉈投擲（1匹目）
m28_00_00_01.msb	m28_00_00_01	c2610_0015	2800415	261820	群衆女焼死体　焼きごて　生贄	0	235.2	-98.15	-101.399994	itemLotId_1	26102820	群衆女　生贄　焼きごて（1匹目）
m28_00_00_01.msb	m28_00_00_01	c2610_0016	2800416	261830	群衆女焼死体　ハンマー　生贄	0	227.4	-98.270004	-87.899994	itemLotId_1	26102830	群衆女　生贄　ハンマー（1匹目）
m28_00_00_01.msb	m28_00_00_01	c2610_0017	2800417	261800	群衆女焼死体　鎌　生贄	0	270.1	-87.41	-61.899994	itemLotId_1	26102800	群衆女　生贄　鎌（1匹目）
m28_00_00_01.msb	m28_00_00_01	c2630_0027	2800327	263835	群衆A（大）焼死体　銃　生贄	0	340.3	-102.48	-121.399994	itemLotId_1	10202835	群衆A　生贄　銃（1匹目）
m28_00_00_01.msb	m28_00_00_01	c2630_0100	2800100	263895	群衆A（大）　素手　生贄初回	0	258.6	-114.47	-61.699997	itemLotId_1	10202895	群衆A　初回生贄　素手
m28_00_00_01.msb	m28_00_00_01	c2630_0101	2800101	263895	群衆A（大）　素手　生贄初回	0	256.2	-114.47	-57.699997	itemLotId_1	10202895	群衆A　初回生贄　素手
m28_00_00_01.msb	m28_00_00_01	c2630_0102	2800102	263895	群衆A（大）　素手　生贄初回	0	261	-114.47	-58.399994	itemLotId_1	10202895	群衆A　初回生贄　素手
m28_00_00_01.msb	m28_00_00_01	c2630_0103	2800103	263895	群衆A（大）　素手　生贄初回	0	260.8	-114.47	-56.300003	itemLotId_1	10202895	群衆A　初回生贄　素手
m28_00_00_01.msb	m28_00_00_01	c2640_0001	2800381	264800	群衆B（大）焼死体　レンガ　生贄	0	346.5	-73.229996	8.400002	itemLotId_1	10302800	群衆B　生贄　レンガ
m28_00_00_01.msb	m28_00_00_01	c2640_0005	2800385	264800	群衆B（大）焼死体　レンガ　生贄	0	228.6	-98.14	-89.899994	itemLotId_1	10302800	群衆B　生贄　レンガ
m28_00_00_01.msb	m28_00_00_01	c3100_0001	-1	310000	ミミック（突進キャラ）　生贄	0	255	-37.5	120.5	itemLotId_1	31002800	ミミック　生贄
m28_00_00_01.msb	m28_00_00_01	c3100_0005	2800565	310000	ミミック（突進キャラ）　生贄	0	258	-104.55	-1.300003	itemLotId_1	31002800	ミミック　生贄
m28_00_00_01.msb	m28_00_00_01	c3100_0008	2800568	310000	ミミック（突進キャラ）　生贄	0	273	-104.21	32.5	itemLotId_1	31002800	ミミック　生贄
m32_00_00_00.msb	m32_00_00_00	c0000_0002	3200110	6450	大学_聖歌隊NPC	0	-438.574	-176.09	408.3	itemLotId_1	59000	敵NPC_大学の聖歌隊のドロップアイテム
m32_00_00_00.msb	m32_00_00_00	c1051_0000	3200710	105320	さまよう寡婦（侵入PC召喚）　大学	0	-440.774	-160.54001	397.09998	itemLotId_1	10532000	さまよう寡婦（侵入PC召喚）　大学
m32_00_00_00.msb	m32_00_00_00	c1060_0000	3200600	106200	脳喰らい　大学　強敵	0	-428.474	-178.91	349.8	itemLotId_1	10603200	脳喰らい　大学
m32_00_00_00.msb	m32_00_00_00	c1110_0000	3200101	111010	クモ男パッチ_大学	320329	-450.874	-184.3	602.5	itemLotId_1	39020	パッチ_死亡時ドロップアイテム
m32_00_00_00.msb	m32_00_00_00	c1400_0000	3200200	140010	白痴の蜘蛛（子）　大学　ボスおとも	0	-532.354	-271.25	355.8	itemLotId_1	14003210	白痴の蜘蛛（子）　大学　ボスおとも
m32_00_00_00.msb	m32_00_00_00	c1400_0001	3200201	140010	白痴の蜘蛛（子）　大学　ボスおとも	0	-530.354	-271.25	359.8	itemLotId_1	14003210	白痴の蜘蛛（子）　大学　ボスおとも
m32_00_00_00.msb	m32_00_00_00	c1400_0002	3200202	140010	白痴の蜘蛛（子）　大学　ボスおとも	0	-528.354	-271.25	363.8	itemLotId_1	14003210	白痴の蜘蛛（子）　大学　ボスおとも
m32_00_00_00.msb	m32_00_00_00	c1400_0003	3200203	140010	白痴の蜘蛛（子）　大学　ボスおとも	0	-530.354	-271.25	367.8	itemLotId_1	14003210	白痴の蜘蛛（子）　大学　ボスおとも
m32_00_00_00.msb	m32_00_00_00	c1400_0004	3200204	140010	白痴の蜘蛛（子）　大学　ボスおとも	0	-532.354	-271.25	371.8	itemLotId_1	14003210	白痴の蜘蛛（子）　大学　ボスおとも
m32_00_00_00.msb	m32_00_00_00	c1400_0005	3200205	140010	白痴の蜘蛛（子）　大学　ボスおとも	0	-536.354	-271.25	355.8	itemLotId_1	14003210	白痴の蜘蛛（子）　大学　ボスおとも
m32_00_00_00.msb	m32_00_00_00	c1400_0006	3200206	140010	白痴の蜘蛛（子）　大学　ボスおとも	0	-538.354	-271.25	359.8	itemLotId_1	14003210	白痴の蜘蛛（子）　大学　ボスおとも
m32_00_00_00.msb	m32_00_00_00	c1400_0007	3200207	140010	白痴の蜘蛛（子）　大学　ボスおとも	0	-540.354	-271.25	363.8	itemLotId_1	14003210	白痴の蜘蛛（子）　大学　ボスおとも
m32_00_00_00.msb	m32_00_00_00	c1400_0008	3200208	140010	白痴の蜘蛛（子）　大学　ボスおとも	0	-538.354	-271.25	367.8	itemLotId_1	14003210	白痴の蜘蛛（子）　大学　ボスおとも
m32_00_00_00.msb	m32_00_00_00	c1400_0009	3200209	140010	白痴の蜘蛛（子）　大学　ボスおとも	0	-536.354	-271.25	371.8	itemLotId_1	14003210	白痴の蜘蛛（子）　大学　ボスおとも
m32_00_00_00.msb	m32_00_00_00	c1400_0010	3200210	140010	白痴の蜘蛛（子）　大学　ボスおとも	0	-504.524	-271.25	388.97	itemLotId_1	14003210	白痴の蜘蛛（子）　大学　ボスおとも
m32_00_00_00.msb	m32_00_00_00	c1400_0011	3200211	140010	白痴の蜘蛛（子）　大学　ボスおとも	0	-502.524	-271.25	392.97	itemLotId_1	14003210	白痴の蜘蛛（子）　大学　ボスおとも
m32_00_00_00.msb	m32_00_00_00	c1400_0012	3200212	140010	白痴の蜘蛛（子）　大学　ボスおとも	0	-500.524	-271.25	396.97	itemLotId_1	14003210	白痴の蜘蛛（子）　大学　ボスおとも
m32_00_00_00.msb	m32_00_00_00	c1400_0013	3200213	140010	白痴の蜘蛛（子）　大学　ボスおとも	0	-502.524	-271.25	400.97	itemLotId_1	14003210	白痴の蜘蛛（子）　大学　ボスおとも
m32_00_00_00.msb	m32_00_00_00	c1400_0014	3200214	140010	白痴の蜘蛛（子）　大学　ボスおとも	0	-504.524	-271.25	404.97	itemLotId_1	14003210	白痴の蜘蛛（子）　大学　ボスおとも
m32_00_00_00.msb	m32_00_00_00	c1400_0015	3200215	140010	白痴の蜘蛛（子）　大学　ボスおとも	0	-508.524	-271.25	388.97	itemLotId_1	14003210	白痴の蜘蛛（子）　大学　ボスおとも
m32_00_00_00.msb	m32_00_00_00	c1400_0016	3200216	140010	白痴の蜘蛛（子）　大学　ボスおとも	0	-510.524	-271.25	392.97	itemLotId_1	14003210	白痴の蜘蛛（子）　大学　ボスおとも
m32_00_00_00.msb	m32_00_00_00	c1400_0017	3200217	140010	白痴の蜘蛛（子）　大学　ボスおとも	0	-512.524	-271.25	396.97	itemLotId_1	14003210	白痴の蜘蛛（子）　大学　ボスおとも
m32_00_00_00.msb	m32_00_00_00	c1400_0018	3200218	140010	白痴の蜘蛛（子）　大学　ボスおとも	0	-510.524	-271.25	400.97	itemLotId_1	14003210	白痴の蜘蛛（子）　大学　ボスおとも
m32_00_00_00.msb	m32_00_00_00	c1400_0019	3200219	140010	白痴の蜘蛛（子）　大学　ボスおとも	0	-508.524	-271.25	404.97	itemLotId_1	14003210	白痴の蜘蛛（子）　大学　ボスおとも
m32_00_00_00.msb	m32_00_00_00	c1400_0020	3200220	140010	白痴の蜘蛛（子）　大学　ボスおとも	0	-489.714	-271.25	348.28	itemLotId_1	14003210	白痴の蜘蛛（子）　大学　ボスおとも
m32_00_00_00.msb	m32_00_00_00	c1400_0021	3200221	140010	白痴の蜘蛛（子）　大学　ボスおとも	0	-487.714	-271.25	352.28	itemLotId_1	14003210	白痴の蜘蛛（子）　大学　ボスおとも
m32_00_00_00.msb	m32_00_00_00	c1400_0022	3200222	140010	白痴の蜘蛛（子）　大学　ボスおとも	0	-485.714	-271.25	356.28	itemLotId_1	14003210	白痴の蜘蛛（子）　大学　ボスおとも
m32_00_00_00.msb	m32_00_00_00	c1400_0023	3200223	140010	白痴の蜘蛛（子）　大学　ボスおとも	0	-487.714	-271.25	360.28	itemLotId_1	14003210	白痴の蜘蛛（子）　大学　ボスおとも
m32_00_00_00.msb	m32_00_00_00	c1400_0024	3200224	140010	白痴の蜘蛛（子）　大学　ボスおとも	0	-489.714	-271.25	364.28	itemLotId_1	14003210	白痴の蜘蛛（子）　大学　ボスおとも
m32_00_00_00.msb	m32_00_00_00	c1400_0025	3200225	140010	白痴の蜘蛛（子）　大学　ボスおとも	0	-493.714	-271.25	348.28	itemLotId_1	14003210	白痴の蜘蛛（子）　大学　ボスおとも
m32_00_00_00.msb	m32_00_00_00	c1400_0026	3200226	140010	白痴の蜘蛛（子）　大学　ボスおとも	0	-495.714	-271.25	352.28	itemLotId_1	14003210	白痴の蜘蛛（子）　大学　ボスおとも
m32_00_00_00.msb	m32_00_00_00	c1400_0027	3200227	140010	白痴の蜘蛛（子）　大学　ボスおとも	0	-497.674	-271.25	356.28	itemLotId_1	14003210	白痴の蜘蛛（子）　大学　ボスおとも
m32_00_00_00.msb	m32_00_00_00	c1400_0028	3200228	140010	白痴の蜘蛛（子）　大学　ボスおとも	0	-495.714	-271.25	360.28	itemLotId_1	14003210	白痴の蜘蛛（子）　大学　ボスおとも
m32_00_00_00.msb	m32_00_00_00	c1400_0029	3200229	140010	白痴の蜘蛛（子）　大学　ボスおとも	0	-493.714	-271.25	364.28	itemLotId_1	14003210	白痴の蜘蛛（子）　大学　ボスおとも
m32_00_00_00.msb	m32_00_00_00	c2110_0000	3200500	211000	蜘蛛のクトゥルフ　大学	0	-427.374	-185.65	403.9	itemLotId_1	21103200	蜘蛛のクトゥルフ　大学
m32_00_00_00.msb	m32_00_00_00	c2110_0001	3200501	211000	蜘蛛のクトゥルフ　大学	0	-412.374	-185.25	396.9	itemLotId_1	21103200	蜘蛛のクトゥルフ　大学
m32_00_00_00.msb	m32_00_00_00	c2110_0002	3200502	211000	蜘蛛のクトゥルフ　大学	0	-407.374	-185.16	399.9	itemLotId_1	21103200	蜘蛛のクトゥルフ　大学
m32_00_00_00.msb	m32_00_00_00	c2110_0003	3200503	211000	蜘蛛のクトゥルフ　大学	0	-375.874	-186.59	441.3	itemLotId_1	21103200	蜘蛛のクトゥルフ　大学
m32_00_00_00.msb	m32_00_00_00	c2110_0005	3200505	211000	蜘蛛のクトゥルフ　大学	0	-465.274	-176.03	388.09998	itemLotId_1	21103200	蜘蛛のクトゥルフ　大学
m32_00_00_00.msb	m32_00_00_00	c2110_0006	3200506	211000	蜘蛛のクトゥルフ　大学	0	-473.374	-187.05	432.9	itemLotId_1	21103200	蜘蛛のクトゥルフ　大学
m32_00_00_00.msb	m32_00_00_00	c2110_0008	3200508	211000	蜘蛛のクトゥルフ　大学	0	-458.17398	-176.03	390.7	itemLotId_1	21103200	蜘蛛のクトゥルフ　大学
m32_00_00_00.msb	m32_00_00_00	c2110_0011	3200511	211000	蜘蛛のクトゥルフ　大学	0	-442.61398	-156.26	392.8	itemLotId_1	21103200	蜘蛛のクトゥルフ　大学
m32_00_00_00.msb	m32_00_00_00	c2730_0001	3200421	273211	医療教会のフランケン　炎の拳　悪夢教室2F	0	-440.91354	-177.05	603.4161	itemLotId_1	27303220	医療教会のフランケン　炎の拳　悪夢教室
m32_00_00_00.msb	m32_00_00_00	c2740_0016	3200316	274000	学徒　悪夢教室1F	0	-466.714	-184.29	559.74	itemLotId_1	27403200	学徒　大学
m32_00_00_00.msb	m32_00_00_00	c2740_0017	3200317	274010	学徒（瓶持ち）　悪夢教室1F	0	-470.744	-184.02	559.18	itemLotId_1	27403202	学徒（瓶持ち）　大学
m32_00_00_00.msb	m32_00_00_00	c2740_0018	3200318	274000	学徒　悪夢教室1F	0	-470.744	-184.03	563.31	itemLotId_1	27403200	学徒　大学
m32_00_00_00.msb	m32_00_00_00	c2740_0019	3200319	274000	学徒　悪夢教室1F	0	-472.754	-183.49	561.77997	itemLotId_1	27403200	学徒　大学
m32_00_00_00.msb	m32_00_00_00	c2740_0020	3200320	274000	学徒　悪夢教室1F	0	-461.744	-185.29	551.93	itemLotId_1	27403200	学徒　大学
m32_00_00_00.msb	m32_00_00_00	c2740_0021	3200321	274000	学徒　悪夢教室1F	0	-463.20398	-184.79	549.44	itemLotId_1	27403200	学徒　大学
m32_00_00_00.msb	m32_00_00_00	c2740_0022	3200322	274010	学徒（瓶持ち）　悪夢教室1F	0	-465.64398	-184.29	551.17	itemLotId_1	27403202	学徒（瓶持ち）　大学
m32_00_00_00.msb	m32_00_00_00	c2740_0023	3200323	274000	学徒　悪夢教室1F	0	-468.794	-184	547.22	itemLotId_1	27403200	学徒　大学
m32_00_00_00.msb	m32_00_00_00	c2740_0024	3200324	274000	学徒　悪夢教室1F	0	-471.794	-183.49	551.32	itemLotId_1	27403200	学徒　大学
m32_00_00_00.msb	m32_00_00_00	c2740_0025	3200325	274000	学徒　悪夢教室1F	0	-460.444	-184.79	541.63	itemLotId_1	27403200	学徒　大学
m32_00_00_00.msb	m32_00_00_00	c2740_0026	3200326	274000	学徒　悪夢教室1F	0	-462.654	-184.28	541.68	itemLotId_1	27403200	学徒　大学
m32_00_00_00.msb	m32_00_00_00	c2740_0027	3200327	274000	学徒　悪夢教室1F	0	-464.884	-184	536.93	itemLotId_1	27403200	学徒　大学
m32_00_00_00.msb	m32_00_00_00	c2740_0028	3200328	274000	学徒　悪夢教室1F	0	-464.064	-184.8	553.57	itemLotId_1	27403200	学徒　大学
m32_00_00_00.msb	m32_00_00_00	c2740_0029	3200329	274000	学徒　悪夢教室1F	0	-470.094	-184.03	553.24	itemLotId_1	27403200	学徒　大学
m32_00_00_00.msb	m32_00_00_00	c2740_0030	3200330	274000	学徒　悪夢教室1F	0	-462.714	-185.29	561.83997	itemLotId_1	27403200	学徒　大学
m32_00_00_00.msb	m32_00_00_00	c2740_0031	3200331	274010	学徒（瓶持ち）　悪夢教室1F	0	-464.734	-184.8	560.82	itemLotId_1	27403202	学徒（瓶持ち）　大学
m32_00_00_00.msb	m32_00_00_00	c2740_0037	3200337	274100	学徒　悪夢教室2F	0	-427.574	-177.25	527.2	itemLotId_1	27403200	学徒　大学
m32_00_00_00.msb	m32_00_00_00	c2740_0038	3200338	274111	学徒（瓶持ち）　悪夢教室2F（固定砲台）	0	-436.474	-177.25	545.9	itemLotId_1	27403202	学徒（瓶持ち）　大学
m32_00_00_00.msb	m32_00_00_00	c2740_0039	3200339	274111	学徒（瓶持ち）　悪夢教室2F（固定砲台）	0	-437.374	-177.25	548.1	itemLotId_1	27403202	学徒（瓶持ち）　大学
m32_00_00_00.msb	m32_00_00_00	c2740_0040	3200340	274100	学徒　悪夢教室2F	0	-445.274	-177.25	537.2	itemLotId_1	27403200	学徒　大学
m32_00_00_00.msb	m32_00_00_00	c2740_0041	3200341	274100	学徒　悪夢教室2F	0	-461.874	-177.25	572.8	itemLotId_1	27403200	学徒　大学
m32_00_00_00.msb	m32_00_00_00	c2740_0043	3200343	274100	学徒　悪夢教室2F	0	-480.374	-177.25	562.2	itemLotId_1	27403200	学徒　大学
m32_00_00_00.msb	m32_00_00_00	c2740_0044	3200344	274111	学徒（瓶持ち）　悪夢教室2F（固定砲台）	0	-441.974	-177.25	560.9	itemLotId_1	27403202	学徒（瓶持ち）　大学
m32_00_00_00.msb	m32_00_00_00	c2740_0045	3200345	274100	学徒　悪夢教室2F	0	-444.474	-177.25	577.3	itemLotId_1	27403200	学徒　大学
m32_00_00_00.msb	m32_00_00_00	c2740_0047	3200347	274100	学徒　悪夢教室2F	0	-468.374	-177.25	586.4	itemLotId_1	27403200	学徒　大学
m32_00_00_00.msb	m32_00_00_00	c5130_0000	3200100	513000	大学教授　大学	320310	-466.974	-176.35	392.3	itemLotId_1	20000	学長_殺害時ドロップアイテム
m32_00_00_00.msb	m32_00_00_00	c1400_0030	-1	140000	白痴の蜘蛛（子）　大学	0	-494.374	-271.25	376.59998	itemLotId_1	14003200	白痴の蜘蛛（子）　大学
m32_00_00_00.msb	m32_00_00_00	c1400_0031	-1	140000	白痴の蜘蛛（子）　大学	0	-494.374	-271.25	376.59998	itemLotId_1	14003200	白痴の蜘蛛（子）　大学
m32_00_00_00.msb	m32_00_00_00	c1400_0032	-1	140000	白痴の蜘蛛（子）　大学	0	-494.374	-271.25	376.59998	itemLotId_1	14003200	白痴の蜘蛛（子）　大学
m32_00_00_00.msb	m32_00_00_00	c1400_0033	-1	140000	白痴の蜘蛛（子）　大学	0	-494.374	-271.25	376.59998	itemLotId_1	14003200	白痴の蜘蛛（子）　大学
m32_00_00_00.msb	m32_00_00_00	c1400_0034	-1	140000	白痴の蜘蛛（子）　大学	0	-494.374	-271.25	376.59998	itemLotId_1	14003200	白痴の蜘蛛（子）　大学
m32_00_00_00.msb	m32_00_00_00	c1400_0035	-1	140000	白痴の蜘蛛（子）　大学	0	-494.374	-271.25	376.59998	itemLotId_1	14003200	白痴の蜘蛛（子）　大学
m32_00_00_00.msb	m32_00_00_00	c1400_0036	-1	140000	白痴の蜘蛛（子）　大学	0	-494.374	-271.25	376.59998	itemLotId_1	14003200	白痴の蜘蛛（子）　大学
m32_00_00_00.msb	m32_00_00_00	c1400_0037	-1	140000	白痴の蜘蛛（子）　大学	0	-494.374	-271.25	376.59998	itemLotId_1	14003200	白痴の蜘蛛（子）　大学
m32_00_00_00.msb	m32_00_00_00	c1400_0038	-1	140000	白痴の蜘蛛（子）　大学	0	-494.374	-271.25	376.59998	itemLotId_1	14003200	白痴の蜘蛛（子）　大学
m32_00_00_00.msb	m32_00_00_00	c1400_0039	-1	140000	白痴の蜘蛛（子）　大学	0	-494.374	-271.25	376.59998	itemLotId_1	14003200	白痴の蜘蛛（子）　大学
m32_00_00_00.msb	m32_00_00_00	c1400_0040	-1	140000	白痴の蜘蛛（子）　大学	0	-494.374	-271.25	376.59998	itemLotId_1	14003200	白痴の蜘蛛（子）　大学
m32_00_00_00.msb	m32_00_00_00	c1400_0041	-1	140000	白痴の蜘蛛（子）　大学	0	-494.374	-271.25	376.59998	itemLotId_1	14003200	白痴の蜘蛛（子）　大学
m32_00_00_00.msb	m32_00_00_00	c1400_0042	-1	140000	白痴の蜘蛛（子）　大学	0	-494.374	-271.25	376.59998	itemLotId_1	14003200	白痴の蜘蛛（子）　大学
m32_00_00_00.msb	m32_00_00_00	c1400_0043	-1	140000	白痴の蜘蛛（子）　大学	0	-494.374	-271.25	376.59998	itemLotId_1	14003200	白痴の蜘蛛（子）　大学
m32_00_00_00.msb	m32_00_00_00	c1400_0044	-1	140000	白痴の蜘蛛（子）　大学	0	-494.374	-271.25	376.59998	itemLotId_1	14003200	白痴の蜘蛛（子）　大学
m32_00_00_00.msb	m32_00_00_00	c1400_0045	-1	140000	白痴の蜘蛛（子）　大学	0	-494.374	-271.25	376.59998	itemLotId_1	14003200	白痴の蜘蛛（子）　大学
m32_00_00_00.msb	m32_00_00_00	c1400_0046	-1	140000	白痴の蜘蛛（子）　大学	0	-494.374	-271.25	376.59998	itemLotId_1	14003200	白痴の蜘蛛（子）　大学
m32_00_00_00.msb	m32_00_00_00	c1400_0047	-1	140000	白痴の蜘蛛（子）　大学	0	-494.374	-271.25	376.59998	itemLotId_1	14003200	白痴の蜘蛛（子）　大学
m32_00_00_00.msb	m32_00_00_00	c1400_0048	-1	140000	白痴の蜘蛛（子）　大学	0	-494.374	-271.25	376.59998	itemLotId_1	14003200	白痴の蜘蛛（子）　大学
m32_00_00_00.msb	m32_00_00_00	c1400_0049	-1	140000	白痴の蜘蛛（子）　大学	0	-494.374	-271.25	376.59998	itemLotId_1	14003200	白痴の蜘蛛（子）　大学
m32_00_00_00.msb	m32_00_00_00	c2110_0004	3200504	211000	蜘蛛のクトゥルフ　大学	0	-454.67398	-185.29	363.2	itemLotId_1	21103200	蜘蛛のクトゥルフ　大学
m32_00_00_00.msb	m32_00_00_00	c2110_0007	3200507	211000	蜘蛛のクトゥルフ　大学	0	-467.17398	-185.31	417.09998	itemLotId_1	21103200	蜘蛛のクトゥルフ　大学
m32_00_00_00.msb	m32_00_00_00	c2110_0009	3200509	211000	蜘蛛のクトゥルフ　大学	0	-449.574	-184.1	415.3	itemLotId_1	21103200	蜘蛛のクトゥルフ　大学
m32_00_00_00.msb	m32_00_00_00	c2110_0010	3200510	211000	蜘蛛のクトゥルフ　大学	0	-439.774	-183.6	391	itemLotId_1	21103200	蜘蛛のクトゥルフ　大学
m32_00_00_00.msb	m32_00_00_00	c2170_0033	3200333	274000	学徒　悪夢教室1F	0	-532.974	-185.24	391.5	itemLotId_1	27403200	学徒　大学
m32_00_00_00.msb	m32_00_00_00	c2170_0038	-1	274000	学徒　悪夢教室1F	0	-419.374	-191.25	511.9	itemLotId_1	27403200	学徒　大学
m32_00_00_00.msb	m32_00_00_00	c2170_0039	-1	274000	学徒　悪夢教室1F	0	-419.374	-191.25	511.9	itemLotId_1	27403200	学徒　大学
m32_00_00_00.msb	m32_00_00_00	c2531_0000	3200621	253210	星の花　大学　頭部	0	-475.974	-187.23	405.3	itemLotId_1	25303200	星の花　大学
m32_00_00_00.msb	m32_00_00_00	c2730_0002	3200422	273211	医療教会のフランケン　炎の拳　悪夢教室2F	0	-534.574	-177.15	383.9	itemLotId_1	27303220	医療教会のフランケン　炎の拳　悪夢教室
m32_00_00_00.msb	m32_00_00_00	c2740_0000	3200300	274010	学徒（瓶持ち）　悪夢教室1F	0	-531.574	-185.29	356.4	itemLotId_1	27403202	学徒（瓶持ち）　大学
m32_00_00_00.msb	m32_00_00_00	c2740_0001	3200301	274000	学徒　悪夢教室1F	0	-526.574	-184.79	361.59998	itemLotId_1	27403200	学徒　大学
m32_00_00_00.msb	m32_00_00_00	c2740_0002	3200302	274000	学徒　悪夢教室1F	0	-526.174	-184.29	365.5	itemLotId_1	27403200	学徒　大学
m32_00_00_00.msb	m32_00_00_00	c2740_0003	3200303	274000	学徒　悪夢教室1F	0	-521.174	-184.03	364.5	itemLotId_1	27403200	学徒　大学
m32_00_00_00.msb	m32_00_00_00	c2740_0004	3200304	274000	学徒　悪夢教室1F	0	-523.574	-184.03	369.09998	itemLotId_1	27403200	学徒　大学
m32_00_00_00.msb	m32_00_00_00	c2740_0005	3200305	274000	学徒　悪夢教室1F	0	-520.574	-183.49	367.8	itemLotId_1	27403200	学徒　大学
m32_00_00_00.msb	m32_00_00_00	c2740_0006	3200306	274000	学徒　悪夢教室1F	0	-516.374	-182.99	363.5	itemLotId_1	27403200	学徒　大学
m32_00_00_00.msb	m32_00_00_00	c2740_0007	3200307	274000	学徒　悪夢教室1F	0	-520.574	-182.99	371.8	itemLotId_1	27403200	学徒　大学
m32_00_00_00.msb	m32_00_00_00	c2740_0008	3200308	274000	学徒　悪夢教室1F	0	-525.674	-185.29	353.4	itemLotId_1	27403200	学徒　大学
m32_00_00_00.msb	m32_00_00_00	c2740_0009	3200309	274000	学徒　悪夢教室1F	0	-525.074	-185.29	350.4	itemLotId_1	27403200	学徒　大学
m32_00_00_00.msb	m32_00_00_00	c2740_0010	3200310	274000	学徒　悪夢教室1F	0	-524.274	-184.79	355.9	itemLotId_1	27403200	学徒　大学
m32_00_00_00.msb	m32_00_00_00	c2740_0011	3200311	274000	学徒　悪夢教室1F	0	-521.774	-184.28	354.4	itemLotId_1	27403200	学徒　大学
m32_00_00_00.msb	m32_00_00_00	c2740_0012	3200312	274000	学徒　悪夢教室1F	0	-517.374	-183.99	353.2	itemLotId_1	27403200	学徒　大学
m32_00_00_00.msb	m32_00_00_00	c2740_0013	3200313	274000	学徒　悪夢教室1F	0	-515.774	-183.49	355.09998	itemLotId_1	27403200	学徒　大学
m32_00_00_00.msb	m32_00_00_00	c2740_0014	3200314	274000	学徒　悪夢教室1F	0	-514.674	-183.49	349	itemLotId_1	27403200	学徒　大学
m32_00_00_00.msb	m32_00_00_00	c2740_0015	3200315	274010	学徒（瓶持ち）　悪夢教室1F	0	-508.374	-182.74	344.4	itemLotId_1	27403202	学徒（瓶持ち）　大学
m32_00_00_00.msb	m32_00_00_00	c2740_0032	3200332	274000	学徒　悪夢教室1F	0	-532.974	-185.24	391.5	itemLotId_1	27403200	学徒　大学
m32_00_00_00.msb	m32_00_00_00	c2740_0034	3200334	274000	学徒　悪夢教室1F	0	-552.774	-185.25	311.3	itemLotId_1	27403200	学徒　大学
m32_00_00_00.msb	m32_00_00_00	c2740_0035	3200335	274000	学徒　悪夢教室1F	0	-552.774	-185.25	311.3	itemLotId_1	27403200	学徒　大学
m32_00_00_00.msb	m32_00_00_00	c5130_0001	-1	513000	大学教授　大学	0	-448.374	-183.75	395.9	itemLotId_1	20000	学長_殺害時ドロップアイテム
m32_00_00_00.msb	m32_00_00_00	c8060_0000	-1	513000	大学教授　大学	0	-448.374	-183.75	395.9	itemLotId_1	20000	学長_殺害時ドロップアイテム
m32_00_00_01.msb	m32_00_00_01	c0000_0002	3200110	6450	大学_聖歌隊NPC	0	-438.574	-176.09	408.3	itemLotId_1	59000	敵NPC_大学の聖歌隊のドロップアイテム
m32_00_00_01.msb	m32_00_00_01	c1051_0000	3200710	105320	さまよう寡婦（侵入PC召喚）　大学	0	-440.774	-160.54001	397.09998	itemLotId_1	10532000	さまよう寡婦（侵入PC召喚）　大学
m32_00_00_01.msb	m32_00_00_01	c1060_0000	3200600	106200	脳喰らい　大学　強敵	0	-428.474	-178.91	349.8	itemLotId_1	10603200	脳喰らい　大学
m32_00_00_01.msb	m32_00_00_01	c1110_0000	3200101	111010	クモ男パッチ_大学	320329	-450.874	-184.3	602.5	itemLotId_1	39020	パッチ_死亡時ドロップアイテム
m32_00_00_01.msb	m32_00_00_01	c1400_0000	3200200	140010	白痴の蜘蛛（子）　大学　ボスおとも	0	-532.354	-271.25	355.8	itemLotId_1	14003210	白痴の蜘蛛（子）　大学　ボスおとも
m32_00_00_01.msb	m32_00_00_01	c1400_0001	3200201	140010	白痴の蜘蛛（子）　大学　ボスおとも	0	-530.354	-271.25	359.8	itemLotId_1	14003210	白痴の蜘蛛（子）　大学　ボスおとも
m32_00_00_01.msb	m32_00_00_01	c1400_0002	3200202	140010	白痴の蜘蛛（子）　大学　ボスおとも	0	-528.354	-271.25	363.8	itemLotId_1	14003210	白痴の蜘蛛（子）　大学　ボスおとも
m32_00_00_01.msb	m32_00_00_01	c1400_0003	3200203	140010	白痴の蜘蛛（子）　大学　ボスおとも	0	-530.354	-271.25	367.8	itemLotId_1	14003210	白痴の蜘蛛（子）　大学　ボスおとも
m32_00_00_01.msb	m32_00_00_01	c1400_0004	3200204	140010	白痴の蜘蛛（子）　大学　ボスおとも	0	-532.354	-271.25	371.8	itemLotId_1	14003210	白痴の蜘蛛（子）　大学　ボスおとも
m32_00_00_01.msb	m32_00_00_01	c1400_0005	3200205	140010	白痴の蜘蛛（子）　大学　ボスおとも	0	-536.354	-271.25	355.8	itemLotId_1	14003210	白痴の蜘蛛（子）　大学　ボスおとも
m32_00_00_01.msb	m32_00_00_01	c1400_0006	3200206	140010	白痴の蜘蛛（子）　大学　ボスおとも	0	-538.354	-271.25	359.8	itemLotId_1	14003210	白痴の蜘蛛（子）　大学　ボスおとも
m32_00_00_01.msb	m32_00_00_01	c1400_0007	3200207	140010	白痴の蜘蛛（子）　大学　ボスおとも	0	-540.354	-271.25	363.8	itemLotId_1	14003210	白痴の蜘蛛（子）　大学　ボスおとも
m32_00_00_01.msb	m32_00_00_01	c1400_0008	3200208	140010	白痴の蜘蛛（子）　大学　ボスおとも	0	-538.354	-271.25	367.8	itemLotId_1	14003210	白痴の蜘蛛（子）　大学　ボスおとも
m32_00_00_01.msb	m32_00_00_01	c1400_0009	3200209	140010	白痴の蜘蛛（子）　大学　ボスおとも	0	-536.354	-271.25	371.8	itemLotId_1	14003210	白痴の蜘蛛（子）　大学　ボスおとも
m32_00_00_01.msb	m32_00_00_01	c1400_0010	3200210	140010	白痴の蜘蛛（子）　大学　ボスおとも	0	-504.524	-271.25	388.97	itemLotId_1	14003210	白痴の蜘蛛（子）　大学　ボスおとも
m32_00_00_01.msb	m32_00_00_01	c1400_0011	3200211	140010	白痴の蜘蛛（子）　大学　ボスおとも	0	-502.524	-271.25	392.97	itemLotId_1	14003210	白痴の蜘蛛（子）　大学　ボスおとも
m32_00_00_01.msb	m32_00_00_01	c1400_0012	3200212	140010	白痴の蜘蛛（子）　大学　ボスおとも	0	-500.524	-271.25	396.97	itemLotId_1	14003210	白痴の蜘蛛（子）　大学　ボスおとも
m32_00_00_01.msb	m32_00_00_01	c1400_0013	3200213	140010	白痴の蜘蛛（子）　大学　ボスおとも	0	-502.524	-271.25	400.97	itemLotId_1	14003210	白痴の蜘蛛（子）　大学　ボスおとも
m32_00_00_01.msb	m32_00_00_01	c1400_0014	3200214	140010	白痴の蜘蛛（子）　大学　ボスおとも	0	-504.524	-271.25	404.97	itemLotId_1	14003210	白痴の蜘蛛（子）　大学　ボスおとも
m32_00_00_01.msb	m32_00_00_01	c1400_0015	3200215	140010	白痴の蜘蛛（子）　大学　ボスおとも	0	-508.524	-271.25	388.97	itemLotId_1	14003210	白痴の蜘蛛（子）　大学　ボスおとも
m32_00_00_01.msb	m32_00_00_01	c1400_0016	3200216	140010	白痴の蜘蛛（子）　大学　ボスおとも	0	-510.524	-271.25	392.97	itemLotId_1	14003210	白痴の蜘蛛（子）　大学　ボスおとも
m32_00_00_01.msb	m32_00_00_01	c1400_0017	3200217	140010	白痴の蜘蛛（子）　大学　ボスおとも	0	-512.524	-271.25	396.97	itemLotId_1	14003210	白痴の蜘蛛（子）　大学　ボスおとも
m32_00_00_01.msb	m32_00_00_01	c1400_0018	3200218	140010	白痴の蜘蛛（子）　大学　ボスおとも	0	-510.524	-271.25	400.97	itemLotId_1	14003210	白痴の蜘蛛（子）　大学　ボスおとも
m32_00_00_01.msb	m32_00_00_01	c1400_0019	3200219	140010	白痴の蜘蛛（子）　大学　ボスおとも	0	-508.524	-271.25	404.97	itemLotId_1	14003210	白痴の蜘蛛（子）　大学　ボスおとも
m32_00_00_01.msb	m32_00_00_01	c1400_0020	3200220	140010	白痴の蜘蛛（子）　大学　ボスおとも	0	-489.714	-271.25	348.28	itemLotId_1	14003210	白痴の蜘蛛（子）　大学　ボスおとも
m32_00_00_01.msb	m32_00_00_01	c1400_0021	3200221	140010	白痴の蜘蛛（子）　大学　ボスおとも	0	-487.714	-271.25	352.28	itemLotId_1	14003210	白痴の蜘蛛（子）　大学　ボスおとも
m32_00_00_01.msb	m32_00_00_01	c1400_0022	3200222	140010	白痴の蜘蛛（子）　大学　ボスおとも	0	-485.714	-271.25	356.28	itemLotId_1	14003210	白痴の蜘蛛（子）　大学　ボスおとも
m32_00_00_01.msb	m32_00_00_01	c1400_0023	3200223	140010	白痴の蜘蛛（子）　大学　ボスおとも	0	-487.714	-271.25	360.28	itemLotId_1	14003210	白痴の蜘蛛（子）　大学　ボスおとも
m32_00_00_01.msb	m32_00_00_01	c1400_0024	3200224	140010	白痴の蜘蛛（子）　大学　ボスおとも	0	-489.714	-271.25	364.28	itemLotId_1	14003210	白痴の蜘蛛（子）　大学　ボスおとも
m32_00_00_01.msb	m32_00_00_01	c1400_0025	3200225	140010	白痴の蜘蛛（子）　大学　ボスおとも	0	-493.714	-271.25	348.28	itemLotId_1	14003210	白痴の蜘蛛（子）　大学　ボスおとも
m32_00_00_01.msb	m32_00_00_01	c1400_0026	3200226	140010	白痴の蜘蛛（子）　大学　ボスおとも	0	-495.714	-271.25	352.28	itemLotId_1	14003210	白痴の蜘蛛（子）　大学　ボスおとも
m32_00_00_01.msb	m32_00_00_01	c1400_0027	3200227	140010	白痴の蜘蛛（子）　大学　ボスおとも	0	-497.674	-271.25	356.28	itemLotId_1	14003210	白痴の蜘蛛（子）　大学　ボスおとも
m32_00_00_01.msb	m32_00_00_01	c1400_0028	3200228	140010	白痴の蜘蛛（子）　大学　ボスおとも	0	-495.714	-271.25	360.28	itemLotId_1	14003210	白痴の蜘蛛（子）　大学　ボスおとも
m32_00_00_01.msb	m32_00_00_01	c1400_0029	3200229	140010	白痴の蜘蛛（子）　大学　ボスおとも	0	-493.714	-271.25	364.28	itemLotId_1	14003210	白痴の蜘蛛（子）　大学　ボスおとも
m32_00_00_01.msb	m32_00_00_01	c2110_0000	3200500	211000	蜘蛛のクトゥルフ　大学	0	-427.374	-185.65	403.9	itemLotId_1	21103200	蜘蛛のクトゥルフ　大学
m32_00_00_01.msb	m32_00_00_01	c2110_0001	3200501	211000	蜘蛛のクトゥルフ　大学	0	-412.374	-185.25	396.9	itemLotId_1	21103200	蜘蛛のクトゥルフ　大学
m32_00_00_01.msb	m32_00_00_01	c2110_0002	3200502	211000	蜘蛛のクトゥルフ　大学	0	-407.374	-185.16	399.9	itemLotId_1	21103200	蜘蛛のクトゥルフ　大学
m32_00_00_01.msb	m32_00_00_01	c2110_0003	3200503	211000	蜘蛛のクトゥルフ　大学	0	-375.874	-186.59	441.3	itemLotId_1	21103200	蜘蛛のクトゥルフ　大学
m32_00_00_01.msb	m32_00_00_01	c2110_0005	3200505	211000	蜘蛛のクトゥルフ　大学	0	-465.274	-176.03	388.09998	itemLotId_1	21103200	蜘蛛のクトゥルフ　大学
m32_00_00_01.msb	m32_00_00_01	c2110_0006	3200506	211000	蜘蛛のクトゥルフ　大学	0	-473.374	-187.05	432.9	itemLotId_1	21103200	蜘蛛のクトゥルフ　大学
m32_00_00_01.msb	m32_00_00_01	c2110_0008	3200508	211000	蜘蛛のクトゥルフ　大学	0	-458.17398	-176.03	390.7	itemLotId_1	21103200	蜘蛛のクトゥルフ　大学
m32_00_00_01.msb	m32_00_00_01	c2110_0011	3200511	211000	蜘蛛のクトゥルフ　大学	0	-442.61398	-156.26	392.8	itemLotId_1	21103200	蜘蛛のクトゥルフ　大学
m32_00_00_01.msb	m32_00_00_01	c2730_0001	3200421	273211	医療教会のフランケン　炎の拳　悪夢教室2F	0	-440.91354	-177.05	603.4161	itemLotId_1	27303220	医療教会のフランケン　炎の拳　悪夢教室
m32_00_00_01.msb	m32_00_00_01	c2740_0016	3200316	274000	学徒　悪夢教室1F	0	-466.714	-184.29	559.74	itemLotId_1	27403200	学徒　大学
m32_00_00_01.msb	m32_00_00_01	c2740_0017	3200317	274010	学徒（瓶持ち）　悪夢教室1F	0	-470.744	-184.02	559.18	itemLotId_1	27403202	学徒（瓶持ち）　大学
m32_00_00_01.msb	m32_00_00_01	c2740_0018	3200318	274000	学徒　悪夢教室1F	0	-470.744	-184.03	563.31	itemLotId_1	27403200	学徒　大学
m32_00_00_01.msb	m32_00_00_01	c2740_0019	3200319	274000	学徒　悪夢教室1F	0	-472.754	-183.49	561.77997	itemLotId_1	27403200	学徒　大学
m32_00_00_01.msb	m32_00_00_01	c2740_0020	3200320	274000	学徒　悪夢教室1F	0	-461.744	-185.29	551.93	itemLotId_1	27403200	学徒　大学
m32_00_00_01.msb	m32_00_00_01	c2740_0021	3200321	274000	学徒　悪夢教室1F	0	-463.20398	-184.79	549.44	itemLotId_1	27403200	学徒　大学
m32_00_00_01.msb	m32_00_00_01	c2740_0022	3200322	274010	学徒（瓶持ち）　悪夢教室1F	0	-465.64398	-184.29	551.17	itemLotId_1	27403202	学徒（瓶持ち）　大学
m32_00_00_01.msb	m32_00_00_01	c2740_0023	3200323	274000	学徒　悪夢教室1F	0	-468.794	-184	547.22	itemLotId_1	27403200	学徒　大学
m32_00_00_01.msb	m32_00_00_01	c2740_0024	3200324	274000	学徒　悪夢教室1F	0	-471.794	-183.49	551.32	itemLotId_1	27403200	学徒　大学
m32_00_00_01.msb	m32_00_00_01	c2740_0025	3200325	274000	学徒　悪夢教室1F	0	-460.444	-184.79	541.63	itemLotId_1	27403200	学徒　大学
m32_00_00_01.msb	m32_00_00_01	c2740_0026	3200326	274000	学徒　悪夢教室1F	0	-462.654	-184.28	541.68	itemLotId_1	27403200	学徒　大学
m32_00_00_01.msb	m32_00_00_01	c2740_0027	3200327	274000	学徒　悪夢教室1F	0	-464.884	-184	536.93	itemLotId_1	27403200	学徒　大学
m32_00_00_01.msb	m32_00_00_01	c2740_0028	3200328	274000	学徒　悪夢教室1F	0	-464.064	-184.8	553.57	itemLotId_1	27403200	学徒　大学
m32_00_00_01.msb	m32_00_00_01	c2740_0029	3200329	274000	学徒　悪夢教室1F	0	-470.094	-184.03	553.24	itemLotId_1	27403200	学徒　大学
m32_00_00_01.msb	m32_00_00_01	c2740_0030	3200330	274000	学徒　悪夢教室1F	0	-462.714	-185.29	561.83997	itemLotId_1	27403200	学徒　大学
m32_00_00_01.msb	m32_00_00_01	c2740_0031	3200331	274010	学徒（瓶持ち）　悪夢教室1F	0	-464.734	-184.8	560.82	itemLotId_1	27403202	学徒（瓶持ち）　大学
m32_00_00_01.msb	m32_00_00_01	c2740_0037	3200337	274100	学徒　悪夢教室2F	0	-427.574	-177.25	527.2	itemLotId_1	27403200	学徒　大学
m32_00_00_01.msb	m32_00_00_01	c2740_0038	3200338	274111	学徒（瓶持ち）　悪夢教室2F（固定砲台）	0	-436.474	-177.25	545.9	itemLotId_1	27403202	学徒（瓶持ち）　大学
m32_00_00_01.msb	m32_00_00_01	c2740_0039	3200339	274111	学徒（瓶持ち）　悪夢教室2F（固定砲台）	0	-437.374	-177.25	548.1	itemLotId_1	27403202	学徒（瓶持ち）　大学
m32_00_00_01.msb	m32_00_00_01	c2740_0040	3200340	274100	学徒　悪夢教室2F	0	-445.274	-177.25	537.2	itemLotId_1	27403200	学徒　大学
m32_00_00_01.msb	m32_00_00_01	c2740_0041	3200341	274100	学徒　悪夢教室2F	0	-461.874	-177.25	572.8	itemLotId_1	27403200	学徒　大学
m32_00_00_01.msb	m32_00_00_01	c2740_0043	3200343	274100	学徒　悪夢教室2F	0	-480.374	-177.25	562.2	itemLotId_1	27403200	学徒　大学
m32_00_00_01.msb	m32_00_00_01	c2740_0044	3200344	274111	学徒（瓶持ち）　悪夢教室2F（固定砲台）	0	-441.974	-177.25	560.9	itemLotId_1	27403202	学徒（瓶持ち）　大学
m32_00_00_01.msb	m32_00_00_01	c2740_0045	3200345	274100	学徒　悪夢教室2F	0	-444.474	-177.25	577.3	itemLotId_1	27403200	学徒　大学
m32_00_00_01.msb	m32_00_00_01	c2740_0047	3200347	274100	学徒　悪夢教室2F	0	-468.374	-177.25	586.4	itemLotId_1	27403200	学徒　大学
m32_00_00_01.msb	m32_00_00_01	c5130_0000	3200100	513000	大学教授　大学	320310	-466.974	-176.35	392.3	itemLotId_1	20000	学長_殺害時ドロップアイテム
m32_00_00_01.msb	m32_00_00_01	c1400_0030	-1	140000	白痴の蜘蛛（子）　大学	0	-494.374	-271.25	376.59998	itemLotId_1	14003200	白痴の蜘蛛（子）　大学
m32_00_00_01.msb	m32_00_00_01	c1400_0031	-1	140000	白痴の蜘蛛（子）　大学	0	-494.374	-271.25	376.59998	itemLotId_1	14003200	白痴の蜘蛛（子）　大学
m32_00_00_01.msb	m32_00_00_01	c1400_0032	-1	140000	白痴の蜘蛛（子）　大学	0	-494.374	-271.25	376.59998	itemLotId_1	14003200	白痴の蜘蛛（子）　大学
m32_00_00_01.msb	m32_00_00_01	c1400_0033	-1	140000	白痴の蜘蛛（子）　大学	0	-494.374	-271.25	376.59998	itemLotId_1	14003200	白痴の蜘蛛（子）　大学
m32_00_00_01.msb	m32_00_00_01	c1400_0034	-1	140000	白痴の蜘蛛（子）　大学	0	-494.374	-271.25	376.59998	itemLotId_1	14003200	白痴の蜘蛛（子）　大学
m32_00_00_01.msb	m32_00_00_01	c1400_0035	-1	140000	白痴の蜘蛛（子）　大学	0	-494.374	-271.25	376.59998	itemLotId_1	14003200	白痴の蜘蛛（子）　大学
m32_00_00_01.msb	m32_00_00_01	c1400_0036	-1	140000	白痴の蜘蛛（子）　大学	0	-494.374	-271.25	376.59998	itemLotId_1	14003200	白痴の蜘蛛（子）　大学
m32_00_00_01.msb	m32_00_00_01	c1400_0037	-1	140000	白痴の蜘蛛（子）　大学	0	-494.374	-271.25	376.59998	itemLotId_1	14003200	白痴の蜘蛛（子）　大学
m32_00_00_01.msb	m32_00_00_01	c1400_0038	-1	140000	白痴の蜘蛛（子）　大学	0	-494.374	-271.25	376.59998	itemLotId_1	14003200	白痴の蜘蛛（子）　大学
m32_00_00_01.msb	m32_00_00_01	c1400_0039	-1	140000	白痴の蜘蛛（子）　大学	0	-494.374	-271.25	376.59998	itemLotId_1	14003200	白痴の蜘蛛（子）　大学
m32_00_00_01.msb	m32_00_00_01	c1400_0040	-1	140000	白痴の蜘蛛（子）　大学	0	-494.374	-271.25	376.59998	itemLotId_1	14003200	白痴の蜘蛛（子）　大学
m32_00_00_01.msb	m32_00_00_01	c1400_0041	-1	140000	白痴の蜘蛛（子）　大学	0	-494.374	-271.25	376.59998	itemLotId_1	14003200	白痴の蜘蛛（子）　大学
m32_00_00_01.msb	m32_00_00_01	c1400_0042	-1	140000	白痴の蜘蛛（子）　大学	0	-494.374	-271.25	376.59998	itemLotId_1	14003200	白痴の蜘蛛（子）　大学
m32_00_00_01.msb	m32_00_00_01	c1400_0043	-1	140000	白痴の蜘蛛（子）　大学	0	-494.374	-271.25	376.59998	itemLotId_1	14003200	白痴の蜘蛛（子）　大学
m32_00_00_01.msb	m32_00_00_01	c1400_0044	-1	140000	白痴の蜘蛛（子）　大学	0	-494.374	-271.25	376.59998	itemLotId_1	14003200	白痴の蜘蛛（子）　大学
m32_00_00_01.msb	m32_00_00_01	c1400_0045	-1	140000	白痴の蜘蛛（子）　大学	0	-494.374	-271.25	376.59998	itemLotId_1	14003200	白痴の蜘蛛（子）　大学
m32_00_00_01.msb	m32_00_00_01	c1400_0046	-1	140000	白痴の蜘蛛（子）　大学	0	-494.374	-271.25	376.59998	itemLotId_1	14003200	白痴の蜘蛛（子）　大学
m32_00_00_01.msb	m32_00_00_01	c1400_0047	-1	140000	白痴の蜘蛛（子）　大学	0	-494.374	-271.25	376.59998	itemLotId_1	14003200	白痴の蜘蛛（子）　大学
m32_00_00_01.msb	m32_00_00_01	c1400_0048	-1	140000	白痴の蜘蛛（子）　大学	0	-494.374	-271.25	376.59998	itemLotId_1	14003200	白痴の蜘蛛（子）　大学
m32_00_00_01.msb	m32_00_00_01	c1400_0049	-1	140000	白痴の蜘蛛（子）　大学	0	-494.374	-271.25	376.59998	itemLotId_1	14003200	白痴の蜘蛛（子）　大学
m32_00_00_01.msb	m32_00_00_01	c2110_0004	3200504	211000	蜘蛛のクトゥルフ　大学	0	-454.67398	-185.29	363.2	itemLotId_1	21103200	蜘蛛のクトゥルフ　大学
m32_00_00_01.msb	m32_00_00_01	c2110_0007	3200507	211000	蜘蛛のクトゥルフ　大学	0	-467.17398	-185.31	417.09998	itemLotId_1	21103200	蜘蛛のクトゥルフ　大学
m32_00_00_01.msb	m32_00_00_01	c2110_0009	3200509	211000	蜘蛛のクトゥルフ　大学	0	-449.574	-184.1	415.3	itemLotId_1	21103200	蜘蛛のクトゥルフ　大学
m32_00_00_01.msb	m32_00_00_01	c2110_0010	3200510	211000	蜘蛛のクトゥルフ　大学	0	-439.774	-183.6	391	itemLotId_1	21103200	蜘蛛のクトゥルフ　大学
m32_00_00_01.msb	m32_00_00_01	c2170_0033	3200333	274000	学徒　悪夢教室1F	0	-532.974	-185.24	391.5	itemLotId_1	27403200	学徒　大学
m32_00_00_01.msb	m32_00_00_01	c2170_0038	-1	274000	学徒　悪夢教室1F	0	-419.374	-191.25	511.9	itemLotId_1	27403200	学徒　大学
m32_00_00_01.msb	m32_00_00_01	c2170_0039	-1	274000	学徒　悪夢教室1F	0	-419.374	-191.25	511.9	itemLotId_1	27403200	学徒　大学
m32_00_00_01.msb	m32_00_00_01	c2531_0000	3200621	253210	星の花　大学　頭部	0	-475.974	-187.23	405.3	itemLotId_1	25303200	星の花　大学
m32_00_00_01.msb	m32_00_00_01	c2730_0002	3200422	273211	医療教会のフランケン　炎の拳　悪夢教室2F	0	-534.574	-177.15	383.9	itemLotId_1	27303220	医療教会のフランケン　炎の拳　悪夢教室
m32_00_00_01.msb	m32_00_00_01	c2740_0000	3200300	274010	学徒（瓶持ち）　悪夢教室1F	0	-531.574	-185.29	356.4	itemLotId_1	27403202	学徒（瓶持ち）　大学
m32_00_00_01.msb	m32_00_00_01	c2740_0001	3200301	274000	学徒　悪夢教室1F	0	-526.574	-184.79	361.59998	itemLotId_1	27403200	学徒　大学
m32_00_00_01.msb	m32_00_00_01	c2740_0002	3200302	274000	学徒　悪夢教室1F	0	-526.174	-184.29	365.5	itemLotId_1	27403200	学徒　大学
m32_00_00_01.msb	m32_00_00_01	c2740_0003	3200303	274000	学徒　悪夢教室1F	0	-521.174	-184.03	364.5	itemLotId_1	27403200	学徒　大学
m32_00_00_01.msb	m32_00_00_01	c2740_0004	3200304	274000	学徒　悪夢教室1F	0	-523.574	-184.03	369.09998	itemLotId_1	27403200	学徒　大学
m32_00_00_01.msb	m32_00_00_01	c2740_0005	3200305	274000	学徒　悪夢教室1F	0	-520.574	-183.49	367.8	itemLotId_1	27403200	学徒　大学
m32_00_00_01.msb	m32_00_00_01	c2740_0006	3200306	274000	学徒　悪夢教室1F	0	-516.374	-182.99	363.5	itemLotId_1	27403200	学徒　大学
m32_00_00_01.msb	m32_00_00_01	c2740_0007	3200307	274000	学徒　悪夢教室1F	0	-520.574	-182.99	371.8	itemLotId_1	27403200	学徒　大学
m32_00_00_01.msb	m32_00_00_01	c2740_0008	3200308	274000	学徒　悪夢教室1F	0	-525.674	-185.29	353.4	itemLotId_1	27403200	学徒　大学
m32_00_00_01.msb	m32_00_00_01	c2740_0009	3200309	274000	学徒　悪夢教室1F	0	-525.074	-185.29	350.4	itemLotId_1	27403200	学徒　大学
m32_00_00_01.msb	m32_00_00_01	c2740_0010	3200310	274000	学徒　悪夢教室1F	0	-524.274	-184.79	355.9	itemLotId_1	27403200	学徒　大学
m32_00_00_01.msb	m32_00_00_01	c2740_0011	3200311	274000	学徒　悪夢教室1F	0	-521.774	-184.28	354.4	itemLotId_1	27403200	学徒　大学
m32_00_00_01.msb	m32_00_00_01	c2740_0012	3200312	274000	学徒　悪夢教室1F	0	-517.374	-183.99	353.2	itemLotId_1	27403200	学徒　大学
m32_00_00_01.msb	m32_00_00_01	c2740_0013	3200313	274000	学徒　悪夢教室1F	0	-515.774	-183.49	355.09998	itemLotId_1	27403200	学徒　大学
m32_00_00_01.msb	m32_00_00_01	c2740_0014	3200314	274000	学徒　悪夢教室1F	0	-514.674	-183.49	349	itemLotId_1	27403200	学徒　大学
m32_00_00_01.msb	m32_00_00_01	c2740_0015	3200315	274010	学徒（瓶持ち）　悪夢教室1F	0	-508.374	-182.74	344.4	itemLotId_1	27403202	学徒（瓶持ち）　大学
m32_00_00_01.msb	m32_00_00_01	c2740_0032	3200332	274000	学徒　悪夢教室1F	0	-532.974	-185.24	391.5	itemLotId_1	27403200	学徒　大学
m32_00_00_01.msb	m32_00_00_01	c2740_0034	3200334	274000	学徒　悪夢教室1F	0	-552.774	-185.25	311.3	itemLotId_1	27403200	学徒　大学
m32_00_00_01.msb	m32_00_00_01	c2740_0035	3200335	274000	学徒　悪夢教室1F	0	-552.774	-185.25	311.3	itemLotId_1	27403200	学徒　大学
m32_00_00_01.msb	m32_00_00_01	c5130_0001	-1	513000	大学教授　大学	0	-448.374	-183.75	395.9	itemLotId_1	20000	学長_殺害時ドロップアイテム
m32_00_00_01.msb	m32_00_00_01	c8060_0000	-1	513000	大学教授　大学	0	-448.374	-183.75	395.9	itemLotId_1	20000	学長_殺害時ドロップアイテム
m33_00_00_00.msb	m33_00_00_00	c0000_0001	3300721	6390	故郷　侵入NPC1	0	126.73	1493.5	-80	itemLotId_1	47000	敵NPC_故郷１ 斧竿
m33_00_00_00.msb	m33_00_00_00	c0000_0002	3300722	6395	故郷　侵入NPC2	0	99.37	1483.98	-90.08	itemLotId_1	48000	敵NPC_故郷２ 杖鞭
m33_00_00_00.msb	m33_00_00_00	c1050_0000	3300700	105330	さまよう寡婦（侵入PC召喚）　故郷	0	97.92	1488.03	-76.07	itemLotId_1	10533000	さまよう寡婦（侵入PC召喚）　故郷
m33_00_00_00.msb	m33_00_00_00	c1110_0000	3300710	111012	クモ男パッチ_故郷	0	66	1508	-55	itemLotId_1	39020	パッチ_死亡時ドロップアイテム
m33_00_00_00.msb	m33_00_00_00	c1180_0000	3300590	118111	さまよう狂気(小)　故郷01	0	-5.45	1459.41	-113.89	itemLotId_1	11801110	さまよう狂気（小）　故郷　○
m33_00_00_00.msb	m33_00_00_00	c1180_0001	3300551	118110	さまよう狂気(小)　故郷00	0	2.417036	1504.951	-29.21754	itemLotId_1	11801100	さまよう狂気（小）　故郷　○
m33_00_00_00.msb	m33_00_00_00	c1180_0003	3300593	118139	さまよう狂気(小)　故郷29	0	73.81	1503.61	-14.27	itemLotId_1	11801390	さまよう狂気（小）　故郷　○
m33_00_00_00.msb	m33_00_00_00	c1180_0005	3300555	118113	さまよう狂気(小)　故郷03	0	65.822	1494.744	-31.38	itemLotId_1	11801130	さまよう狂気（小）　故郷　○
m33_00_00_00.msb	m33_00_00_00	c1180_0008	3300558	118115	さまよう狂気(小)　故郷05	0	118.01133	1489.1057	-52.637127	itemLotId_1	11801150	さまよう狂気（小）　故郷　○
m33_00_00_00.msb	m33_00_00_00	c1180_0010	3300560	118116	さまよう狂気(小)　故郷06	0	100.54584	1481.7017	-107.41525	itemLotId_1	11801160	さまよう狂気（小）　故郷　○
m33_00_00_00.msb	m33_00_00_00	c1180_0012	3300562	118118	さまよう狂気(小)　故郷08	0	139.7128	1483.4927	-61.297623	itemLotId_1	11801180	さまよう狂気（小）　故郷　○
m33_00_00_00.msb	m33_00_00_00	c1180_0015	3300565	118120	さまよう狂気(小)　故郷10	0	153.036	1487.646	-33.189	itemLotId_1	11801200	さまよう狂気（小）　故郷　○
m33_00_00_00.msb	m33_00_00_00	c1180_0019	3300569	118122	さまよう狂気(小)　故郷12	0	70.483	1502.478	-65.522	itemLotId_1	11801220	さまよう狂気（小）　故郷　○
m33_00_00_00.msb	m33_00_00_00	c1180_0023	3300573	118124	さまよう狂気(小)　故郷14	0	139.859	1480.12	-6.377	itemLotId_1	11801240	さまよう狂気（小）　故郷　○
m33_00_00_00.msb	m33_00_00_00	c1180_0025	3300575	118126	さまよう狂気(小)　故郷16	0	139.836	1480.12	-8.218	itemLotId_1	11801260	さまよう狂気（小）　故郷　○
m33_00_00_00.msb	m33_00_00_00	c1180_0026	3300576	118127	さまよう狂気(小)　故郷17	0	140.592	1480.12	-7.672	itemLotId_1	11801270	さまよう狂気（小）　故郷　○
m33_00_00_00.msb	m33_00_00_00	c1180_0028	3300578	118129	さまよう狂気(小)　故郷19	0	65.12593	1480.8768	-93.24054	itemLotId_1	11801290	さまよう狂気（小）　故郷　○
m33_00_00_00.msb	m33_00_00_00	c1180_0031	3300581	118130	さまよう狂気(小)　故郷20	0	81.115	1488.119	-139.2	itemLotId_1	11801300	さまよう狂気（小）　故郷　○
m33_00_00_00.msb	m33_00_00_00	c1180_0032	3300582	118131	さまよう狂気(小)　故郷21	0	66.49917	1486.7067	-147.41037	itemLotId_1	11801310	さまよう狂気（小）　故郷　○
m33_00_00_00.msb	m33_00_00_00	c1180_0033	3300583	118132	さまよう狂気(小)　故郷22	0	36.752113	1480.3934	-116.5549	itemLotId_1	11801320	さまよう狂気（小）　故郷　○
m33_00_00_00.msb	m33_00_00_00	c1180_0037	3300587	118134	さまよう狂気(小)　故郷24	0	8.52	1461.81	-122.76	itemLotId_1	11801340	さまよう狂気（小）　故郷　○
m33_00_00_00.msb	m33_00_00_00	c1180_0038	3300588	118135	さまよう狂気(小)　故郷25	0	-8.017	1453.878	-107.199	itemLotId_1	11801350	さまよう狂気（小）　故郷　○
m33_00_00_00.msb	m33_00_00_00	c1180_0039	3300589	118136	さまよう狂気(小)　故郷26	0	5.823	1454.092	-92.306	itemLotId_1	11801360	さまよう狂気（小）　故郷　○
m33_00_00_00.msb	m33_00_00_00	c1180_0043	3300591	118112	さまよう狂気(小)　故郷02	0	75.9889	1480.12	-38.727776	itemLotId_1	11801120	さまよう狂気（小）　故郷　○
m33_00_00_00.msb	m33_00_00_00	c1190_0002	3300262	119009	さまよう狂気(中)　故郷09	0	53.7	1493.47	-46.34	itemLotId_1	11900090	さまよう狂気（中）　故郷　○
m33_00_00_00.msb	m33_00_00_00	c1190_0008	3300252	119002	さまよう狂気(中)　故郷02	0	87.974	1506.807	5.996	itemLotId_1	11900020	さまよう狂気（中）　故郷　○
m33_00_00_00.msb	m33_00_00_00	c1190_0010	3300254	119004	さまよう狂気(中)　故郷04	0	138.775	1480.12	-7.846	itemLotId_1	11900040	さまよう狂気（中）　故郷　○
m33_00_00_00.msb	m33_00_00_00	c1190_0013	3300257	119005	さまよう狂気(中)　故郷05	0	5.831	1469.803	-150.825	itemLotId_1	11900050	さまよう狂気（中）　故郷　○
m33_00_00_00.msb	m33_00_00_00	c1190_0015	3300259	119007	さまよう狂気(中)　故郷07	0	14.478	1454.423	-66.754	itemLotId_1	11900070	さまよう狂気（中）　故郷　○
m33_00_00_00.msb	m33_00_00_00	c2180_0001	3300101	218400	銀の獣の眷属　故郷	0	-6.683	1466.073	-44.11	itemLotId_1	21803300	銀の獣の眷属（松明）　故郷
m33_00_00_00.msb	m33_00_00_00	c2180_0002	3300102	218300	銀の獣の眷属　故郷	0	25.86	1504.41	-35.63	itemLotId_1	21803300	銀の獣の眷属（松明）　故郷
m33_00_00_00.msb	m33_00_00_00	c2180_0003	3300103	218300	銀の獣の眷属　故郷	0	72.562	1494.585	-29.952	itemLotId_1	21803300	銀の獣の眷属（松明）　故郷
m33_00_00_00.msb	m33_00_00_00	c2180_0004	3300104	218310	銀の獣の眷属（寄生虫）　故郷	0	58.536	1493.347	-46.093	itemLotId_1	21803302	銀の獣の眷属（寄生虫）　故郷
m33_00_00_00.msb	m33_00_00_00	c2180_0006	3300202	218320	銀の獣の眷属（4脚）　故郷	0	114.24654	1482.5	-69.82367	itemLotId_1	21803304	銀の獣の眷属（四脚）　故郷
m33_00_00_00.msb	m33_00_00_00	c2180_0008	3300201	218300	銀の獣の眷属　故郷	0	124.48	1490.51	-26.95	itemLotId_1	21803300	銀の獣の眷属（松明）　故郷
m33_00_00_00.msb	m33_00_00_00	c2400_0000	3300350	240010	捨て子の巨人 大岩持ち　故郷	0	149.23912	1487	-38.819862	itemLotId_1	24003300	捨て子の巨人　故郷
m33_00_00_00.msb	m33_00_00_00	c2400_0001	3300351	240010	捨て子の巨人 大岩持ち　故郷	0	159.102	1491.546	-14.455	itemLotId_1	24003300	捨て子の巨人　故郷
m33_00_00_00.msb	m33_00_00_00	c2400_0002	3300350	240010	捨て子の巨人 大岩持ち　故郷	0	26.449	1480.484	-170.38	itemLotId_1	24003300	捨て子の巨人　故郷
m33_00_00_00.msb	m33_00_00_00	c2400_0004	3300352	240010	捨て子の巨人 大岩持ち　故郷	0	127.70619	1496.76	5.375123	itemLotId_1	24003300	捨て子の巨人　故郷
m33_00_00_00.msb	m33_00_00_00	c2400_0005	3300302	240010	捨て子の巨人 大岩持ち　故郷	0	58.947	1489.242	-140.829	itemLotId_1	24003300	捨て子の巨人　故郷
m33_00_00_00.msb	m33_00_00_00	c2400_0006	3300303	240010	捨て子の巨人 大岩持ち　故郷	0	72.053	1491.695	-82.196	itemLotId_1	24003300	捨て子の巨人　故郷
m33_00_00_00.msb	m33_00_00_00	c2540_0000	3300400	254000	這い寄るもの（小）　故郷	0	82.642	1480.153	-112.076	itemLotId_1	25403300	這い寄るもの（小）　故郷
m33_00_00_00.msb	m33_00_00_00	c2540_0001	3300401	254000	這い寄るもの（小）　故郷	0	83.857	1480.153	-110.957	itemLotId_1	25403300	這い寄るもの（小）　故郷
m33_00_00_00.msb	m33_00_00_00	c2540_0004	3300404	254000	這い寄るもの（小）　故郷	0	57.54614	1480.153	-98.22103	itemLotId_1	25403300	這い寄るもの（小）　故郷
m33_00_00_00.msb	m33_00_00_00	c2540_0005	3300405	254000	這い寄るもの（小）　故郷	0	48.477	1480.062	-130.237	itemLotId_1	25403300	這い寄るもの（小）　故郷
m33_00_00_00.msb	m33_00_00_00	c2540_0006	3300406	254000	這い寄るもの（小）　故郷	0	45.612	1493.764	-77.236	itemLotId_1	25403300	這い寄るもの（小）　故郷
m33_00_00_00.msb	m33_00_00_00	c2540_0007	3300407	254000	這い寄るもの（小）　故郷	0	34.614	1488.523	-84.86	itemLotId_1	25403300	這い寄るもの（小）　故郷
m33_00_00_00.msb	m33_00_00_00	c2540_0008	3300408	254000	這い寄るもの（小）　故郷	0	34.333	1488.547	-83.197	itemLotId_1	25403300	這い寄るもの（小）　故郷
m33_00_00_00.msb	m33_00_00_00	c2540_0009	3300409	254000	這い寄るもの（小）　故郷	0	35.719	1488.572	-83.165	itemLotId_1	25403300	這い寄るもの（小）　故郷
m33_00_00_00.msb	m33_00_00_00	c2540_0010	3300410	254000	這い寄るもの（小）　故郷	0	36.669	1490.207	-84.667	itemLotId_1	25403300	這い寄るもの（小）　故郷
m33_00_00_00.msb	m33_00_00_00	c2540_0011	3300411	254000	這い寄るもの（小）　故郷	0	161.15651	1480.12	-7.577036	itemLotId_1	25403300	這い寄るもの（小）　故郷
m33_00_00_00.msb	m33_00_00_00	c2540_0012	3300412	254000	這い寄るもの（小）　故郷	0	164.64	1480.12	-12.397	itemLotId_1	25403300	這い寄るもの（小）　故郷
m33_00_00_00.msb	m33_00_00_00	c2540_0013	3300413	254000	這い寄るもの（小）　故郷	0	65.88676	1480.152	-56.735252	itemLotId_1	25403300	這い寄るもの（小）　故郷
m33_00_00_00.msb	m33_00_00_00	c2540_0014	3300421	254000	這い寄るもの（小）　故郷	0	28.525	1480.359	-147.541	itemLotId_1	25403300	這い寄るもの（小）　故郷
m33_00_00_00.msb	m33_00_00_00	c2540_0015	3300417	254010	這い寄るもの（小）　故郷	0	13.226	1454.476	-68.042	itemLotId_1	25403300	這い寄るもの（小）　故郷
m33_00_00_00.msb	m33_00_00_00	c2540_0016	3300418	254010	這い寄るもの（小）　故郷	0	15.572	1454.259	-67.677	itemLotId_1	25403300	這い寄るもの（小）　故郷
m33_00_00_00.msb	m33_00_00_00	c2540_0017	3300419	254010	這い寄るもの（小）　故郷	0	29.472	1453.855	-66.106	itemLotId_1	25403300	這い寄るもの（小）　故郷
m33_00_00_00.msb	m33_00_00_00	c2540_0018	3300420	254010	這い寄るもの（小）　故郷	0	42.281	1453.939	-109.096	itemLotId_1	25403300	這い寄るもの（小）　故郷
m33_00_00_00.msb	m33_00_00_00	c2540_0019	3300421	254010	這い寄るもの（小）　故郷	0	59.09	1453.923	-139.783	itemLotId_1	25403300	這い寄るもの（小）　故郷
m33_00_00_00.msb	m33_00_00_00	c2540_0020	3300414	254000	這い寄るもの（小）　故郷	0	98.65752	1480.152	-25.200487	itemLotId_1	25403300	這い寄るもの（小）　故郷
m33_00_00_00.msb	m33_00_00_00	c2540_0021	3300415	254000	這い寄るもの（小）　故郷	0	119.629295	1480.152	-16.283241	itemLotId_1	25403300	這い寄るもの（小）　故郷
m33_00_00_00.msb	m33_00_00_00	c2550_0000	3300450	255000	這い寄るもの（大）　故郷	0	82.424	1480.203	-109.548	itemLotId_1	25503300	這い寄るもの（大）　故郷
m33_00_00_00.msb	m33_00_00_00	c2550_0001	3300451	255000	這い寄るもの（大）　故郷	0	81.579	1480.203	-110.995	itemLotId_1	25503300	這い寄るもの（大）　故郷
m33_00_00_00.msb	m33_00_00_00	c2550_0002	3300452	255000	這い寄るもの（大）　故郷	0	158.62851	1480.12	-8.213037	itemLotId_1	25503300	這い寄るもの（大）　故郷
m33_00_00_00.msb	m33_00_00_00	c2550_0003	3300453	255010	這い寄るもの（大）　故郷	0	27.917	1453.888	-65.076	itemLotId_1	25503300	這い寄るもの（大）　故郷
m33_00_00_00.msb	m33_00_00_00	c2550_0004	3300454	255010	這い寄るもの（大）　故郷	0	33.768	1453.845	-85.138	itemLotId_1	25503300	這い寄るもの（大）　故郷
m33_00_00_00.msb	m33_00_00_00	c2550_0005	3300455	255010	這い寄るもの（大）　故郷	0	31.917	1453.991	-100.81	itemLotId_1	25503300	這い寄るもの（大）　故郷
m33_00_00_00.msb	m33_00_00_00	c2550_0006	3300456	255010	這い寄るもの（大）　故郷	0	87.124756	1453.923	-130.34589	itemLotId_1	25503300	這い寄るもの（大）　故郷
m33_00_00_00.msb	m33_00_00_00	c2550_0009	3300459	255000	這い寄るもの（大）　故郷	0	160.826	1480.169	-16.008	itemLotId_1	25503300	這い寄るもの（大）　故郷
m33_00_00_00.msb	m33_00_00_00	c2550_0010	3300460	255000	這い寄るもの（大）　故郷	0	66.38775	1480.152	-54.539253	itemLotId_1	25503300	這い寄るもの（大）　故郷
m33_00_00_00.msb	m33_00_00_00	c2550_0011	3300461	255010	這い寄るもの（大）　故郷	0	30.267	1453.915	-65.031	itemLotId_1	25503300	這い寄るもの（大）　故郷
m33_00_00_00.msb	m33_00_00_00	c2550_0012	3300462	255010	這い寄るもの（大）　故郷	0	95.942	1454.328	-129.041	itemLotId_1	25503300	這い寄るもの（大）　故郷
m33_00_00_00.msb	m33_00_00_00	c2550_0013	3300463	255010	這い寄るもの（大）　故郷	0	73.64	1453.923	-144.646	itemLotId_1	25503300	這い寄るもの（大）　故郷
m33_00_00_00.msb	m33_00_00_00	c2550_0014	3300472	255000	這い寄るもの（大）　故郷	0	30.186	1480.282	-146.877	itemLotId_1	25503300	這い寄るもの（大）　故郷
m33_00_00_00.msb	m33_00_00_00	c2550_0015	3300474	255000	這い寄るもの（大）　故郷	0	110.39957	1480.152	-18.720919	itemLotId_1	25503300	這い寄るもの（大）　故郷
m33_00_00_00.msb	m33_00_00_00	c2550_0016	3300466	255000	這い寄るもの（大）　故郷	0	55.563	1480.2	-97.815	itemLotId_1	25503300	這い寄るもの（大）　故郷
m33_00_00_00.msb	m33_00_00_00	c2550_0017	3300467	255000	這い寄るもの（大）　故郷	0	48.308	1480.112	-133.5	itemLotId_1	25503300	這い寄るもの（大）　故郷
m33_00_00_00.msb	m33_00_00_00	c2550_0019	3300469	255000	這い寄るもの（大）　故郷	0	62.239	1479.88	-158.364	itemLotId_1	25503300	這い寄るもの（大）　故郷
m33_00_00_00.msb	m33_00_00_00	c2550_0020	3300470	255010	這い寄るもの（大）　故郷	0	-2.301	1453.904	-89.993	itemLotId_1	25503300	這い寄るもの（大）　故郷
m33_00_00_00.msb	m33_00_00_00	c2550_0022	3300471	255010	這い寄るもの（大）　故郷	0	94.943	1453.988	-131.181	itemLotId_1	25503300	這い寄るもの（大）　故郷
m33_00_00_00.msb	m33_00_00_00	c2550_0023	3300473	255010	這い寄るもの（大）　故郷	0	22.549	1453.805	-95.2	itemLotId_1	25503300	這い寄るもの（大）　故郷
m33_00_00_00.msb	m33_00_00_00	c2560_0000	3300500	256000	なりそこないメッセンジャー（ほおずき）　故郷	0	182.82	1480.5	-17.807095	itemLotId_1	25603300	ほおずき　故郷
m33_00_00_00.msb	m33_00_00_00	c2560_0001	3300501	256000	なりそこないメッセンジャー（ほおずき）　故郷	0	12.321	1472.946	-152.454	itemLotId_1	25603300	ほおずき　故郷
m33_00_00_00.msb	m33_00_00_00	c2560_0002	3300502	256000	なりそこないメッセンジャー（ほおずき）　故郷	0	28	1454	-125.5	itemLotId_1	25603300	ほおずき　故郷
m33_00_00_00.msb	m33_00_00_00	c0000_0004	3300720	6390	故郷　侵入NPC1	0	101.58	1502.46	-2.64	itemLotId_1	47000	敵NPC_故郷１ 斧竿
m33_00_00_00.msb	m33_00_00_00	c1180_0002	3300552	118111	さまよう狂気(小)　故郷01	0	30.2	1494.3602	-42.7	itemLotId_1	11801110	さまよう狂気（小）　故郷　○
m33_00_00_00.msb	m33_00_00_00	c1180_0004	3300554	118112	さまよう狂気(小)　故郷02	0	48.895	1497.212	-56.763	itemLotId_1	11801120	さまよう狂気（小）　故郷　○
m33_00_00_00.msb	m33_00_00_00	c1180_0007	3300557	118114	さまよう狂気(小)　故郷04	0	55.987	1493.391	-49.771	itemLotId_1	11801140	さまよう狂気（小）　故郷　×
m33_00_00_00.msb	m33_00_00_00	c1180_0013	3300563	118119	さまよう狂気(小)　故郷09	0	142.95601	1485.167	-50.043636	itemLotId_1	11801190	さまよう狂気（小）　故郷　×
m33_00_00_00.msb	m33_00_00_00	c1180_0016	3300566	118121	さまよう狂気(小)　故郷11	0	87.738	1506.93	7.146	itemLotId_1	11801210	さまよう狂気（小）　故郷　×
m33_00_00_00.msb	m33_00_00_00	c1180_0020	3300570	118123	さまよう狂気(小)　故郷13	0	52.397	1490.049	-72.135	itemLotId_1	11801230	さまよう狂気（小）　故郷　×
m33_00_00_00.msb	m33_00_00_00	c1180_0024	3300574	118125	さまよう狂気(小)　故郷15	0	140.745	1480.12	-6.593	itemLotId_1	11801250	さまよう狂気（小）　故郷　×
m33_00_00_00.msb	m33_00_00_00	c1180_0027	3300577	118128	さまよう狂気(小)　故郷18	0	67.953	1481.698	-86.887	itemLotId_1	11801280	さまよう狂気（小）　故郷　×
m33_00_00_00.msb	m33_00_00_00	c1180_0034	3300584	118133	さまよう狂気(小)　故郷23	0	7.621458	1478.916	-185.31508	itemLotId_1	11801330	さまよう狂気（小）　故郷　×
m33_00_00_00.msb	m33_00_00_00	c1180_0040	3300590	118137	さまよう狂気(小)　故郷27	0	15.134	1461.381	-55.218	itemLotId_1	11801370	さまよう狂気（小）　故郷　×
m33_00_00_00.msb	m33_00_00_00	c1180_0042	3300592	118138	さまよう狂気(小)　故郷28	0	59.106	1453.923	-136.686	itemLotId_1	11801380	さまよう狂気（小）　故郷　×
m33_00_00_00.msb	m33_00_00_00	c1190_0000	3300250	119000	さまよう狂気(中)　故郷00	0	36.104	1501.621	-37.189	itemLotId_1	11900000	さまよう狂気（中）　故郷　×
m33_00_00_00.msb	m33_00_00_00	c1190_0001	3300251	119001	さまよう狂気(中)　故郷01	0	131.164	1490.4751	-25.087389	itemLotId_1	11900010	さまよう狂気（中）　故郷　×
m33_00_00_00.msb	m33_00_00_00	c1190_0009	3300253	119003	さまよう狂気(中)　故郷03	0	88.06	1500.514	-56.585	itemLotId_1	11900030	さまよう狂気（中）　故郷　×
m33_00_00_00.msb	m33_00_00_00	c1190_0011	3300255	119000	さまよう狂気(中)　故郷00	0	25.86	1504.41	-35.63	itemLotId_1	11900000	さまよう狂気（中）　故郷　×
m33_00_00_00.msb	m33_00_00_00	c1190_0014	3300258	119006	さまよう狂気(中)　故郷06	0	15.382	1454.841	-91.505	itemLotId_1	11900060	さまよう狂気（中）　故郷　×
m33_00_00_00.msb	m33_00_00_00	c1190_0017	3300261	119008	さまよう狂気(中)　故郷08	0	-10.659	1462.6641	-49.829	itemLotId_1	11900080	さまよう狂気（中）　故郷　×
m33_00_00_00.msb	m33_00_00_00	c2050_0000	3300600	205330	狂気の悪霊　SAN値　故郷	0	27.1	1480.38	-151.93	itemLotId_1	20533000	狂気の悪霊　SAN値　故郷
m33_00_00_00.msb	m33_00_00_00	c2050_0001	3300601	205330	狂気の悪霊　SAN値　故郷	0	7.94	1461.54	-130.32	itemLotId_1	20533000	狂気の悪霊　SAN値　故郷
m33_00_00_00.msb	m33_00_00_00	c2180_0000	3300100	218300	銀の獣の眷属　故郷	0	75.3	1494.494	-29.057	itemLotId_1	21803300	銀の獣の眷属（松明）　故郷
m33_00_00_00.msb	m33_00_00_00	c2180_0005	3300200	218320	銀の獣の眷属（4脚）　故郷	0	103.6	1481.98	-111.36	itemLotId_1	21803304	銀の獣の眷属（四脚）　故郷
m33_00_00_00.msb	m33_00_00_00	c2540_0002	3300402	254000	這い寄るもの（小）　故郷	0	83.57	1480.153	-109.451	itemLotId_1	25403300	這い寄るもの（小）　故郷
m33_00_00_00.msb	m33_00_00_00	c2540_0003	3300403	254000	這い寄るもの（小）　故郷	0	57.615856	1480.15	-99.75481	itemLotId_1	25403300	這い寄るもの（小）　故郷
m33_00_00_00.msb	m33_00_00_00	c2550_0007	3300457	255000	這い寄るもの（大）　故郷	0	83.323	1480.203	-111.412	itemLotId_1	25503300	這い寄るもの（大）　故郷
m33_00_00_00.msb	m33_00_00_00	c2550_0008	3300458	255000	這い寄るもの（大）　故郷	0	55.223	1480.198	-99.766	itemLotId_1	25503300	這い寄るもの（大）　故郷
m33_00_00_00.msb	m33_00_00_00	c2550_0018	3300468	255000	這い寄るもの（大）　故郷	0	62.11	1480.005	-162.589	itemLotId_1	25503300	這い寄るもの（大）　故郷
m34_00_00_00.msb	m34_00_00_00	c1170_0002	3400456	117900	屍肉烏　聖堂街D	0	-435.15	1484.28	-547.72	itemLotId_1	11703400	屍肉鳥　聖堂街D
m34_00_00_00.msb	m34_00_00_00	c1170_0003	3400458	117900	屍肉烏　聖堂街D	0	-432.2368	1484.28	-548.5419	itemLotId_1	11703400	屍肉鳥　聖堂街D
m34_00_00_00.msb	m34_00_00_00	c1170_0004	3400457	117900	屍肉烏　聖堂街D	0	-432.25195	1484.28	-545.5744	itemLotId_1	11703400	屍肉鳥　聖堂街D
m34_00_00_00.msb	m34_00_00_00	c1170_0005	3400459	117900	屍肉烏　聖堂街D	0	-413.16895	1498.79	-656.56274	itemLotId_1	11703400	屍肉鳥　聖堂街D
m34_00_00_00.msb	m34_00_00_00	c1170_0006	3400460	117900	屍肉烏　聖堂街D	0	-412.38	1499.03	-658.75	itemLotId_1	11703400	屍肉鳥　聖堂街D
m34_00_00_00.msb	m34_00_00_00	c1170_0009	3400455	117900	屍肉烏　聖堂街D	0	-433.94052	1484.28	-553.1159	itemLotId_1	11703400	屍肉鳥　聖堂街D
m34_00_00_00.msb	m34_00_00_00	c1170_0010	3400454	117900	屍肉烏　聖堂街D	0	-429.60544	1484.28	-554.4878	itemLotId_1	11703400	屍肉鳥　聖堂街D
m34_00_00_00.msb	m34_00_00_00	c1170_0011	3400453	117900	屍肉烏　聖堂街D	0	-431.30884	1484.28	-558.3289	itemLotId_1	11703400	屍肉鳥　聖堂街D
m34_00_00_00.msb	m34_00_00_00	c1170_0012	3400452	117900	屍肉烏　聖堂街D	0	-428.56415	1484.28	-559.8196	itemLotId_1	11703400	屍肉鳥　聖堂街D
m34_00_00_00.msb	m34_00_00_00	c1170_0013	3400465	117900	屍肉烏　聖堂街D	0	-370.78	1490.76	-564.78	itemLotId_1	11703400	屍肉鳥　聖堂街D
m34_00_00_00.msb	m34_00_00_00	c1170_0014	3400466	117900	屍肉烏　聖堂街D	0	-370.12933	1490.76	-557.9043	itemLotId_1	11703400	屍肉鳥　聖堂街D
m34_00_00_00.msb	m34_00_00_00	c1170_0015	3400467	117900	屍肉烏　聖堂街D	0	-364.05182	1490.76	-560.86005	itemLotId_1	11703400	屍肉鳥　聖堂街D
m34_00_00_00.msb	m34_00_00_00	c1170_0016	3400468	117900	屍肉烏　聖堂街D	0	-376.82	1495.74	-560.06	itemLotId_1	11703400	屍肉鳥　聖堂街D
m34_00_00_00.msb	m34_00_00_00	c1170_0017	3400469	117900	屍肉烏　聖堂街D	0	-363.22998	1495.73	-555.67	itemLotId_1	11703400	屍肉鳥　聖堂街D
m34_00_00_00.msb	m34_00_00_00	c1170_0018	3400470	117900	屍肉烏　聖堂街D	0	-355.827	1492.051	-547.643	itemLotId_1	11703400	屍肉鳥　聖堂街D
m34_00_00_00.msb	m34_00_00_00	c1170_0019	3400471	117900	屍肉烏　聖堂街D	0	-357.366	1491.127	-550.564	itemLotId_1	11703400	屍肉鳥　聖堂街D
m34_00_00_00.msb	m34_00_00_00	c1170_0020	-1	117900	屍肉烏　聖堂街D	0	-496.79	1503.1	-421.08002	itemLotId_1	11703400	屍肉鳥　聖堂街D
m34_00_00_00.msb	m34_00_00_00	c1170_0023	3400472	117900	屍肉烏　聖堂街D	0	-368.53998	1495.73	-564.12	itemLotId_1	11703400	屍肉鳥　聖堂街D
m34_00_00_00.msb	m34_00_00_00	c1170_0024	-1	117900	屍肉烏　聖堂街D	0	-495.37827	1503.1	-420.95007	itemLotId_1	11703400	屍肉鳥　聖堂街D
m34_00_00_00.msb	m34_00_00_00	c1170_0025	-1	117900	屍肉烏　聖堂街D	0	-495.41495	1503.1	-418.76736	itemLotId_1	11703400	屍肉鳥　聖堂街D
m34_00_00_00.msb	m34_00_00_00	c1180_0000	3400680	118700	さまよう狂気(小)　聖堂街D　00	0	-410.84	1483.56	-421.08002	itemLotId_1	3401710	さまよう狂気（小）　聖堂街D00
m34_00_00_00.msb	m34_00_00_00	c1180_0002	3400681	118701	さまよう狂気(小)　聖堂街D　01	0	-437.33002	1493.36	-575.15	itemLotId_1	3401720	さまよう狂気（小）　聖堂街D01
m34_00_00_00.msb	m34_00_00_00	c1290_0000	3400165	129050	異形ビースト（雌）　聖堂街D	0	-412.02	1480.33	-374.82	itemLotId_1	12903400	異形ビースト（雌）　聖堂街D
m34_00_00_00.msb	m34_00_00_00	c2090_0000	3400650	209010	血に渇いた獣　聖堂街D	0	-396	1476.92	-354.28	itemLotId_1	3401700	血に渇いた獣撃破
m34_00_00_00.msb	m34_00_00_00	c2100_0000	3400580	210030	アイコレクター（牢番ババア）　聖堂街D	0	-403.371	1502.357	-649.566	itemLotId_1	21003400	アイコレクター　聖堂街D
m34_00_00_00.msb	m34_00_00_00	c4000_0008	3400303	400010	闇堕ちハンター_ノコ鞭（初期配置ノコ）	0	-528.4412	1499.56	-407.13385	itemLotId_1	40003410	闇堕ちハンター　ノコ鞭　聖堂街D
m34_00_00_00.msb	m34_00_00_00	c4000_0010	3400508	400020	闇堕ちハンター_爆槌（初期配置変形前）	0	-388.7008	1493.9	-466.4796	itemLotId_1	40003420	闇堕ちハンター　ガンハンマー　聖堂街D
m34_00_00_00.msb	m34_00_00_00	c4000_0011	3400309	400010	闇堕ちハンター_ノコ鞭（初期配置ノコ）	0	-511.97202	1506.25	-445.40802	itemLotId_1	40003410	闇堕ちハンター　ノコ鞭　聖堂街D
m34_00_00_00.msb	m34_00_00_00	c4000_0020	-1	400000	闇堕ちハンター_ノコ曲剣（初期配置ノコ）	0	-505.68	1509.03	-413.62	itemLotId_1	40003400	闇堕ちハンター　ノコ曲剣　聖堂街D
m34_00_00_00.msb	m34_00_00_00	c4000_0025	3400411	400010	闇堕ちハンター_ノコ鞭（初期配置ノコ）	0	-492	1500.8	-432	itemLotId_1	40003410	闇堕ちハンター　ノコ鞭　聖堂街D
m34_00_00_00.msb	m34_00_00_00	c4000_0026	3400403	400022	闇堕ちハンター_爆槌（初期配置変形前）_松明下ろし状態	0	-555.45	1500.16	-427.86	itemLotId_1	40003420	闇堕ちハンター　ガンハンマー　聖堂街D
m34_00_00_00.msb	m34_00_00_00	c4000_0027	3400401	400010	闇堕ちハンター_ノコ鞭（初期配置ノコ）	0	-378.71	1490.72	-562.67	itemLotId_1	40003410	闇堕ちハンター　ノコ鞭　聖堂街D
m34_00_00_00.msb	m34_00_00_00	c4000_0029	3400404	400028	闇堕ちハンター_爆槌（初期配置変形前）エース_松明下ろし状態	0	-540.65	1505.4	-406.54	itemLotId_1	3401750	闇堕ちハンター　ガンハンマー　エース　聖堂街D
m34_00_00_00.msb	m34_00_00_00	c4000_0034	3400315	400026	闇堕ちハンター_ノコ鞭（初期配置ノコ）エース	0	-437.41	1498.21	-555.17	itemLotId_1	3401740	闇堕ちハンター　ノコ鞭　エース　聖堂街D
m34_00_00_00.msb	m34_00_00_00	c4000_0036	3400408	400025	闇堕ちハンター_ノコ曲剣（初期配置ノコ）エース	0	-341.88	1497.24	-578.6	itemLotId_1	3401730	闇堕ちハンター　ノコ曲剣　エース　聖堂街D
m34_00_00_00.msb	m34_00_00_00	c4010_0001	3400551	401001	処刑人（悪夢）_大斧_Ω聖堂用	0	-472.49042	1525.72	-330.77557	itemLotId_1	40103400	処刑人悪夢　斧　聖堂街D
m34_00_00_00.msb	m34_00_00_00	c4010_0002	3400552	401000	処刑人（悪夢）_大斧	0	-376.28	1498.93	-634.99	itemLotId_1	40103400	処刑人悪夢　斧　聖堂街D
m34_00_00_00.msb	m34_00_00_00	c4010_0101	3400601	401010	処刑人（悪夢）_大砲	0	-397.04	1499.7	-640.94	itemLotId_1	40103410	処刑人悪夢　グレネード　聖堂街D
m34_00_00_00.msb	m34_00_00_00	c4090_0001	3400350	409010	死体	0	-409.54	1498.82	-644.25	itemLotId_1	40903400	死体　聖堂街D
m34_00_00_00.msb	m34_00_00_00	c4100_0002	3400106	124910	狂犬　聖堂街D	0	-507.73	1509.22	-409.29	itemLotId_1	12403400	狂犬　聖堂街D
m34_00_00_00.msb	m34_00_00_00	c4100_0003	3400105	124910	狂犬　聖堂街D	0	-508.56	1509.54	-407	itemLotId_1	12403400	狂犬　聖堂街D
m34_00_00_00.msb	m34_00_00_00	c4100_0004	3400107	124910	狂犬　聖堂街D	0	-521.87	1507.56	-389.82	itemLotId_1	12403400	狂犬　聖堂街D
m34_00_00_00.msb	m34_00_00_00	c4100_0005	3400111	124910	狂犬　聖堂街D	0	-336.91	1490.88	-562.71	itemLotId_1	12403400	狂犬　聖堂街D
m34_00_00_00.msb	m34_00_00_00	c4100_0006	3400112	124910	狂犬　聖堂街D	0	-349.01	1493	-538.49	itemLotId_1	12403400	狂犬　聖堂街D
m34_00_00_00.msb	m34_00_00_00	c4100_0007	3400113	124910	狂犬　聖堂街D	0	-348.02063	1493	-538.2559	itemLotId_1	12403400	狂犬　聖堂街D
m34_00_00_00.msb	m34_00_00_00	c4110_0000	3400282	411060	群衆A（大）　火炎瓶投擲　聖堂街D	0	-401.19	1489.73	-454.43	itemLotId_1	10202708	群衆A投擲 火炎瓶　森
m34_00_00_00.msb	m34_00_00_00	c4110_0004	3400202	411041	群衆A（大）　武器（包丁）　炎なし　聖堂街D	0	-392.77	1490.6	-481.18	itemLotId_1	10202406	群衆A盾/包丁/鎌/鋤　聖堂街A
m34_00_00_00.msb	m34_00_00_00	c4110_0005	3400210	411041	群衆A（大）　武器（包丁）　炎なし　聖堂街D	0	-393.212	1499.432	-421.753	itemLotId_1	10202406	群衆A盾/包丁/鎌/鋤　聖堂街A
m34_00_00_00.msb	m34_00_00_00	c4110_0006	3400200	411000	群衆A（大）　松明＆斧　聖堂街D	0	-430.0099	1494.7	-505.25647	itemLotId_1	10202400	群衆A松明　聖堂街A
m34_00_00_00.msb	m34_00_00_00	c4110_0007	3400204	411060	群衆A（大）　火炎瓶投擲　聖堂街D	0	-387.3699	1493.93	-464.7695	itemLotId_1	10202708	群衆A投擲 火炎瓶　森
m34_00_00_00.msb	m34_00_00_00	c4110_0008	3400207	411000	群衆A（大）　松明＆斧　聖堂街D	0	-395.849	1500.164	-416.467	itemLotId_1	10202400	群衆A松明　聖堂街A
m34_00_00_00.msb	m34_00_00_00	c4110_0009	3400253	411060	群衆A（大）　火炎瓶投擲　聖堂街D	0	-387.57483	1493.84	-463.75174	itemLotId_1	10202708	群衆A投擲 火炎瓶　森
m34_00_00_00.msb	m34_00_00_00	c4110_0010	3400206	411041	群衆A（大）　武器（包丁）　炎なし　聖堂街D	0	-485.12756	1521.57	-350.6112	itemLotId_1	10202406	群衆A盾/包丁/鎌/鋤　聖堂街A
m34_00_00_00.msb	m34_00_00_00	c4110_0011	-1	411060	群衆A（大）　火炎瓶投擲　聖堂街D	0	-425.9628	1491.211	-512.2034	itemLotId_1	10202708	群衆A投擲 火炎瓶　森
m34_00_00_00.msb	m34_00_00_00	c4110_0012	3400205	411000	群衆A（大）　松明＆斧　聖堂街D	0	-483.618	1521.57	-351.49274	itemLotId_1	10202400	群衆A松明　聖堂街A
m34_00_00_00.msb	m34_00_00_00	c4110_0014	-1	411051	群衆A（大）　武器（鎌）　炎なし　聖堂街D	0	-412.28	1494.95	-514.78	itemLotId_1	10202406	群衆A盾/包丁/鎌/鋤　聖堂街A
m34_00_00_00.msb	m34_00_00_00	c4110_0015	-1	411000	群衆A（大）　松明＆斧　聖堂街D	0	-337.91998	1490.75	-563.24	itemLotId_1	10202400	群衆A松明　聖堂街A
m34_00_00_00.msb	m34_00_00_00	c4110_0016	3400252	411051	群衆A（大）　武器（鎌）　炎なし　聖堂街D	0	-394.6	1492.72	-475.62	itemLotId_1	10202406	群衆A盾/包丁/鎌/鋤　聖堂街A
m34_00_00_00.msb	m34_00_00_00	c4110_0017	-1	411030	群衆A（大）　武器（サーベル）　聖堂街D	0	-388.18	1490.15	-479.4	itemLotId_1	10202402	群衆Aサーベル　聖堂街A
m34_00_00_00.msb	m34_00_00_00	c4110_0018	3400203	411060	群衆A（大）　火炎瓶投擲　聖堂街D	0	-388.358	1493.93	-467.75723	itemLotId_1	10202708	群衆A投擲 火炎瓶　森
m34_00_00_00.msb	m34_00_00_00	c4130_0000	-1	413000	血舐め（血袋大）_聖堂街D	0	-420.9	1483.74	-449.52	itemLotId_1	21303400	血舐め　聖堂街D
m34_00_00_00.msb	m34_00_00_00	c4130_0001	-1	413000	血舐め（血袋大）_聖堂街D	0	-418.0177	1484.03	-454.00482	itemLotId_1	21303400	血舐め　聖堂街D
m34_00_00_00.msb	m34_00_00_00	c4130_0002	-1	413000	血舐め（血袋大）_聖堂街D	0	-414.55	1483.63	-448.25	itemLotId_1	21303400	血舐め　聖堂街D
m34_00_00_00.msb	m34_00_00_00	c4130_0003	-1	413000	血舐め（血袋大）_聖堂街D	0	-426	1484.23	-468.46	itemLotId_1	21303400	血舐め　聖堂街D
m34_00_00_00.msb	m34_00_00_00	c4130_0004	3400611	413000	血舐め（血袋大）_聖堂街D	0	-419.1	1487.75	-500.82	itemLotId_1	21303400	血舐め　聖堂街D
m34_00_00_00.msb	m34_00_00_00	c4130_0005	-1	413000	血舐め（血袋大）_聖堂街D	0	-413.63	1487.48	-502.91	itemLotId_1	21303400	血舐め　聖堂街D
m34_00_00_00.msb	m34_00_00_00	c4130_0006	-1	413000	血舐め（血袋大）_聖堂街D	0	-416.36	1488.17	-509	itemLotId_1	21303400	血舐め　聖堂街D
m34_00_00_00.msb	m34_00_00_00	c4130_0007	-1	413000	血舐め（血袋大）_聖堂街D	0	-413.66998	1488.14	-512.34	itemLotId_1	21303400	血舐め　聖堂街D
m34_00_00_00.msb	m34_00_00_00	c4130_0008	-1	413000	血舐め（血袋大）_聖堂街D	0	-412.28	1488.85	-542.88	itemLotId_1	21303400	血舐め　聖堂街D
m34_00_00_00.msb	m34_00_00_00	c4130_0009	-1	413000	血舐め（血袋大）_聖堂街D	0	-410.73	1488.86	-541.44	itemLotId_1	21303400	血舐め　聖堂街D
m34_00_00_00.msb	m34_00_00_00	c4130_0010	-1	413000	血舐め（血袋大）_聖堂街D	0	-408.26	1488.9	-541.98	itemLotId_1	21303400	血舐め　聖堂街D
m34_00_00_00.msb	m34_00_00_00	c4130_0011	3400610	413000	血舐め（血袋大）_聖堂街D	0	-389.4	1488.79	-533.74	itemLotId_1	21303400	血舐め　聖堂街D
m34_00_00_00.msb	m34_00_00_00	c4140_0000	-1	414000	異形ビースト　聖堂街D　同士討ち	0	-487.109	1505.398	-387.655	itemLotId_1	10903400	異形ビースト　聖堂街D
m34_00_00_00.msb	m34_00_00_00	c4140_0001	3400152	414000	異形ビースト　聖堂街D　同士討ち	0	-487.008	1505.398	-390.2	itemLotId_1	10903400	異形ビースト　聖堂街D
m34_00_00_00.msb	m34_00_00_00	c4140_0002	3400154	414000	異形ビースト　聖堂街D　同士討ち	0	-484.886	1505.398	-390.109	itemLotId_1	10903400	異形ビースト　聖堂街D
m34_00_00_00.msb	m34_00_00_00	c4140_0003	3400169	414000	異形ビースト　聖堂街D　同士討ち	0	-535.217	1503.933	-395.599	itemLotId_1	10903400	異形ビースト　聖堂街D
m34_00_00_00.msb	m34_00_00_00	c4140_0004	3400171	414000	異形ビースト　聖堂街D　同士討ち	0	-537.31	1503.935	-398.057	itemLotId_1	10903400	異形ビースト　聖堂街D
m34_00_00_00.msb	m34_00_00_00	c4140_0005	3400170	414000	異形ビースト　聖堂街D　同士討ち	0	-538.111	1503.963	-400.39	itemLotId_1	10903400	異形ビースト　聖堂街D
m34_00_00_00.msb	m34_00_00_00	c4140_0006	3400172	414000	異形ビースト　聖堂街D　同士討ち	0	-541.023	1504.925	-401.853	itemLotId_1	10903400	異形ビースト　聖堂街D
m34_00_00_00.msb	m34_00_00_00	c4140_0007	3400130	414000	異形ビースト　聖堂街D　同士討ち	0	-561.0141	1499.8	-437.06186	itemLotId_1	10903400	異形ビースト　聖堂街D
m34_00_00_00.msb	m34_00_00_00	c4140_0008	3400134	414000	異形ビースト　聖堂街D　同士討ち	0	-555.448	1500.213	-435.083	itemLotId_1	10903400	異形ビースト　聖堂街D
m34_00_00_00.msb	m34_00_00_00	c4140_0009	3400149	414000	異形ビースト　聖堂街D　同士討ち	0	-548.471	1500.216	-434.174	itemLotId_1	10903400	異形ビースト　聖堂街D
m34_00_00_00.msb	m34_00_00_00	c4140_0010	3400140	414000	異形ビースト　聖堂街D　同士討ち	0	-550.01	1500.19	-439.6	itemLotId_1	10903400	異形ビースト　聖堂街D
m34_00_00_00.msb	m34_00_00_00	c4140_0011	3400131	414000	異形ビースト　聖堂街D　同士討ち	0	-536.21655	1500.18	-459.47803	itemLotId_1	10903400	異形ビースト　聖堂街D
m34_00_00_00.msb	m34_00_00_00	c4140_0012	3400173	414000	異形ビースト　聖堂街D　同士討ち	0	-541.63	1500.31	-462.31	itemLotId_1	10903400	異形ビースト　聖堂街D
m34_00_00_00.msb	m34_00_00_00	c4140_0013	3400175	414000	異形ビースト　聖堂街D　同士討ち	0	-525.0607	1500.84	-467.80292	itemLotId_1	10903400	異形ビースト　聖堂街D
m34_00_00_00.msb	m34_00_00_00	c4140_0014	3400174	414000	異形ビースト　聖堂街D　同士討ち	0	-524.22675	1500.84	-469.40768	itemLotId_1	10903400	異形ビースト　聖堂街D
m34_00_00_00.msb	m34_00_00_00	c4140_0015	3400176	414000	異形ビースト　聖堂街D　同士討ち	0	-526.01166	1500.84	-472.08276	itemLotId_1	10903400	異形ビースト　聖堂街D
m34_00_00_00.msb	m34_00_00_00	c4140_0016	3400181	414000	異形ビースト　聖堂街D　同士討ち	0	-526.47	1500.07	-418.51	itemLotId_1	10903400	異形ビースト　聖堂街D
m34_00_00_00.msb	m34_00_00_00	c4140_0017	3400178	414000	異形ビースト　聖堂街D　同士討ち	0	-526.52	1499.86	-416.05	itemLotId_1	10903400	異形ビースト　聖堂街D
m34_00_00_00.msb	m34_00_00_00	c4140_0018	3400179	414000	異形ビースト　聖堂街D　同士討ち	0	-525.9	1499.47	-413.97	itemLotId_1	10903400	異形ビースト　聖堂街D
m34_00_00_00.msb	m34_00_00_00	c4140_0019	3400139	414001	異形ビースト　聖堂街D　同士討ち 雑魚	0	-493.31	1501.71	-451.75	itemLotId_1	10903400	異形ビースト　聖堂街D
m34_00_00_00.msb	m34_00_00_00	c4140_0020	3400136	414001	異形ビースト　聖堂街D　同士討ち 雑魚	0	-492.31	1501.22	-454.75	itemLotId_1	10903400	異形ビースト　聖堂街D
m34_00_00_00.msb	m34_00_00_00	c4140_0021	3400167	414000	異形ビースト　聖堂街D　同士討ち	0	-417.99	1478.51	-370.33002	itemLotId_1	10903400	異形ビースト　聖堂街D
m34_00_00_00.msb	m34_00_00_00	c4140_0022	3400166	414000	異形ビースト　聖堂街D　同士討ち	0	-409.58002	1478.52	-363.06	itemLotId_1	10903400	異形ビースト　聖堂街D
m34_00_00_00.msb	m34_00_00_00	c4140_0023	3400168	414000	異形ビースト　聖堂街D　同士討ち	0	-408.71	1477.87	-372.58002	itemLotId_1	10903400	異形ビースト　聖堂街D
m34_00_00_00.msb	m34_00_00_00	c4140_0024	3400159	414000	異形ビースト　聖堂街D　同士討ち	0	-494.299	1515.64	-373.488	itemLotId_1	10903400	異形ビースト　聖堂街D
m34_00_00_00.msb	m34_00_00_00	c4140_0025	3400158	414000	異形ビースト　聖堂街D　同士討ち	0	-495.16	1515.64	-374.24	itemLotId_1	10903400	異形ビースト　聖堂街D
m34_00_00_00.msb	m34_00_00_00	c4140_0026	3400160	414000	異形ビースト　聖堂街D　同士討ち	0	-497.93	1515.64	-366.55	itemLotId_1	10903400	異形ビースト　聖堂街D
m34_00_00_00.msb	m34_00_00_00	c4140_0027	3400161	414000	異形ビースト　聖堂街D　同士討ち	0	-499.19	1515.908	-366.84	itemLotId_1	10903400	異形ビースト　聖堂街D
m34_00_00_00.msb	m34_00_00_00	c4140_0028	3400162	414000	異形ビースト　聖堂街D　同士討ち	0	-500.307	1516.321	-367.424	itemLotId_1	10903400	異形ビースト　聖堂街D
m34_00_00_00.msb	m34_00_00_00	c9010_0004	3400906	901110	聖剣ルドウイークの宝用ダミーキャラ	0	-400.36774	1504.3	-750.83276	itemLotId_1	43300	ルドウイーク（頭部のみ）_殺害時ドロップアイテム or 遺品を拾う
m34_00_00_00.msb	m34_00_00_00	c1090_0003	3400133	109950	異形ビースト　聖堂街D　同士討ち	0	-559.35	1500.26	-443.07	itemLotId_1	10903400	異形ビースト　聖堂街D
m34_00_00_00.msb	m34_00_00_00	c1090_0005	3400135	109951	異形ビースト　聖堂街D　同士討ち 雑魚	0	-502.24	1495.18	-454.05	itemLotId_1	10903400	異形ビースト　聖堂街D
m34_00_00_00.msb	m34_00_00_00	c1090_0014	3400154	109950	異形ビースト　聖堂街D　同士討ち	0	-519.031	1504.11	-402.913	itemLotId_1	10903400	異形ビースト　聖堂街D
m34_00_00_00.msb	m34_00_00_00	c1090_0015	3400152	109950	異形ビースト　聖堂街D　同士討ち	0	-521.5	1508.32	-418.66998	itemLotId_1	10903400	異形ビースト　聖堂街D
m34_00_00_00.msb	m34_00_00_00	c1090_0019	3400151	109950	異形ビースト　聖堂街D　同士討ち	0	-402.9168	1489.73	-444.6277	itemLotId_1	10903400	異形ビースト　聖堂街D
m34_00_00_00.msb	m34_00_00_00	c1090_0020	3400150	109950	異形ビースト　聖堂街D　同士討ち	0	-401.96878	1489.72	-443.6016	itemLotId_1	10903400	異形ビースト　聖堂街D
m34_00_00_00.msb	m34_00_00_00	c1090_0022	3400153	109950	異形ビースト　聖堂街D　同士討ち	0	-485.84	1500.099	-414.08002	itemLotId_1	10903400	異形ビースト　聖堂街D
m34_00_00_00.msb	m34_00_00_00	c1090_0023	-1	109950	異形ビースト　聖堂街D　同士討ち	0	-484.74	1500.099	-415.156	itemLotId_1	10903400	異形ビースト　聖堂街D
m34_00_00_00.msb	m34_00_00_00	c1090_0030	3400139	109951	異形ビースト　聖堂街D　同士討ち 雑魚	0	-383.40558	1490.63	-564.14813	itemLotId_1	10903400	異形ビースト　聖堂街D
m34_00_00_00.msb	m34_00_00_00	c1090_0031	3400144	109950	異形ビースト　聖堂街D　同士討ち	0	-383.03882	1498.68	-605.44696	itemLotId_1	10903400	異形ビースト　聖堂街D
m34_00_00_00.msb	m34_00_00_00	c1090_0032	3400143	109950	異形ビースト　聖堂街D　同士討ち	0	-381.87805	1498.97	-605.73755	itemLotId_1	10903400	異形ビースト　聖堂街D
m34_00_00_00.msb	m34_00_00_00	c1090_0033	3400142	109950	異形ビースト　聖堂街D　同士討ち	0	-376.36282	1498.78	-634.5305	itemLotId_1	10903400	異形ビースト　聖堂街D
m34_00_00_00.msb	m34_00_00_00	c1090_0034	3400141	109950	異形ビースト　聖堂街D　同士討ち	0	-374.82	1498.78	-623.49	itemLotId_1	10903400	異形ビースト　聖堂街D
m34_00_00_00.msb	m34_00_00_00	c1090_0035	3400155	109950	異形ビースト　聖堂街D　同士討ち	0	-374.92792	1498.79	-635.21594	itemLotId_1	10903400	異形ビースト　聖堂街D
m34_00_00_00.msb	m34_00_00_00	c1090_0036	3400147	109950	異形ビースト　聖堂街D　同士討ち	0	-379.23	1498.78	-633.43	itemLotId_1	10903400	異形ビースト　聖堂街D
m34_00_00_00.msb	m34_00_00_00	c1090_0037	3400146	109950	異形ビースト　聖堂街D　同士討ち	0	-377.67896	1498.78	-632.52527	itemLotId_1	10903400	異形ビースト　聖堂街D
m34_00_00_00.msb	m34_00_00_00	c1090_0038	3400145	109950	異形ビースト　聖堂街D　同士討ち	0	-378.71298	1498.78	-630.5864	itemLotId_1	10903400	異形ビースト　聖堂街D
m34_00_00_00.msb	m34_00_00_00	c1090_0039	3400148	109951	異形ビースト　聖堂街D　同士討ち 雑魚	0	-382.14136	1490.63	-562.0009	itemLotId_1	10903400	異形ビースト　聖堂街D
m34_00_00_00.msb	m34_00_00_00	c1090_0040	3400149	109951	異形ビースト　聖堂街D　同士討ち 雑魚	0	-381.4729	1490.63	-564.29065	itemLotId_1	10903400	異形ビースト　聖堂街D
m34_00_00_00.msb	m34_00_00_00	c1090_0041	3400145	109950	異形ビースト　聖堂街D　同士討ち	0	-383.7584	1498.74	-606.6498	itemLotId_1	10903400	異形ビースト　聖堂街D
m34_00_00_00.msb	m34_00_00_00	c1090_0042	-1	109950	異形ビースト　聖堂街D　同士討ち	0	-440.3888	1495.08	-515.755	itemLotId_1	10903400	異形ビースト　聖堂街D
m34_00_00_00.msb	m34_00_00_00	c1090_0046	3400146	109950	異形ビースト　聖堂街D　同士討ち	0	-375.3569	1498.79	-625.3732	itemLotId_1	10903400	異形ビースト　聖堂街D
m34_00_00_00.msb	m34_00_00_00	c1090_0047	3400147	109950	異形ビースト　聖堂街D　同士討ち	0	-381.3693	1498.77	-626.31036	itemLotId_1	10903400	異形ビースト　聖堂街D
m34_00_00_00.msb	m34_00_00_00	c1090_0048	3400148	109950	異形ビースト　聖堂街D　同士討ち	0	-381.76	1498.81	-620.66	itemLotId_1	10903400	異形ビースト　聖堂街D
m34_00_00_00.msb	m34_00_00_00	c1090_0049	3400135	109950	異形ビースト　聖堂街D　同士討ち	0	-530.1	1499.63	-440.41998	itemLotId_1	10903400	異形ビースト　聖堂街D
m34_00_00_00.msb	m34_00_00_00	c1090_0050	3400137	109950	異形ビースト　聖堂街D　同士討ち	0	-559.8888	1499.76	-434.85	itemLotId_1	10903400	異形ビースト　聖堂街D
m34_00_00_00.msb	m34_00_00_00	c1090_0051	3400138	109950	異形ビースト　聖堂街D　同士討ち	0	-549.98	1500.19	-443.4388	itemLotId_1	10903400	異形ビースト　聖堂街D
m34_00_00_00.msb	m34_00_00_00	c1090_0052	3400153	109950	異形ビースト　聖堂街D　同士討ち	0	-519.713	1504.224	-399.996	itemLotId_1	10903400	異形ビースト　聖堂街D
m34_00_00_00.msb	m34_00_00_00	c1090_0056	3400132	109950	異形ビースト　聖堂街D　同士討ち	0	-554.74	1500.21	-434.4	itemLotId_1	10903400	異形ビースト　聖堂街D
m34_00_00_00.msb	m34_00_00_00	c1090_0057	3400180	109950	異形ビースト　聖堂街D　同士討ち	0	-542.3529	1500.03	-413.53943	itemLotId_1	10903400	異形ビースト　聖堂街D
m34_00_00_00.msb	m34_00_00_00	c1090_0060	3400182	109950	異形ビースト　聖堂街D　同士討ち	0	-540.88306	1500.03	-413.36874	itemLotId_1	10903400	異形ビースト　聖堂街D
m34_00_00_00.msb	m34_00_00_00	c1090_0061	3400183	109950	異形ビースト　聖堂街D　同士討ち	0	-541.3898	1500.03	-412.36426	itemLotId_1	10903400	異形ビースト　聖堂街D
m34_00_00_00.msb	m34_00_00_00	c1170_0000	3400451	117900	屍肉烏　聖堂街D	0	-396.37344	1489.63	-567.6018	itemLotId_1	11703400	屍肉鳥　聖堂街D
m34_00_00_00.msb	m34_00_00_00	c1170_0001	3400450	117900	屍肉烏　聖堂街D	0	-393.9986	1489.63	-567.25	itemLotId_1	11703400	屍肉鳥　聖堂街D
m34_00_00_00.msb	m34_00_00_00	c1170_0007	3400461	117900	屍肉烏　聖堂街D	0	-407.86096	1498.76	-659.8917	itemLotId_1	11703400	屍肉鳥　聖堂街D
m34_00_00_00.msb	m34_00_00_00	c1170_0008	3400462	117900	屍肉烏　聖堂街D	0	-408.10638	1498.76	-661.2849	itemLotId_1	11703400	屍肉鳥　聖堂街D
m34_00_00_00.msb	m34_00_00_00	c1170_0021	3400469	117900	屍肉烏　聖堂街D	0	-513.44	1489.1	-462.38	itemLotId_1	11703400	屍肉鳥　聖堂街D
m34_00_00_00.msb	m34_00_00_00	c1170_0022	3400469	117900	屍肉烏　聖堂街D	0	-512.6	1489.26	-461.18	itemLotId_1	11703400	屍肉鳥　聖堂街D
m34_00_00_00.msb	m34_00_00_00	c1180_0001	340650	118000	さまよう狂気(小)　聖堂街B　00	0	-377.68	1498.78	-636.06	itemLotId_1	11800000	さまよう狂気（小）　聖堂街B　×
m34_00_00_00.msb	m34_00_00_00	c1240_0002	3400102	124910	狂犬　聖堂街D	0	-416.729	1488.26	-514.138	itemLotId_1	12403400	狂犬　聖堂街D
m34_00_00_00.msb	m34_00_00_00	c1240_0003	3400103	124910	狂犬　聖堂街D	0	-419.24298	1488.303	-513.515	itemLotId_1	12403400	狂犬　聖堂街D
m34_00_00_00.msb	m34_00_00_00	c1240_0004	3400104	124910	狂犬　聖堂街D	0	-401.561	1476.155	-357.965	itemLotId_1	12403400	狂犬　聖堂街D
m34_00_00_00.msb	m34_00_00_00	c1240_0009	-1	124910	狂犬　聖堂街D	0	-513.46	1508.77	-387.26	itemLotId_1	12403400	狂犬　聖堂街D
m34_00_00_00.msb	m34_00_00_00	c2630_0001	3400151	263700	群衆A（大）　武器（サーベル）　聖堂街D	0	-388.43	1493.475	-460.697	itemLotId_1	10202402	群衆Aサーベル　聖堂街A
m34_00_00_00.msb	m34_00_00_00	c2630_0002	3400152	263700	群衆A（大）　武器（サーベル）　聖堂街D	0	-516.546	1505.686	-430.207	itemLotId_1	10202402	群衆Aサーベル　聖堂街A
m34_00_00_00.msb	m34_00_00_00	c2630_0003	-1	263433	群衆A（大）　銃（固定砲台）　聖堂街B	0	-434.88	1494.87	-514.66	itemLotId_1	10202404	群衆Aリーダー　聖堂街A
m34_00_00_00.msb	m34_00_00_00	c2630_0004	3400154	263700	群衆A（大）　武器（サーベル）　聖堂街D	0	-389.362	1493.448	-460.506	itemLotId_1	10202402	群衆Aサーベル　聖堂街A
m34_00_00_00.msb	m34_00_00_00	c2630_0008	-1	263730	群衆A（大）　武器（包丁）　聖堂街D	0	-353.23376	1491.963	-469.29303	itemLotId_1	10202406	群衆A盾/包丁/鎌/鋤　聖堂街A
m34_00_00_00.msb	m34_00_00_00	c2630_0010	3400160	263730	群衆A（大）　武器（包丁）　聖堂街D	0	-347.837	1496.724	-498.213	itemLotId_1	10202406	群衆A盾/包丁/鎌/鋤　聖堂街A
m34_00_00_00.msb	m34_00_00_00	c2630_0011	-1	263730	群衆A（大）　武器（包丁）　聖堂街D	0	-483.22	1499.41	-465.43	itemLotId_1	10202406	群衆A盾/包丁/鎌/鋤　聖堂街A
m34_00_00_00.msb	m34_00_00_00	c2630_0012	-1	263740	群衆A（大）　武器（鎌）　聖堂街D	0	-483.84	1499.61	-463.53	itemLotId_1	10202406	群衆A盾/包丁/鎌/鋤　聖堂街A
m34_00_00_00.msb	m34_00_00_00	c2630_0026	-1	263730	群衆A（大）　武器（包丁）　聖堂街D	0	-515.59	1508.02	-388.02	itemLotId_1	10202406	群衆A盾/包丁/鎌/鋤　聖堂街A
m34_00_00_00.msb	m34_00_00_00	c2630_0028	-1	263740	群衆A（大）　武器（鎌）　聖堂街D	0	-513.46	1508.77	-387.26	itemLotId_1	10202406	群衆A盾/包丁/鎌/鋤　聖堂街A
m34_00_00_00.msb	m34_00_00_00	c2630_0101	3400201	263710	群衆A（大）　長物両手（鋤）　聖堂街D	0	-389.204	1493.488	-459.701	itemLotId_1	10202406	群衆A盾/包丁/鎌/鋤　聖堂街A
m34_00_00_00.msb	m34_00_00_00	c2630_0102	3400202	263710	群衆A（大）　長物両手（鋤）　聖堂街D	0	-392.76898	1490.428	-481.682	itemLotId_1	10202406	群衆A盾/包丁/鎌/鋤　聖堂街A
m34_00_00_00.msb	m34_00_00_00	c2630_0103	3400203	263710	群衆A（大）　長物両手（鋤）　聖堂街D	0	-387.876	1488.758	-466.572	itemLotId_1	10202406	群衆A盾/包丁/鎌/鋤　聖堂街A
m34_00_00_00.msb	m34_00_00_00	c2630_0104	-1	263740	群衆A（大）　武器（鎌）　聖堂街D	0	-349.55743	1491.963	-471.45755	itemLotId_1	10202406	群衆A盾/包丁/鎌/鋤　聖堂街A
m34_00_00_00.msb	m34_00_00_00	c2630_0106	3400206	263740	群衆A（大）　武器（鎌）　聖堂街D	0	-346.328	1496.724	-499.03	itemLotId_1	10202406	群衆A盾/包丁/鎌/鋤　聖堂街A
m34_00_00_00.msb	m34_00_00_00	c2630_0200	3400250	263720	群衆A（大）　銃　固定砲台　聖堂街D	0	-524.062	1508.363	-420.991	itemLotId_1	10202404	群衆Aリーダー　聖堂街A
m34_00_00_00.msb	m34_00_00_00	c2630_0201	3400251	263720	群衆A（大）　銃　固定砲台　聖堂街D	0	-414.724	1494.646	-508.337	itemLotId_1	10202404	群衆Aリーダー　聖堂街A
m34_00_00_00.msb	m34_00_00_00	c2640_0000	3400554	264900	群衆B（大）　レンガ　聖堂街D	0	-557.06	1500.21	-448.71	itemLotId_1	10302410	群衆B　聖堂街B
m34_00_00_00.msb	m34_00_00_00	c4000_0000	3400300	400000	闇堕ちハンター_ノコ曲剣（初期配置ノコ）	0	-449.55	1490.73	-494.39	itemLotId_1	40003400	闇堕ちハンター　ノコ曲剣　聖堂街D
m34_00_00_00.msb	m34_00_00_00	c4000_0001	-1	400000	闇堕ちハンター_ノコ曲剣（初期配置ノコ）	0	-380.35	1488.8	-547.38	itemLotId_1	40003400	闇堕ちハンター　ノコ曲剣　聖堂街D
m34_00_00_00.msb	m34_00_00_00	c4000_0002	3400302	400000	闇堕ちハンター_ノコ曲剣（初期配置ノコ）	0	-342.61188	1494.318	-526.00964	itemLotId_1	40003400	闇堕ちハンター　ノコ曲剣　聖堂街D
m34_00_00_00.msb	m34_00_00_00	c4000_0003	-1	400010	闇堕ちハンター_ノコ鞭（初期配置ノコ）	0	-379.3977	1488.79	-550.4329	itemLotId_1	40003410	闇堕ちハンター　ノコ鞭　聖堂街D
m34_00_00_00.msb	m34_00_00_00	c4000_0004	3400304	400000	闇堕ちハンター_ノコ曲剣（初期配置ノコ）	0	-419.476	1484.111	-464.314	itemLotId_1	40003400	闇堕ちハンター　ノコ曲剣　聖堂街D
m34_00_00_00.msb	m34_00_00_00	c4000_0005	3400305	400000	闇堕ちハンター_ノコ曲剣（初期配置ノコ）	0	-338.014	1490.855	-562.103	itemLotId_1	40003400	闇堕ちハンター　ノコ曲剣　聖堂街D
m34_00_00_00.msb	m34_00_00_00	c4000_0006	3400306	400000	闇堕ちハンター_ノコ曲剣（初期配置ノコ）	0	-349.626	1492.661	-535.662	itemLotId_1	40003400	闇堕ちハンター　ノコ曲剣　聖堂街D
m34_00_00_00.msb	m34_00_00_00	c4000_0012	3400312	400000	闇堕ちハンター_ノコ曲剣（初期配置ノコ）	0	-495.21	1500.77	-431.09	itemLotId_1	40003400	闇堕ちハンター　ノコ曲剣　聖堂街D
m34_00_00_00.msb	m34_00_00_00	c4000_0013	3400310	400000	闇堕ちハンター_ノコ曲剣（初期配置ノコ）	0	-387.73	1493.67	-465.79	itemLotId_1	40003400	闇堕ちハンター　ノコ曲剣　聖堂街D
m34_00_00_00.msb	m34_00_00_00	c4000_0014	3400409	400010	闇堕ちハンター_ノコ鞭（初期配置ノコ）	0	-386.85	1493.69	-466.66	itemLotId_1	40003410	闇堕ちハンター　ノコ鞭　聖堂街D
m34_00_00_00.msb	m34_00_00_00	c4000_0015	-1	400000	闇堕ちハンター_ノコ曲剣（初期配置ノコ）	0	-521.76	1508.27	-416.49	itemLotId_1	40003400	闇堕ちハンター　ノコ曲剣　聖堂街D
m34_00_00_00.msb	m34_00_00_00	c4000_0017	3400311	400000	闇堕ちハンター_ノコ曲剣（初期配置ノコ）	0	-392.74	1490.53	-482.88	itemLotId_1	40003400	闇堕ちハンター　ノコ曲剣　聖堂街D
m34_00_00_00.msb	m34_00_00_00	c4000_0028	-1	400010	闇堕ちハンター_ノコ鞭（初期配置ノコ）	0	-486.56	1515.64	-370.4	itemLotId_1	40003410	闇堕ちハンター　ノコ鞭　聖堂街D
m34_00_00_00.msb	m34_00_00_00	c4000_0031	-1	400000	闇堕ちハンター_ノコ曲剣（初期配置ノコ）	0	-379.47	1498.71	-613.19	itemLotId_1	40003400	闇堕ちハンター　ノコ曲剣　聖堂街D
m34_00_00_00.msb	m34_00_00_00	c4000_0032	3400316	400010	闇堕ちハンター_ノコ鞭（初期配置ノコ）	0	-397.69373	1498.789	-621.8847	itemLotId_1	40003410	闇堕ちハンター　ノコ鞭　聖堂街D
m34_00_00_00.msb	m34_00_00_00	c4000_0033	3400509	400020	闇堕ちハンター_爆槌（初期配置変形前）	0	-396.57	1499.78	-641.37	itemLotId_1	40003420	闇堕ちハンター　ガンハンマー　聖堂街D
m34_00_00_00.msb	m34_00_00_00	c4000_0035	3400510	400020	闇堕ちハンター_爆槌（初期配置変形前）	0	-427.19	1491.35	-551.45	itemLotId_1	40003420	闇堕ちハンター　ガンハンマー　聖堂街D
m34_00_00_00.msb	m34_00_00_00	c4000_0037	3400511	400020	闇堕ちハンター_爆槌（初期配置変形前）	0	-396.27	1501.43	-648.15	itemLotId_1	40003420	闇堕ちハンター　ガンハンマー　聖堂街D
m34_00_00_00.msb	m34_00_00_00	c4000_0038	3400412	400008	闇堕ちハンター_ノコ曲剣&秘儀（初期配置ノコ）	0	-393.94	1490.04	-564.81	itemLotId_1	40003440	闇堕ちハンター　秘儀・ノコ曲剣　聖堂街D
m34_00_00_00.msb	m34_00_00_00	c4000_0039	3400413	400008	闇堕ちハンター_ノコ曲剣&秘儀（初期配置ノコ）	0	-360.35382	1497.7	-539.69385	itemLotId_1	40003440	闇堕ちハンター　秘儀・ノコ曲剣　聖堂街D
m34_00_00_00.msb	m34_00_00_00	c4000_0100	3400350	400001	闇堕ちハンター_ノコ曲剣（初期配置曲剣）	0	-425.052	1503.137	-607.167	itemLotId_1	40003400	闇堕ちハンター　ノコ曲剣　聖堂街D
m34_00_00_00.msb	m34_00_00_00	c4000_0101	3400351	400020	闇堕ちハンター_爆槌（初期配置変形前）	0	-371.70898	1490.747	-563.262	itemLotId_1	40003420	闇堕ちハンター　ガンハンマー　聖堂街D
m34_00_00_00.msb	m34_00_00_00	c4000_0200	-1	400010	闇堕ちハンター_ノコ鞭（初期配置ノコ）	0	-506.416	1512.143	-387.375	itemLotId_1	40003410	闇堕ちハンター　ノコ鞭　聖堂街D
m34_00_00_00.msb	m34_00_00_00	c4000_0201	3400401	400008	闇堕ちハンター_ノコ曲剣&秘儀（初期配置ノコ）	0	-371.9	1490.755	-564.898	itemLotId_1	40003440	闇堕ちハンター　秘儀・ノコ曲剣　聖堂街D
m34_00_00_00.msb	m34_00_00_00	c4000_0202	3400402	400010	闇堕ちハンター_ノコ鞭（初期配置ノコ）	0	-417.9931	1484.163	-465.134	itemLotId_1	40003410	闇堕ちハンター　ノコ鞭　聖堂街D
m34_00_00_00.msb	m34_00_00_00	c4000_0204	3400404	400010	闇堕ちハンター_ノコ鞭（初期配置ノコ）	0	-415.23102	1484.006	-436.271	itemLotId_1	40003410	闇堕ちハンター　ノコ鞭　聖堂街D
m34_00_00_00.msb	m34_00_00_00	c4000_0206	-1	400008	闇堕ちハンター_ノコ曲剣&秘儀（初期配置ノコ）	0	-364.173	1495.665	-549.791	itemLotId_1	40003440	闇堕ちハンター　秘儀・ノコ曲剣　聖堂街D
m34_00_00_00.msb	m34_00_00_00	c4000_0207	3400407	400010	闇堕ちハンター_ノコ鞭（初期配置ノコ）	0	-486.39	1505.4	-389.62	itemLotId_1	40003410	闇堕ちハンター　ノコ鞭　聖堂街D
m34_00_00_00.msb	m34_00_00_00	c4000_0208	3400409	400008	闇堕ちハンター_ノコ曲剣&秘儀（初期配置ノコ）	0	-337.70935	1496.31	-567.9768	itemLotId_1	40003440	闇堕ちハンター　秘儀・ノコ曲剣　聖堂街D
m34_00_00_00.msb	m34_00_00_00	c4000_0300	3400450	400011	闇堕ちハンター_ノコ鞭（初期配置鞭）	0	-393.141	1480.849	-377.717	itemLotId_1	40003410	闇堕ちハンター　ノコ鞭　聖堂街D
m34_00_00_00.msb	m34_00_00_00	c4000_0401	3400501	400020	闇堕ちハンター_爆槌（初期配置変形前）	0	-418.32098	1488.558	-514.976	itemLotId_1	40003420	闇堕ちハンター　ガンハンマー　聖堂街D
m34_00_00_00.msb	m34_00_00_00	c4000_0403	3400503	400020	闇堕ちハンター_爆槌（初期配置変形前）	0	-399.05402	1476.155	-354.964	itemLotId_1	40003420	闇堕ちハンター　ガンハンマー　聖堂街D
m34_00_00_00.msb	m34_00_00_00	c4000_0404	3400504	400020	闇堕ちハンター_爆槌（初期配置変形前）	0	-404.092	1476.155	-356.773	itemLotId_1	40003420	闇堕ちハンター　ガンハンマー　聖堂街D
m34_00_00_00.msb	m34_00_00_00	c4000_0405	3400505	400000	闇堕ちハンター_ノコ曲剣（初期配置ノコ）	0	-426.13	1491.355	-557.757	itemLotId_1	40003400	闇堕ちハンター　ノコ曲剣　聖堂街D
m34_00_00_00.msb	m34_00_00_00	c4000_0406	3400506	400010	闇堕ちハンター_ノコ鞭（初期配置ノコ）	0	-437.543	1491.376	-549.656	itemLotId_1	40003410	闇堕ちハンター　ノコ鞭　聖堂街D
m34_00_00_00.msb	m34_00_00_00	c4000_0407	3400507	400020	闇堕ちハンター_爆槌（初期配置変形前）	0	-432.82083	1484.28	-549.0242	itemLotId_1	40003420	闇堕ちハンター　ガンハンマー　聖堂街D
m34_00_00_00.msb	m34_00_00_00	c4010_0000	3400550	401000	処刑人（悪夢）_大斧	0	-422.55402	1501.714	-618.792	itemLotId_1	40103400	処刑人悪夢　斧　聖堂街D
m34_00_00_00.msb	m34_00_00_00	c4010_0100	3400600	401010	処刑人（悪夢）_大砲	0	-542.609	1500.033	-442.231	itemLotId_1	40103410	処刑人悪夢　グレネード　聖堂街D
m34_00_00_00.msb	m34_00_00_00	c4100_0000	3400109	124910	狂犬　聖堂街D	0	-439.24216	1491.35	-548.8239	itemLotId_1	12403400	狂犬　聖堂街D
m34_00_00_00.msb	m34_00_00_00	c4100_0001	3400110	124910	狂犬　聖堂街D	0	-438.95682	1491.35	-547.87177	itemLotId_1	12403400	狂犬　聖堂街D
m34_00_00_00.msb	m34_00_00_00	c4110_0001	3400209	411051	群衆A（大）　武器（鎌）　炎なし　聖堂街D	0	-403.68	1500.32	-408.93	itemLotId_1	10202406	群衆A盾/包丁/鎌/鋤　聖堂街A
m34_00_00_00.msb	m34_00_00_00	c4110_0002	3400280	411060	群衆A（大）　火炎瓶投擲　聖堂街D	0	-397.24432	1500.52	-420.89435	itemLotId_1	10202708	群衆A投擲 火炎瓶　森
m34_00_00_00.msb	m34_00_00_00	c4110_0003	-1	411060	群衆A（大）　火炎瓶投擲　聖堂街D	0	-393.91	1494.33	-466.46	itemLotId_1	10202708	群衆A投擲 火炎瓶　森
m34_00_00_00.msb	m34_00_00_00	c4110_0013	3400208	411000	群衆A（大）　松明＆斧　聖堂街D	0	-413.64	1500.31	-419.02	itemLotId_1	10202400	群衆A松明　聖堂街A
m35_00_00_00.msb	m35_00_00_00	c0000_0005	3500931	6580	聖堂NPC1（近接）	0	-333.88303	1525.492	-833.704	itemLotId_1	43850	時計塔_聖堂NPC_剣大剣
m35_00_00_00.msb	m35_00_00_00	c0000_0006	3500932	6585	聖堂NPC2（遠距離）	0	-320.80002	1526.3	-824.45	itemLotId_1	43860	時計塔_聖堂NPC_コズミックアロー
m35_00_00_00.msb	m35_00_00_00	c0000_0007	3500933	6620	恋人NPC	0	-352.30002	1598.8	-822.3	itemLotId_1	43870	時計塔_恋人NPC
m35_00_00_00.msb	m35_00_00_00	c0000_0009	3500935	6620	恋人NPC	0	-352.30002	1588.6	-822.3	itemLotId_1	43870	時計塔_恋人NPC
m35_00_00_00.msb	m35_00_00_00	c1100_0000	3500770	110351	下水ネズミ　時計塔　なめらか巡回無視	0	-356.37003	1630.7109	-830.73	itemLotId_1	11003500	下水ネズミ　時計塔
m35_00_00_00.msb	m35_00_00_00	c1100_0001	3500771	110351	下水ネズミ　時計塔　なめらか巡回無視	0	-368.21002	1624.5	-824.77997	itemLotId_1	11003500	下水ネズミ　時計塔
m35_00_00_00.msb	m35_00_00_00	c1100_0002	3500772	110351	下水ネズミ　時計塔　なめらか巡回無視	0	-350.58902	1630.708	-830.852	itemLotId_1	11003500	下水ネズミ　時計塔
m35_00_00_00.msb	m35_00_00_00	c1100_0003	3500773	110350	下水ネズミ　時計塔　光る目	0	-386.49802	1525.631	-826.587	itemLotId_1	11003500	下水ネズミ　時計塔
m35_00_00_00.msb	m35_00_00_00	c1100_0005	3500775	110352	下水ネズミ　時計塔　光る目　待機を挟む巡回	0	-383.13	1525.493	-822.244	itemLotId_1	11003500	下水ネズミ　時計塔
m35_00_00_00.msb	m35_00_00_00	c1100_0006	3500776	110350	下水ネズミ　時計塔　光る目	0	-384.98102	1525.493	-820.41296	itemLotId_1	11003500	下水ネズミ　時計塔
m35_00_00_00.msb	m35_00_00_00	c1100_0007	3500777	110351	下水ネズミ　時計塔　なめらか巡回無視	0	-364.09003	1624.5	-827.12	itemLotId_1	11003500	下水ネズミ　時計塔
m35_00_00_00.msb	m35_00_00_00	c1170_0000	3500780	117350	屍肉烏　時計塔	0	-347.08002	1638.61	-817.20996	itemLotId_1	11703500	屍肉鳥　時計塔
m35_00_00_00.msb	m35_00_00_00	c1170_0001	3500781	117351	屍肉烏　時計塔_カレル持ち	0	-371.7	1639.61	-824.36	itemLotId_1	11703510	屍肉鳥　時計塔_カレル持ち
m35_00_00_00.msb	m35_00_00_00	c1170_0002	-1	117350	屍肉烏　時計塔	0	-374.34003	1630.88	-807.02997	itemLotId_1	11703500	屍肉鳥　時計塔
m35_00_00_00.msb	m35_00_00_00	c1170_0003	-1	117350	屍肉烏　時計塔	0	-375.44	1630.88	-808.35	itemLotId_1	11703500	屍肉鳥　時計塔
m35_00_00_00.msb	m35_00_00_00	c1170_0004	-1	117350	屍肉烏　時計塔	0	-374.948	1613.48	-807.555	itemLotId_1	11703500	屍肉鳥　時計塔
m35_00_00_00.msb	m35_00_00_00	c1170_0005	-1	117350	屍肉烏　時計塔	0	-365.045	1613.48	-809.055	itemLotId_1	11703500	屍肉鳥　時計塔
m35_00_00_00.msb	m35_00_00_00	c1170_0006	-1	117350	屍肉烏　時計塔	0	-376.362	1613.48	-810.864	itemLotId_1	11703500	屍肉鳥　時計塔
m35_00_00_00.msb	m35_00_00_00	c1180_0000	3500740	118800	さまよう狂気(小)　時計塔　00	0	-368.38	1539.06	-818.02	itemLotId_1	3501700	さまよう狂気（小）　時計塔00
m35_00_00_00.msb	m35_00_00_00	c1180_0001	3500741	118801	さまよう狂気(小)　時計塔　01	0	-342	1557.83	-837.52	itemLotId_1	3501710	さまよう狂気（小）　時計塔01
m35_00_00_00.msb	m35_00_00_00	c1180_0002	3500742	118802	さまよう狂気(小)　時計塔　02	0	-366.95	1556.33	-823.29	itemLotId_1	3501720	さまよう狂気（小）　時計塔02
m35_00_00_00.msb	m35_00_00_00	c2620_0000	3500760	262915	群衆（車椅子）　短筒　時計塔_地下牢	0	-376.7	1512.833	-801.787	itemLotId_1	26203500	群衆（車椅子） 短筒　聖堂街C
m35_00_00_00.msb	m35_00_00_00	c2620_0001	-1	262930	群衆（車椅子）　噴霧器放射　時計塔	0	-358.281	1583.131	-796.565	itemLotId_1	26203520	群衆（車椅子） 噴霧器　聖堂街C
m35_00_00_00.msb	m35_00_00_00	c2620_0002	-1	262910	群衆（車椅子）　短筒　時計塔	0	-356.21503	1583.024	-785.208	itemLotId_1	26203500	群衆（車椅子） 短筒　聖堂街C
m35_00_00_00.msb	m35_00_00_00	c2620_0003	-1	262910	群衆（車椅子）　短筒　時計塔	0	-352.88303	1583.131	-779.69	itemLotId_1	26203500	群衆（車椅子） 短筒　聖堂街C
m35_00_00_00.msb	m35_00_00_00	c2620_0004	3500764	262920	群衆（車椅子）　ガトリング_固定砲台　時計塔	0	-340.51	1603.541	-812.25	itemLotId_1	26203510	群衆（車椅子）_ガトリング　聖堂街C
m35_00_00_00.msb	m35_00_00_00	c2700_0000	3500750	270350	教会の使者（杖のみ）　時計塔	0	-375.5	1512.835	-802.5	itemLotId_1	27003500	教会の使者 杖　時計塔
m35_00_00_00.msb	m35_00_00_00	c2700_0001	3500751	270350	教会の使者（杖のみ）　時計塔	0	-357.23	1583.08	-813.64	itemLotId_1	27003500	教会の使者 杖　時計塔
m35_00_00_00.msb	m35_00_00_00	c4020_0001	3500301	402020	時計塔患者A_素手　消極的	0	-336.29102	1593.222	-858.079	itemLotId_1	40203520	時計塔患者A　素手　時計塔
m35_00_00_00.msb	m35_00_00_00	c4020_0002	3500302	402020	時計塔患者A_素手　消極的	0	-338.34003	1593.22	-850.13	itemLotId_1	40203520	時計塔患者A　素手　時計塔
m35_00_00_00.msb	m35_00_00_00	c4020_0006	3500306	402040	時計塔患者A_素手	0	-368.27402	1572.856	-847.734	itemLotId_1	40203520	時計塔患者A　素手　時計塔
m35_00_00_00.msb	m35_00_00_00	c4020_0008	3500308	402040	時計塔患者A_素手	0	-364.583	1572.856	-852.302	itemLotId_1	40203520	時計塔患者A　素手　時計塔
m35_00_00_00.msb	m35_00_00_00	c4020_0009	3500309	402020	時計塔患者A_素手　消極的	0	-364.092	1572.856	-854.94	itemLotId_1	40203520	時計塔患者A　素手　時計塔
m35_00_00_00.msb	m35_00_00_00	c4020_0010	3500310	402040	時計塔患者A_素手	0	-361	1568.34	-825.55	itemLotId_1	40203520	時計塔患者A　素手　時計塔
m35_00_00_00.msb	m35_00_00_00	c4020_0011	3500311	402020	時計塔患者A_素手　消極的	0	-340.05002	1572.84	-842.73	itemLotId_1	40203520	時計塔患者A　素手　時計塔
m35_00_00_00.msb	m35_00_00_00	c4020_0012	3500312	402020	時計塔患者A_素手　消極的	0	-373.46002	1572.86	-860.17	itemLotId_1	40203520	時計塔患者A　素手　時計塔
m35_00_00_00.msb	m35_00_00_00	c4020_0013	3500313	402020	時計塔患者A_素手　消極的	0	-339.62003	1593.22	-838.58997	itemLotId_1	40203520	時計塔患者A　素手　時計塔
m35_00_00_00.msb	m35_00_00_00	c4020_0014	3500314	402040	時計塔患者A_素手	0	-343.33002	1593.22	-840.72	itemLotId_1	40203520	時計塔患者A　素手　時計塔
m35_00_00_00.msb	m35_00_00_00	c4020_0015	3500315	402028	時計塔患者A_素手　投擲用	0	-365.48	1577.64	-855.19995	itemLotId_1	40203530	時計塔患者A　素手 投擲　時計塔
m35_00_00_00.msb	m35_00_00_00	c4020_0016	3500316	402048	時計塔患者A_素手　投擲用	0	-365.90002	1577.64	-860.66	itemLotId_1	40203530	時計塔患者A　素手 投擲　時計塔
m35_00_00_00.msb	m35_00_00_00	c4020_0021	3500321	402050	時計塔患者A_素手　ひまわりの世話	0	-409.056	1538.118	-825.515	itemLotId_1	40203520	時計塔患者A　素手　時計塔
m35_00_00_00.msb	m35_00_00_00	c4020_0022	3500322	402060	時計塔患者A_素手　ひまわりの世話	0	-409.418	1538.163	-832.42	itemLotId_1	40203520	時計塔患者A　素手　時計塔
m35_00_00_00.msb	m35_00_00_00	c4020_0023	3500323	402050	時計塔患者A_素手　ひまわりの世話	0	-407.941	1538.28	-810.18	itemLotId_1	40203520	時計塔患者A　素手　時計塔
m35_00_00_00.msb	m35_00_00_00	c4020_0024	3500324	402060	時計塔患者A_素手　ひまわりの世話	0	-410.082	1538.276	-806.423	itemLotId_1	40203520	時計塔患者A　素手　時計塔
m35_00_00_00.msb	m35_00_00_00	c4020_0025	3500325	402050	時計塔患者A_素手　ひまわりの世話	0	-418.51102	1538.106	-823.796	itemLotId_1	40203520	時計塔患者A　素手　時計塔
m35_00_00_00.msb	m35_00_00_00	c4020_0026	3500326	402060	時計塔患者A_素手　ひまわりの世話	0	-422.85	1538.15	-811.3	itemLotId_1	40203520	時計塔患者A　素手　時計塔
m35_00_00_00.msb	m35_00_00_00	c4020_0027	3500327	402050	時計塔患者A_素手　ひまわりの世話	0	-416.38	1538.15	-846.43	itemLotId_1	40203520	時計塔患者A　素手　時計塔
m35_00_00_00.msb	m35_00_00_00	c4020_0028	3500328	402060	時計塔患者A_素手　ひまわりの世話	0	-420.97803	1538.108	-828.018	itemLotId_1	40203520	時計塔患者A　素手　時計塔
m35_00_00_00.msb	m35_00_00_00	c4020_0029	3500329	402040	時計塔患者A_素手	0	-331.30002	1593.22	-856.3	itemLotId_1	40203520	時計塔患者A　素手　時計塔
m35_00_00_00.msb	m35_00_00_00	c4020_0034	3500334	402020	時計塔患者A_素手　消極的	0	-336.823	1583.03	-840.296	itemLotId_1	40203520	時計塔患者A　素手　時計塔
m35_00_00_00.msb	m35_00_00_00	c4020_0035	3500335	402040	時計塔患者A_素手	0	-340.57	1583.04	-840.79	itemLotId_1	40203520	時計塔患者A　素手　時計塔
m35_00_00_00.msb	m35_00_00_00	c4020_0036	3500336	402020	時計塔患者A_素手　消極的	0	-355.28	1583.077	-836.70996	itemLotId_1	40203520	時計塔患者A　素手　時計塔
m35_00_00_00.msb	m35_00_00_00	c4020_0037	3500337	402020	時計塔患者A_素手　消極的	0	-351.6	1567	-817.73	itemLotId_1	40203520	時計塔患者A　素手　時計塔
m35_00_00_00.msb	m35_00_00_00	c4020_0039	3500339	402040	時計塔患者A_素手	0	-361	1578.52	-825.55	itemLotId_1	40203520	時計塔患者A　素手　時計塔
m35_00_00_00.msb	m35_00_00_00	c4020_0040	3500340	402020	時計塔患者A_素手　消極的	0	-351.6	1578.52	-817.73	itemLotId_1	40203520	時計塔患者A　素手　時計塔
m35_00_00_00.msb	m35_00_00_00	c4020_0041	3500341	402020	時計塔患者A_素手　消極的	0	-350.553	1580.5859	-832.812	itemLotId_1	40203520	時計塔患者A　素手　時計塔
m35_00_00_00.msb	m35_00_00_00	c4020_0042	3500342	402026	時計塔患者A_素手　戦闘時、巡回時に走る	0	-340.67	1603.44	-842.39996	itemLotId_1	40203520	時計塔患者A　素手　時計塔
m35_00_00_00.msb	m35_00_00_00	c4020_0043	3500343	402026	時計塔患者A_素手　戦闘時、巡回時に走る	0	-341.47	1603.43	-837.82996	itemLotId_1	40203520	時計塔患者A　素手　時計塔
m35_00_00_00.msb	m35_00_00_00	c4020_0044	3500344	402026	時計塔患者A_素手　戦闘時、巡回時に走る	0	-338.95	1603.43	-838.47	itemLotId_1	40203520	時計塔患者A　素手　時計塔
m35_00_00_00.msb	m35_00_00_00	c4020_0046	3500346	402024	時計塔患者A_素手　積極A（近接）	0	-356.58002	1580.45	-875.73	itemLotId_1	40203520	時計塔患者A　素手　時計塔
m35_00_00_00.msb	m35_00_00_00	c4020_0047	3500347	402044	時計塔患者A_素手　積極的	0	-349.59003	1580.45	-875.64	itemLotId_1	40203520	時計塔患者A　素手　時計塔
m35_00_00_00.msb	m35_00_00_00	c4020_0048	3500348	402024	時計塔患者A_素手　積極A（近接）	0	-363.7	1580.45	-870.8	itemLotId_1	40203520	時計塔患者A　素手　時計塔
m35_00_00_00.msb	m35_00_00_00	c4020_0049	3500349	402044	時計塔患者A_素手　積極的	0	-357.80002	1580.45	-874.6	itemLotId_1	40203520	時計塔患者A　素手　時計塔
m35_00_00_00.msb	m35_00_00_00	c4020_0051	3500351	402020	時計塔患者A_素手　消極的	0	-350.553	1570.506	-833.712	itemLotId_1	40203520	時計塔患者A　素手　時計塔
m35_00_00_00.msb	m35_00_00_00	c4020_0053	3500353	402040	時計塔患者A_素手	0	-364.6	1577.6	-852.01	itemLotId_1	40203520	時計塔患者A　素手　時計塔
m35_00_00_00.msb	m35_00_00_00	c4020_0060	3500360	402040	時計塔患者A_素手	0	-331.177	1572.856	-840.514	itemLotId_1	40203520	時計塔患者A　素手　時計塔
m35_00_00_00.msb	m35_00_00_00	c4020_0062	3500362	402040	時計塔患者A_素手	0	-340.164	1572.856	-839.566	itemLotId_1	40203520	時計塔患者A　素手　時計塔
m35_00_00_00.msb	m35_00_00_00	c4020_0064	3500364	402040	時計塔患者A_素手	0	-346.71902	1572.856	-840.738	itemLotId_1	40203520	時計塔患者A　素手　時計塔
m35_00_00_00.msb	m35_00_00_00	c4020_0065	3500365	402028	時計塔患者A_素手　投擲用	0	-348.903	1572.865	-840.307	itemLotId_1	40203530	時計塔患者A　素手 投擲　時計塔
m35_00_00_00.msb	m35_00_00_00	c4020_0066	3500366	402040	時計塔患者A_素手	0	-351.147	1572.856	-841.07697	itemLotId_1	40203520	時計塔患者A　素手　時計塔
m35_00_00_00.msb	m35_00_00_00	c4020_0071	3500371	402024	時計塔患者A_素手　積極A（近接）	0	-350.716	1580.448	-873.276	itemLotId_1	40203520	時計塔患者A　素手　時計塔
m35_00_00_00.msb	m35_00_00_00	c4020_0089	3500389	402026	時計塔患者A_素手　戦闘時、巡回時に走る	0	-341.05002	1583.01	-811.24	itemLotId_1	40203520	時計塔患者A　素手　時計塔
m35_00_00_00.msb	m35_00_00_00	c4020_0092	3500392	402025	時計塔患者A_素手　頭部なし	0	-355.94	1603.44	-839.64996	itemLotId_1	40203520	時計塔患者A　素手　時計塔
m35_00_00_00.msb	m35_00_00_00	c4020_0093	3500393	402045	時計塔患者A_素手　頭部なし	0	-343.2	1603.45	-841.14996	itemLotId_1	40203520	時計塔患者A　素手　時計塔
m35_00_00_00.msb	m35_00_00_00	c4020_0095	3500395	402045	時計塔患者A_素手　頭部なし	0	-329.927	1603.434	-840.797	itemLotId_1	40203520	時計塔患者A　素手　時計塔
m35_00_00_00.msb	m35_00_00_00	c4020_0100	3500400	402010	時計塔患者A_腕瘤	0	-333.1	1593.46	-847.91	itemLotId_1	40203510	時計塔患者A　毒手　時計塔
m35_00_00_00.msb	m35_00_00_00	c4020_0101	3500401	402010	時計塔患者A_腕瘤	0	-341.30002	1583.04	-848.47	itemLotId_1	40203510	時計塔患者A　毒手　時計塔
m35_00_00_00.msb	m35_00_00_00	c4020_0150	3500500	402030	時計塔患者A（四足）　よく跳ぶ	0	-351.72	1572.802	-796.891	itemLotId_1	40203540	時計塔患者A　四足　時計塔
m35_00_00_00.msb	m35_00_00_00	c4020_0151	3500501	402035	時計塔患者A（四足）　あまり跳ばない	0	-356.83002	1572.706	-782.41	itemLotId_1	40203540	時計塔患者A　四足　時計塔
m35_00_00_00.msb	m35_00_00_00	c4020_0152	3500502	402035	時計塔患者A（四足）　あまり跳ばない	0	-336.42	1572.86	-809.04	itemLotId_1	40203540	時計塔患者A　四足　時計塔
m35_00_00_00.msb	m35_00_00_00	c4021_0000	3500600	402100	時計塔患者A（這いずり）	0	-333.90002	1568.06	-826.57	itemLotId_1	40203550	時計塔患者A　這いずり　時計塔
m35_00_00_00.msb	m35_00_00_00	c4021_0001	3500601	402100	時計塔患者A（這いずり）	0	-332.5	1557.83	-813.20996	itemLotId_1	40203550	時計塔患者A　這いずり　時計塔
m35_00_00_00.msb	m35_00_00_00	c4021_0002	3500602	402100	時計塔患者A（這いずり）	0	-342.544	1557.829	-810.901	itemLotId_1	40203550	時計塔患者A　這いずり　時計塔
m35_00_00_00.msb	m35_00_00_00	c4021_0003	3500603	402100	時計塔患者A（這いずり）	0	-375.58002	1557.829	-808.117	itemLotId_1	40203550	時計塔患者A　這いずり　時計塔
m35_00_00_00.msb	m35_00_00_00	c4021_0004	3500604	402100	時計塔患者A（這いずり）	0	-376.86002	1557.829	-810.8	itemLotId_1	40203550	時計塔患者A　這いずり　時計塔
m35_00_00_00.msb	m35_00_00_00	c4021_0005	3500605	402100	時計塔患者A（這いずり）	0	-351.87003	1555.865	-826.329	itemLotId_1	40203550	時計塔患者A　這いずり　時計塔
m35_00_00_00.msb	m35_00_00_00	c4021_0006	3500606	402100	時計塔患者A（這いずり）	0	-345.42	1555.86	-831.98	itemLotId_1	40203550	時計塔患者A　這いずり　時計塔
m35_00_00_00.msb	m35_00_00_00	c4021_0007	3500607	402100	時計塔患者A（這いずり）	0	-344.96002	1555.86	-817.76	itemLotId_1	40203550	時計塔患者A　這いずり　時計塔
m35_00_00_00.msb	m35_00_00_00	c4021_0008	3500608	402100	時計塔患者A（這いずり）	0	-352.76	1557.815	-806.12897	itemLotId_1	40203550	時計塔患者A　這いずり　時計塔
m35_00_00_00.msb	m35_00_00_00	c4021_0009	3500609	402100	時計塔患者A（這いずり）	0	-348.80103	1555.864	-821.25397	itemLotId_1	40203550	時計塔患者A　這いずり　時計塔
m35_00_00_00.msb	m35_00_00_00	c4021_0010	3500610	402100	時計塔患者A（這いずり）	0	-344.68002	1555.86	-831	itemLotId_1	40203550	時計塔患者A　這いずり　時計塔
m35_00_00_00.msb	m35_00_00_00	c4021_0011	3500611	402100	時計塔患者A（這いずり）	0	-348.53	1557.83	-809.36	itemLotId_1	40203550	時計塔患者A　這いずり　時計塔
m35_00_00_00.msb	m35_00_00_00	c4021_0012	3500612	402100	時計塔患者A（這いずり）	0	-348.87003	1555.86	-826.29	itemLotId_1	40203550	時計塔患者A　這いずり　時計塔
m35_00_00_00.msb	m35_00_00_00	c4021_0013	3500613	402100	時計塔患者A（這いずり）	0	-351.302	1556.654	-813.04297	itemLotId_1	40203550	時計塔患者A　這いずり　時計塔
m35_00_00_00.msb	m35_00_00_00	c4021_0014	3500614	402100	時計塔患者A（這いずり）	0	-352.527	1556.334	-813.7347	itemLotId_1	40203550	時計塔患者A　這いずり　時計塔
m35_00_00_00.msb	m35_00_00_00	c4022_0005	3500655	402200	時計塔患者A（頭部のみ）	0	-360.694	1603.458	-853.80896	itemLotId_1	40203560	時計塔患者A　頭部のみ　時計塔
m35_00_00_00.msb	m35_00_00_00	c4022_0006	3500656	402200	時計塔患者A（頭部のみ）	0	-358.117	1603.458	-857.04297	itemLotId_1	40203560	時計塔患者A　頭部のみ　時計塔
m35_00_00_00.msb	m35_00_00_00	c4022_0008	3500658	402200	時計塔患者A（頭部のみ）	0	-355.2	1608.3	-847.1	itemLotId_1	40203560	時計塔患者A　頭部のみ　時計塔
m35_00_00_00.msb	m35_00_00_00	c4022_0009	3500659	402200	時計塔患者A（頭部のみ）	0	-353.99402	1603.458	-856.821	itemLotId_1	40203560	時計塔患者A　頭部のみ　時計塔
m35_00_00_00.msb	m35_00_00_00	c4023_0000	3500910	402300	時計塔の女医	350506	-331.5	1557.43	-786.363	itemLotId_1	43030	時計塔の女医_殺害時ドロップアイテム（通常状態）
m35_00_00_00.msb	m35_00_00_00	c4120_0001	3500451	412001	時計塔患者A_輸血器具　初見演出用	0	-349.7	1588.94	-854	itemLotId_1	40203500	時計塔患者A　輸血台　時計塔
m35_00_00_00.msb	m35_00_00_00	c4120_0002	3500452	412000	時計塔患者A_輸血器具	0	-335.23	1616.26	-840.97	itemLotId_1	40203500	時計塔患者A　輸血台　時計塔
m35_00_00_00.msb	m35_00_00_00	c4160_0000	3500911	402290	時計塔の女医（頭部のみ）	350512	-337.544	1557.355	-799.924	itemLotId_1	43040	時計塔の女医_殺害時ドロップアイテム（頭部のみ状態）
m35_00_00_00.msb	m35_00_00_00	c4160_0001	3500662	402281	特別な時計塔患者（頭部のみ）B	350575	-339.06	1639.81	-808.22	itemLotId_1	43500	特別な時計塔患者（頭部のみ）B_殺害時ドロップアイテム
m35_00_00_00.msb	m35_00_00_00	c4160_0002	3500661	402280	特別な時計塔患者（頭部のみ）A	350574	-355.1	1588.71	-821.83997	itemLotId_1	43400	特別な時計塔患者（頭部のみ）A_殺害時ドロップアイテム
m35_00_00_00.msb	m35_00_00_00	c4160_0003	3500663	402280	特別な時計塔患者（頭部のみ）A	350579	-355.1	1598.78	-821.83997	itemLotId_1	43400	特別な時計塔患者（頭部のみ）A_殺害時ドロップアイテム
m35_00_00_00.msb	m35_00_00_00	c9010_0004	3500923	402285	特別な時計塔患者（頭部のみ）A_ダミー	0	-355.1	1598.78	-821.83997	itemLotId_1	43400	特別な時計塔患者（頭部のみ）A_殺害時ドロップアイテム
m35_00_00_00.msb	m35_00_00_00	c9010_0008	3500920	402286	特別な時計塔患者（頭部のみ）B_ダミー	0	-339.06	1639.81	-808.22	itemLotId_1	43500	特別な時計塔患者（頭部のみ）B_殺害時ドロップアイテム
m35_00_00_00.msb	m35_00_00_00	c9010_0009	3500921	402285	特別な時計塔患者（頭部のみ）A_ダミー	0	-355.1	1588.71	-821.83997	itemLotId_1	43400	特別な時計塔患者（頭部のみ）A_殺害時ドロップアイテム
m35_00_00_00.msb	m35_00_00_00	c9010_0010	3500922	402290	時計塔の女医（頭部のみ）	0	-337.544	1557.355	-799.924	itemLotId_1	43040	時計塔の女医_殺害時ドロップアイテム（頭部のみ状態）
m35_00_00_00.msb	m35_00_00_00	c9010_0011	3500937	901120	教会の殺し屋の宝用ダミーキャラ（頭）	0	-375.40002	1512.84	-789.8	itemLotId_1	43710	教会の殺し屋_侵入者撃退時ドロップアイテム（時計塔）
m35_00_00_00.msb	m35_00_00_00	c9010_0012	3500938	901124	教会の殺し屋_弱っている本体ダミー（1010中西追加「）	0	-317.1	1496.8	-789.1	itemLotId_1	43700	教会の殺し屋_殺害時ドロップアイテム
m35_00_00_00.msb	m35_00_00_00	c1100_0004	-1	110350	下水ネズミ　時計塔　光る目	0	-386.414	1525.727	-824.52	itemLotId_1	11003500	下水ネズミ　時計塔
m35_00_00_00.msb	m35_00_00_00	c4020_0000	3500300	402020	時計塔患者A_素手　消極的	0	-333.44	1572.86	-866.35	itemLotId_1	40203520	時計塔患者A　素手　時計塔
m35_00_00_00.msb	m35_00_00_00	c4020_0003	3500303	402040	時計塔患者A_素手	0	-340.01	1593.22	-848.64996	itemLotId_1	40203520	時計塔患者A　素手　時計塔
m35_00_00_00.msb	m35_00_00_00	c4020_0004	3500304	402020	時計塔患者A_素手　消極的	0	-373.803	1572.856	-848.011	itemLotId_1	40203520	時計塔患者A　素手　時計塔
m35_00_00_00.msb	m35_00_00_00	c4020_0005	3500305	402040	時計塔患者A_素手	0	-375.40402	1572.856	-848.57996	itemLotId_1	40203520	時計塔患者A　素手　時計塔
m35_00_00_00.msb	m35_00_00_00	c4020_0007	3500307	402040	時計塔患者A_素手	0	-366.225	1572.856	-849.259	itemLotId_1	40203520	時計塔患者A　素手　時計塔
m35_00_00_00.msb	m35_00_00_00	c4020_0018	-1	402020	時計塔患者A_素手　消極的	0	-368.2	1512.802	-779.17	itemLotId_1	40203520	時計塔患者A　素手　時計塔
m35_00_00_00.msb	m35_00_00_00	c4020_0019	-1	402020	時計塔患者A_素手　消極的	0	-368.243	1512.776	-801.474	itemLotId_1	40203520	時計塔患者A　素手　時計塔
m35_00_00_00.msb	m35_00_00_00	c4020_0020	-1	402020	時計塔患者A_素手　消極的	0	-382.21802	1512.904	-780.364	itemLotId_1	40203520	時計塔患者A　素手　時計塔
m35_00_00_00.msb	m35_00_00_00	c4020_0030	3500330	402040	時計塔患者A_素手	0	-339.85	1593.22	-854.27	itemLotId_1	40203520	時計塔患者A　素手　時計塔
m35_00_00_00.msb	m35_00_00_00	c4020_0032	3500332	402020	時計塔患者A_素手　消極的	0	-351.613	1583.035	-840.01697	itemLotId_1	40203520	時計塔患者A　素手　時計塔
m35_00_00_00.msb	m35_00_00_00	c4020_0033	3500333	402020	時計塔患者A_素手　消極的	0	-349.80402	1583.035	-841.449	itemLotId_1	40203520	時計塔患者A　素手　時計塔
m35_00_00_00.msb	m35_00_00_00	c4020_0038	-1	402020	時計塔患者A_素手　消極的	0	-371.16602	1590.964	-856.091	itemLotId_1	40203520	時計塔患者A　素手　時計塔
m35_00_00_00.msb	m35_00_00_00	c4020_0045	3500345	402026	時計塔患者A_素手　戦闘時、巡回時に走る	0	-341.2	1603.4	-838.06	itemLotId_1	40203520	時計塔患者A　素手　時計塔
m35_00_00_00.msb	m35_00_00_00	c4020_0050	3500350	402020	時計塔患者A_素手　消極的	0	-344.90002	1562.83	-815.02	itemLotId_1	40203520	時計塔患者A　素手　時計塔
m35_00_00_00.msb	m35_00_00_00	c4020_0052	3500352	402020	時計塔患者A_素手　消極的	0	-364.6	1572.9	-873.4	itemLotId_1	40203520	時計塔患者A　素手　時計塔
m35_00_00_00.msb	m35_00_00_00	c4020_0054	3500354	402020	時計塔患者A_素手　消極的	0	-336.418	1568.055	-826.337	itemLotId_1	40203520	時計塔患者A　素手　時計塔
m35_00_00_00.msb	m35_00_00_00	c4020_0055	3500355	402020	時計塔患者A_素手　消極的	0	-332.61102	1568.056	-821.871	itemLotId_1	40203520	時計塔患者A　素手　時計塔
m35_00_00_00.msb	m35_00_00_00	c4020_0056	3500356	402046	時計塔患者A_素手　戦闘時、巡回時に走る	0	-374.948	1613.48	-807.555	itemLotId_1	40203520	時計塔患者A　素手　時計塔
m35_00_00_00.msb	m35_00_00_00	c4020_0057	3500357	402026	時計塔患者A_素手　戦闘時、巡回時に走る	0	-365.045	1613.48	-809.055	itemLotId_1	40203520	時計塔患者A　素手　時計塔
m35_00_00_00.msb	m35_00_00_00	c4020_0058	3500358	402026	時計塔患者A_素手　戦闘時、巡回時に走る	0	-369.69302	1613.48	-809.32697	itemLotId_1	40203520	時計塔患者A　素手　時計塔
m35_00_00_00.msb	m35_00_00_00	c4020_0059	3500359	402026	時計塔患者A_素手　戦闘時、巡回時に走る	0	-376.362	1613.48	-810.864	itemLotId_1	40203520	時計塔患者A　素手　時計塔
m35_00_00_00.msb	m35_00_00_00	c4020_0061	3500361	402020	時計塔患者A_素手　消極的	0	-334.48102	1572.856	-840.993	itemLotId_1	40203520	時計塔患者A　素手　時計塔
m35_00_00_00.msb	m35_00_00_00	c4020_0063	3500363	402020	時計塔患者A_素手　消極的	0	-341.51602	1572.856	-839.498	itemLotId_1	40203520	時計塔患者A　素手　時計塔
m35_00_00_00.msb	m35_00_00_00	c4020_0067	-1	402020	時計塔患者A_素手　消極的	0	-349.381	1615.437	-839.386	itemLotId_1	40203520	時計塔患者A　素手　時計塔
m35_00_00_00.msb	m35_00_00_00	c4020_0068	-1	402000	時計塔患者A_輸血器具	0	-339.838	1616.084	-838.302	itemLotId_1	40203500	時計塔患者A　輸血台　時計塔
m35_00_00_00.msb	m35_00_00_00	c4020_0069	-1	402020	時計塔患者A_素手　消極的	0	-342.241	1616.084	-839.146	itemLotId_1	40203520	時計塔患者A　素手　時計塔
m35_00_00_00.msb	m35_00_00_00	c4020_0070	-1	402020	時計塔患者A_素手　消極的	0	-349.613	1580.448	-875.727	itemLotId_1	40203520	時計塔患者A　素手　時計塔
m35_00_00_00.msb	m35_00_00_00	c4020_0072	-1	402020	時計塔患者A_素手　消極的	0	-351.71402	1580.448	-875.974	itemLotId_1	40203520	時計塔患者A　素手　時計塔
m35_00_00_00.msb	m35_00_00_00	c4020_0073	-1	402020	時計塔患者A_素手　消極的	0	-333.33002	1572.856	-856.266	itemLotId_1	40203520	時計塔患者A　素手　時計塔
m35_00_00_00.msb	m35_00_00_00	c4020_0074	-1	402020	時計塔患者A_素手　消極的	0	-336.957	1572.856	-863.07996	itemLotId_1	40203520	時計塔患者A　素手　時計塔
m35_00_00_00.msb	m35_00_00_00	c4020_0075	-1	402020	時計塔患者A_素手　消極的	0	-333.08502	1572.856	-860.498	itemLotId_1	40203520	時計塔患者A　素手　時計塔
m35_00_00_00.msb	m35_00_00_00	c4020_0076	-1	402020	時計塔患者A_素手　消極的	0	-332.911	1572.856	-850.725	itemLotId_1	40203520	時計塔患者A　素手　時計塔
m35_00_00_00.msb	m35_00_00_00	c4020_0077	-1	402020	時計塔患者A_素手　消極的	0	-364.54202	1577.644	-853.571	itemLotId_1	40203520	時計塔患者A　素手　時計塔
m35_00_00_00.msb	m35_00_00_00	c4020_0078	-1	402020	時計塔患者A_素手　消極的	0	-365.687	1577.644	-853.92395	itemLotId_1	40203520	時計塔患者A　素手　時計塔
m35_00_00_00.msb	m35_00_00_00	c4020_0079	3500379	402020	時計塔患者A_素手　消極的	0	-334.35	1593.22	-851.39	itemLotId_1	40203520	時計塔患者A　素手　時計塔
m35_00_00_00.msb	m35_00_00_00	c4020_0080	3500380	402040	時計塔患者A_素手	0	-335.07	1593.22	-853.62	itemLotId_1	40203520	時計塔患者A　素手　時計塔
m35_00_00_00.msb	m35_00_00_00	c4020_0081	3500381	402020	時計塔患者A_素手　消極的	0	-340.93002	1593.35	-855.82996	itemLotId_1	40203520	時計塔患者A　素手　時計塔
m35_00_00_00.msb	m35_00_00_00	c4020_0082	3500382	402020	時計塔患者A_素手　消極的	0	-339.26	1593.24	-857.3	itemLotId_1	40203520	時計塔患者A　素手　時計塔
m35_00_00_00.msb	m35_00_00_00	c4020_0083	3500383	402020	時計塔患者A_素手　消極的	0	-334.57	1593.22	-854.37	itemLotId_1	40203520	時計塔患者A　素手　時計塔
m35_00_00_00.msb	m35_00_00_00	c4020_0084	3500384	402040	時計塔患者A_素手	0	-330.88	1593.22	-856.35	itemLotId_1	40203520	時計塔患者A　素手　時計塔
m35_00_00_00.msb	m35_00_00_00	c4020_0085	3500385	402020	時計塔患者A_素手　消極的	0	-336.98	1593.22	-856.17	itemLotId_1	40203520	時計塔患者A　素手　時計塔
m35_00_00_00.msb	m35_00_00_00	c4020_0086	3500386	402040	時計塔患者A_素手	0	-341.47	1593.26	-852.48	itemLotId_1	40203520	時計塔患者A　素手　時計塔
m35_00_00_00.msb	m35_00_00_00	c4020_0087	3500387	402020	時計塔患者A_素手　消極的	0	-331.17	1593.22	-850.45	itemLotId_1	40203520	時計塔患者A　素手　時計塔
m35_00_00_00.msb	m35_00_00_00	c4020_0088	3500388	402040	時計塔患者A_素手	0	-333.24002	1593.22	-854.22	itemLotId_1	40203520	時計塔患者A　素手　時計塔
m35_00_00_00.msb	m35_00_00_00	c4020_0090	3500390	402020	時計塔患者A_素手　消極的	0	-348.56702	1593.222	-843.082	itemLotId_1	40203520	時計塔患者A　素手　時計塔
m35_00_00_00.msb	m35_00_00_00	c4020_0091	3500391	402025	時計塔患者A_素手　頭部なし	0	-353.58002	1603.46	-860.97	itemLotId_1	40203520	時計塔患者A　素手　時計塔
m35_00_00_00.msb	m35_00_00_00	c4020_0094	3500394	402025	時計塔患者A_素手　頭部なし	0	-374.523	1603.439	-840.79297	itemLotId_1	40203520	時計塔患者A　素手　時計塔
m35_00_00_00.msb	m35_00_00_00	c4020_0096	3500396	402020	時計塔患者A_素手　消極的	0	-363.803	1572.856	-855.695	itemLotId_1	40203520	時計塔患者A　素手　時計塔
m35_00_00_00.msb	m35_00_00_00	c4020_0097	3500397	402020	時計塔患者A_素手　消極的	0	-370.522	1572.856	-870.563	itemLotId_1	40203520	時計塔患者A　素手　時計塔
m35_00_00_00.msb	m35_00_00_00	c4020_0098	3500398	402020	時計塔患者A_素手　消極的	0	-377.334	1572.856	-863.141	itemLotId_1	40203520	時計塔患者A　素手　時計塔
m35_00_00_00.msb	m35_00_00_00	c4020_0099	-1	402020	時計塔患者A_素手　消極的	0	-352.49802	1572.853	-841.095	itemLotId_1	40203520	時計塔患者A　素手　時計塔
m35_00_00_00.msb	m35_00_00_00	c4020_0102	-1	402010	時計塔患者A_腕瘤	0	-362.30002	1583.04	-842.89996	itemLotId_1	40203510	時計塔患者A　毒手　時計塔
m35_00_00_00.msb	m35_00_00_00	c4020_0103	-1	402010	時計塔患者A_腕瘤	0	-331.6	1593.22	-857.1	itemLotId_1	40203510	時計塔患者A　毒手　時計塔
m35_00_00_00.msb	m35_00_00_00	c4020_0104	-1	402010	時計塔患者A_腕瘤	0	-371.01602	1613.458	-807.112	itemLotId_1	40203510	時計塔患者A　毒手　時計塔
m35_00_00_00.msb	m35_00_00_00	c4020_0105	3500405	402010	時計塔患者A_腕瘤	0	-377.2	1603.44	-842.5	itemLotId_1	40203510	時計塔患者A　毒手　時計塔
m35_00_00_00.msb	m35_00_00_00	c4020_0106	-1	402010	時計塔患者A_腕瘤	0	-328.216	1603.434	-840.532	itemLotId_1	40203510	時計塔患者A　毒手　時計塔
m35_00_00_00.msb	m35_00_00_00	c4020_0107	-1	402010	時計塔患者A_腕瘤	0	-333.14902	1603.438	-843.187	itemLotId_1	40203510	時計塔患者A　毒手　時計塔
m35_00_00_00.msb	m35_00_00_00	c4020_0108	-1	402010	時計塔患者A_腕瘤	0	-366.34702	1572.856	-853.346	itemLotId_1	40203510	時計塔患者A　毒手　時計塔
m35_00_00_00.msb	m35_00_00_00	c4020_0109	-1	402010	時計塔患者A_腕瘤	0	-356.065	1609.092	-820.198	itemLotId_1	40203510	時計塔患者A　毒手　時計塔
m35_00_00_00.msb	m35_00_00_00	c4020_0110	-1	402010	時計塔患者A_腕瘤	0	-792.2	1489.5	-723.8	itemLotId_1	40203510	時計塔患者A　毒手　時計塔
m35_00_00_00.msb	m35_00_00_00	c4020_0111	-1	402010	時計塔患者A_腕瘤	0	-792.2	1489.5	-723.8	itemLotId_1	40203510	時計塔患者A　毒手　時計塔
m35_00_00_00.msb	m35_00_00_00	c4020_0112	-1	402010	時計塔患者A_腕瘤	0	-792.2	1489.5	-723.8	itemLotId_1	40203510	時計塔患者A　毒手　時計塔
m35_00_00_00.msb	m35_00_00_00	c4020_0113	-1	402010	時計塔患者A_腕瘤	0	-792.2	1489.5	-723.8	itemLotId_1	40203510	時計塔患者A　毒手　時計塔
m35_00_00_00.msb	m35_00_00_00	c4020_0114	-1	402010	時計塔患者A_腕瘤	0	-792.2	1489.5	-723.8	itemLotId_1	40203510	時計塔患者A　毒手　時計塔
m35_00_00_00.msb	m35_00_00_00	c4020_0115	-1	402010	時計塔患者A_腕瘤	0	-792.2	1489.5	-723.8	itemLotId_1	40203510	時計塔患者A　毒手　時計塔
m35_00_00_00.msb	m35_00_00_00	c4020_0116	-1	402010	時計塔患者A_腕瘤	0	-792.2	1489.5	-723.8	itemLotId_1	40203510	時計塔患者A　毒手　時計塔
m35_00_00_00.msb	m35_00_00_00	c4020_0117	-1	402010	時計塔患者A_腕瘤	0	-792.2	1489.5	-723.8	itemLotId_1	40203510	時計塔患者A　毒手　時計塔
m35_00_00_00.msb	m35_00_00_00	c4020_0118	-1	402010	時計塔患者A_腕瘤	0	-792.2	1489.5	-723.8	itemLotId_1	40203510	時計塔患者A　毒手　時計塔
m35_00_00_00.msb	m35_00_00_00	c4020_0119	-1	402010	時計塔患者A_腕瘤	0	-792.2	1489.5	-723.8	itemLotId_1	40203510	時計塔患者A　毒手　時計塔
m35_00_00_00.msb	m35_00_00_00	c4020_0120	-1	402010	時計塔患者A_腕瘤	0	-792.2	1489.5	-723.8	itemLotId_1	40203510	時計塔患者A　毒手　時計塔
m35_00_00_00.msb	m35_00_00_00	c4020_0121	-1	402010	時計塔患者A_腕瘤	0	-792.2	1489.5	-723.8	itemLotId_1	40203510	時計塔患者A　毒手　時計塔
m35_00_00_00.msb	m35_00_00_00	c4020_0122	-1	402010	時計塔患者A_腕瘤	0	-792.2	1489.5	-723.8	itemLotId_1	40203510	時計塔患者A　毒手　時計塔
m35_00_00_00.msb	m35_00_00_00	c4020_0123	-1	402010	時計塔患者A_腕瘤	0	-792.2	1489.5	-723.8	itemLotId_1	40203510	時計塔患者A　毒手　時計塔
m35_00_00_00.msb	m35_00_00_00	c4020_0124	-1	402010	時計塔患者A_腕瘤	0	-792.2	1489.5	-723.8	itemLotId_1	40203510	時計塔患者A　毒手　時計塔
m35_00_00_00.msb	m35_00_00_00	c4020_0125	-1	402010	時計塔患者A_腕瘤	0	-792.2	1489.5	-723.8	itemLotId_1	40203510	時計塔患者A　毒手　時計塔
m35_00_00_00.msb	m35_00_00_00	c4020_0126	-1	402010	時計塔患者A_腕瘤	0	-792.2	1489.5	-723.8	itemLotId_1	40203510	時計塔患者A　毒手　時計塔
m35_00_00_00.msb	m35_00_00_00	c4020_0127	-1	402010	時計塔患者A_腕瘤	0	-792.2	1489.5	-723.8	itemLotId_1	40203510	時計塔患者A　毒手　時計塔
m35_00_00_00.msb	m35_00_00_00	c4020_0128	-1	402010	時計塔患者A_腕瘤	0	-792.2	1489.5	-723.8	itemLotId_1	40203510	時計塔患者A　毒手　時計塔
m35_00_00_00.msb	m35_00_00_00	c4020_0129	-1	402010	時計塔患者A_腕瘤	0	-792.2	1489.5	-723.8	itemLotId_1	40203510	時計塔患者A　毒手　時計塔
m35_00_00_00.msb	m35_00_00_00	c4020_0130	-1	402010	時計塔患者A_腕瘤	0	-792.2	1489.5	-723.8	itemLotId_1	40203510	時計塔患者A　毒手　時計塔
m35_00_00_00.msb	m35_00_00_00	c4020_0131	-1	402010	時計塔患者A_腕瘤	0	-792.2	1489.5	-723.8	itemLotId_1	40203510	時計塔患者A　毒手　時計塔
m35_00_00_00.msb	m35_00_00_00	c4020_0132	-1	402010	時計塔患者A_腕瘤	0	-792.2	1489.5	-723.8	itemLotId_1	40203510	時計塔患者A　毒手　時計塔
m35_00_00_00.msb	m35_00_00_00	c4020_0133	-1	402010	時計塔患者A_腕瘤	0	-792.2	1489.5	-723.8	itemLotId_1	40203510	時計塔患者A　毒手　時計塔
m35_00_00_00.msb	m35_00_00_00	c4020_0134	-1	402010	時計塔患者A_腕瘤	0	-792.2	1489.5	-723.8	itemLotId_1	40203510	時計塔患者A　毒手　時計塔
m35_00_00_00.msb	m35_00_00_00	c4020_0135	-1	402010	時計塔患者A_腕瘤	0	-792.2	1489.5	-723.8	itemLotId_1	40203510	時計塔患者A　毒手　時計塔
m35_00_00_00.msb	m35_00_00_00	c4020_0136	-1	402010	時計塔患者A_腕瘤	0	-792.2	1489.5	-723.8	itemLotId_1	40203510	時計塔患者A　毒手　時計塔
m35_00_00_00.msb	m35_00_00_00	c4020_0137	-1	402010	時計塔患者A_腕瘤	0	-792.2	1489.5	-723.8	itemLotId_1	40203510	時計塔患者A　毒手　時計塔
m35_00_00_00.msb	m35_00_00_00	c4020_0138	-1	402010	時計塔患者A_腕瘤	0	-792.2	1489.5	-723.8	itemLotId_1	40203510	時計塔患者A　毒手　時計塔
m35_00_00_00.msb	m35_00_00_00	c4020_0139	-1	402010	時計塔患者A_腕瘤	0	-792.2	1489.5	-723.8	itemLotId_1	40203510	時計塔患者A　毒手　時計塔
m35_00_00_00.msb	m35_00_00_00	c4020_0140	-1	402010	時計塔患者A_腕瘤	0	-792.2	1489.5	-723.8	itemLotId_1	40203510	時計塔患者A　毒手　時計塔
m35_00_00_00.msb	m35_00_00_00	c4020_0141	-1	402010	時計塔患者A_腕瘤	0	-792.2	1489.5	-723.8	itemLotId_1	40203510	時計塔患者A　毒手　時計塔
m35_00_00_00.msb	m35_00_00_00	c4020_0142	-1	402010	時計塔患者A_腕瘤	0	-792.2	1489.5	-723.8	itemLotId_1	40203510	時計塔患者A　毒手　時計塔
m35_00_00_00.msb	m35_00_00_00	c4020_0143	-1	402010	時計塔患者A_腕瘤	0	-792.2	1489.5	-723.8	itemLotId_1	40203510	時計塔患者A　毒手　時計塔
m35_00_00_00.msb	m35_00_00_00	c4020_0144	-1	402010	時計塔患者A_腕瘤	0	-792.2	1489.5	-723.8	itemLotId_1	40203510	時計塔患者A　毒手　時計塔
m35_00_00_00.msb	m35_00_00_00	c4020_0145	-1	402010	時計塔患者A_腕瘤	0	-792.2	1489.5	-723.8	itemLotId_1	40203510	時計塔患者A　毒手　時計塔
m35_00_00_00.msb	m35_00_00_00	c4020_0146	-1	402010	時計塔患者A_腕瘤	0	-792.2	1489.5	-723.8	itemLotId_1	40203510	時計塔患者A　毒手　時計塔
m35_00_00_00.msb	m35_00_00_00	c4020_0147	-1	402010	時計塔患者A_腕瘤	0	-792.2	1489.5	-723.8	itemLotId_1	40203510	時計塔患者A　毒手　時計塔
m35_00_00_00.msb	m35_00_00_00	c4020_0148	-1	402010	時計塔患者A_腕瘤	0	-792.2	1489.5	-723.8	itemLotId_1	40203510	時計塔患者A　毒手　時計塔
m35_00_00_00.msb	m35_00_00_00	c4020_0149	-1	402010	時計塔患者A_腕瘤	0	-792.2	1489.5	-723.8	itemLotId_1	40203510	時計塔患者A　毒手　時計塔
m35_00_00_00.msb	m35_00_00_00	c4020_0153	3500503	402035	時計塔患者A（四足）　あまり跳ばない	0	-336.661	1572.856	-806.62897	itemLotId_1	40203540	時計塔患者A　四足　時計塔
m35_00_00_00.msb	m35_00_00_00	c4020_0154	3500504	402035	時計塔患者A（四足）　あまり跳ばない	0	-364.161	1572.856	-809.213	itemLotId_1	40203540	時計塔患者A　四足　時計塔
m35_00_00_00.msb	m35_00_00_00	c4020_0155	3500505	402035	時計塔患者A（四足）　あまり跳ばない	0	-344.85602	1572.856	-807.109	itemLotId_1	40203540	時計塔患者A　四足　時計塔
m35_00_00_00.msb	m35_00_00_00	c4020_0156	3500506	402035	時計塔患者A（四足）　あまり跳ばない	0	-367.17	1574.2	-815.89996	itemLotId_1	40203540	時計塔患者A　四足　時計塔
m35_00_00_00.msb	m35_00_00_00	c4020_0157	3500507	402030	時計塔患者A（四足）　よく跳ぶ	0	-358.015	1578.493	-820.75696	itemLotId_1	40203540	時計塔患者A　四足　時計塔
m35_00_00_00.msb	m35_00_00_00	c4020_0158	-1	402030	時計塔患者A（四足）　よく跳ぶ	0	-792.2	1489.5	-723.8	itemLotId_1	40203540	時計塔患者A　四足　時計塔
m35_00_00_00.msb	m35_00_00_00	c4020_0159	-1	402030	時計塔患者A（四足）　よく跳ぶ	0	-792.2	1489.5	-723.8	itemLotId_1	40203540	時計塔患者A　四足　時計塔
m35_00_00_00.msb	m35_00_00_00	c4020_0160	-1	402030	時計塔患者A（四足）　よく跳ぶ	0	-792.2	1489.5	-723.8	itemLotId_1	40203540	時計塔患者A　四足　時計塔
m35_00_00_00.msb	m35_00_00_00	c4020_0161	-1	402030	時計塔患者A（四足）　よく跳ぶ	0	-792.2	1489.5	-723.8	itemLotId_1	40203540	時計塔患者A　四足　時計塔
m35_00_00_00.msb	m35_00_00_00	c4020_0162	-1	402030	時計塔患者A（四足）　よく跳ぶ	0	-792.2	1489.5	-723.8	itemLotId_1	40203540	時計塔患者A　四足　時計塔
m35_00_00_00.msb	m35_00_00_00	c4020_0163	-1	402030	時計塔患者A（四足）　よく跳ぶ	0	-792.2	1489.5	-723.8	itemLotId_1	40203540	時計塔患者A　四足　時計塔
m35_00_00_00.msb	m35_00_00_00	c4020_0164	-1	402030	時計塔患者A（四足）　よく跳ぶ	0	-792.2	1489.5	-723.8	itemLotId_1	40203540	時計塔患者A　四足　時計塔
m35_00_00_00.msb	m35_00_00_00	c4020_0165	-1	402030	時計塔患者A（四足）　よく跳ぶ	0	-792.2	1489.5	-723.8	itemLotId_1	40203540	時計塔患者A　四足　時計塔
m35_00_00_00.msb	m35_00_00_00	c4020_0166	-1	402030	時計塔患者A（四足）　よく跳ぶ	0	-792.2	1489.5	-723.8	itemLotId_1	40203540	時計塔患者A　四足　時計塔
m35_00_00_00.msb	m35_00_00_00	c4020_0167	-1	402030	時計塔患者A（四足）　よく跳ぶ	0	-792.2	1489.5	-723.8	itemLotId_1	40203540	時計塔患者A　四足　時計塔
m35_00_00_00.msb	m35_00_00_00	c4020_0168	-1	402030	時計塔患者A（四足）　よく跳ぶ	0	-792.2	1489.5	-723.8	itemLotId_1	40203540	時計塔患者A　四足　時計塔
m35_00_00_00.msb	m35_00_00_00	c4020_0169	-1	402030	時計塔患者A（四足）　よく跳ぶ	0	-792.2	1489.5	-723.8	itemLotId_1	40203540	時計塔患者A　四足　時計塔
m35_00_00_00.msb	m35_00_00_00	c4020_0170	-1	402030	時計塔患者A（四足）　よく跳ぶ	0	-792.2	1489.5	-723.8	itemLotId_1	40203540	時計塔患者A　四足　時計塔
m35_00_00_00.msb	m35_00_00_00	c4020_0171	-1	402030	時計塔患者A（四足）　よく跳ぶ	0	-792.2	1489.5	-723.8	itemLotId_1	40203540	時計塔患者A　四足　時計塔
m35_00_00_00.msb	m35_00_00_00	c4020_0172	-1	402030	時計塔患者A（四足）　よく跳ぶ	0	-792.2	1489.5	-723.8	itemLotId_1	40203540	時計塔患者A　四足　時計塔
m35_00_00_00.msb	m35_00_00_00	c4020_0173	-1	402030	時計塔患者A（四足）　よく跳ぶ	0	-792.2	1489.5	-723.8	itemLotId_1	40203540	時計塔患者A　四足　時計塔
m35_00_00_00.msb	m35_00_00_00	c4020_0174	-1	402030	時計塔患者A（四足）　よく跳ぶ	0	-792.2	1489.5	-723.8	itemLotId_1	40203540	時計塔患者A　四足　時計塔
m35_00_00_00.msb	m35_00_00_00	c4020_0175	-1	402030	時計塔患者A（四足）　よく跳ぶ	0	-792.2	1489.5	-723.8	itemLotId_1	40203540	時計塔患者A　四足　時計塔
m35_00_00_00.msb	m35_00_00_00	c4020_0176	-1	402030	時計塔患者A（四足）　よく跳ぶ	0	-792.2	1489.5	-723.8	itemLotId_1	40203540	時計塔患者A　四足　時計塔
m35_00_00_00.msb	m35_00_00_00	c4020_0177	-1	402030	時計塔患者A（四足）　よく跳ぶ	0	-792.2	1489.5	-723.8	itemLotId_1	40203540	時計塔患者A　四足　時計塔
m35_00_00_00.msb	m35_00_00_00	c4020_0178	-1	402030	時計塔患者A（四足）　よく跳ぶ	0	-792.2	1489.5	-723.8	itemLotId_1	40203540	時計塔患者A　四足　時計塔
m35_00_00_00.msb	m35_00_00_00	c4020_0179	-1	402030	時計塔患者A（四足）　よく跳ぶ	0	-792.2	1489.5	-723.8	itemLotId_1	40203540	時計塔患者A　四足　時計塔
m35_00_00_00.msb	m35_00_00_00	c4020_0180	-1	402030	時計塔患者A（四足）　よく跳ぶ	0	-792.2	1489.5	-723.8	itemLotId_1	40203540	時計塔患者A　四足　時計塔
m35_00_00_00.msb	m35_00_00_00	c4020_0181	-1	402030	時計塔患者A（四足）　よく跳ぶ	0	-792.2	1489.5	-723.8	itemLotId_1	40203540	時計塔患者A　四足　時計塔
m35_00_00_00.msb	m35_00_00_00	c4020_0182	-1	402030	時計塔患者A（四足）　よく跳ぶ	0	-792.2	1489.5	-723.8	itemLotId_1	40203540	時計塔患者A　四足　時計塔
m35_00_00_00.msb	m35_00_00_00	c4020_0183	-1	402030	時計塔患者A（四足）　よく跳ぶ	0	-792.2	1489.5	-723.8	itemLotId_1	40203540	時計塔患者A　四足　時計塔
m35_00_00_00.msb	m35_00_00_00	c4020_0184	-1	402030	時計塔患者A（四足）　よく跳ぶ	0	-792.2	1489.5	-723.8	itemLotId_1	40203540	時計塔患者A　四足　時計塔
m35_00_00_00.msb	m35_00_00_00	c4020_0185	-1	402030	時計塔患者A（四足）　よく跳ぶ	0	-792.2	1489.5	-723.8	itemLotId_1	40203540	時計塔患者A　四足　時計塔
m35_00_00_00.msb	m35_00_00_00	c4020_0186	-1	402030	時計塔患者A（四足）　よく跳ぶ	0	-792.2	1489.5	-723.8	itemLotId_1	40203540	時計塔患者A　四足　時計塔
m35_00_00_00.msb	m35_00_00_00	c4020_0187	-1	402030	時計塔患者A（四足）　よく跳ぶ	0	-792.2	1489.5	-723.8	itemLotId_1	40203540	時計塔患者A　四足　時計塔
m35_00_00_00.msb	m35_00_00_00	c4020_0188	-1	402030	時計塔患者A（四足）　よく跳ぶ	0	-792.2	1489.5	-723.8	itemLotId_1	40203540	時計塔患者A　四足　時計塔
m35_00_00_00.msb	m35_00_00_00	c4020_0189	-1	402030	時計塔患者A（四足）　よく跳ぶ	0	-792.2	1489.5	-723.8	itemLotId_1	40203540	時計塔患者A　四足　時計塔
m35_00_00_00.msb	m35_00_00_00	c4020_0190	-1	402030	時計塔患者A（四足）　よく跳ぶ	0	-792.2	1489.5	-723.8	itemLotId_1	40203540	時計塔患者A　四足　時計塔
m35_00_00_00.msb	m35_00_00_00	c4020_0191	-1	402030	時計塔患者A（四足）　よく跳ぶ	0	-792.2	1489.5	-723.8	itemLotId_1	40203540	時計塔患者A　四足　時計塔
m35_00_00_00.msb	m35_00_00_00	c4020_0192	-1	402030	時計塔患者A（四足）　よく跳ぶ	0	-792.2	1489.5	-723.8	itemLotId_1	40203540	時計塔患者A　四足　時計塔
m35_00_00_00.msb	m35_00_00_00	c4020_0193	-1	402030	時計塔患者A（四足）　よく跳ぶ	0	-792.2	1489.5	-723.8	itemLotId_1	40203540	時計塔患者A　四足　時計塔
m35_00_00_00.msb	m35_00_00_00	c4020_0194	-1	402030	時計塔患者A（四足）　よく跳ぶ	0	-792.2	1489.5	-723.8	itemLotId_1	40203540	時計塔患者A　四足　時計塔
m35_00_00_00.msb	m35_00_00_00	c4020_0195	-1	402030	時計塔患者A（四足）　よく跳ぶ	0	-792.2	1489.5	-723.8	itemLotId_1	40203540	時計塔患者A　四足　時計塔
m35_00_00_00.msb	m35_00_00_00	c4020_0196	-1	402030	時計塔患者A（四足）　よく跳ぶ	0	-792.2	1489.5	-723.8	itemLotId_1	40203540	時計塔患者A　四足　時計塔
m35_00_00_00.msb	m35_00_00_00	c4020_0197	-1	402030	時計塔患者A（四足）　よく跳ぶ	0	-792.2	1489.5	-723.8	itemLotId_1	40203540	時計塔患者A　四足　時計塔
m35_00_00_00.msb	m35_00_00_00	c4020_0198	-1	402030	時計塔患者A（四足）　よく跳ぶ	0	-792.2	1489.5	-723.8	itemLotId_1	40203540	時計塔患者A　四足　時計塔
m35_00_00_00.msb	m35_00_00_00	c4020_0199	-1	402030	時計塔患者A（四足）　よく跳ぶ	0	-792.2	1489.5	-723.8	itemLotId_1	40203540	時計塔患者A　四足　時計塔
m35_00_00_00.msb	m35_00_00_00	c4022_0000	-1	402200	時計塔患者A（頭部のみ）	0	-358.267	1590.05	-839.43	itemLotId_1	40203560	時計塔患者A　頭部のみ　時計塔
m35_00_00_00.msb	m35_00_00_00	c4022_0001	-1	402200	時計塔患者A（頭部のみ）	0	-362.33902	1590.05	-841.91797	itemLotId_1	40203560	時計塔患者A　頭部のみ　時計塔
m35_00_00_00.msb	m35_00_00_00	c4022_0002	-1	402200	時計塔患者A（頭部のみ）	0	-342.725	1590.05	-840.203	itemLotId_1	40203560	時計塔患者A　頭部のみ　時計塔
m35_00_00_00.msb	m35_00_00_00	c4022_0003	-1	402200	時計塔患者A（頭部のみ）	0	-344.601	1590.05	-842.066	itemLotId_1	40203560	時計塔患者A　頭部のみ　時計塔
m35_00_00_00.msb	m35_00_00_00	c4022_0004	3500654	402200	時計塔患者A（頭部のみ）	0	-369.40002	1616.44	-840.20996	itemLotId_1	40203560	時計塔患者A　頭部のみ　時計塔
m35_00_00_00.msb	m35_00_00_00	c4022_0007	3500657	402200	時計塔患者A（頭部のみ）	0	-359.901	1603.46	-847.74097	itemLotId_1	40203560	時計塔患者A　頭部のみ　時計塔
m35_00_00_00.msb	m35_00_00_00	c4120_0000	-1	402000	時計塔患者A_輸血器具	0	-357.687	1609.092	-821.00696	itemLotId_1	40203500	時計塔患者A　輸血台　時計塔
m35_00_00_00.msb	m35_00_00_00	c4120_0003	-1	402000	時計塔患者A_輸血器具	0	-334.32	1572.86	-809.04	itemLotId_1	40203500	時計塔患者A　輸血台　時計塔
m35_00_00_00.msb	m35_00_00_00	c4120_0004	-1	402000	時計塔患者A_輸血器具	0	-336.661	1572.856	-806.62897	itemLotId_1	40203500	時計塔患者A　輸血台　時計塔
m35_00_00_00.msb	m35_00_00_00	c4120_0005	3500455	402000	時計塔患者A_輸血器具	0	-329.7	1603.43	-823.3	itemLotId_1	40203500	時計塔患者A　輸血台　時計塔
m35_00_00_00.msb	m35_00_00_00	c4120_0006	3500456	402000	時計塔患者A_輸血器具	0	-357.687	1619.29	-821.00696	itemLotId_1	40203500	時計塔患者A　輸血台　時計塔
m35_00_00_00.msb	m35_00_00_00	c4120_0007	3500457	402000	時計塔患者A_輸血器具	0	-336.2	1583	-840.3	itemLotId_1	40203500	時計塔患者A　輸血台　時計塔
m36_00_00_00.msb	m36_00_00_00	c1180_0000	3600710	118900	さまよう狂気(小)　漁村　00	0	-641.2	1602.5	-897.7	itemLotId_1	3601000	漁村　さまよう狂気
m36_00_00_00.msb	m36_00_00_00	c2560_0000	3600500	256900	なりそこないメッセンジャー（ほおずき）　漁村	0	-661.2	1586.51	-827.4	itemLotId_1	25603600	ほおずき　漁村
m36_00_00_00.msb	m36_00_00_00	c2560_0001	3600501	256900	なりそこないメッセンジャー（ほおずき）　漁村	0	-662.4	1586.5	-820.2	itemLotId_1	25603600	ほおずき　漁村
m36_00_00_00.msb	m36_00_00_00	c4040_0000	3600200	404010	魚人A_熊手熊手	0	-622.60004	1595.31	-789.4	itemLotId_1	40403620	魚人A　熊手　漁村
m36_00_00_00.msb	m36_00_00_00	c4040_0001	3600201	404000	魚人A_銛	0	-609.4	1594.11	-793.4	itemLotId_1	40403600	魚人A　銛　漁村
m36_00_00_00.msb	m36_00_00_00	c4040_0002	3600202	404000	魚人A_銛	0	-617.2	1594.1	-775.8	itemLotId_1	40403600	魚人A　銛　漁村
m36_00_00_00.msb	m36_00_00_00	c4040_0003	3600203	404000	魚人A_銛	0	-631.2	1594.1	-777.2	itemLotId_1	40403600	魚人A　銛　漁村
m36_00_00_00.msb	m36_00_00_00	c4040_0004	3600204	404010	魚人A_熊手熊手	0	-647.2	1594.108	-783.7	itemLotId_1	40403620	魚人A　熊手　漁村
m36_00_00_00.msb	m36_00_00_00	c4040_0006	3600206	404000	魚人A_銛	0	-636.2	1594.1	-772.2	itemLotId_1	40403600	魚人A　銛　漁村
m36_00_00_00.msb	m36_00_00_00	c4040_0007	3600207	404000	魚人A_銛	0	-637.8	1594.11	-783.2	itemLotId_1	40403600	魚人A　銛　漁村
m36_00_00_00.msb	m36_00_00_00	c4040_0008	3600208	404000	魚人A_銛	0	-645.4	1594.26	-777.7	itemLotId_1	40403600	魚人A　銛　漁村
m36_00_00_00.msb	m36_00_00_00	c4040_0009	3600209	404000	魚人A_銛	0	-650.80005	1594.11	-778.2	itemLotId_1	40403600	魚人A　銛　漁村
m36_00_00_00.msb	m36_00_00_00	c4040_0010	3600210	404001	魚人A_銛_スネ夫	0	-650.2	1594.11	-809.2	itemLotId_1	40403605	魚人A　銛　スネ夫　漁村
m36_00_00_00.msb	m36_00_00_00	c4040_0011	3600211	404000	魚人A_銛	0	-638.8	1594.11	-815	itemLotId_1	40403600	魚人A　銛　漁村
m36_00_00_00.msb	m36_00_00_00	c4040_0012	3600212	404010	魚人A_熊手熊手	0	-644.2	1594.11	-803.2	itemLotId_1	40403620	魚人A　熊手　漁村
m36_00_00_00.msb	m36_00_00_00	c4040_0013	3600213	404010	魚人A_熊手熊手	0	-691.2	1595.3	-812.2	itemLotId_1	40403620	魚人A　熊手　漁村
m36_00_00_00.msb	m36_00_00_00	c4040_0014	3600214	404000	魚人A_銛	0	-695.2	1595.32	-810.2	itemLotId_1	40403600	魚人A　銛　漁村
m36_00_00_00.msb	m36_00_00_00	c4040_0015	3600215	404025	魚人A_熊手血抜き_投擲専念	0	-689.2	1600.51	-794.8	itemLotId_1	40403660	魚人A　熊手 血抜き 投擲　漁村
m36_00_00_00.msb	m36_00_00_00	c4040_0016	3600216	404000	魚人A_銛	0	-688.2	1594.11	-794.8	itemLotId_1	40403600	魚人A　銛　漁村
m36_00_00_00.msb	m36_00_00_00	c4040_0017	3600217	404010	魚人A_熊手熊手	0	-692.4	1594.5	-790.8	itemLotId_1	40403620	魚人A　熊手　漁村
m36_00_00_00.msb	m36_00_00_00	c4040_0018	3600218	404010	魚人A_熊手熊手	0	-693.2	1595.16	-796.2	itemLotId_1	40403620	魚人A　熊手　漁村
m36_00_00_00.msb	m36_00_00_00	c4040_0019	3600219	404025	魚人A_熊手血抜き_投擲専念	0	-684	1595.71	-779.8	itemLotId_1	40403660	魚人A　熊手 血抜き 投擲　漁村
m36_00_00_00.msb	m36_00_00_00	c4040_0020	3600220	404010	魚人A_熊手熊手	0	-692.2	1595.66	-780.2	itemLotId_1	40403620	魚人A　熊手　漁村
m36_00_00_00.msb	m36_00_00_00	c4040_0021	3600221	404010	魚人A_熊手熊手	0	-689.2	1600.02	-790.2	itemLotId_1	40403620	魚人A　熊手　漁村
m36_00_00_00.msb	m36_00_00_00	c4040_0022	3600222	404030	魚人A_包丁	0	-621.8	1600.01	-784.60004	itemLotId_1	40403670	魚人A　包丁　漁村
m36_00_00_00.msb	m36_00_00_00	c4040_0023	3600223	404030	魚人A_包丁	0	-635.3	1600.61	-790.3	itemLotId_1	40403670	魚人A　包丁　漁村
m36_00_00_00.msb	m36_00_00_00	c4040_0029	3600229	404006	魚人A_銛_投擲_固定砲台	0	-717.2	1598.49	-815.2	itemLotId_1	40403610	魚人A　銛 投擲　漁村
m36_00_00_00.msb	m36_00_00_00	c4040_0030	3600230	404000	魚人A_銛	0	-729.2	1600.06	-826.2	itemLotId_1	40403600	魚人A　銛　漁村
m36_00_00_00.msb	m36_00_00_00	c4040_0031	3600231	404010	魚人A_熊手熊手	0	-700.42004	1602.81	-847.23004	itemLotId_1	40403620	魚人A　熊手　漁村
m36_00_00_00.msb	m36_00_00_00	c4040_0032	3600232	404005	魚人A_銛_投擲	0	-695.1	1603.24	-848	itemLotId_1	40403610	魚人A　銛 投擲　漁村
m36_00_00_00.msb	m36_00_00_00	c4040_0033	3600233	404005	魚人A_銛_投擲	0	-694.85	1603.79	-851.60004	itemLotId_1	40403610	魚人A　銛 投擲　漁村
m36_00_00_00.msb	m36_00_00_00	c4040_0034	3600234	404006	魚人A_銛_投擲_固定砲台	0	-691.62	1603.96	-850	itemLotId_1	40403610	魚人A　銛 投擲　漁村
m36_00_00_00.msb	m36_00_00_00	c4040_0039	3600239	404005	魚人A_銛_投擲	0	-633.8	1594.11	-916.2	itemLotId_1	40403610	魚人A　銛 投擲　漁村
m36_00_00_00.msb	m36_00_00_00	c4040_0040	3600240	404000	魚人A_銛	0	-636.2	1594.11	-918.2	itemLotId_1	40403600	魚人A　銛　漁村
m36_00_00_00.msb	m36_00_00_00	c4040_0041	3600241	404005	魚人A_銛_投擲	0	-639.2	1594.11	-916.7	itemLotId_1	40403610	魚人A　銛 投擲　漁村
m36_00_00_00.msb	m36_00_00_00	c4040_0042	3600242	404000	魚人A_銛	0	-639.7	1594.11	-914.2	itemLotId_1	40403600	魚人A　銛　漁村
m36_00_00_00.msb	m36_00_00_00	c4040_0043	3600243	404000	魚人A_銛	0	-595.07	1594.1	-918.8	itemLotId_1	40403600	魚人A　銛　漁村
m36_00_00_00.msb	m36_00_00_00	c4040_0044	3600244	404010	魚人A_熊手熊手	0	-620.8	1594.1	-935.8	itemLotId_1	40403620	魚人A　熊手　漁村
m36_00_00_00.msb	m36_00_00_00	c4040_0045	3600245	404030	魚人A_包丁	0	-611.2	1594.1	-930.2	itemLotId_1	40403670	魚人A　包丁　漁村
m36_00_00_00.msb	m36_00_00_00	c4040_0046	3600246	404030	魚人A_包丁	0	-621.4	1594.1	-930.2	itemLotId_1	40403670	魚人A　包丁　漁村
m36_00_00_00.msb	m36_00_00_00	c4040_0047	3600247	404010	魚人A_熊手熊手	0	-621.4	1594.1	-926.2	itemLotId_1	40403620	魚人A　熊手　漁村
m36_00_00_00.msb	m36_00_00_00	c4040_0050	3600250	404020	魚人A_熊手血抜き	0	-651.4	1598.23	-903.7	itemLotId_1	40403640	魚人A　熊手 血抜き　漁村
m36_00_00_00.msb	m36_00_00_00	c4040_0051	3600251	404000	魚人A_銛	0	-647.06	1601.94	-912.67004	itemLotId_1	40403600	魚人A　銛　漁村
m36_00_00_00.msb	m36_00_00_00	c4040_0053	3600253	404010	魚人A_熊手熊手	0	-592.2	1598.5	-902.8	itemLotId_1	40403620	魚人A　熊手　漁村
m36_00_00_00.msb	m36_00_00_00	c4040_0060	3600260	404010	魚人A_熊手熊手	0	-571	1608	-887	itemLotId_1	40403620	魚人A　熊手　漁村
m36_00_00_00.msb	m36_00_00_00	c4040_0061	3600261	404010	魚人A_熊手熊手	0	-579.60004	1610	-874.2	itemLotId_1	40403620	魚人A　熊手　漁村
m36_00_00_00.msb	m36_00_00_00	c4040_0062	3600262	404010	魚人A_熊手熊手	0	-611.2	1609.88	-868	itemLotId_1	40403620	魚人A　熊手　漁村
m36_00_00_00.msb	m36_00_00_00	c4040_0063	3600263	404010	魚人A_熊手熊手	0	-594.60004	1606.5	-845	itemLotId_1	40403620	魚人A　熊手　漁村
m36_00_00_00.msb	m36_00_00_00	c4040_0064	3600264	404010	魚人A_熊手熊手	0	-594.4	1606.69	-842.4	itemLotId_1	40403620	魚人A　熊手　漁村
m36_00_00_00.msb	m36_00_00_00	c4040_0065	3600265	404010	魚人A_熊手熊手	0	-598.4	1606.5	-842.4	itemLotId_1	40403620	魚人A　熊手　漁村
m36_00_00_00.msb	m36_00_00_00	c4040_0066	3600266	404010	魚人A_熊手熊手	0	-610.2	1610	-839.2	itemLotId_1	40403620	魚人A　熊手　漁村
m36_00_00_00.msb	m36_00_00_00	c4040_0067	3600267	404010	魚人A_熊手熊手	0	-616.77	1609.99	-837.15	itemLotId_1	40403620	魚人A　熊手　漁村
m36_00_00_00.msb	m36_00_00_00	c4050_0000	3600310	405000	魚人B	0	-629.2	1599.67	-928.2	itemLotId_1	40503600	魚人B　漁村
m36_00_00_00.msb	m36_00_00_00	c4050_0001	3600311	405000	魚人B	0	-593.2	1605.04	-904.2	itemLotId_1	40503600	魚人B　漁村
m36_00_00_00.msb	m36_00_00_00	c4050_0002	3600312	405000	魚人B	0	-603.2	1610.09	-864.5	itemLotId_1	40503600	魚人B　漁村
m36_00_00_00.msb	m36_00_00_00	c4050_0003	3600313	405000	魚人B	0	-607.4	1610	-844.2	itemLotId_1	40503600	魚人B　漁村
m36_00_00_00.msb	m36_00_00_00	c4050_0004	3600314	405000	魚人B	0	-604.2	1610	-834.55	itemLotId_1	40503600	魚人B　漁村
m36_00_00_00.msb	m36_00_00_00	c4050_0005	3600315	405000	魚人B	0	-594.66003	1587.31	-858.9	itemLotId_1	40503600	魚人B　漁村
m36_00_00_00.msb	m36_00_00_00	c4050_0006	-1	405000	魚人B	0	-593	1586.28	-875.2	itemLotId_1	40503600	魚人B　漁村
m36_00_00_00.msb	m36_00_00_00	c4060_0000	3600300	406000	魚人大（素手）	0	-650.2	1594.11	-807.2	itemLotId_1	40603600	魚人（大） 素手　漁村
m36_00_00_00.msb	m36_00_00_00	c4060_0001	3600301	406010	魚人大（イカリ）	0	-689.80005	1608.65	-866.60004	itemLotId_1	40603610	魚人（大） イカリ　漁村
m36_00_00_00.msb	m36_00_00_00	c4060_0003	3600303	406005	魚人大（素手）_強	0	-665.22003	1583.97	-802.36	itemLotId_1	3601100	魚人大 * 2 ドロップ
m36_00_00_00.msb	m36_00_00_00	c4070_0000	3600400	407021	ヤドカリ_殻あり_右巻き_殻こもり	0	-617.7	1594.09	-843.60004	itemLotId_1	40703610	ヤドカリ 殻あり　漁村
m36_00_00_00.msb	m36_00_00_00	c4070_0001	3600401	407011	ヤドカリ_殻あり_左巻き_殻こもり	0	-616.2	1594.14	-844.2	itemLotId_1	40703610	ヤドカリ 殻あり　漁村
m36_00_00_00.msb	m36_00_00_00	c4070_0002	3600402	407011	ヤドカリ_殻あり_左巻き_殻こもり	0	-613.60004	1594.22	-844.7	itemLotId_1	40703610	ヤドカリ 殻あり　漁村
m36_00_00_00.msb	m36_00_00_00	c4070_0003	3600403	407011	ヤドカリ_殻あり_左巻き_殻こもり	0	-614.2	1594.08	-846.2	itemLotId_1	40703610	ヤドカリ 殻あり　漁村
m36_00_00_00.msb	m36_00_00_00	c4070_0004	3600404	407021	ヤドカリ_殻あり_右巻き_殻こもり	0	-614.7	1594.13	-848.8	itemLotId_1	40703610	ヤドカリ 殻あり　漁村
m36_00_00_00.msb	m36_00_00_00	c4070_0005	3600405	407011	ヤドカリ_殻あり_左巻き_殻こもり	0	-616.2	1594.09	-848.2	itemLotId_1	40703610	ヤドカリ 殻あり　漁村
m36_00_00_00.msb	m36_00_00_00	c4070_0008	3600408	407021	ヤドカリ_殻あり_右巻き_殻こもり	0	-624.7	1594.15	-843.60004	itemLotId_1	40703610	ヤドカリ 殻あり　漁村
m36_00_00_00.msb	m36_00_00_00	c4070_0009	3600409	407011	ヤドカリ_殻あり_左巻き_殻こもり	0	-623.2	1594.13	-844.2	itemLotId_1	40703610	ヤドカリ 殻あり　漁村
m36_00_00_00.msb	m36_00_00_00	c4070_0010	3600410	407021	ヤドカリ_殻あり_右巻き_殻こもり	0	-621.7	1594	-848.8	itemLotId_1	40703610	ヤドカリ 殻あり　漁村
m36_00_00_00.msb	m36_00_00_00	c4070_0011	3600411	407011	ヤドカリ_殻あり_左巻き_殻こもり	0	-623.2	1594.06	-848.2	itemLotId_1	40703610	ヤドカリ 殻あり　漁村
m36_00_00_00.msb	m36_00_00_00	c4070_0012	3600412	407011	ヤドカリ_殻あり_左巻き_殻こもり	0	-627.2	1594.33	-848.2	itemLotId_1	40703610	ヤドカリ 殻あり　漁村
m36_00_00_00.msb	m36_00_00_00	c4070_0013	3600413	407011	ヤドカリ_殻あり_左巻き_殻こもり	0	-630.2	1594.44	-849.93	itemLotId_1	40703610	ヤドカリ 殻あり　漁村
m36_00_00_00.msb	m36_00_00_00	c4070_0016	3600416	407021	ヤドカリ_殻あり_右巻き_殻こもり	0	-627.60004	1594.39	-831.8	itemLotId_1	40703610	ヤドカリ 殻あり　漁村
m36_00_00_00.msb	m36_00_00_00	c4070_0017	3600417	407011	ヤドカリ_殻あり_左巻き_殻こもり	0	-635.2	1594.45	-832.2	itemLotId_1	40703610	ヤドカリ 殻あり　漁村
m36_00_00_00.msb	m36_00_00_00	c4070_0018	3600418	407011	ヤドカリ_殻あり_左巻き_殻こもり	0	-631	1594.26	-834.60004	itemLotId_1	40703610	ヤドカリ 殻あり　漁村
m36_00_00_00.msb	m36_00_00_00	c4070_0019	3600419	407011	ヤドカリ_殻あり_左巻き_殻こもり	0	-645.2	1594.27	-835.8	itemLotId_1	40703610	ヤドカリ 殻あり　漁村
m36_00_00_00.msb	m36_00_00_00	c4070_0024	3600424	407021	ヤドカリ_殻あり_右巻き_殻こもり	0	-650	1594.5	-837.2	itemLotId_1	40703610	ヤドカリ 殻あり　漁村
m36_00_00_00.msb	m36_00_00_00	c4070_0025	3600425	407011	ヤドカリ_殻あり_左巻き_殻こもり	0	-653.4	1594.5	-835	itemLotId_1	40703610	ヤドカリ 殻あり　漁村
m36_00_00_00.msb	m36_00_00_00	c4070_0026	3600426	407011	ヤドカリ_殻あり_左巻き_殻こもり	0	-660.4	1594.5	-835	itemLotId_1	40703610	ヤドカリ 殻あり　漁村
m36_00_00_00.msb	m36_00_00_00	c4070_0040	3600440	407021	ヤドカリ_殻あり_右巻き_殻こもり	0	-585.2	1586.27	-866.4	itemLotId_1	40703610	ヤドカリ 殻あり　漁村
m36_00_00_00.msb	m36_00_00_00	c4070_0041	3600441	407021	ヤドカリ_殻あり_右巻き_殻こもり	0	-581.2	1586.53	-867.2	itemLotId_1	40703610	ヤドカリ 殻あり　漁村
m36_00_00_00.msb	m36_00_00_00	c4070_0050	3600450	407000	ヤドカリ_殻なし	0	-668.5	1594.5	-846.5	itemLotId_1	40703600	ヤドカリ 殻なし　漁村
m36_00_00_00.msb	m36_00_00_00	c4070_0054	3600454	407000	ヤドカリ_殻なし	0	-657.2	1594.5	-865.2	itemLotId_1	40703600	ヤドカリ 殻なし　漁村
m36_00_00_00.msb	m36_00_00_00	c4070_0055	3600455	407000	ヤドカリ_殻なし	0	-671.2	1594.51	-882.60004	itemLotId_1	40703600	ヤドカリ 殻なし　漁村
m36_00_00_00.msb	m36_00_00_00	c4070_0056	3600456	407000	ヤドカリ_殻なし	0	-666	1594.5	-892.2	itemLotId_1	40703600	ヤドカリ 殻なし　漁村
m36_00_00_00.msb	m36_00_00_00	c4070_0058	-1	407000	ヤドカリ_殻なし	0	-648.2	1594.49	-874.2	itemLotId_1	40703600	ヤドカリ 殻なし　漁村
m36_00_00_00.msb	m36_00_00_00	c4070_0059	-1	407000	ヤドカリ_殻なし	0	-634.2	1594.51	-864.2	itemLotId_1	40703600	ヤドカリ 殻なし　漁村
m36_00_00_00.msb	m36_00_00_00	c4070_0061	-1	407000	ヤドカリ_殻なし	0	-632.2	1594.51	-866.2	itemLotId_1	40703600	ヤドカリ 殻なし　漁村
m36_00_00_00.msb	m36_00_00_00	c4070_0070	3600470	407000	ヤドカリ_殻なし	0	-659.2	1586.5	-829.4	itemLotId_1	40703600	ヤドカリ 殻なし　漁村
m36_00_00_00.msb	m36_00_00_00	c4070_0072	-1	407000	ヤドカリ_殻なし	0	-598.2	1586.65	-841.2	itemLotId_1	40703600	ヤドカリ 殻なし　漁村
m36_00_00_00.msb	m36_00_00_00	c4070_0073	-1	407000	ヤドカリ_殻なし	0	-595	1586.61	-842.2	itemLotId_1	40703600	ヤドカリ 殻なし　漁村
m36_00_00_00.msb	m36_00_00_00	c4070_0074	3600474	407000	ヤドカリ_殻なし	0	-597.26	1586.51	-857.4	itemLotId_1	40703600	ヤドカリ 殻なし　漁村
m36_00_00_00.msb	m36_00_00_00	c4070_0075	3600475	407000	ヤドカリ_殻なし	0	-596.16003	1586.51	-856.3	itemLotId_1	40703600	ヤドカリ 殻なし　漁村
m36_00_00_00.msb	m36_00_00_00	c4070_0076	3600476	407000	ヤドカリ_殻なし	0	-598.60004	1586.5	-859.60004	itemLotId_1	40703600	ヤドカリ 殻なし　漁村
m36_00_00_00.msb	m36_00_00_00	c4070_0077	3600477	407000	ヤドカリ_殻なし	0	-597.4	1587.3	-864.60004	itemLotId_1	40703600	ヤドカリ 殻なし　漁村
m36_00_00_00.msb	m36_00_00_00	c4070_0078	3600478	407000	ヤドカリ_殻なし	0	-590.2	1586.2	-876.2	itemLotId_1	40703600	ヤドカリ 殻なし　漁村
m36_00_00_00.msb	m36_00_00_00	c4070_0079	3600479	407000	ヤドカリ_殻なし	0	-586.2	1587.81	-892.4	itemLotId_1	40703600	ヤドカリ 殻なし　漁村
m36_00_00_00.msb	m36_00_00_00	c4070_0080	3600480	407000	ヤドカリ_殻なし	0	-577.2	1589.71	-892.2	itemLotId_1	40703600	ヤドカリ 殻なし　漁村
m36_00_00_00.msb	m36_00_00_00	c4080_0000	3600600	408000	漁犬	0	-598.17004	1594.11	-919.43	itemLotId_1	40803600	漁犬　漁村
m36_00_00_00.msb	m36_00_00_00	c4080_0001	3600601	408000	漁犬	0	-596.2	1594.11	-920.4	itemLotId_1	40803600	漁犬　漁村
m36_00_00_00.msb	m36_00_00_00	c4080_0002	3600602	408000	漁犬	0	-636.7	1594.11	-915.7	itemLotId_1	40803600	漁犬　漁村
m36_00_00_00.msb	m36_00_00_00	c4080_0003	3600603	408000	漁犬	0	-642.2	1594.11	-915.2	itemLotId_1	40803600	漁犬　漁村
m36_00_00_00.msb	m36_00_00_00	c4080_0010	3600610	408000	漁犬	0	-722.80005	1600.31	-838	itemLotId_1	40803600	漁犬　漁村
m36_00_00_00.msb	m36_00_00_00	c4080_0011	3600611	408000	漁犬	0	-699.69	1603.17	-849.96	itemLotId_1	40803600	漁犬　漁村
m36_00_00_00.msb	m36_00_00_00	c9010_0020	3600910	901122	教会の殺し屋の宝用ダミーキャラ（腕）	0	-609.76	1605.4	-899.48	itemLotId_1	43730	教会の殺し屋_侵入者撃退時ドロップアイテム（漁村村2橋）
m36_00_00_00.msb	m36_00_00_00	c9010_0021	3600911	901123	教会の殺し屋の宝用ダミーキャラ（脚）	0	-669.2	1594.5	-886.2	itemLotId_1	43740	教会の殺し屋_侵入者撃退時ドロップアイテム（漁村暗渠）
m36_00_00_00.msb	m36_00_00_00	c9010_0022	3600912	901121	教会の殺し屋の宝用ダミーキャラ（胴）	0	-592.8	1594.1	-910.60004	itemLotId_1	43720	教会の殺し屋_侵入者撃退時ドロップアイテム（漁村村2隠し部屋）
m36_00_00_00.msb	m36_00_00_00	c4040_0052	3600252	404000	魚人A_銛	0	-582.9	1598.8	-911.7	itemLotId_1	40403600	魚人A　銛　漁村
m36_00_00_00.msb	m36_00_00_00	c4040_0071	3600271	404024	魚人A_熊手血抜き_はだか	0	-624	1610.03	-862.2	itemLotId_1	40403650	
m36_00_00_00.msb	m36_00_00_00	c4040_0076	-1	404000	魚人A_銛	0	-513.2	1594.5	-824.2	itemLotId_1	40403600	魚人A　銛　漁村
m36_00_00_00.msb	m36_00_00_00	c4040_0077	-1	404000	魚人A_銛	0	-513.2	1594.5	-824.2	itemLotId_1	40403600	魚人A　銛　漁村
m36_00_00_00.msb	m36_00_00_00	c4040_0078	-1	404000	魚人A_銛	0	-513.2	1594.5	-824.2	itemLotId_1	40403600	魚人A　銛　漁村
m36_00_00_00.msb	m36_00_00_00	c4040_0079	-1	404000	魚人A_銛	0	-513.2	1594.5	-824.2	itemLotId_1	40403600	魚人A　銛　漁村
m36_00_00_00.msb	m36_00_00_00	c4040_0080	-1	404000	魚人A_銛	0	-513.2	1594.5	-824.2	itemLotId_1	40403600	魚人A　銛　漁村
m36_00_00_00.msb	m36_00_00_00	c4040_0081	-1	404000	魚人A_銛	0	-513.2	1594.5	-824.2	itemLotId_1	40403600	魚人A　銛　漁村
m36_00_00_00.msb	m36_00_00_00	c4040_0082	-1	404000	魚人A_銛	0	-513.2	1594.5	-824.2	itemLotId_1	40403600	魚人A　銛　漁村
m36_00_00_00.msb	m36_00_00_00	c4040_0083	-1	404000	魚人A_銛	0	-513.2	1594.5	-824.2	itemLotId_1	40403600	魚人A　銛　漁村
m36_00_00_00.msb	m36_00_00_00	c4040_0084	-1	404000	魚人A_銛	0	-513.2	1594.5	-824.2	itemLotId_1	40403600	魚人A　銛　漁村
m36_00_00_00.msb	m36_00_00_00	c4040_0085	-1	404000	魚人A_銛	0	-513.2	1594.5	-824.2	itemLotId_1	40403600	魚人A　銛　漁村
m36_00_00_00.msb	m36_00_00_00	c4040_0086	-1	404000	魚人A_銛	0	-513.2	1594.5	-824.2	itemLotId_1	40403600	魚人A　銛　漁村
m36_00_00_00.msb	m36_00_00_00	c4040_0087	-1	404000	魚人A_銛	0	-513.2	1594.5	-824.2	itemLotId_1	40403600	魚人A　銛　漁村
m36_00_00_00.msb	m36_00_00_00	c4040_0088	-1	404000	魚人A_銛	0	-513.2	1594.5	-824.2	itemLotId_1	40403600	魚人A　銛　漁村
m36_00_00_00.msb	m36_00_00_00	c4040_0089	-1	404000	魚人A_銛	0	-513.2	1594.5	-824.2	itemLotId_1	40403600	魚人A　銛　漁村
m36_00_00_00.msb	m36_00_00_00	c4040_0090	-1	404000	魚人A_銛	0	-513.2	1594.5	-824.2	itemLotId_1	40403600	魚人A　銛　漁村
m36_00_00_00.msb	m36_00_00_00	c4040_0091	-1	404000	魚人A_銛	0	-513.2	1594.5	-824.2	itemLotId_1	40403600	魚人A　銛　漁村
m36_00_00_00.msb	m36_00_00_00	c4040_0092	-1	404000	魚人A_銛	0	-513.2	1594.5	-824.2	itemLotId_1	40403600	魚人A　銛　漁村
m36_00_00_00.msb	m36_00_00_00	c4040_0093	-1	404000	魚人A_銛	0	-513.2	1594.5	-824.2	itemLotId_1	40403600	魚人A　銛　漁村
m36_00_00_00.msb	m36_00_00_00	c4040_0094	-1	404000	魚人A_銛	0	-513.2	1594.5	-824.2	itemLotId_1	40403600	魚人A　銛　漁村
m36_00_00_00.msb	m36_00_00_00	c4040_0095	-1	404000	魚人A_銛	0	-513.2	1594.5	-824.2	itemLotId_1	40403600	魚人A　銛　漁村
m36_00_00_00.msb	m36_00_00_00	c4040_0096	-1	404000	魚人A_銛	0	-513.2	1594.5	-824.2	itemLotId_1	40403600	魚人A　銛　漁村
m36_00_00_00.msb	m36_00_00_00	c4040_0097	-1	404000	魚人A_銛	0	-513.2	1594.5	-824.2	itemLotId_1	40403600	魚人A　銛　漁村
m36_00_00_00.msb	m36_00_00_00	c4040_0098	-1	404000	魚人A_銛	0	-513.2	1594.5	-824.2	itemLotId_1	40403600	魚人A　銛　漁村
m36_00_00_00.msb	m36_00_00_00	c4040_0099	-1	404000	魚人A_銛	0	-513.2	1594.5	-824.2	itemLotId_1	40403600	魚人A　銛　漁村
m36_00_00_00.msb	m36_00_00_00	c4050_0007	-1	405000	魚人B	0	-513.2	1594.5	-824.2	itemLotId_1	40503600	魚人B　漁村
m36_00_00_00.msb	m36_00_00_00	c4050_0008	-1	405000	魚人B	0	-513.2	1594.5	-824.2	itemLotId_1	40503600	魚人B　漁村
m36_00_00_00.msb	m36_00_00_00	c4050_0009	-1	405000	魚人B	0	-513.2	1594.5	-824.2	itemLotId_1	40503600	魚人B　漁村
m36_00_00_00.msb	m36_00_00_00	c4050_0011	-1	405000	魚人B	0	-513.2	1594.5	-824.2	itemLotId_1	40503600	魚人B　漁村
m36_00_00_00.msb	m36_00_00_00	c4050_0012	-1	405000	魚人B	0	-513.2	1594.5	-824.2	itemLotId_1	40503600	魚人B　漁村
m36_00_00_00.msb	m36_00_00_00	c4050_0013	-1	405000	魚人B	0	-513.2	1594.5	-824.2	itemLotId_1	40503600	魚人B　漁村
m36_00_00_00.msb	m36_00_00_00	c4050_0014	-1	405000	魚人B	0	-513.2	1594.5	-824.2	itemLotId_1	40503600	魚人B　漁村
m36_00_00_00.msb	m36_00_00_00	c4050_0015	-1	405000	魚人B	0	-513.2	1594.5	-824.2	itemLotId_1	40503600	魚人B　漁村
m36_00_00_00.msb	m36_00_00_00	c4050_0016	-1	405000	魚人B	0	-513.2	1594.5	-824.2	itemLotId_1	40503600	魚人B　漁村
m36_00_00_00.msb	m36_00_00_00	c4050_0017	-1	405000	魚人B	0	-513.2	1594.5	-824.2	itemLotId_1	40503600	魚人B　漁村
m36_00_00_00.msb	m36_00_00_00	c4050_0018	-1	405000	魚人B	0	-513.2	1594.5	-824.2	itemLotId_1	40503600	魚人B　漁村
m36_00_00_00.msb	m36_00_00_00	c4050_0019	-1	405000	魚人B	0	-513.2	1594.5	-824.2	itemLotId_1	40503600	魚人B　漁村
m36_00_00_00.msb	m36_00_00_00	c4070_0006	3600406	407011	ヤドカリ_殻あり_左巻き_殻こもり	0	-616.2	1594.16	-850.2	itemLotId_1	40703610	ヤドカリ 殻あり　漁村
m36_00_00_00.msb	m36_00_00_00	c4070_0007	3600407	407011	ヤドカリ_殻あり_左巻き_殻こもり	0	-617.7	1594.06	-848.8	itemLotId_1	40703610	ヤドカリ 殻あり　漁村
m36_00_00_00.msb	m36_00_00_00	c4070_0014	3600414	407021	ヤドカリ_殻あり_右巻き_殻こもり	0	-626.7	1594.11	-840.14	itemLotId_1	40703610	ヤドカリ 殻あり　漁村
m36_00_00_00.msb	m36_00_00_00	c4070_0015	3600415	407021	ヤドカリ_殻あり_右巻き_殻こもり	0	-623.2	1594.45	-853.2	itemLotId_1	40703610	ヤドカリ 殻あり　漁村
m36_00_00_00.msb	m36_00_00_00	c4070_0020	-1	407011	ヤドカリ_殻あり_左巻き_殻こもり	0	-513.2	1594.5	-824.2	itemLotId_1	40703610	ヤドカリ 殻あり　漁村
m36_00_00_00.msb	m36_00_00_00	c4070_0021	-1	407011	ヤドカリ_殻あり_左巻き_殻こもり	0	-513.2	1594.5	-824.2	itemLotId_1	40703610	ヤドカリ 殻あり　漁村
m36_00_00_00.msb	m36_00_00_00	c4070_0022	-1	407011	ヤドカリ_殻あり_左巻き_殻こもり	0	-513.2	1594.5	-824.2	itemLotId_1	40703610	ヤドカリ 殻あり　漁村
m36_00_00_00.msb	m36_00_00_00	c4070_0023	-1	407011	ヤドカリ_殻あり_左巻き_殻こもり	0	-513.2	1594.5	-824.2	itemLotId_1	40703610	ヤドカリ 殻あり　漁村
m36_00_00_00.msb	m36_00_00_00	c4070_0027	-1	407011	ヤドカリ_殻あり_左巻き_殻こもり	0	-513.2	1594.5	-824.2	itemLotId_1	40703610	ヤドカリ 殻あり　漁村
m36_00_00_00.msb	m36_00_00_00	c4070_0028	-1	407011	ヤドカリ_殻あり_左巻き_殻こもり	0	-513.2	1594.5	-824.2	itemLotId_1	40703610	ヤドカリ 殻あり　漁村
m36_00_00_00.msb	m36_00_00_00	c4070_0029	-1	407011	ヤドカリ_殻あり_左巻き_殻こもり	0	-513.2	1594.5	-824.2	itemLotId_1	40703610	ヤドカリ 殻あり　漁村
m36_00_00_00.msb	m36_00_00_00	c4070_0030	-1	407011	ヤドカリ_殻あり_左巻き_殻こもり	0	-513.2	1594.5	-824.2	itemLotId_1	40703610	ヤドカリ 殻あり　漁村
m36_00_00_00.msb	m36_00_00_00	c4070_0031	-1	407011	ヤドカリ_殻あり_左巻き_殻こもり	0	-513.2	1594.5	-824.2	itemLotId_1	40703610	ヤドカリ 殻あり　漁村
m36_00_00_00.msb	m36_00_00_00	c4070_0032	3600432	407020	ヤドカリ_殻あり_右巻き	0	-650.57	1587.01	-891.19	itemLotId_1	40703610	ヤドカリ 殻あり　漁村
m36_00_00_00.msb	m36_00_00_00	c4070_0033	3600433	407020	ヤドカリ_殻あり_右巻き	0	-649.27	1586.96	-890.44	itemLotId_1	40703610	ヤドカリ 殻あり　漁村
m36_00_00_00.msb	m36_00_00_00	c4070_0034	3600434	407020	ヤドカリ_殻あり_右巻き	0	-647.97003	1586.96	-891.19	itemLotId_1	40703610	ヤドカリ 殻あり　漁村
m36_00_00_00.msb	m36_00_00_00	c4070_0035	3600435	407010	ヤドカリ_殻あり_左巻き	0	-651.17004	1586.91	-889.34	itemLotId_1	40703610	ヤドカリ 殻あり　漁村
m36_00_00_00.msb	m36_00_00_00	c4070_0036	3600436	407010	ヤドカリ_殻あり_左巻き	0	-648.17004	1586.94	-889.34	itemLotId_1	40703610	ヤドカリ 殻あり　漁村
m36_00_00_00.msb	m36_00_00_00	c4070_0037	3600437	407010	ヤドカリ_殻あり_左巻き	0	-649.67004	1586.55	-888.44	itemLotId_1	40703610	ヤドカリ 殻あり　漁村
m36_00_00_00.msb	m36_00_00_00	c4070_0038	-1	407011	ヤドカリ_殻あり_左巻き_殻こもり	0	-513.2	1594.5	-824.2	itemLotId_1	40703610	ヤドカリ 殻あり　漁村
m36_00_00_00.msb	m36_00_00_00	c4070_0039	-1	407011	ヤドカリ_殻あり_左巻き_殻こもり	0	-513.2	1594.5	-824.2	itemLotId_1	40703610	ヤドカリ 殻あり　漁村
m36_00_00_00.msb	m36_00_00_00	c4070_0042	-1	407011	ヤドカリ_殻あり_左巻き_殻こもり	0	-513.2	1594.5	-824.2	itemLotId_1	40703610	ヤドカリ 殻あり　漁村
m36_00_00_00.msb	m36_00_00_00	c4070_0043	-1	407011	ヤドカリ_殻あり_左巻き_殻こもり	0	-513.2	1594.5	-824.2	itemLotId_1	40703610	ヤドカリ 殻あり　漁村
m36_00_00_00.msb	m36_00_00_00	c4070_0044	-1	407011	ヤドカリ_殻あり_左巻き_殻こもり	0	-513.2	1594.5	-824.2	itemLotId_1	40703610	ヤドカリ 殻あり　漁村
m36_00_00_00.msb	m36_00_00_00	c4070_0045	-1	407011	ヤドカリ_殻あり_左巻き_殻こもり	0	-513.2	1594.5	-824.2	itemLotId_1	40703610	ヤドカリ 殻あり　漁村
m36_00_00_00.msb	m36_00_00_00	c4070_0046	-1	407011	ヤドカリ_殻あり_左巻き_殻こもり	0	-513.2	1594.5	-824.2	itemLotId_1	40703610	ヤドカリ 殻あり　漁村
m36_00_00_00.msb	m36_00_00_00	c4070_0047	-1	407011	ヤドカリ_殻あり_左巻き_殻こもり	0	-513.2	1594.5	-824.2	itemLotId_1	40703610	ヤドカリ 殻あり　漁村
m36_00_00_00.msb	m36_00_00_00	c4070_0048	-1	407011	ヤドカリ_殻あり_左巻き_殻こもり	0	-513.2	1594.5	-824.2	itemLotId_1	40703610	ヤドカリ 殻あり　漁村
m36_00_00_00.msb	m36_00_00_00	c4070_0049	-1	407011	ヤドカリ_殻あり_左巻き_殻こもり	0	-513.2	1594.5	-824.2	itemLotId_1	40703610	ヤドカリ 殻あり　漁村
m36_00_00_00.msb	m36_00_00_00	c4070_0051	3600451	407000	ヤドカリ_殻なし	0	-671.2	1594.5	-858.2	itemLotId_1	40703600	ヤドカリ 殻なし　漁村
m36_00_00_00.msb	m36_00_00_00	c4070_0052	3600452	407000	ヤドカリ_殻なし	0	-668.2	1594.5	-860.2	itemLotId_1	40703600	ヤドカリ 殻なし　漁村
m36_00_00_00.msb	m36_00_00_00	c4070_0053	3600453	407000	ヤドカリ_殻なし	0	-670.2	1594.5	-862.2	itemLotId_1	40703600	ヤドカリ 殻なし　漁村
m36_00_00_00.msb	m36_00_00_00	c4070_0060	-1	407000	ヤドカリ_殻なし	0	-633.2	1594.51	-865.2	itemLotId_1	40703600	ヤドカリ 殻なし　漁村
m36_00_00_00.msb	m36_00_00_00	c4070_0062	-1	407000	ヤドカリ_殻なし	0	-648.2	1594.51	-874.2	itemLotId_1	40703600	ヤドカリ 殻なし　漁村
m36_00_00_00.msb	m36_00_00_00	c4070_0063	-1	407000	ヤドカリ_殻なし	0	-648.2	1594.51	-877.2	itemLotId_1	40703600	ヤドカリ 殻なし　漁村
m36_00_00_00.msb	m36_00_00_00	c4070_0064	-1	407000	ヤドカリ_殻なし	0	-648.2	1594.51	-877.2	itemLotId_1	40703600	ヤドカリ 殻なし　漁村
m36_00_00_00.msb	m36_00_00_00	c4070_0065	-1	407000	ヤドカリ_殻なし	0	-648.2	1594.51	-877.2	itemLotId_1	40703600	ヤドカリ 殻なし　漁村
m36_00_00_00.msb	m36_00_00_00	c4070_0066	-1	407000	ヤドカリ_殻なし	0	-648.2	1594.51	-877.2	itemLotId_1	40703600	ヤドカリ 殻なし　漁村
m36_00_00_00.msb	m36_00_00_00	c4070_0067	-1	407000	ヤドカリ_殻なし	0	-648.2	1594.51	-877.2	itemLotId_1	40703600	ヤドカリ 殻なし　漁村
m36_00_00_00.msb	m36_00_00_00	c4070_0068	-1	407000	ヤドカリ_殻なし	0	-648.2	1594.51	-877.2	itemLotId_1	40703600	ヤドカリ 殻なし　漁村
m36_00_00_00.msb	m36_00_00_00	c4070_0069	-1	407000	ヤドカリ_殻なし	0	-648.2	1594.51	-877.2	itemLotId_1	40703600	ヤドカリ 殻なし　漁村
m36_00_00_00.msb	m36_00_00_00	c4070_0071	3600471	407000	ヤドカリ_殻なし	0	-659.2	1586.5	-829.2	itemLotId_1	40703600	ヤドカリ 殻なし　漁村
m36_00_00_00.msb	m36_00_00_00	c4070_0081	3600481	407000	ヤドカリ_殻なし	0	-573.2	1596.25	-886.2	itemLotId_1	40703600	ヤドカリ 殻なし　漁村
m36_00_00_00.msb	m36_00_00_00	c4070_0082	-1	407000	ヤドカリ_殻なし	0	-591.2	1586.25	-870.60004	itemLotId_1	40703600	ヤドカリ 殻なし　漁村
m36_00_00_00.msb	m36_00_00_00	c4070_0083	-1	407000	ヤドカリ_殻なし	0	-595.2	1586	-868.2	itemLotId_1	40703600	ヤドカリ 殻なし　漁村
