map_path	map_name	event_name	event_id	event_entity_id	treasure_part_name	part_entity_id	x	y	z	lot_field	item_lot_id	lot_name	acquisition_flags
m21_00_00_00.msb	m21_00_00_00	宝死体_01	65	-1	o000611_0000	-1	3	-6.23	-17	item_lot_1	2100000	アイテム使用チュートリアル	52100000
m21_01_00_00.msb	m21_01_00_00	宝00	7	-1						item_lot_1	2110000	宝死体00	52110000
m21_01_00_00.msb	m21_01_00_00	宝01	24	-1	o000613_0001	-1	102.7	-25.87	141.2	item_lot_1	2110010	宝死体01	52110010
m21_01_00_00.msb	m21_01_00_00	宝箱00	45	-1	o002000_0000	2111000	128.5	-24.61	152.5	item_lot_1	2110020	宝箱00	52110020
m22_00_00_00.msb	m22_00_00_00	Item_宝死体00	3	-1	o000613_0000	-1	-77.788	-6.19	431.505	item_lot_1	2200100	宝死体00	52200100
m22_00_00_00.msb	m22_00_00_00	Item_宝死体01	4	-1	o000610_0000	-1	-93.711006	-4.295	447.798	item_lot_1	2200110	宝死体01	52200110
m22_00_00_00.msb	m22_00_00_00	Item_宝死体02	5	-1	o000613_0010	-1	-205.564	-30.434	516.178	item_lot_1	2200120	宝死体02	52200120
m22_00_00_00.msb	m22_00_00_00	Item_宝死体03	6	-1	o000613_0014	-1	-248.793	-24.98	510.449	item_lot_1	2200130	宝死体03	52200130
m22_00_00_00.msb	m22_00_00_00	Item_宝死体04	7	-1	o000613_0011	-1	-257.6	-14.834	538.6	item_lot_1	2200140	宝死体04	52200140
m22_00_00_00.msb	m22_00_00_00	Item_宝死体05	8	-1	o000613_0001	-1	-262.018	-10.24	542.956	item_lot_1	2200150	宝死体05	52200150
m22_00_00_00.msb	m22_00_00_00	Item_宝死体06	9	-1	o000610_0005	-1	-278.864	-10.223999	625.598	item_lot_1	2200160	宝死体06	52200160
m22_00_00_00.msb	m22_00_00_00	Item_宝死体07	52	-1	o000610_0002	-1	-197.6	-20.749	563.2	item_lot_1	2200170	宝死体07	52200170
m22_00_00_00.msb	m22_00_00_00	Item_宝死体08	80	-1	o000613_0008	-1	-240.81	-3.04	628.47	item_lot_1	2200180	宝死体08	52200180
m22_00_00_00.msb	m22_00_00_00	Item_宝死体09	199	-1	o000611_0001	-1	-206.65001	-6.26	600.83	item_lot_1	2200190	宝死体09	52200190
m22_00_00_00.msb	m22_00_00_00	Item_宝死体10	200	-1	o000612_0000	-1	-206.03	-5.69	590.57	item_lot_1	2200200	宝死体10_1	52200200
m22_00_00_00.msb	m22_00_00_00	Item_宝死体11	201	-1	o000613_0002	-1	-282.66602	-2.290999	653.427	item_lot_1	2200210	宝死体11	52200210
m22_00_00_00.msb	m22_00_00_00	Item_宝死体12	202	-1	o000610_0004	-1	-257	-1.933	629.8	item_lot_1	2200220	宝死体12	52200220
m22_00_00_00.msb	m22_00_00_00	Item_宝死体13	22	-1	o000613_0003	-1	-257.91	-7.059999	587.9	item_lot_1	2200230	宝死体13	52200230
m22_00_00_00.msb	m22_00_00_00	Item_宝死体14	53	-1	o000613_0009	-1	-277.25	-9.375999	588.109	item_lot_1	2200240	宝死体14	52200240
m22_00_00_00.msb	m22_00_00_00	Item_宝死体15	56	-1	o000610_0007	-1	-214.75	-20.793999	556.122	item_lot_1	2200250	宝死体15	52200250
m22_00_00_00.msb	m22_00_00_00	Item_宝死体16	59	-1	o000613_0007	-1	-284.738	-9.204	643.50903	item_lot_1	2200260	宝死体16	52200260
m22_00_00_00.msb	m22_00_00_00	Item_宝死体17	60	-1	o000613_0004	-1	-305.675	-9.493999	654.226	item_lot_1	2200270	宝死体17	52200270
m22_00_00_00.msb	m22_00_00_00	Item_宝死体19	97	-1	o000613_0012	-1	-335.8158	12.622	672.68146	item_lot_1	2200290	宝死体19	52200290
m22_00_00_00.msb	m22_00_00_00	Item_宝死体20	102	-1	o000613_0005	-1	-223	-20.43	547.16003	item_lot_1	2200300	宝死体20	52200300
m22_00_00_00.msb	m22_00_00_00	Item_宝死体21	221	-1	o000613_0013	-1	-173.85	-21.43	497.48	item_lot_1	2200310	宝死体21	52200310
m22_00_00_00.msb	m22_00_00_00	Item_宝死体22	306	-1	o000613_0015	-1	-42.78	-2.936999	424.594	item_lot_1	2200320	宝死体22	52200320
m22_00_00_00.msb	m22_00_00_00	Item_宝死体23	307	-1	o000613_0016	-1	-44.100006	-3.363999	420.35	item_lot_1	2200330	宝死体23	52200330
m22_00_00_00.msb	m22_00_00_00	Item_宝死体24	308	-1	o000613_0017	-1	-44.932007	-3.36	424.226	item_lot_1	2200340	宝死体24	52200340
m22_00_00_00.msb	m22_00_00_00	Item_宝死体25	311	-1	o000613_0018	-1	-267.753	-1.891	651.567	item_lot_1	2200350	宝死体25	52200350
m22_00_00_00.msb	m22_00_00_00	Item_宝死体26	314	-1	o000620_0000	2201150	-336.307	-4.778	780.652	item_lot_1	2200360	宝死体26	52200360
m22_00_00_00.msb	m22_00_00_00	Item_宝死体26（前の周で取得済み時）	72	-1	o000620_0001	2201151	-336.307	-4.778	780.652	item_lot_1	2200365	宝死体26(前の周で取得済みの場合）	52200365
m22_00_00_00.msb	m22_00_00_00	Item_宝死体27	313	-1	o000611_0000	-1	-218.134	-31.387	500.668	item_lot_1	2200370	宝死体27	52200370
m22_00_00_00.msb	m22_00_00_00	Item_宝死体28	316	-1	o000612_0001	2201500	-298.743	-11.333	676.508	item_lot_1	2200380	宝死体28	52200380
m22_00_00_00.msb	m22_00_00_00	Item_宝死体28(差し替え用）	62	-1	o000612_0002	2201501	-298.743	-11.333	676.508	item_lot_1	2200385	宝死体28（差し替え用）	52200385
m22_00_00_00.msb	m22_00_00_00	Item_宝死体29	317	-1	o000613_0019	-1	-200.845	-29.073	534.863	item_lot_1	2200390	宝死体29	52200390
m22_00_00_00.msb	m22_00_00_00	Item_宝死体30	318	-1	o000613_0020	-1	-215.73001	-6.154	602.822	item_lot_1	2200400	宝死体30	52200400
m22_00_00_00.msb	m22_00_00_00	Item_宝箱00(旧宝死体18)	2	-1	o002100_0000	2201050	-318.3	0.403001	631.88	item_lot_1	2200280	宝箱00	52200280
m23_00_00_00.msb	m23_00_00_00	Item_宝死体00	10	-1	o000613_0001	-1	88.05	-70.009995	19.76	item_lot_1	2300000	宝死体00	52300000
m23_00_00_00.msb	m23_00_00_00	Item_宝死体01	52	-1	o000632_0023	-1	96.415	-67.908005	-56.75	item_lot_1	2300010	宝死体01	52300010
m23_00_00_00.msb	m23_00_00_00	Item_宝死体02	173	-1	o000632_0015	-1	75.11	-80.33	-25.93	item_lot_1	2300020	宝死体02	52300020
m23_00_00_00.msb	m23_00_00_00	Item_宝死体03	174	-1	o000632_0000	-1	50.09	-82.97	-69.53	item_lot_1	2300030	宝死体03	52300030
m23_00_00_00.msb	m23_00_00_00	Item_宝死体04	175	-1	o000632_0001	-1	45.964	-83.009995	-72.75	item_lot_1	2300040	宝死体04	52300040
m23_00_00_00.msb	m23_00_00_00	Item_宝死体05	176	-1	o000632_0024	-1	36.631	-85.287	-68.324	item_lot_1	2300050	宝死体05	52300050
m23_00_00_00.msb	m23_00_00_00	Item_宝死体06	177	-1	o000632_0016	-1	-52.560997	-100.130005	-89.322	item_lot_1	2300060	宝死体06	52300060
m23_00_00_00.msb	m23_00_00_00	Item_宝死体07	178	-1	o000632_0009	2301600	-42	-93.19	-52.59	item_lot_1	2300070	宝死体07	52300070
m23_00_00_00.msb	m23_00_00_00	Item_宝死体08	179	-1	o000632_0017	-1	52.75	-90.41	-55.96	item_lot_1	2300080	宝死体08	52300080
m23_00_00_00.msb	m23_00_00_00	Item_宝死体09	197	-1	o000611_0003	-1	148.797	-119.51	-67.537	item_lot_1	2300090	宝死体09	52300090
m23_00_00_00.msb	m23_00_00_00	Item_宝死体10	198	-1	o000610_0002	-1	133.26001	-119.26	-77.957	item_lot_1	2300100	宝死体10	52300100
m23_00_00_00.msb	m23_00_00_00	Item_宝死体11	199	-1	o000613_0004	-1	142.32599	-121.23	-97.108	item_lot_1	2300110	宝死体11	52300110
m23_00_00_00.msb	m23_00_00_00	Item_宝死体12	200	-1	o000632_0002	-1	-4.081001	-114.38	0.978	item_lot_1	2300120	宝死体12	52300120
m23_00_00_00.msb	m23_00_00_00	Item_宝死体13	201	-1	o000632_0032	-1	-65.831	-125.965	-5.169	item_lot_1	2300130	宝死体13	52300130
m23_00_00_00.msb	m23_00_00_00	Item_宝死体14	202	-1	o000632_0011	-1	-55.5	-110.13	-15.88	item_lot_1	2300140	宝死体14	52300140
m23_00_00_00.msb	m23_00_00_00	Item_宝死体15	203	-1	o000632_0020	-1	41.002	-105.298	7.158	item_lot_1	2300150	宝死体15	52300150
m23_00_00_00.msb	m23_00_00_00	Item_宝死体16	217	-1	o000632_0018	-1	-39.6	-107.57	-98.99	item_lot_1	2300160	宝死体16	52300160
m23_00_00_00.msb	m23_00_00_00	Item_宝死体18	219	-1	o000632_0010	-1	136.599	-65.024	38.66	item_lot_1	2300180	宝死体18	52300180
m23_00_00_00.msb	m23_00_00_00	Item_宝死体19	222	-1	o000632_0031	-1	46.78	-94.452	14.144	item_lot_1	2300190	宝死体19	52300190
m23_00_00_00.msb	m23_00_00_00	Item_宝死体20	223	-1	o000630_0001	-1	76.699	-90.375	16.295	item_lot_1	2300200	宝死体20	52300200
m23_00_00_00.msb	m23_00_00_00	Item_宝死体21	224	-1	o000632_0021	-1	47.385	-83.208	-84.145	item_lot_1	2300210	宝死体21	52300210
m23_00_00_00.msb	m23_00_00_00	Item_宝死体22	225	-1	o000632_0012	-1	-46.04	-91.42	-70.77	item_lot_1	2300220	宝死体22	52300220
m23_00_00_00.msb	m23_00_00_00	Item_宝死体23	285	-1	o000632_0003	-1	70.124	-82.990005	-72.481	item_lot_1	2300230	宝死体23	52300230
m23_00_00_00.msb	m23_00_00_00	Item_宝死体24	288	-1	o000632_0025	-1	14.544998	-111.216	-40.029	item_lot_1	2300240	宝死体24	52300240
m23_00_00_00.msb	m23_00_00_00	Item_宝死体25	289	-1						item_lot_1	2300250	宝死体25	52300250
m23_00_00_00.msb	m23_00_00_00	Item_宝死体26	290	-1						item_lot_1	2300260	宝死体26	52300260
m23_00_00_00.msb	m23_00_00_00	Item_宝死体27	291	-1						item_lot_1	2300270	宝死体27	52300270
m23_00_00_00.msb	m23_00_00_00	Item_宝死体28	292	-1	o000632_0022	-1	132.48001	-56.138	19.286	item_lot_1	2300280	宝死体28	52300280
m23_00_00_00.msb	m23_00_00_00	Item_宝死体29	33	-1	o000632_0037	-1	70.772	-67.881	43.727	item_lot_1	2300290	宝死体29	52300290
m23_00_00_00.msb	m23_00_00_00	Item_宝死体31	36	-1	o000632_0005	-1	-147.685	-126.38	65.266	item_lot_1	2300310	宝死体31	52300310
m23_00_00_00.msb	m23_00_00_00	Item_宝死体32	37	-1	o000610_0008	-1	5.375999	-113.144	-80.68	item_lot_1	2300320	宝死体32	52300320
m23_00_00_00.msb	m23_00_00_00	Item_宝死体33	40	-1	o000632_0006	-1	-11.834999	-114.843	15.098	item_lot_1	2300330	宝死体33	52300330
m23_00_00_00.msb	m23_00_00_00	Item_宝死体34	43	-1	o000611_0000	-1	52.34	-99.468	13.053	item_lot_1	2300340	宝死体34	52300340
m23_00_00_00.msb	m23_00_00_00	Item_宝死体35	164	-1	o000632_0013	-1	75.345	-75.139	22.725	item_lot_1	2300350	宝死体35	52300350
m23_00_00_00.msb	m23_00_00_00	Item_宝死体36	165	-1	o000632_0014	-1	-40.239998	-85.465	-87.575	item_lot_1	2300360	宝死体36	52300360
m23_00_00_00.msb	m23_00_00_00	Item_宝死体37	187	-1	o000632_0026	-1	113.731995	-67.858	-51.39	item_lot_1	2300370	宝死体37	52300370
m23_00_00_00.msb	m23_00_00_00	Item_宝死体38	188	-1	o000632_0027	-1	72.175	-101.1	-35.34	item_lot_1	2300380	宝死体38	52300380
m23_00_00_00.msb	m23_00_00_00	Item_宝死体39	189	-1	o000630_0002	-1	75.42	-95.3	-30.57	item_lot_1	2300390	宝死体39	52300390
m23_00_00_00.msb	m23_00_00_00	Item_宝死体40	190	-1	o000630_0000	-1	65.604996	-89.39	-52.907	item_lot_1	2300400	宝死体40-1	52300400
m23_00_00_00.msb	m23_00_00_00	Item_宝死体41	191	-1	o000613_0020	-1	54.731	-101.074	-41.599	item_lot_1	2300410	宝死体41	52300410
m23_00_00_00.msb	m23_00_00_00	Item_宝死体42	192	-1	o000613_0021	-1	-14.632004	-85.18	-48.408	item_lot_1	2300420	宝死体42	52300420
m23_00_00_00.msb	m23_00_00_00	Item_宝死体43	193	-1	o000632_0028	-1	-25.265	-93.085	-98.195	item_lot_1	2300430	宝死体43	52300430
m23_00_00_00.msb	m23_00_00_00	Item_宝死体44	194	-1	o000632_0029	-1	31.925	-115.42	-49.935	item_lot_1	2300440	宝死体44	52300440
m23_00_00_00.msb	m23_00_00_00	Item_宝死体45	16	-1	o000632_0030	-1	43.555	-115.261	13.169	item_lot_1	2300450	宝死体45	52300450
m23_00_00_00.msb	m23_00_00_00	Item_宝死体46	195	-1	o000632_0033	-1	-16.877998	-110.59	0.855	item_lot_1	2300460	宝死体46	52300460
m23_00_00_00.msb	m23_00_00_00	Item_宝死体47	306	-1	o000632_0004	-1	122.93	-42.67	20.72	item_lot_1	2300470	宝死体47	52300470
m23_00_00_00.msb	m23_00_00_00	Item_宝死体48	307	-1	o000632_0007	-1	111.03	-67.9	-2.79	item_lot_1	2300480	宝死体48	52300480
m23_00_00_00.msb	m23_00_00_00	Item_宝死体49	308	-1	o000632_0019	-1	59.2	-80.28	-38.25	item_lot_1	2300490	宝死体49	52300490
m23_00_00_00.msb	m23_00_00_00	Item_宝死体50	309	-1	o000632_0035	-1	-24.89	-101.35	-78.08	item_lot_1	2300500	宝死体50	52300500
m23_00_00_00.msb	m23_00_00_00	Item_宝死体51	310	-1	o000632_0034	-1	93.03	-117.82	-61.42	item_lot_1	2300510	宝死体51	52300510
m23_00_00_00.msb	m23_00_00_00	Item_宝死体52	311	-1	o000632_0008	-1	-52.83	-129.85	21.2	item_lot_1	2300520	宝死体52	52300520
m23_00_00_00.msb	m23_00_00_00	Item_宝死体53	315	-1	o000632_0038	-1	55.22	-82.5	-51.28	item_lot_1	2300530	宝死体53	52300530
m23_00_00_00.msb	m23_00_00_00	Item_宝箱00（旧宝死体17）	218	-1	o002100_0000	2301050	-45.21	-107.55	-61.25	item_lot_1	2300170	祭壇	52300170
m23_00_00_00.msb	m23_00_00_00	Item_宝箱01（旧宝死体30）	35	-1	o002100_0001	2301050	62.168	-101.263	-50.256	item_lot_1	2300300	宝箱01	52300300
m23_00_00_01.msb	m23_00_00_01	Item_宝死体00	10	-1	o000613_0001	-1	88.05	-70.009995	19.76	item_lot_1	2300000	宝死体00	52300000
m23_00_00_01.msb	m23_00_00_01	Item_宝死体01	52	-1	o000632_0023	-1	96.415	-67.908005	-56.75	item_lot_1	2300010	宝死体01	52300010
m23_00_00_01.msb	m23_00_00_01	Item_宝死体02	173	-1	o000632_0015	-1	75.11	-80.33	-25.93	item_lot_1	2300020	宝死体02	52300020
m23_00_00_01.msb	m23_00_00_01	Item_宝死体03	174	-1	o000632_0000	-1	50.09	-82.97	-69.53	item_lot_1	2300030	宝死体03	52300030
m23_00_00_01.msb	m23_00_00_01	Item_宝死体04	175	-1	o000632_0001	-1	45.964	-83.009995	-72.75	item_lot_1	2300040	宝死体04	52300040
m23_00_00_01.msb	m23_00_00_01	Item_宝死体05	176	-1	o000632_0024	-1	36.631	-85.287	-68.324	item_lot_1	2300050	宝死体05	52300050
m23_00_00_01.msb	m23_00_00_01	Item_宝死体06	177	-1	o000632_0016	-1	-52.560997	-100.130005	-89.322	item_lot_1	2300060	宝死体06	52300060
m23_00_00_01.msb	m23_00_00_01	Item_宝死体07	178	-1	o000632_0009	2301600	-42	-93.19	-52.59	item_lot_1	2300070	宝死体07	52300070
m23_00_00_01.msb	m23_00_00_01	Item_宝死体08	179	-1	o000632_0017	-1	52.75	-90.41	-55.96	item_lot_1	2300080	宝死体08	52300080
m23_00_00_01.msb	m23_00_00_01	Item_宝死体09	197	-1	o000611_0003	-1	148.797	-119.51	-67.537	item_lot_1	2300090	宝死体09	52300090
m23_00_00_01.msb	m23_00_00_01	Item_宝死体10	198	-1	o000610_0002	-1	133.26001	-119.26	-77.957	item_lot_1	2300100	宝死体10	52300100
m23_00_00_01.msb	m23_00_00_01	Item_宝死体11	199	-1	o000613_0004	-1	142.32599	-121.23	-97.108	item_lot_1	2300110	宝死体11	52300110
m23_00_00_01.msb	m23_00_00_01	Item_宝死体12	200	-1	o000632_0002	-1	-4.081001	-114.38	0.978	item_lot_1	2300120	宝死体12	52300120
m23_00_00_01.msb	m23_00_00_01	Item_宝死体13	201	-1	o000632_0032	-1	-65.831	-125.965	-5.169	item_lot_1	2300130	宝死体13	52300130
m23_00_00_01.msb	m23_00_00_01	Item_宝死体14	202	-1	o000632_0011	-1	-55.5	-110.13	-15.88	item_lot_1	2300140	宝死体14	52300140
m23_00_00_01.msb	m23_00_00_01	Item_宝死体15	203	-1	o000632_0020	-1	41.002	-105.298	7.158	item_lot_1	2300150	宝死体15	52300150
m23_00_00_01.msb	m23_00_00_01	Item_宝死体16	217	-1	o000632_0018	-1	-39.6	-107.57	-98.99	item_lot_1	2300160	宝死体16	52300160
m23_00_00_01.msb	m23_00_00_01	Item_宝死体18	219	-1	o000632_0010	-1	136.599	-65.024	38.66	item_lot_1	2300180	宝死体18	52300180
m23_00_00_01.msb	m23_00_00_01	Item_宝死体19	222	-1	o000632_0031	-1	46.78	-94.452	14.144	item_lot_1	2300190	宝死体19	52300190
m23_00_00_01.msb	m23_00_00_01	Item_宝死体20	223	-1	o000630_0001	-1	76.699	-90.375	16.295	item_lot_1	2300200	宝死体20	52300200
m23_00_00_01.msb	m23_00_00_01	Item_宝死体21	224	-1	o000632_0021	-1	47.385	-83.208	-84.145	item_lot_1	2300210	宝死体21	52300210
m23_00_00_01.msb	m23_00_00_01	Item_宝死体22	225	-1	o000632_0012	-1	-46.04	-91.42	-70.77	item_lot_1	2300220	宝死体22	52300220
m23_00_00_01.msb	m23_00_00_01	Item_宝死体23	285	-1	o000632_0003	-1	70.124	-82.990005	-72.481	item_lot_1	2300230	宝死体23	52300230
m23_00_00_01.msb	m23_00_00_01	Item_宝死体24	288	-1	o000632_0025	-1	14.544998	-111.216	-40.029	item_lot_1	2300240	宝死体24	52300240
m23_00_00_01.msb	m23_00_00_01	Item_宝死体25	289	-1						item_lot_1	2300250	宝死体25	52300250
m23_00_00_01.msb	m23_00_00_01	Item_宝死体26	290	-1						item_lot_1	2300260	宝死体26	52300260
m23_00_00_01.msb	m23_00_00_01	Item_宝死体27	291	-1						item_lot_1	2300270	宝死体27	52300270
m23_00_00_01.msb	m23_00_00_01	Item_宝死体28	292	-1	o000632_0022	-1	132.48001	-56.138	19.286	item_lot_1	2300280	宝死体28	52300280
m23_00_00_01.msb	m23_00_00_01	Item_宝死体29	33	-1	o000632_0037	-1	70.772	-67.881	43.727	item_lot_1	2300290	宝死体29	52300290
m23_00_00_01.msb	m23_00_00_01	Item_宝死体31	36	-1	o000632_0005	-1	-147.685	-126.38	65.266	item_lot_1	2300310	宝死体31	52300310
m23_00_00_01.msb	m23_00_00_01	Item_宝死体32	37	-1	o000610_0008	-1	5.375999	-113.144	-80.68	item_lot_1	2300320	宝死体32	52300320
m23_00_00_01.msb	m23_00_00_01	Item_宝死体33	40	-1	o000632_0006	-1	-11.834999	-114.843	15.098	item_lot_1	2300330	宝死体33	52300330
m23_00_00_01.msb	m23_00_00_01	Item_宝死体34	43	-1	o000611_0000	-1	52.34	-99.468	13.053	item_lot_1	2300340	宝死体34	52300340
m23_00_00_01.msb	m23_00_00_01	Item_宝死体35	164	-1	o000632_0013	-1	75.345	-75.139	22.725	item_lot_1	2300350	宝死体35	52300350
m23_00_00_01.msb	m23_00_00_01	Item_宝死体36	165	-1	o000632_0014	-1	-40.239998	-85.465	-87.575	item_lot_1	2300360	宝死体36	52300360
m23_00_00_01.msb	m23_00_00_01	Item_宝死体37	187	-1	o000632_0026	-1	113.731995	-67.858	-51.39	item_lot_1	2300370	宝死体37	52300370
m23_00_00_01.msb	m23_00_00_01	Item_宝死体38	188	-1	o000632_0027	-1	72.175	-101.1	-35.34	item_lot_1	2300380	宝死体38	52300380
m23_00_00_01.msb	m23_00_00_01	Item_宝死体39	189	-1	o000630_0002	-1	75.42	-95.3	-30.57	item_lot_1	2300390	宝死体39	52300390
m23_00_00_01.msb	m23_00_00_01	Item_宝死体40	190	-1	o000630_0000	-1	65.604996	-89.39	-52.907	item_lot_1	2300400	宝死体40-1	52300400
m23_00_00_01.msb	m23_00_00_01	Item_宝死体41	191	-1	o000613_0020	-1	54.731	-101.074	-41.599	item_lot_1	2300410	宝死体41	52300410
m23_00_00_01.msb	m23_00_00_01	Item_宝死体42	192	-1	o000613_0021	-1	-14.632004	-85.18	-48.408	item_lot_1	2300420	宝死体42	52300420
m23_00_00_01.msb	m23_00_00_01	Item_宝死体43	193	-1	o000632_0028	-1	-25.265	-93.085	-98.195	item_lot_1	2300430	宝死体43	52300430
m23_00_00_01.msb	m23_00_00_01	Item_宝死体44	194	-1	o000632_0029	-1	31.925	-115.42	-49.935	item_lot_1	2300440	宝死体44	52300440
m23_00_00_01.msb	m23_00_00_01	Item_宝死体45	16	-1	o000632_0030	-1	43.555	-115.261	13.169	item_lot_1	2300450	宝死体45	52300450
m23_00_00_01.msb	m23_00_00_01	Item_宝死体46	195	-1	o000632_0033	-1	-16.877998	-110.59	0.855	item_lot_1	2300460	宝死体46	52300460
m23_00_00_01.msb	m23_00_00_01	Item_宝死体47	306	-1	o000632_0004	-1	122.93	-42.67	20.72	item_lot_1	2300470	宝死体47	52300470
m23_00_00_01.msb	m23_00_00_01	Item_宝死体48	307	-1	o000632_0007	-1	111.03	-67.9	-2.79	item_lot_1	2300480	宝死体48	52300480
m23_00_00_01.msb	m23_00_00_01	Item_宝死体49	308	-1	o000632_0019	-1	59.2	-80.28	-38.25	item_lot_1	2300490	宝死体49	52300490
m23_00_00_01.msb	m23_00_00_01	Item_宝死体50	309	-1	o000632_0035	-1	-24.89	-101.35	-78.08	item_lot_1	2300500	宝死体50	52300500
m23_00_00_01.msb	m23_00_00_01	Item_宝死体51	310	-1	o000632_0034	-1	93.03	-117.82	-61.42	item_lot_1	2300510	宝死体51	52300510
m23_00_00_01.msb	m23_00_00_01	Item_宝死体52	311	-1	o000632_0008	-1	-52.83	-129.85	21.2	item_lot_1	2300520	宝死体52	52300520
m23_00_00_01.msb	m23_00_00_01	Item_宝死体53	315	-1	o000632_0038	-1	55.22	-82.5	-51.28	item_lot_1	2300530	宝死体53	52300530
m23_00_00_01.msb	m23_00_00_01	Item_宝箱00（旧宝死体17）	218	-1	o002100_0000	2301050	-45.21	-107.55	-61.25	item_lot_1	2300170	祭壇	52300170
m23_00_00_01.msb	m23_00_00_01	Item_宝箱01（旧宝死体30）	35	-1	o002100_0001	2301050	62.168	-101.263	-50.256	item_lot_1	2300300	宝箱01	52300300
m24_00_00_00.msb	m24_00_00_00	Item ダミー宝死体（アイテム抽選パラCと共通）	332	-1	o000631_0047	-1	71.06	53.29	329.72	item_lot_1	2420320	宝死体20	52420320
m24_00_00_00.msb	m24_00_00_00	Item 宝死体01 C	28	-1	o000631_0028	-1	52.528	22.83	141.375	item_lot_1	2400420	宝死体32_聖C前	52400420
m24_00_00_00.msb	m24_00_00_00	Item 宝死体02 A小広場邪神	29	-1	o000630_0001	-1	-20.14	-15.17	93.94	item_lot_1	2400120	宝死体02-1	52400120
m24_00_00_00.msb	m24_00_00_00	Item 宝死体03 A大階段_入口	30	-1	o000631_0013	-1	-36.89	-11.48	76.99	item_lot_1	2400130	宝死体03	52400130
m24_00_00_00.msb	m24_00_00_00	Item 宝死体04 A広場	31	-1	o000631_0014	-1	-34.35	-0.22	160.26	item_lot_1	2400140	宝死体04	52400140
m24_00_00_00.msb	m24_00_00_00	Item 宝死体05　AＳＣ脇道	32	-1	o000631_0012	-1	15.65	5.51	211.59	item_lot_1	2400150	宝死体05	52400150
m24_00_00_00.msb	m24_00_00_00	Item 宝死体06　A大階段_踊り場	33	-1						item_lot_1	2400160	宝死体06	52400160
m24_00_00_00.msb	m24_00_00_00	Item 宝死体07　A広場	34	-1	o000631_0011	-1	-49.95	0.58	158.2	item_lot_1	2400170	宝死体07	52400170
m24_00_00_00.msb	m24_00_00_00	Item 宝死体08　A墓地街前	35	-1	o000631_0017	-1	-15.13	21.74	284.98	item_lot_1	2400180	宝死体08	52400180
m24_00_00_00.msb	m24_00_00_00	Item 宝死体09　A裏路地_建物内	36	-1						item_lot_1	2400190	宝死体09	52400190
m24_00_00_00.msb	m24_00_00_00	Item 宝死体10　A廃墟のつなぎ建物内2階	37	-1	o000631_0025	-1	80	-21.81	61.37	item_lot_1	2400200	宝死体10	52400200
m24_00_00_00.msb	m24_00_00_00	Item 宝死体11　A裏路地_入口	80	-1	o000631_0040	-1	-99.37	-3.39	141.74	item_lot_1	2400210	宝死体11	52400210
m24_00_00_00.msb	m24_00_00_00	Item 宝死体12　A広場	81	-1	o000631_0039	-1	-38.07	0.14	175.78	item_lot_1	2400220	宝死体12	52400220
m24_00_00_00.msb	m24_00_00_00	Item 宝死体13　A大階段_上	82	-1	o000631_0038	-1	-3.23	11.6	215.41	item_lot_1	2400230	宝死体13	52400230
m24_00_00_00.msb	m24_00_00_00	Item 宝死体14　A旧入り口_犬	100	-1	o000631_0033	-1	-78.52	-18.1	41.37	item_lot_1	2400240	宝死体14	52400240
m24_00_00_00.msb	m24_00_00_00	Item 宝死体15　A廃墟のつなぎ_トラップ	101	-1						item_lot_1	2400250	宝死体15	52400250
m24_00_00_00.msb	m24_00_00_00	Item 宝死体16　A裏路地広場2階	102	-1	o000631_0022	-1	-78.54	-2.18	185.68	item_lot_1	2400260	宝死体16	52400260
m24_00_00_00.msb	m24_00_00_00	Item 宝死体17　A屋根の上	103	-1	o000631_0020	-1	14.78	2.26	154.44	item_lot_1	2400270	宝死体17_1	52400270
m24_00_00_00.msb	m24_00_00_00	Item 宝死体18　AＳＣ_塔上	104	-1	o000631_0032	-1	22.85	13.11	174.73	item_lot_1	2400280	宝死体18	52400280
m24_00_00_00.msb	m24_00_00_00	Item 宝死体19　A裏路地	105	-1	o000630_0000	-1	-112.23	-9.59	170.27	item_lot_1	2400290	宝死体19-1	52400290
m24_00_00_00.msb	m24_00_00_00	Item 宝死体20　A森入口	106	-1	o000631_0031	-1	-109.96	-2.51	198.52	item_lot_1	2400300	宝死体20	52400300
m24_00_00_00.msb	m24_00_00_00	Item 宝死体21　A裏路地から見える森入口	107	-1	o000631_0030	-1	-85.884	-0.05	164.582	item_lot_1	2400310	宝死体21	52400310
m24_00_00_00.msb	m24_00_00_00	Item 宝死体22 A小広場廃墟側	233	-1	o000631_0007	-1	-13.13	-15.45	72.54	item_lot_1	2400320	宝死体22	52400320
m24_00_00_00.msb	m24_00_00_00	Item 宝死体23 A旧入り口	693	-1	o000631_0006	-1	-80.79	-18.6	65.95	item_lot_1	2400330	宝死体23	52400330
m24_00_00_00.msb	m24_00_00_00	Item 宝死体24　A見晴らし塔	170	-1	o000631_0019	-1	-36.13	4.57	196.62	item_lot_1	2400340	宝死体24	52400340
m24_00_00_00.msb	m24_00_00_00	Item 宝死体25　A広場入口脇	690	-1	o000631_0018	-1	-63.09	-0.97	149.32	item_lot_1	2400350	宝死体25	52400350
m24_00_00_00.msb	m24_00_00_00	Item 宝死体26　A廃墟のつなぎ建物内	705	-1	o000631_0043	-1	87.41	-26.54	66.67	item_lot_1	2400360	宝死体26	52400360
m24_00_00_00.msb	m24_00_00_00	Item 宝死体27 A裏水路から来た	706	-1	o000631_0029	-1	15.25	3.73	187.31	item_lot_1	2400370	宝死体27_聖C前	52400370
m24_00_00_00.msb	m24_00_00_00	Item 宝死体28　A屋根の上	707	-1						item_lot_1	2400380	宝死体28	52400380
m24_00_00_00.msb	m24_00_00_00	Item 宝死体29　A廃墟のつなぎ建物外	691	-1	o000631_0042	-1	66.33	-29.65	43.15	item_lot_1	2400390	宝死体29	52400390
m24_00_00_00.msb	m24_00_00_00	Item 宝死体30　A廃墟のつなぎ建物外	710	-1	o000631_0041	-1	57.75	-29.544	46.65	item_lot_1	2400400	宝死体30	52400400
m24_00_00_00.msb	m24_00_00_00	Item 宝死体32　C	159	-1	o000631_0010	-1	49.31	30.44	161.44	item_lot_1	2400440	宝死体34_聖C前	52400440
m24_00_00_00.msb	m24_00_00_00	Item 宝死体33　C	160	-1	o000631_0027	-1	72.39	-51.642	250.65	item_lot_1	2400430	宝死体33_聖C前	52400430
m24_00_00_00.msb	m24_00_00_00	Item 宝死体34　C	161	-1	o000631_0026	2401071	55.31	-17.49	154.12	item_lot_1	2400410	宝死体31_聖C前	52400410
m24_00_00_00.msb	m24_00_00_00	Item 宝死体35　A広場入口脇	206	-1	o000631_0009	-1	-56.32	-0.16	127.05	item_lot_1	2400450	宝死体35	52400450
m24_00_00_00.msb	m24_00_00_00	Item 宝死体36 A広場入口脇	207	-1	o000631_0008	-1	-28.73	-0.2	123.68	item_lot_1	2400460	宝死体36	52400460
m24_00_00_00.msb	m24_00_00_00	Item 宝死体37 裏路地広場2階トラップ奥	239	-1	o000631_0005	-1	-80.16	-2.33	173.25	item_lot_1	2400470	宝死体35	52400470
m24_00_00_00.msb	m24_00_00_00	Item 宝死体38 C_路地裏 脇道	242	-1	o000632_0001	-1	48.45	-47.46	180	item_lot_1	2400540	宝死体38-1_聖C前	52420540
m24_00_00_00.msb	m24_00_00_00	Item 宝死体40	208	-1	o000632_0000	-1	10.11	0.8	168.55	item_lot_1	2400550	宝死体30	52420550
m24_00_00_00.msb	m24_00_00_00	Item 宝死体41	252	-1	o000631_0016	-1	-107.01	-20.09	85.5	item_lot_1	2400560	宝死体31	52420560
m24_00_00_00.msb	m24_00_00_00	Item 宝死体42	253	-1	o000631_0004	-1	-22.26	0.41	202.45	item_lot_1	2400570	宝死体32	52420570
m24_00_00_00.msb	m24_00_00_00	Item 宝死体43	254	-1	o000631_0003	-1	-15.46	0.45	199.75	item_lot_1	2400580	宝死体33	52420580
m24_00_00_00.msb	m24_00_00_00	Item 宝死体44	255	-1	o000631_0036	-1	-30.14	-0.42	155.09	item_lot_1	2400590	宝死体34	52420590
m24_00_00_00.msb	m24_00_00_00	Item 宝死体45	256	-1	o000631_0035	-1	-62.85	-0.18	175.27	item_lot_1	2400600	宝死体35	52420600
m24_00_00_00.msb	m24_00_00_00	Item 宝死体46	257	-1	o000631_0002	-1	-104.366	-2.59	202.186	item_lot_1	2400610	宝死体36	52420610
m24_00_00_00.msb	m24_00_00_00	Item 宝死体47	258	-1	o000631_0001	-1	-53.94	0.22	147.98	item_lot_1	2400620	宝死体37	52420620
m24_00_00_00.msb	m24_00_00_00	Item 宝死体48	283	-1	o000631_0000	-1	-100.63	-9.35	176.61	item_lot_1	2400630	宝死体38	52420630
m24_00_00_00.msb	m24_00_00_00	Item 宝死体49	295	-1	o000631_0034	-1	66.57	-45.57	215.58	item_lot_1	2400660	宝死体39_聖C前	52420660
m24_00_00_00.msb	m24_00_00_00	Item 宝死体50	303	-1	o000631_0024	-1	50.26	-7.56	150.85	item_lot_1	2400670	宝死体40_聖C前	52420670
m24_00_00_00.msb	m24_00_00_00	Item 宝死体51 A⇔生贄接続屋根上 	78	-1	o000631_0015	-1	83.62	7.84	230.19	item_lot_1	2400700	宝死体42 生贄接続	52420700
m24_00_00_00.msb	m24_00_00_00	Item 宝死体52 A⇔生贄接続屋根上 	309	-1	o000631_0023	-1	121.96	-0.37	211.17	item_lot_1	2400710	宝死体43 生贄接続	52420710
m24_00_00_00.msb	m24_00_00_00	Item 宝死体53	209	-1	o000631_0044	-1	8.51	-10.6	118.16	item_lot_1	2400720	宝死体44	52420720
m24_00_00_00.msb	m24_00_00_00	Item 宝死体54	285	-1	o000631_0037	-1	15.65	2.4	98.34	item_lot_1	2400730	宝死体45	52420730
m24_00_00_00.msb	m24_00_00_00	Item 宝死体55	286	-1	o000631_0045	-1	112	-36.67	69.06	item_lot_1	2400740	宝死体46	52420740
m24_00_00_00.msb	m24_00_00_00	Item 宝死体56	288	-1	o000631_0046	-1	-29.53	17.57	299.17	item_lot_1	2400750	宝死体47	52420750
m24_00_00_00.msb	m24_00_00_00	Item 宝箱00（宝死体00 C）	27	-1	o002100_0000	2401500	65.14	30.38	159.09	item_lot_1	2400100	宝箱00_聖C前	52400100
m24_00_00_00.msb	m24_00_00_00	Item 宝箱01（05 アイテム差し替え）	182	-1	o002100_0005	2401505	57.52	30.38	162.417	item_lot_1	2400485	宝箱01_聖C前（前の周に取得済みの場合）	52400485
m24_00_00_00.msb	m24_00_00_00	Item 宝箱01（宝死体39 C_接続塔_終点）	246	-1	o002100_0001	2401501	57.52	30.38	162.417	item_lot_1	2400480	宝箱01_聖C前	52400480
m24_00_00_00.msb	m24_00_00_00	Item 宝箱03	152	-1	o002100_0002	2401502	49.04	12.23	107.35	item_lot_1	2400640	宝箱03_聖C前	52420640
m24_00_00_00.msb	m24_00_00_00	Item 宝箱03（差し替え用）	345	-1	o002100_0008	2401508	49.04	12.23	107.35	item_lot_1	2400645	宝箱03_聖C前（差し替え用）	52420645
m24_00_00_00.msb	m24_00_00_00	Item_宝箱04	290	-1	o002100_0003	2401503	56.54	14.98	161.8	item_lot_1	2400650	宝箱04_聖C前	52420650
m24_00_00_00.msb	m24_00_00_00	Item_宝箱04	294	-1	o002100_0004	2401504	25.25	2.23	98.27	item_lot_1	2400690	宝箱_05	52420690
m24_00_00_00.msb	m24_00_00_00	Item_宝箱04（差し替え用）	347	-1	o002100_0007	2401507	25.25	2.23	98.27	item_lot_1	2400695	宝箱_05（差し替え用）	52420695
m24_00_00_00.msb	m24_00_00_00	Item_宝箱06	339	-1	o002100_0006	2401506	-117.05	-26.74	78.34	item_lot_1	2400760	宝箱06	52410580
m24_00_00_01.msb	m24_00_00_01	Item ダミー宝死体（アイテム抽選パラCと共通）	332	-1	o000631_0047	-1	71.06	53.29	329.72	item_lot_1	2420320	宝死体20	52420320
m24_00_00_01.msb	m24_00_00_01	Item 宝死体01 C	28	-1	o000631_0028	-1	52.528	22.83	141.375	item_lot_1	2400420	宝死体32_聖C前	52400420
m24_00_00_01.msb	m24_00_00_01	Item 宝死体02 A小広場邪神	29	-1	o000630_0001	-1	-20.14	-15.17	93.94	item_lot_1	2400120	宝死体02-1	52400120
m24_00_00_01.msb	m24_00_00_01	Item 宝死体03 A大階段_入口	30	-1	o000631_0013	-1	-36.89	-11.48	76.99	item_lot_1	2400130	宝死体03	52400130
m24_00_00_01.msb	m24_00_00_01	Item 宝死体04 A広場	31	-1	o000631_0014	-1	-34.35	-0.22	160.26	item_lot_1	2400140	宝死体04	52400140
m24_00_00_01.msb	m24_00_00_01	Item 宝死体05　AＳＣ脇道	32	-1	o000631_0012	-1	15.65	5.51	211.59	item_lot_1	2400150	宝死体05	52400150
m24_00_00_01.msb	m24_00_00_01	Item 宝死体06　A大階段_踊り場	33	-1						item_lot_1	2400160	宝死体06	52400160
m24_00_00_01.msb	m24_00_00_01	Item 宝死体07　A広場	34	-1	o000631_0011	-1	-49.95	0.58	158.2	item_lot_1	2400170	宝死体07	52400170
m24_00_00_01.msb	m24_00_00_01	Item 宝死体08　A墓地街前	35	-1	o000631_0017	-1	-15.13	21.74	284.98	item_lot_1	2400180	宝死体08	52400180
m24_00_00_01.msb	m24_00_00_01	Item 宝死体09　A裏路地_建物内	36	-1						item_lot_1	2400190	宝死体09	52400190
m24_00_00_01.msb	m24_00_00_01	Item 宝死体10　A廃墟のつなぎ建物内2階	37	-1	o000631_0025	-1	80	-21.81	61.37	item_lot_1	2400200	宝死体10	52400200
m24_00_00_01.msb	m24_00_00_01	Item 宝死体11　A裏路地_入口	80	-1	o000631_0040	-1	-99.37	-3.39	141.74	item_lot_1	2400210	宝死体11	52400210
m24_00_00_01.msb	m24_00_00_01	Item 宝死体12　A広場	81	-1	o000631_0039	-1	-38.07	0.14	175.78	item_lot_1	2400220	宝死体12	52400220
m24_00_00_01.msb	m24_00_00_01	Item 宝死体13　A大階段_上	82	-1	o000631_0038	-1	-3.23	11.6	215.41	item_lot_1	2400230	宝死体13	52400230
m24_00_00_01.msb	m24_00_00_01	Item 宝死体14　A旧入り口_犬	100	-1	o000631_0033	-1	-78.52	-18.1	41.37	item_lot_1	2400240	宝死体14	52400240
m24_00_00_01.msb	m24_00_00_01	Item 宝死体15　A廃墟のつなぎ_トラップ	101	-1						item_lot_1	2400250	宝死体15	52400250
m24_00_00_01.msb	m24_00_00_01	Item 宝死体16　A裏路地広場2階	102	-1	o000631_0022	-1	-78.54	-2.18	185.68	item_lot_1	2400260	宝死体16	52400260
m24_00_00_01.msb	m24_00_00_01	Item 宝死体17　A屋根の上	103	-1	o000631_0020	-1	14.78	2.26	154.44	item_lot_1	2400270	宝死体17_1	52400270
m24_00_00_01.msb	m24_00_00_01	Item 宝死体18　AＳＣ_塔上	104	-1	o000631_0032	-1	22.85	13.11	174.73	item_lot_1	2400280	宝死体18	52400280
m24_00_00_01.msb	m24_00_00_01	Item 宝死体19　A裏路地	105	-1	o000630_0000	-1	-112.23	-9.59	170.27	item_lot_1	2400290	宝死体19-1	52400290
m24_00_00_01.msb	m24_00_00_01	Item 宝死体20　A森入口	106	-1	o000631_0031	-1	-109.96	-2.51	198.52	item_lot_1	2400300	宝死体20	52400300
m24_00_00_01.msb	m24_00_00_01	Item 宝死体21　A裏路地から見える森入口	107	-1	o000631_0030	-1	-85.884	-0.05	164.582	item_lot_1	2400310	宝死体21	52400310
m24_00_00_01.msb	m24_00_00_01	Item 宝死体22 A小広場廃墟側	233	-1	o000631_0007	-1	-13.13	-15.45	72.54	item_lot_1	2400320	宝死体22	52400320
m24_00_00_01.msb	m24_00_00_01	Item 宝死体23 A旧入り口	693	-1	o000631_0006	-1	-80.79	-18.6	65.95	item_lot_1	2400330	宝死体23	52400330
m24_00_00_01.msb	m24_00_00_01	Item 宝死体24　A見晴らし塔	170	-1	o000631_0019	-1	-36.13	4.57	196.62	item_lot_1	2400340	宝死体24	52400340
m24_00_00_01.msb	m24_00_00_01	Item 宝死体25　A広場入口脇	690	-1	o000631_0018	-1	-63.09	-0.97	149.32	item_lot_1	2400350	宝死体25	52400350
m24_00_00_01.msb	m24_00_00_01	Item 宝死体26　A廃墟のつなぎ建物内	705	-1	o000631_0043	-1	87.41	-26.54	66.67	item_lot_1	2400360	宝死体26	52400360
m24_00_00_01.msb	m24_00_00_01	Item 宝死体27 A裏水路から来た	706	-1	o000631_0029	-1	15.25	3.73	187.31	item_lot_1	2400370	宝死体27_聖C前	52400370
m24_00_00_01.msb	m24_00_00_01	Item 宝死体28　A屋根の上	707	-1						item_lot_1	2400380	宝死体28	52400380
m24_00_00_01.msb	m24_00_00_01	Item 宝死体29　A廃墟のつなぎ建物外	691	-1	o000631_0042	-1	66.33	-29.65	43.15	item_lot_1	2400390	宝死体29	52400390
m24_00_00_01.msb	m24_00_00_01	Item 宝死体30　A廃墟のつなぎ建物外	710	-1	o000631_0041	-1	57.75	-29.544	46.65	item_lot_1	2400400	宝死体30	52400400
m24_00_00_01.msb	m24_00_00_01	Item 宝死体32　C	159	-1	o000631_0010	-1	49.31	30.44	161.44	item_lot_1	2400440	宝死体34_聖C前	52400440
m24_00_00_01.msb	m24_00_00_01	Item 宝死体33　C	160	-1	o000631_0027	-1	72.39	-51.642	250.65	item_lot_1	2400430	宝死体33_聖C前	52400430
m24_00_00_01.msb	m24_00_00_01	Item 宝死体34　C	161	-1	o000631_0026	2401071	55.31	-17.49	154.12	item_lot_1	2400410	宝死体31_聖C前	52400410
m24_00_00_01.msb	m24_00_00_01	Item 宝死体35　A広場入口脇	206	-1	o000631_0009	-1	-56.32	-0.16	127.05	item_lot_1	2400450	宝死体35	52400450
m24_00_00_01.msb	m24_00_00_01	Item 宝死体36 A広場入口脇	207	-1	o000631_0008	-1	-28.73	-0.2	123.68	item_lot_1	2400460	宝死体36	52400460
m24_00_00_01.msb	m24_00_00_01	Item 宝死体37 裏路地広場2階トラップ奥	239	-1	o000631_0005	-1	-80.16	-2.33	173.25	item_lot_1	2400470	宝死体35	52400470
m24_00_00_01.msb	m24_00_00_01	Item 宝死体38 C_路地裏 脇道	242	-1	o000632_0001	-1	48.45	-47.46	180	item_lot_1	2400540	宝死体38-1_聖C前	52420540
m24_00_00_01.msb	m24_00_00_01	Item 宝死体40	208	-1	o000632_0000	-1	10.11	0.8	168.55	item_lot_1	2400550	宝死体30	52420550
m24_00_00_01.msb	m24_00_00_01	Item 宝死体41	252	-1	o000631_0016	-1	-107.01	-20.09	85.5	item_lot_1	2400560	宝死体31	52420560
m24_00_00_01.msb	m24_00_00_01	Item 宝死体42	253	-1	o000631_0004	-1	-22.26	0.41	202.45	item_lot_1	2400570	宝死体32	52420570
m24_00_00_01.msb	m24_00_00_01	Item 宝死体43	254	-1	o000631_0003	-1	-15.46	0.45	199.75	item_lot_1	2400580	宝死体33	52420580
m24_00_00_01.msb	m24_00_00_01	Item 宝死体44	255	-1	o000631_0036	-1	-30.14	-0.42	155.09	item_lot_1	2400590	宝死体34	52420590
m24_00_00_01.msb	m24_00_00_01	Item 宝死体45	256	-1	o000631_0035	-1	-62.85	-0.18	175.27	item_lot_1	2400600	宝死体35	52420600
m24_00_00_01.msb	m24_00_00_01	Item 宝死体46	257	-1	o000631_0002	-1	-104.366	-2.59	202.186	item_lot_1	2400610	宝死体36	52420610
m24_00_00_01.msb	m24_00_00_01	Item 宝死体47	258	-1	o000631_0001	-1	-53.94	0.22	147.98	item_lot_1	2400620	宝死体37	52420620
m24_00_00_01.msb	m24_00_00_01	Item 宝死体48	283	-1	o000631_0000	-1	-100.63	-9.35	176.61	item_lot_1	2400630	宝死体38	52420630
m24_00_00_01.msb	m24_00_00_01	Item 宝死体49	295	-1	o000631_0034	-1	66.57	-45.57	215.58	item_lot_1	2400660	宝死体39_聖C前	52420660
m24_00_00_01.msb	m24_00_00_01	Item 宝死体50	303	-1	o000631_0024	-1	50.26	-7.56	150.85	item_lot_1	2400670	宝死体40_聖C前	52420670
m24_00_00_01.msb	m24_00_00_01	Item 宝死体51 A⇔生贄接続屋根上 	78	-1	o000631_0015	-1	83.62	7.84	230.19	item_lot_1	2400700	宝死体42 生贄接続	52420700
m24_00_00_01.msb	m24_00_00_01	Item 宝死体52 A⇔生贄接続屋根上 	309	-1	o000631_0023	-1	121.96	-0.37	211.17	item_lot_1	2400710	宝死体43 生贄接続	52420710
m24_00_00_01.msb	m24_00_00_01	Item 宝死体53	209	-1	o000631_0044	-1	8.51	-10.6	118.16	item_lot_1	2400720	宝死体44	52420720
m24_00_00_01.msb	m24_00_00_01	Item 宝死体54	285	-1	o000631_0037	-1	15.65	2.4	98.34	item_lot_1	2400730	宝死体45	52420730
m24_00_00_01.msb	m24_00_00_01	Item 宝死体55	286	-1	o000631_0045	-1	112	-36.67	69.06	item_lot_1	2400740	宝死体46	52420740
m24_00_00_01.msb	m24_00_00_01	Item 宝死体56	288	-1	o000631_0046	-1	-29.53	17.57	299.17	item_lot_1	2400750	宝死体47	52420750
m24_00_00_01.msb	m24_00_00_01	Item 宝箱00（宝死体00 C）	27	-1	o002100_0000	2401500	65.14	30.38	159.09	item_lot_1	2400100	宝箱00_聖C前	52400100
m24_00_00_01.msb	m24_00_00_01	Item 宝箱01（05 アイテム差し替え）	182	-1	o002100_0005	2401505	57.52	30.38	162.417	item_lot_1	2400485	宝箱01_聖C前（前の周に取得済みの場合）	52400485
m24_00_00_01.msb	m24_00_00_01	Item 宝箱01（宝死体39 C_接続塔_終点）	246	-1	o002100_0001	2401501	57.52	30.38	162.417	item_lot_1	2400480	宝箱01_聖C前	52400480
m24_00_00_01.msb	m24_00_00_01	Item 宝箱03	152	-1	o002100_0002	2401502	49.04	12.23	107.35	item_lot_1	2400640	宝箱03_聖C前	52420640
m24_00_00_01.msb	m24_00_00_01	Item 宝箱03（差し替え用）	345	-1	o002100_0008	2401508	49.04	12.23	107.35	item_lot_1	2400645	宝箱03_聖C前（差し替え用）	52420645
m24_00_00_01.msb	m24_00_00_01	Item_宝箱04	290	-1	o002100_0003	2401503	56.54	14.98	161.8	item_lot_1	2400650	宝箱04_聖C前	52420650
m24_00_00_01.msb	m24_00_00_01	Item_宝箱04	294	-1	o002100_0004	2401504	25.25	2.23	98.27	item_lot_1	2400690	宝箱_05	52420690
m24_00_00_01.msb	m24_00_00_01	Item_宝箱04（差し替え用）	347	-1	o002100_0007	2401507	25.25	2.23	98.27	item_lot_1	2400695	宝箱_05（差し替え用）	52420695
m24_00_00_01.msb	m24_00_00_01	Item_宝箱06	339	-1	o002100_0006	2401506	-117.05	-26.74	78.34	item_lot_1	2400760	宝箱06	52410580
m24_01_00_00.msb	m24_01_00_00	Item_宝死体_100	110	-1	o240611_5400	2411500	-126.422676	-67.96971	-103.74716	item_lot_1	2410100	宝死体00 後半	52410100
m24_01_00_00.msb	m24_01_00_00	Item_宝死体_110	111	-1	o240611_5401	2411501	-121.90256	-68.04549	-87.966255	item_lot_1	2410110	宝死体01 後半	52410110
m24_01_00_00.msb	m24_01_00_00	Item_宝死体_120	53	-1	o000633_0010	-1	-182.329	-50.545	132.89	item_lot_1	2410120	宝死体02 前半	52410120
m24_01_00_00.msb	m24_01_00_00	Item_宝死体_130	54	-1	o000633_0000	-1	-208.51	-47.49	115.73	item_lot_1	2410130	宝死体03 裏	52410130
m24_01_00_00.msb	m24_01_00_00	Item_宝死体_140	55	-1	o000632_0002	-1	-210.73	-54.32	184.02	item_lot_1	2410140	宝死体04 裏	52410140
m24_01_00_00.msb	m24_01_00_00	Item_宝死体_150	56	-1	o000632_0003	-1	-213.743	-37.451	-18.165	item_lot_1	2410150	宝死体05 前半	52410150
m24_01_00_00.msb	m24_01_00_00	Item_宝死体_160	57	-1	o000632_0011	-1	-216.674	-31.377	61.493	item_lot_1	2410160	宝死体06 前半	52410160
m24_01_00_00.msb	m24_01_00_00	Item_宝死体_170	58	-1	o000632_0012	-1	-255.68	-35.134953	37.29	item_lot_1	2410170	宝死体07 前半	52410170
m24_01_00_00.msb	m24_01_00_00	Item_宝死体_180	120	-1	o000633_0003	-1	-181.505	-37.356	-7.018	item_lot_1	2410180	宝死体08 前半	52410180
m24_01_00_00.msb	m24_01_00_00	Item_宝死体_190	121	-1	o000632_0014	-1	-173.241	-37.289	-20.341	item_lot_1	2410190	宝死体09 前半	52410190
m24_01_00_00.msb	m24_01_00_00	Item_宝死体_200	122	-1	o000632_0015	-1	-200.06	-40.409	-12.9	item_lot_1	2410200	宝死体10 前半	52410200
m24_01_00_00.msb	m24_01_00_00	Item_宝死体_210	458	-1	o000633_0015	-1	-246.42	-31.5	-20.37	item_lot_1	2410210	宝死体11 前半	52410210
m24_01_00_00.msb	m24_01_00_00	Item_宝死体_220	124	-1	o000633_0004	-1	-201.836	-36.189	17.924	item_lot_1	2410220	宝死体12 前半	52410220
m24_01_00_00.msb	m24_01_00_00	Item_宝死体_240	126	-1	o000632_0017	-1	-128.543	-43.433	-26.239	item_lot_1	2410240	宝死体14 後半	52410240
m24_01_00_00.msb	m24_01_00_00	Item_宝死体_250	127	-1	o000632_0018	-1	-110.59	-70.847	-85.22	item_lot_1	2410250	宝死体15 前半	52410250
m24_01_00_00.msb	m24_01_00_00	Item_宝死体_260	128	-1	o000633_0005	-1	-140.1	-60.993	-150.37	item_lot_1	2410260	宝死体16 後半	52410260
m24_01_00_00.msb	m24_01_00_00	Item_宝死体_270	129	-1	o000633_0006	-1	-181.05	-75.277	-75.22	item_lot_1	2410270	宝死体17 後半	52410270
m24_01_00_00.msb	m24_01_00_00	Item_宝死体_280	130	-1	o000633_0007	-1	-91.91	-78.262	5.15	item_lot_1	2410280	宝死体18 後半	52410280
m24_01_00_00.msb	m24_01_00_00	Item_宝死体_290（ショップ解禁 工房A）	131	-1	o000630_0000	2411450	-88.35	-78.234	-4.66	item_lot_1	2410290	宝死体19 後半	52410290
m24_01_00_00.msb	m24_01_00_00	Item_宝死体_290（差し替え用）	456	-1	o000630_0001	2411451	-88.35	-78.234	-4.66	item_lot_1	2410295	宝死体19 後半（2周目以降）	52410295
m24_01_00_00.msb	m24_01_00_00	Item_宝死体_310	133	-1	o000633_0009	-1	-235.29	-31.41	-4.61	item_lot_1	2410310	宝死体21 前半	52410310
m24_01_00_00.msb	m24_01_00_00	Item_宝死体_330	135	-1	o000632_0024	-1	-171.594	-65.615	-96.582	item_lot_1	2410330	宝死体23 前半	52410330
m24_01_00_00.msb	m24_01_00_00	Item_宝死体_340	136	-1	o000632_0026	-1	-175.19	-48.408	96.709	item_lot_1	2410340	宝死体24 前半	52410340
m24_01_00_00.msb	m24_01_00_00	Item_宝死体_360	138	-1	o000633_0011	-1	-185.359	-43.798	72.183	item_lot_1	2410360	宝死体26 前半	52410360
m24_01_00_00.msb	m24_01_00_00	Item_宝死体_370	139	-1	o000632_0029	-1	-170.03	-40.218	-47.51	item_lot_1	2410370	宝死体27 前半	52410370
m24_01_00_00.msb	m24_01_00_00	Item_宝死体_380	140	-1	o000632_0030	-1	-203.47	-40.383	-11.328	item_lot_1	2410380	宝死体28 前半	52410380
m24_01_00_00.msb	m24_01_00_00	Item_宝死体_390	141	-1	o000633_0012	-1	-219.717	-34.489	-63.268	item_lot_1	2410390	宝死体29 前半	52410390
m24_01_00_00.msb	m24_01_00_00	Item_宝死体_400	142	-1	o000632_0032	-1	-236.683	-26.491	-38.311	item_lot_1	2410400	宝死体30 前半	52410400
m24_01_00_00.msb	m24_01_00_00	Item_宝死体_430	145	-1	o000632_0033	-1	-117.39	-26.635	65.475	item_lot_1	2410430	宝死体33 前半	52410430
m24_01_00_00.msb	m24_01_00_00	Item_宝死体_440	146	-1	o000633_0013	-1	-115.2	-50.652	-102.27	item_lot_1	2410440	宝死体34 後半	52410440
m24_01_00_00.msb	m24_01_00_00	Item_宝死体_450	147	-1	o000632_0035	-1	-137.365	-60.848	-86.068	item_lot_1	2410450	宝死体35 後半	52410450
m24_01_00_00.msb	m24_01_00_00	Item_宝死体_470	149	-1	o000632_0036	-1	-158.18	-60.832	-102.38	item_lot_1	2410470	宝死体37 後半	52410470
m24_01_00_00.msb	m24_01_00_00	Item_宝死体_480	150	-1	o000632_0037	-1	-149.9	-46.322	-86.29	item_lot_1	2410480	宝死体38 後半	52410480
m24_01_00_00.msb	m24_01_00_00	Item_宝死体_490	151	-1	o000632_0038	-1	-127.606	-78.169	-56.405	item_lot_1	2410490	宝死体39 後半	52410490
m24_01_00_00.msb	m24_01_00_00	Item_宝死体_510	153	-1	o000633_0014	-1	-54.64	-48.677	44.03	item_lot_1	2410510	宝死体41 後半	52410510
m24_01_00_00.msb	m24_01_00_00	Item_宝死体_520	303	-1	o000633_0001	-1	-202.46	-40.377	-14.7	item_lot_1	2410520	宝死体42 前半	52410520
m24_01_00_00.msb	m24_01_00_00	Item_宝死体_530	304	-1	o000632_0005	-1	-193.97	-31.253	24.54	item_lot_1	2410530	宝死体43 前半	52410530
m24_01_00_00.msb	m24_01_00_00	Item_宝死体_540	288	-1	o000633_0002	-1	-250.09	-31.44	-3.21	item_lot_1	2410540	宝死体44 前半	52410540
m24_01_00_00.msb	m24_01_00_00	Item_宝死体_560	306	-1	o000632_0040	-1	-231.36	-37.334	-6.31	item_lot_1	2410560	宝死体46 前半	52410560
m24_01_00_00.msb	m24_01_00_00	Item_宝死体_570	252	-1	o000633_0008	-1	-238.47	-37.4	54.99	item_lot_1	2410570	宝死体47 前半	52410570
m24_01_00_00.msb	m24_01_00_00	Item_宝死体_590	123	-1	o000632_0007	-1	-169.27	-44.11	65.28	item_lot_1	2410590	宝死体49 前半	52410590
m24_01_00_00.msb	m24_01_00_00	Item_宝死体_600	125	-1	o000632_0008	-1	-222.9	-37.44	30.53	item_lot_1	2410600	宝死体50 前半	52410600
m24_01_00_00.msb	m24_01_00_00	Item_宝死体_610	134	-1	o000630_0003	-1	-180.4	-60.21	-61.64	item_lot_1	2410610	宝死体51-1 後半	52410610
m24_01_00_00.msb	m24_01_00_00	Item_宝死体_620	143	-1	o000632_0004	-1	-193.07	-54.93	-56.97	item_lot_1	2410620	宝死体52 後半	52410620
m24_01_00_00.msb	m24_01_00_00	Item_宝死体_620	143	-1	o000632_0004	-1	-193.07	-54.93	-56.97	item_lot_3	2410621		
m24_01_00_00.msb	m24_01_00_00	Item_宝死体_630	144	-1	o000632_0010	-1	-182.82	-29.3	-4.72	item_lot_1	2410630	宝死体53 後半	52410630
m24_01_00_00.msb	m24_01_00_00	Item_宝死体_650	457	-1	o000632_0001	-1	-210.47	-33.24	44.36	item_lot_1	2410650	宝死体54 前半	52410650
m24_01_00_00.msb	m24_01_00_00	Item_宝死体_800	73	-1	o000632_0000	2411400	-193.64	-47.64	103.08	item_lot_1	2410800	宝死体80 前半	52410800
m24_01_00_00.msb	m24_01_00_00	Item_宝死体_910　少女の姉	345	-1	o248001_0000	2410851	-178.66	-46.45	-63.04	item_lot_1	42000	少女の姉_落下死した死体から拾えるもの	50002200
m24_01_00_00.msb	m24_01_00_00	Item_宝死体_920　ガスコイン嫁	132	-1	o248000_0000	-1	-34.1	-35.6	107.2	item_lot_1	2410920	宝死体_ガスコイン妻	52410920
m24_01_00_00.msb	m24_01_00_00	Item_宝箱_1000_魔石着脱解禁	445	-1	o002100_0002	2411100	34.048	-17.39	103.472	item_lot_1	2411000	宝箱00	52411000
m24_01_00_00.msb	m24_01_00_00	Item_宝箱_1000_魔石着脱解禁（差し替え用）	454	-1	o002100_0003	2411103	34.048	-17.39	103.472	item_lot_1	2411005	宝箱00（前の周で取得済みの場合）	52411005
m24_01_00_00.msb	m24_01_00_00	Item_宝箱_2_ボディジェム	152	-1	o002100_0001	2411102	-244.24	-40.65	189.84264	item_lot_1	2410640	宝箱02	52410640
m24_01_00_00.msb	m24_01_00_00	Item_宝箱_2_ボディジェム（差し替え用）	264	-1	o002100_0000	2411104	-244.24	-40.65	189.84264	item_lot_1	2410645	宝箱02	52410645
m24_01_00_01.msb	m24_01_00_01	Item_宝死体_100	110	-1	o240611_5400	2411500	-126.422676	-67.96971	-103.74716	item_lot_1	2410100	宝死体00 後半	52410100
m24_01_00_01.msb	m24_01_00_01	Item_宝死体_110	111	-1	o240611_5401	2411501	-121.90256	-68.04549	-87.966255	item_lot_1	2410110	宝死体01 後半	52410110
m24_01_00_01.msb	m24_01_00_01	Item_宝死体_120	53	-1	o000633_0010	-1	-182.329	-50.545	132.89	item_lot_1	2410120	宝死体02 前半	52410120
m24_01_00_01.msb	m24_01_00_01	Item_宝死体_130	54	-1	o000633_0000	-1	-208.51	-47.49	115.73	item_lot_1	2410130	宝死体03 裏	52410130
m24_01_00_01.msb	m24_01_00_01	Item_宝死体_140	55	-1	o000632_0002	-1	-210.73	-54.32	184.02	item_lot_1	2410140	宝死体04 裏	52410140
m24_01_00_01.msb	m24_01_00_01	Item_宝死体_150	56	-1	o000632_0003	-1	-213.743	-37.451	-18.165	item_lot_1	2410150	宝死体05 前半	52410150
m24_01_00_01.msb	m24_01_00_01	Item_宝死体_160	57	-1	o000632_0011	-1	-216.674	-31.377	61.493	item_lot_1	2410160	宝死体06 前半	52410160
m24_01_00_01.msb	m24_01_00_01	Item_宝死体_170	58	-1	o000632_0012	-1	-255.68	-35.134953	37.29	item_lot_1	2410170	宝死体07 前半	52410170
m24_01_00_01.msb	m24_01_00_01	Item_宝死体_180	120	-1	o000633_0003	-1	-181.505	-37.356	-7.018	item_lot_1	2410180	宝死体08 前半	52410180
m24_01_00_01.msb	m24_01_00_01	Item_宝死体_190	121	-1	o000632_0014	-1	-173.241	-37.289	-20.341	item_lot_1	2410190	宝死体09 前半	52410190
m24_01_00_01.msb	m24_01_00_01	Item_宝死体_200	122	-1	o000632_0015	-1	-200.06	-40.409	-12.9	item_lot_1	2410200	宝死体10 前半	52410200
m24_01_00_01.msb	m24_01_00_01	Item_宝死体_210	458	-1	o000633_0015	-1	-246.42	-31.5	-20.37	item_lot_1	2410210	宝死体11 前半	52410210
m24_01_00_01.msb	m24_01_00_01	Item_宝死体_220	124	-1	o000633_0004	-1	-201.836	-36.189	17.924	item_lot_1	2410220	宝死体12 前半	52410220
m24_01_00_01.msb	m24_01_00_01	Item_宝死体_240	126	-1	o000632_0017	-1	-128.543	-43.433	-26.239	item_lot_1	2410240	宝死体14 後半	52410240
m24_01_00_01.msb	m24_01_00_01	Item_宝死体_250	127	-1	o000632_0018	-1	-110.59	-70.847	-85.22	item_lot_1	2410250	宝死体15 前半	52410250
m24_01_00_01.msb	m24_01_00_01	Item_宝死体_260	128	-1	o000633_0005	-1	-140.1	-60.993	-150.37	item_lot_1	2410260	宝死体16 後半	52410260
m24_01_00_01.msb	m24_01_00_01	Item_宝死体_270	129	-1	o000633_0006	-1	-181.05	-75.277	-75.22	item_lot_1	2410270	宝死体17 後半	52410270
m24_01_00_01.msb	m24_01_00_01	Item_宝死体_280	130	-1	o000633_0007	-1	-91.91	-78.262	5.15	item_lot_1	2410280	宝死体18 後半	52410280
m24_01_00_01.msb	m24_01_00_01	Item_宝死体_290（ショップ解禁 工房A）	131	-1	o000630_0000	2411450	-88.35	-78.234	-4.66	item_lot_1	2410290	宝死体19 後半	52410290
m24_01_00_01.msb	m24_01_00_01	Item_宝死体_290（差し替え用）	456	-1	o000630_0001	2411451	-88.35	-78.234	-4.66	item_lot_1	2410295	宝死体19 後半（2周目以降）	52410295
m24_01_00_01.msb	m24_01_00_01	Item_宝死体_310	133	-1	o000633_0009	-1	-235.29	-31.41	-4.61	item_lot_1	2410310	宝死体21 前半	52410310
m24_01_00_01.msb	m24_01_00_01	Item_宝死体_330	135	-1	o000632_0024	-1	-171.594	-65.615	-96.582	item_lot_1	2410330	宝死体23 前半	52410330
m24_01_00_01.msb	m24_01_00_01	Item_宝死体_340	136	-1	o000632_0026	-1	-175.19	-48.408	96.709	item_lot_1	2410340	宝死体24 前半	52410340
m24_01_00_01.msb	m24_01_00_01	Item_宝死体_360	138	-1	o000633_0011	-1	-185.359	-43.798	72.183	item_lot_1	2410360	宝死体26 前半	52410360
m24_01_00_01.msb	m24_01_00_01	Item_宝死体_370	139	-1	o000632_0029	-1	-170.03	-40.218	-47.51	item_lot_1	2410370	宝死体27 前半	52410370
m24_01_00_01.msb	m24_01_00_01	Item_宝死体_380	140	-1	o000632_0030	-1	-203.47	-40.383	-11.328	item_lot_1	2410380	宝死体28 前半	52410380
m24_01_00_01.msb	m24_01_00_01	Item_宝死体_390	141	-1	o000633_0012	-1	-219.717	-34.489	-63.268	item_lot_1	2410390	宝死体29 前半	52410390
m24_01_00_01.msb	m24_01_00_01	Item_宝死体_400	142	-1	o000632_0032	-1	-236.683	-26.491	-38.311	item_lot_1	2410400	宝死体30 前半	52410400
m24_01_00_01.msb	m24_01_00_01	Item_宝死体_430	145	-1	o000632_0033	-1	-117.39	-26.635	65.475	item_lot_1	2410430	宝死体33 前半	52410430
m24_01_00_01.msb	m24_01_00_01	Item_宝死体_440	146	-1	o000633_0013	-1	-115.2	-50.652	-102.27	item_lot_1	2410440	宝死体34 後半	52410440
m24_01_00_01.msb	m24_01_00_01	Item_宝死体_450	147	-1	o000632_0035	-1	-137.365	-60.848	-86.068	item_lot_1	2410450	宝死体35 後半	52410450
m24_01_00_01.msb	m24_01_00_01	Item_宝死体_470	149	-1	o000632_0036	-1	-158.18	-60.832	-102.38	item_lot_1	2410470	宝死体37 後半	52410470
m24_01_00_01.msb	m24_01_00_01	Item_宝死体_480	150	-1	o000632_0037	-1	-149.9	-46.322	-86.29	item_lot_1	2410480	宝死体38 後半	52410480
m24_01_00_01.msb	m24_01_00_01	Item_宝死体_490	151	-1	o000632_0038	-1	-127.606	-78.169	-56.405	item_lot_1	2410490	宝死体39 後半	52410490
m24_01_00_01.msb	m24_01_00_01	Item_宝死体_510	153	-1	o000633_0014	-1	-54.64	-48.677	44.03	item_lot_1	2410510	宝死体41 後半	52410510
m24_01_00_01.msb	m24_01_00_01	Item_宝死体_520	303	-1	o000633_0001	-1	-202.46	-40.377	-14.7	item_lot_1	2410520	宝死体42 前半	52410520
m24_01_00_01.msb	m24_01_00_01	Item_宝死体_530	304	-1	o000632_0005	-1	-193.97	-31.253	24.54	item_lot_1	2410530	宝死体43 前半	52410530
m24_01_00_01.msb	m24_01_00_01	Item_宝死体_540	288	-1	o000633_0002	-1	-250.09	-31.44	-3.21	item_lot_1	2410540	宝死体44 前半	52410540
m24_01_00_01.msb	m24_01_00_01	Item_宝死体_560	306	-1	o000632_0040	-1	-231.36	-37.334	-6.31	item_lot_1	2410560	宝死体46 前半	52410560
m24_01_00_01.msb	m24_01_00_01	Item_宝死体_570	252	-1	o000633_0008	-1	-238.47	-37.4	54.99	item_lot_1	2410570	宝死体47 前半	52410570
m24_01_00_01.msb	m24_01_00_01	Item_宝死体_590	123	-1	o000632_0007	-1	-169.27	-44.11	65.28	item_lot_1	2410590	宝死体49 前半	52410590
m24_01_00_01.msb	m24_01_00_01	Item_宝死体_600	125	-1	o000632_0008	-1	-222.9	-37.44	30.53	item_lot_1	2410600	宝死体50 前半	52410600
m24_01_00_01.msb	m24_01_00_01	Item_宝死体_610	134	-1	o000630_0003	-1	-180.4	-60.21	-61.64	item_lot_1	2410610	宝死体51-1 後半	52410610
m24_01_00_01.msb	m24_01_00_01	Item_宝死体_620	143	-1	o000632_0004	-1	-193.07	-54.93	-56.97	item_lot_1	2410620	宝死体52 後半	52410620
m24_01_00_01.msb	m24_01_00_01	Item_宝死体_620	143	-1	o000632_0004	-1	-193.07	-54.93	-56.97	item_lot_3	2410621		
m24_01_00_01.msb	m24_01_00_01	Item_宝死体_630	144	-1	o000632_0010	-1	-182.82	-29.3	-4.72	item_lot_1	2410630	宝死体53 後半	52410630
m24_01_00_01.msb	m24_01_00_01	Item_宝死体_650	457	-1	o000632_0001	-1	-210.47	-33.24	44.36	item_lot_1	2410650	宝死体54 前半	52410650
m24_01_00_01.msb	m24_01_00_01	Item_宝死体_800	73	-1	o000632_0000	2411400	-193.64	-47.64	103.08	item_lot_1	2410800	宝死体80 前半	52410800
m24_01_00_01.msb	m24_01_00_01	Item_宝死体_910　少女の姉	345	-1	o248001_0000	2410851	-178.66	-46.45	-63.04	item_lot_1	42000	少女の姉_落下死した死体から拾えるもの	50002200
m24_01_00_01.msb	m24_01_00_01	Item_宝死体_920　ガスコイン嫁	132	-1	o248000_0000	-1	-34.1	-35.6	107.2	item_lot_1	2410920	宝死体_ガスコイン妻	52410920
m24_01_00_01.msb	m24_01_00_01	Item_宝箱_1000_魔石着脱解禁	445	-1	o002100_0002	2411100	34.048	-17.39	103.472	item_lot_1	2411000	宝箱00	52411000
m24_01_00_01.msb	m24_01_00_01	Item_宝箱_1000_魔石着脱解禁（差し替え用）	454	-1	o002100_0003	2411103	34.048	-17.39	103.472	item_lot_1	2411005	宝箱00（前の周で取得済みの場合）	52411005
m24_01_00_01.msb	m24_01_00_01	Item_宝箱_2_ボディジェム	152	-1	o002100_0001	2411102	-244.24	-40.65	189.84264	item_lot_1	2410640	宝箱02	52410640
m24_01_00_01.msb	m24_01_00_01	Item_宝箱_2_ボディジェム（差し替え用）	264	-1	o002100_0000	2411104	-244.24	-40.65	189.84264	item_lot_1	2410645	宝箱02	52410645
m24_01_00_11.msb	m24_01_00_11	Item_宝死体_100	110	-1	o240611_5400	2411500	-126.422676	-67.96971	-103.74716	item_lot_1	2410100	宝死体00 後半	52410100
m24_01_00_11.msb	m24_01_00_11	Item_宝死体_110	111	-1	o240611_5401	2411501	-121.90256	-68.04549	-87.966255	item_lot_1	2410110	宝死体01 後半	52410110
m24_01_00_11.msb	m24_01_00_11	Item_宝死体_120	53	-1	o000633_0010	-1	-182.329	-50.545	132.89	item_lot_1	2410120	宝死体02 前半	52410120
m24_01_00_11.msb	m24_01_00_11	Item_宝死体_130	54	-1	o000633_0000	-1	-208.51	-47.49	115.73	item_lot_1	2410130	宝死体03 裏	52410130
m24_01_00_11.msb	m24_01_00_11	Item_宝死体_140	55	-1	o000632_0002	-1	-210.73	-54.32	184.02	item_lot_1	2410140	宝死体04 裏	52410140
m24_01_00_11.msb	m24_01_00_11	Item_宝死体_150	56	-1	o000632_0003	-1	-213.743	-37.451	-18.165	item_lot_1	2410150	宝死体05 前半	52410150
m24_01_00_11.msb	m24_01_00_11	Item_宝死体_160	57	-1	o000632_0011	-1	-216.674	-31.377	61.493	item_lot_1	2410160	宝死体06 前半	52410160
m24_01_00_11.msb	m24_01_00_11	Item_宝死体_170	58	-1	o000632_0012	-1	-255.68	-35.134953	37.29	item_lot_1	2410170	宝死体07 前半	52410170
m24_01_00_11.msb	m24_01_00_11	Item_宝死体_180	120	-1	o000633_0003	-1	-181.505	-37.356	-7.018	item_lot_1	2410180	宝死体08 前半	52410180
m24_01_00_11.msb	m24_01_00_11	Item_宝死体_190	121	-1	o000632_0014	-1	-173.241	-37.289	-20.341	item_lot_1	2410190	宝死体09 前半	52410190
m24_01_00_11.msb	m24_01_00_11	Item_宝死体_200	122	-1	o000632_0015	-1	-200.06	-40.409	-12.9	item_lot_1	2410200	宝死体10 前半	52410200
m24_01_00_11.msb	m24_01_00_11	Item_宝死体_210	458	-1	o000633_0015	-1	-246.42	-31.5	-20.37	item_lot_1	2410210	宝死体11 前半	52410210
m24_01_00_11.msb	m24_01_00_11	Item_宝死体_220	124	-1	o000633_0004	-1	-201.836	-36.189	17.924	item_lot_1	2410220	宝死体12 前半	52410220
m24_01_00_11.msb	m24_01_00_11	Item_宝死体_240	126	-1	o000632_0017	-1	-128.543	-43.433	-26.239	item_lot_1	2410240	宝死体14 後半	52410240
m24_01_00_11.msb	m24_01_00_11	Item_宝死体_250	127	-1	o000632_0018	-1	-110.59	-70.847	-85.22	item_lot_1	2410250	宝死体15 前半	52410250
m24_01_00_11.msb	m24_01_00_11	Item_宝死体_260	128	-1	o000633_0005	-1	-140.1	-60.993	-150.37	item_lot_1	2410260	宝死体16 後半	52410260
m24_01_00_11.msb	m24_01_00_11	Item_宝死体_270	129	-1	o000633_0006	-1	-181.05	-75.277	-75.22	item_lot_1	2410270	宝死体17 後半	52410270
m24_01_00_11.msb	m24_01_00_11	Item_宝死体_280	130	-1	o000633_0007	-1	-91.91	-78.262	5.15	item_lot_1	2410280	宝死体18 後半	52410280
m24_01_00_11.msb	m24_01_00_11	Item_宝死体_290（ショップ解禁 工房A）	131	-1	o000630_0000	2411450	-88.35	-78.234	-4.66	item_lot_1	2410290	宝死体19 後半	52410290
m24_01_00_11.msb	m24_01_00_11	Item_宝死体_290（差し替え用）	456	-1	o000630_0001	2411451	-88.35	-78.234	-4.66	item_lot_1	2410295	宝死体19 後半（2周目以降）	52410295
m24_01_00_11.msb	m24_01_00_11	Item_宝死体_310	133	-1	o000633_0009	-1	-235.29	-31.41	-4.61	item_lot_1	2410310	宝死体21 前半	52410310
m24_01_00_11.msb	m24_01_00_11	Item_宝死体_330	135	-1	o000632_0024	-1	-171.594	-65.615	-96.582	item_lot_1	2410330	宝死体23 前半	52410330
m24_01_00_11.msb	m24_01_00_11	Item_宝死体_340	136	-1	o000632_0026	-1	-175.19	-48.408	96.709	item_lot_1	2410340	宝死体24 前半	52410340
m24_01_00_11.msb	m24_01_00_11	Item_宝死体_360	138	-1	o000633_0011	-1	-185.359	-43.798	72.183	item_lot_1	2410360	宝死体26 前半	52410360
m24_01_00_11.msb	m24_01_00_11	Item_宝死体_370	139	-1	o000632_0029	-1	-170.03	-40.218	-47.51	item_lot_1	2410370	宝死体27 前半	52410370
m24_01_00_11.msb	m24_01_00_11	Item_宝死体_380	140	-1	o000632_0030	-1	-203.47	-40.383	-11.328	item_lot_1	2410380	宝死体28 前半	52410380
m24_01_00_11.msb	m24_01_00_11	Item_宝死体_390	141	-1	o000633_0012	-1	-219.717	-34.489	-63.268	item_lot_1	2410390	宝死体29 前半	52410390
m24_01_00_11.msb	m24_01_00_11	Item_宝死体_400	142	-1	o000632_0032	-1	-236.683	-26.491	-38.311	item_lot_1	2410400	宝死体30 前半	52410400
m24_01_00_11.msb	m24_01_00_11	Item_宝死体_430	145	-1	o000632_0033	-1	-117.39	-26.635	65.475	item_lot_1	2410430	宝死体33 前半	52410430
m24_01_00_11.msb	m24_01_00_11	Item_宝死体_440	146	-1	o000633_0013	-1	-115.2	-50.652	-102.27	item_lot_1	2410440	宝死体34 後半	52410440
m24_01_00_11.msb	m24_01_00_11	Item_宝死体_450	147	-1	o000632_0035	-1	-137.365	-60.848	-86.068	item_lot_1	2410450	宝死体35 後半	52410450
m24_01_00_11.msb	m24_01_00_11	Item_宝死体_470	149	-1	o000632_0036	-1	-158.18	-60.832	-102.38	item_lot_1	2410470	宝死体37 後半	52410470
m24_01_00_11.msb	m24_01_00_11	Item_宝死体_480	150	-1	o000632_0037	-1	-149.9	-46.322	-86.29	item_lot_1	2410480	宝死体38 後半	52410480
m24_01_00_11.msb	m24_01_00_11	Item_宝死体_490	151	-1	o000632_0038	-1	-127.606	-78.169	-56.405	item_lot_1	2410490	宝死体39 後半	52410490
m24_01_00_11.msb	m24_01_00_11	Item_宝死体_510	153	-1	o000633_0014	-1	-54.64	-48.677	44.03	item_lot_1	2410510	宝死体41 後半	52410510
m24_01_00_11.msb	m24_01_00_11	Item_宝死体_520	303	-1	o000633_0001	-1	-202.46	-40.377	-14.7	item_lot_1	2410520	宝死体42 前半	52410520
m24_01_00_11.msb	m24_01_00_11	Item_宝死体_530	304	-1	o000632_0005	-1	-193.97	-31.253	24.54	item_lot_1	2410530	宝死体43 前半	52410530
m24_01_00_11.msb	m24_01_00_11	Item_宝死体_540	288	-1	o000633_0002	-1	-250.09	-31.44	-3.21	item_lot_1	2410540	宝死体44 前半	52410540
m24_01_00_11.msb	m24_01_00_11	Item_宝死体_560	306	-1	o000632_0040	-1	-231.36	-37.334	-6.31	item_lot_1	2410560	宝死体46 前半	52410560
m24_01_00_11.msb	m24_01_00_11	Item_宝死体_570	252	-1	o000633_0008	-1	-238.47	-37.4	54.99	item_lot_1	2410570	宝死体47 前半	52410570
m24_01_00_11.msb	m24_01_00_11	Item_宝死体_590	123	-1	o000632_0007	-1	-169.27	-44.11	65.28	item_lot_1	2410590	宝死体49 前半	52410590
m24_01_00_11.msb	m24_01_00_11	Item_宝死体_600	125	-1	o000632_0008	-1	-222.9	-37.44	30.53	item_lot_1	2410600	宝死体50 前半	52410600
m24_01_00_11.msb	m24_01_00_11	Item_宝死体_610	134	-1	o000630_0003	-1	-180.4	-60.21	-61.64	item_lot_1	2410610	宝死体51-1 後半	52410610
m24_01_00_11.msb	m24_01_00_11	Item_宝死体_620	143	-1	o000632_0004	-1	-193.07	-54.93	-56.97	item_lot_1	2410620	宝死体52 後半	52410620
m24_01_00_11.msb	m24_01_00_11	Item_宝死体_620	143	-1	o000632_0004	-1	-193.07	-54.93	-56.97	item_lot_3	2410621		
m24_01_00_11.msb	m24_01_00_11	Item_宝死体_630	144	-1	o000632_0010	-1	-182.82	-29.3	-4.72	item_lot_1	2410630	宝死体53 後半	52410630
m24_01_00_11.msb	m24_01_00_11	Item_宝死体_650	457	-1	o000632_0001	-1	-210.47	-33.24	44.36	item_lot_1	2410650	宝死体54 前半	52410650
m24_01_00_11.msb	m24_01_00_11	Item_宝死体_800	73	-1	o000632_0000	2411400	-193.64	-47.64	103.08	item_lot_1	2410800	宝死体80 前半	52410800
m24_01_00_11.msb	m24_01_00_11	Item_宝死体_910　少女の姉	345	-1	o248001_0000	2410851	-178.66	-46.45	-63.04	item_lot_1	42000	少女の姉_落下死した死体から拾えるもの	50002200
m24_01_00_11.msb	m24_01_00_11	Item_宝死体_920　ガスコイン嫁	132	-1	o248000_0000	-1	-34.1	-35.6	107.2	item_lot_1	2410920	宝死体_ガスコイン妻	52410920
m24_01_00_11.msb	m24_01_00_11	Item_宝箱_1000_魔石着脱解禁	445	-1	o002100_0002	2411100	34.048	-17.39	103.472	item_lot_1	2411000	宝箱00	52411000
m24_01_00_11.msb	m24_01_00_11	Item_宝箱_1000_魔石着脱解禁（差し替え用）	454	-1	o002100_0003	2411103	34.048	-17.39	103.472	item_lot_1	2411005	宝箱00（前の周で取得済みの場合）	52411005
m24_01_00_11.msb	m24_01_00_11	Item_宝箱_2_ボディジェム	152	-1	o002100_0001	2411102	-244.24	-40.65	189.84264	item_lot_1	2410640	宝箱02	52410640
m24_01_00_11.msb	m24_01_00_11	Item_宝箱_2_ボディジェム（差し替え用）	264	-1	o002100_0000	2411104	-244.24	-40.65	189.84264	item_lot_1	2410645	宝箱02	52410645
m24_02_00_00.msb	m24_02_00_00	Item 宝死体01	0	-1	o000631_0009	-1	19.62	41.074265	200.07	item_lot_1	2420110	宝死体01	52420110
m24_02_00_00.msb	m24_02_00_00	Item 宝死体02	7	-1	o000631_0002	2421500	-45.1232	47.766235	294.4444	item_lot_1	2420120	宝死体02	52420120
m24_02_00_00.msb	m24_02_00_00	Item 宝死体02（差し替え用）	124	-1	o000631_0020	2421501	-45.1232	47.766235	294.4444	item_lot_1	2420125	宝死体02（差し替え用）	52420125
m24_02_00_00.msb	m24_02_00_00	Item 宝死体03	11	-1	o000631_0005	-1	-91.3179	47.056534	273.68527	item_lot_1	2420130	宝死体03	52420130
m24_02_00_00.msb	m24_02_00_00	Item 宝死体04	12	-1	o000631_0007	-1	-93.67065	54.799408	275.08783	item_lot_1	2420140	宝死体04	52420140
m24_02_00_00.msb	m24_02_00_00	Item 宝死体05	13	-1	o000630_0000	-1	-114.095	58.870003	285.973	item_lot_1	2420150	宝死体05_0	52420150
m24_02_00_00.msb	m24_02_00_00	Item 宝死体06	14	-1	o000631_0004	-1	-125.44022	58.870003	303.82736	item_lot_1	2420160	宝死体06	52420160
m24_02_00_00.msb	m24_02_00_00	Item 宝死体07	15	-1	o000631_0011	-1	-73.91924	58.869762	272.50198	item_lot_1	2420170	宝死体07	52420170
m24_02_00_00.msb	m24_02_00_00	Item 宝死体08	16	-1	o000631_0014	-1	-78.456	59.016	315.562	item_lot_1	2420180	宝死体08	52420180
m24_02_00_00.msb	m24_02_00_00	Item 宝死体09	17	-1	o000630_0001	-1	-84.37619	59.016	322.318	item_lot_1	2420190	宝死体09	52420190
m24_02_00_00.msb	m24_02_00_00	Item 宝死体10	18	-1	o000631_0010	-1	-91.327	58.870003	323.435	item_lot_1	2420200	宝死体10	52420200
m24_02_00_00.msb	m24_02_00_00	Item 宝死体11	19	-1	o000631_0008	-1	-93.69532	58.870003	325.92505	item_lot_1	2420210	宝死体11	52420210
m24_02_00_00.msb	m24_02_00_00	Item 宝死体12	129	-1	o000631_0013	-1	-108.84	59.016	336.256	item_lot_1	2420220	宝死体12	52420220
m24_02_00_00.msb	m24_02_00_00	Item 宝死体13	149	-1	o000631_0000	-1	-53.472935	60.592937	274.9488	item_lot_1	2420230	宝死体13-1	52420230
m24_02_00_00.msb	m24_02_00_00	Item 宝死体14	151	-1	o000631_0012	-1	-67.096	49.123	291.301	item_lot_1	2420240	宝死体14	52420240
m24_02_00_00.msb	m24_02_00_00	Item 宝死体15	152	-1	o000631_0015	-1	81.831406	4.123318	372.87155	item_lot_1	2420250	宝死体15	52420250
m24_02_00_00.msb	m24_02_00_00	Item 宝死体16	153	-1	o000631_0001	-1	-57.91	58.87	304.42	item_lot_1	2420260	宝死体16	52420260
m24_02_00_00.msb	m24_02_00_00	Item 宝死体17	154	-1	o000631_0016	2421102	-101.29	49.13	287.65	item_lot_1	2420270	宝死体17	52420270
m24_02_00_00.msb	m24_02_00_00	Item 宝死体17（差し替え用）	169	-1	o000631_0017	2421103	-101.29	49.13	287.65	item_lot_1	2420275	（前の周で取得済みの場合）	52420285
m24_02_00_00.msb	m24_02_00_00	Item 宝死体18	20	-1	o000631_0019	-1	68.829	50.352	331.05	item_lot_1	2420320	宝死体20	52420320
m24_02_00_00.msb	m24_02_00_00	Item 宝死体19	156	-1	o000631_0018	-1	19.93	40.79	190.6	item_lot_1	2420310	宝死体19	52420310
m24_02_00_00.msb	m24_02_00_00	Item_宝死体18	126	-1	o000631_0003	-1	-54.97	49	285.43	item_lot_1	2420300	宝死体18	52420300
m24_02_00_01.msb	m24_02_00_01	Item 宝死体01	0	-1	o000631_0009	-1	19.62	41.074265	200.07	item_lot_1	2420110	宝死体01	52420110
m24_02_00_01.msb	m24_02_00_01	Item 宝死体02	7	-1	o000631_0002	2421500	-45.1232	47.766235	294.4444	item_lot_1	2420120	宝死体02	52420120
m24_02_00_01.msb	m24_02_00_01	Item 宝死体02（差し替え用）	124	-1	o000631_0020	2421501	-45.1232	47.766235	294.4444	item_lot_1	2420125	宝死体02（差し替え用）	52420125
m24_02_00_01.msb	m24_02_00_01	Item 宝死体03	11	-1	o000631_0005	-1	-91.3179	47.056534	273.68527	item_lot_1	2420130	宝死体03	52420130
m24_02_00_01.msb	m24_02_00_01	Item 宝死体04	12	-1	o000631_0007	-1	-93.67065	54.799408	275.08783	item_lot_1	2420140	宝死体04	52420140
m24_02_00_01.msb	m24_02_00_01	Item 宝死体05	13	-1	o000630_0000	-1	-114.095	58.870003	285.973	item_lot_1	2420150	宝死体05_0	52420150
m24_02_00_01.msb	m24_02_00_01	Item 宝死体06	14	-1	o000631_0004	-1	-125.44022	58.870003	303.82736	item_lot_1	2420160	宝死体06	52420160
m24_02_00_01.msb	m24_02_00_01	Item 宝死体07	15	-1	o000631_0011	-1	-73.91924	58.869762	272.50198	item_lot_1	2420170	宝死体07	52420170
m24_02_00_01.msb	m24_02_00_01	Item 宝死体08	16	-1	o000631_0014	-1	-78.456	59.016	315.562	item_lot_1	2420180	宝死体08	52420180
m24_02_00_01.msb	m24_02_00_01	Item 宝死体09	17	-1	o000630_0001	-1	-84.37619	59.016	322.318	item_lot_1	2420190	宝死体09	52420190
m24_02_00_01.msb	m24_02_00_01	Item 宝死体10	18	-1	o000631_0010	-1	-91.327	58.870003	323.435	item_lot_1	2420200	宝死体10	52420200
m24_02_00_01.msb	m24_02_00_01	Item 宝死体11	19	-1	o000631_0008	-1	-93.69532	58.870003	325.92505	item_lot_1	2420210	宝死体11	52420210
m24_02_00_01.msb	m24_02_00_01	Item 宝死体12	129	-1	o000631_0013	-1	-108.84	59.016	336.256	item_lot_1	2420220	宝死体12	52420220
m24_02_00_01.msb	m24_02_00_01	Item 宝死体13	149	-1	o000631_0000	-1	-53.472935	60.592937	274.9488	item_lot_1	2420230	宝死体13-1	52420230
m24_02_00_01.msb	m24_02_00_01	Item 宝死体14	151	-1	o000631_0012	-1	-67.096	49.123	291.301	item_lot_1	2420240	宝死体14	52420240
m24_02_00_01.msb	m24_02_00_01	Item 宝死体15	152	-1	o000631_0015	-1	81.831406	4.123318	372.87155	item_lot_1	2420250	宝死体15	52420250
m24_02_00_01.msb	m24_02_00_01	Item 宝死体16	153	-1	o000631_0001	-1	-57.91	58.87	304.42	item_lot_1	2420260	宝死体16	52420260
m24_02_00_01.msb	m24_02_00_01	Item 宝死体17	154	-1	o000631_0016	2421102	-101.29	49.13	287.65	item_lot_1	2420270	宝死体17	52420270
m24_02_00_01.msb	m24_02_00_01	Item 宝死体17（差し替え用）	169	-1	o000631_0017	2421103	-101.29	49.13	287.65	item_lot_1	2420275	（前の周で取得済みの場合）	52420285
m24_02_00_01.msb	m24_02_00_01	Item 宝死体18	20	-1	o000631_0019	-1	68.829	50.352	331.05	item_lot_1	2420320	宝死体20	52420320
m24_02_00_01.msb	m24_02_00_01	Item 宝死体19	156	-1	o000631_0018	-1	19.93	40.79	190.6	item_lot_1	2420310	宝死体19	52420310
m24_02_00_01.msb	m24_02_00_01	Item_宝死体18	126	-1	o000631_0003	-1	-54.97	49	285.43	item_lot_1	2420300	宝死体18	52420300
m25_00_00_00.msb	m25_00_00_00	Item_宝死体_00	200	-1	o000631_0011	-1	-21.93	30.27	-242.79	item_lot_1	2500100	宝死体00	52500100
m25_00_00_00.msb	m25_00_00_00	Item_宝死体_01	15	-1	o000631_0000	-1	15.83	31.32	-219.63	item_lot_1	2500110	宝死体01	52500110
m25_00_00_00.msb	m25_00_00_00	Item_宝死体_02	16	-1	o000631_0006	-1	65.95	36.55	-291.94	item_lot_1	2500120	宝死体02	52500120
m25_00_00_00.msb	m25_00_00_00	Item_宝死体_03	17	-1	o000631_0001	-1	69.87	35.99	-230.89	item_lot_1	2500130	宝死体03	52500130
m25_00_00_00.msb	m25_00_00_00	Item_宝死体_04	19	-1	o000631_0012	-1	73.69	36.53	-238.15	item_lot_1	2500140	宝死体04	52500140
m25_00_00_00.msb	m25_00_00_00	Item_宝死体_05	26	-1	o000631_0008	-1	80.53	36.06	-229.8	item_lot_1	2500150	宝死体05-0	52500150
m25_00_00_00.msb	m25_00_00_00	Item_宝死体_06	32	-1	o002100_0004	2501209	119.54	50	-241.46	item_lot_1	2500160	宝死体06	52500160
m25_00_00_00.msb	m25_00_00_00	Item_宝死体_07	177	-1	o002100_0005	2501210	-34.13	65	-239	item_lot_1	2500170	宝死体07	52500170
m25_00_00_00.msb	m25_00_00_00	Item_宝死体_08	199	-1	o000631_0010	-1	-76.97	70.8	-233.25	item_lot_1	2500180	宝死体08	52500180
m25_00_00_00.msb	m25_00_00_00	Item_宝死体_09	201	-1	o000631_0007	-1	-95.5	67.39	-295.06	item_lot_1	2500190	宝死体09	52500190
m25_00_00_00.msb	m25_00_00_00	Item_宝死体_10	50	-1	o000611_0003	-1	121.07	49.998	-253.65	item_lot_1	2500200	宝死体10	52500200
m25_00_00_00.msb	m25_00_00_00	Item_宝死体_11	55	-1	o000631_0014	-1	108.46	40.78	-261.03	item_lot_1	2500210	宝死体11	52500210
m25_00_00_00.msb	m25_00_00_00	Item_宝死体_12	58	-1	o000631_0002	-1	91.97	40.617	-282.77	item_lot_1	2500220	宝死体12	52500220
m25_00_00_00.msb	m25_00_00_00	Item_宝死体_13	59	-1	o000631_0009	-1	89.241	50.1	-290.339	item_lot_1	2500230	宝死体13	52500230
m25_00_00_00.msb	m25_00_00_00	Item_宝死体_14	172	-1	o000631_0003	-1	111.519	50.004	-236.113	item_lot_1	2500240	宝死体14	52500240
m25_00_00_00.msb	m25_00_00_00	Item_宝死体_15	243	-1	o002100_0001	2501211	-72.62	65	-268.04	item_lot_1	2500250	宝死体15	52500250
m25_00_00_00.msb	m25_00_00_00	Item_宝死体_16	13	-1	o000631_0016	-1	-2.71	79.67	-312.44	item_lot_1	2500260	宝死体16	52500260
m25_00_00_00.msb	m25_00_00_00	Item_宝死体_17	57	-1	o000631_0005	-1	22.56	97.74	-297.12	item_lot_1	2500270	宝死体17	52500270
m25_00_00_00.msb	m25_00_00_00	Item_宝箱_00	202	-1	o002100_0000	2501200	110.55	40.6	-293.3	item_lot_1	2501000	宝箱00	52501000
m25_00_00_00.msb	m25_00_00_00	Item_宝箱_01	203	-1	o000631_0013	2501201	50.55	70.08	-224.29	item_lot_1	2501010	宝箱01	52501010
m25_00_00_00.msb	m25_00_00_00	Item_宝箱_02	204	-1	o000631_0015	2501202	-74.48	63.97	-220.46	item_lot_1	2501020	宝箱02-1	52501020
m25_00_00_00.msb	m25_00_00_00	Item_宝箱_03	205	-1	o000631_0018	2501203	-74.76	76.58	-279.49	item_lot_1	2501030	宝箱03	52501030
m25_00_00_00.msb	m25_00_00_00	Item_宝箱_04	206	-1	o002100_0002	2501204	-32.69	82.8	-293.5	item_lot_1	2501040	宝箱04-0	52501040
m25_00_00_00.msb	m25_00_00_00	Item_宝箱_05	207	-1	o000631_0004	-1	-36.52	96.51	-280.86	item_lot_1	2501050	宝箱05	52501050
m25_00_00_00.msb	m25_00_00_00	Item_宝箱_06	219	-1	o000631_0017	2501206	-19.72	18.24	-268.13	item_lot_1	2501060	宝箱06	52501060
m25_00_00_00.msb	m25_00_00_00	Item_宝箱_07	242	-1	o002100_0003	2501208	-58.75	65	-231.6	item_lot_1	2501070	宝箱07-1	52501070
m25_00_00_00.msb	m25_00_00_00	Item_宝箱_08	196	-1	o002100_0006	2501205	-50.71	65	-259.87	item_lot_1	2501080	宝箱08	52501080
m26_00_00_00.msb	m26_00_00_00	Item_宝死体46	226	-1	o000631_0036	-1	8.92	1001.99	134.39	item_lot_1	2600560	宝死体46	52600560
m26_00_00_00.msb	m26_00_00_00	Item_宝死体48	255	-1	o000631_0038	-1	131.52	1046.46	-63.85	item_lot_1	2600580	宝死体48	52600580
m26_00_00_00.msb	m26_00_00_00	Item_宝死体A_00	279	-1	o000631_0000	-1	130.62	1017.21	120.72	item_lot_1	2600100	宝死体00 前半	52600100
m26_00_00_00.msb	m26_00_00_00	Item_宝死体A_01	280	-1	o000631_0001	-1	135.44	1030.91	16.36	item_lot_1	2600110	宝死体01 後半	52600110
m26_00_00_00.msb	m26_00_00_00	Item_宝死体A_02	281	-1	o000631_0002	-1	124.6	1033.57	39.96	item_lot_1	2600120	宝死体02 後半	52600120
m26_00_00_00.msb	m26_00_00_00	Item_宝死体A_03	282	-1	o000631_0003	-1	126.39	1033.64	46.61	item_lot_1	2600130	宝死体03 後半	52600130
m26_00_00_00.msb	m26_00_00_00	Item_宝死体A_04	283	-1	o000631_0004	-1	123	1033.49	52.08	item_lot_1	2600140	宝死体04 後半	52600140
m26_00_00_00.msb	m26_00_00_00	Item_宝死体A_05	284	-1	o000631_0005	-1	124.51	1033.44	59.78	item_lot_1	2600150	宝死体05 後半	52600150
m26_00_00_00.msb	m26_00_00_00	Item_宝死体A_06	285	-1	o000631_0006	-1	122.68	1033.47	62.68	item_lot_1	2600160	宝死体06 後半	52600160
m26_00_00_00.msb	m26_00_00_00	Item_宝死体A_07	286	-1	o000631_0007	-1	78.03	1055.86	-48.57	item_lot_1	2600170	宝死体07 ボス部屋	52600170
m26_00_00_00.msb	m26_00_00_00	Item_宝死体B_00	287	-1	o000631_0009	-1	-80.02	967.33	21.65	item_lot_1	2600180	宝死体08 前半	52600180
m26_00_00_00.msb	m26_00_00_00	Item_宝死体B_01	288	-1	o000631_0010	-1	-34.98	976.76	30	item_lot_1	2600190	宝死体09 前半	52600190
m26_00_00_00.msb	m26_00_00_00	Item_宝死体B_02	289	-1	o000631_0011	-1	78.14	1026.57	-39.82	item_lot_1	2600200	宝死体10 前半	52600200
m26_00_00_00.msb	m26_00_00_00	Item_宝死体B_03	290	-1	o000631_0012	-1	63.09	1024.93	-21.27	item_lot_1	2600210	宝死体11 前半	52600210
m26_00_00_00.msb	m26_00_00_00	Item_宝死体B_04	291	-1	o000631_0013	-1	134.99	1031.02	29.09	item_lot_1	2600220	宝死体12 前半	52600220
m26_00_00_00.msb	m26_00_00_00	Item_宝死体B_05	292	-1	o000631_0014	-1	177.66	1034.64	-24.18	item_lot_1	2600230	宝死体13 ボス部屋	52600230
m26_00_00_00.msb	m26_00_00_00	Item_宝死体C_00	293	-1	o000631_0040	-1	122.01	1019.45	104.08	item_lot_1	2600240	宝死体14 前半	52600240
m26_00_00_00.msb	m26_00_00_00	Item_宝死体C_01	294	-1	o000631_0020	-1	108.51	1003.72	-35.69	item_lot_1	2600250	宝死体15 前半	52600250
m26_00_00_00.msb	m26_00_00_00	Item_宝死体C_02	295	-1	o000612_0002	-1	131.46	1039.05	-43	item_lot_1	2600260	宝死体16 ボス部屋	52600260
m26_00_00_00.msb	m26_00_00_00	Item_宝死体C_03	296	-1	o000631_0021	-1	100.04	1049.23	-38.34	item_lot_1	2600270	宝死体17 ボス部屋	52600270
m26_00_00_00.msb	m26_00_00_00	Item_宝死体C_04	297	-1	o000631_0008	-1	114.91	1060.43	-20.32	item_lot_1	2600280	宝死体18 ボス部屋	52600280
m26_00_00_00.msb	m26_00_00_00	Item_宝死体D_00	298	-1	o000631_0022	-1	-14.16	991.8	100.96	item_lot_1	2600290	宝死体19 前半	52600290
m26_00_00_00.msb	m26_00_00_00	Item_宝死体D_01	299	-1	o000631_0023	2601502	44.04	983.84	2.37	item_lot_1	2600300	宝死体20 前半	52600300
m26_00_00_00.msb	m26_00_00_00	Item_宝死体D_01（差し替え用）	390	-1	o000631_0042	2601503	44.04	983.84	2.37	item_lot_1	2600305	宝死体20 前半（差し替え用）	52600305
m26_00_00_00.msb	m26_00_00_00	Item_宝死体D_02	300	-1	o000631_0024	-1	67.03	1009.15	147.54	item_lot_1	2600310	宝死体21 前半	52600310
m26_00_00_00.msb	m26_00_00_00	Item_宝死体D_03	301	-1	o000631_0025	-1	100.98	1019.45	96.14	item_lot_1	2600320	宝死体22 前半	52600320
m26_00_00_00.msb	m26_00_00_00	Item_宝死体D_04	302	-1	o000631_0026	-1	112.17	1014.69	6.09	item_lot_1	2600330	宝死体23 前半	52600330
m26_00_00_00.msb	m26_00_00_00	Item_宝死体D_05	303	-1	o000631_0027	-1	148.56	1013.22	-35.25	item_lot_1	2600340	宝死体24 前半	52600340
m26_00_00_00.msb	m26_00_00_00	Item_宝死体D_06	304	-1	o000613_0006	-1	94.49	1003.91	-46.93	item_lot_1	2600350	宝死体25 前半	52600350
m26_00_00_00.msb	m26_00_00_00	Item_宝死体D_07	305	-1	o000631_0028	-1	66.92	1025.16	-17.18	item_lot_1	2600360	宝死体26 前半	52600360
m26_00_00_00.msb	m26_00_00_00	Item_宝死体D_08	306	-1	o000613_0008	-1	159.44	1043.2	-69.85	item_lot_1	2600370	宝死体27 ボス部屋	52600370
m26_00_00_00.msb	m26_00_00_00	Item_宝死体D_09	307	-1	o000631_0029	-1	121.35	1029.82	-62.81	item_lot_1	2600380	宝死体28 ボス部屋	52600380
m26_00_00_00.msb	m26_00_00_00	Item_宝死体D_10	308	-1	o000631_0041	2601500	115.26	1016.83	-77.14	item_lot_1	2600390	宝死体29-0 ボス部屋	52600390
m26_00_00_00.msb	m26_00_00_00	Item_宝死体D_10（差し替え用）	389	-1	o000631_0039	2601501	115.26	1016.83	-77.14	item_lot_1	2600395	宝死体29-0 ボス部屋（差し替え用）	52600395
m26_00_00_00.msb	m26_00_00_00	Item_宝死体D_11	309	-1	o000613_0011	-1	106.16	1048.21	-37.76	item_lot_1	2600400	宝死体30 ボス部屋	52600400
m26_00_00_00.msb	m26_00_00_00	Item_宝死体D_12	310	-1	o000631_0030	-1	96.57	1043.18	-6.46	item_lot_1	2600410	宝死体31 ボス部屋	52600410
m26_00_00_00.msb	m26_00_00_00	Item_宝死体D_13	311	-1	o000631_0031	-1	135.409	1067.529	7.618	item_lot_1	2600420	宝死体32 後半	52600420
m26_00_00_00.msb	m26_00_00_00	Item_宝死体D_14	312	-1	o000613_0014	-1	93.15	1075.86	-0.09	item_lot_1	2600430	宝死体33 後半	52600430
m26_00_00_00.msb	m26_00_00_00	Item_宝死体_44	159	-1	o000631_0015	-1	131.13	1003.75	-30.74	item_lot_1	2600440	宝死体34 前半	52600440
m26_00_00_00.msb	m26_00_00_00	Item_宝死体_44	167	-1	o000631_0037	-1	100.51	1043.19	-38.11	item_lot_1	2600610	宝死体51	52600610
m26_00_00_00.msb	m26_00_00_00	Item_宝死体_45	220	-1	o000631_0016	-1	188.67	1085.21	-17.34	item_lot_1	2600450	宝死体35 後半	52600450
m26_00_00_00.msb	m26_00_00_00	Item_宝死体_46	221	-1	o000631_0017	-1	152.82	1094.29	-83.08	item_lot_1	2600460	宝死体36 後半	52600460
m26_00_00_00.msb	m26_00_00_00	Item_宝死体_47	222	-1	o000631_0032	-1	150.25	1094.56	-81.29	item_lot_1	2600470	宝死体37 後半	52600470
m26_00_00_00.msb	m26_00_00_00	Item_宝死体_48	379	-1	o000631_0033	-1	166.73	1093.35	-77.13	item_lot_1	2600480	宝死体38 後半	52600480
m26_00_00_00.msb	m26_00_00_00	Item_宝死体_49	380	-1	o000631_0018	-1	140.45	1085.11	-103.12	item_lot_1	2600490	宝死体39 後半	52600490
m26_00_00_00.msb	m26_00_00_00	Item_宝死体_50	381	-1	o000631_0034	-1	114.81	1059.02	42.74	item_lot_1	2600500	宝死体40 後半	52600500
m26_00_00_00.msb	m26_00_00_00	Item_宝死体_51	382	-1	o000631_0019	-1	109.6	1059.06	83.55	item_lot_1	2600510	宝死体41 後半	52600510
m26_00_00_00.msb	m26_00_00_00	Item_宝死体_52	383	-1	o000611_0011	-1	96.06	1039.95	136.01	item_lot_1	2600520	宝死体42 後半	52600520
m26_00_00_00.msb	m26_00_00_00	Item_宝死体_53	384	-1	o000612_0005	-1	121.95	1039.95	125.52	item_lot_1	2600530	宝死体43 後半	52600530
m26_00_00_00.msb	m26_00_00_00	Item_宝死体_54	385	-1	o000631_0035	-1	101.74	1021.34	57.66	item_lot_1	2600540	宝死体44 後半	52600540
m26_00_00_00.msb	m26_00_00_00	Item_宝死体_55_悪夢の主宝死体	386	-1	o009840_0000	-1	136.26	1063.28	8.72	item_lot_1	2600550	宝死体45_悪夢の主宝死体	52600550
m26_00_00_00.msb	m26_00_00_00	Item_宝箱_00	267	-1	o002100_0000	2601005	75.05	1098.4	-25.18	item_lot_1	2601000	宝箱00-0 前半	52601000
m26_00_00_00.msb	m26_00_00_00	Item_宝箱_01	268	-1	o002100_0001	2601006	137.2	1019.69	4.56	item_lot_1	2601010	宝箱01 前半	52601010
m26_00_00_00.msb	m26_00_00_00	Item_宝箱_02	256	-1	o002100_0002	2601007	115.07	1058.7	-1	item_lot_1	2600590	宝箱02 後半	52600590
m26_00_00_00.msb	m26_00_00_00	Item_宝箱_03	257	-1	o002100_0003	2601009	112.8	1039.93	138.41	item_lot_1	2600600	宝死体50	52600600
m27_00_00_00.msb	m27_00_00_00	Item 宝死体00	8	-1	o000632_0021	-1	-194.146	-155.74	457.085	item_lot_1	2700100	宝死体00_1	52700100
m27_00_00_00.msb	m27_00_00_00	Item 宝死体01	9	-1	o000632_0006	-1	-272.812	-93.64	308.454	item_lot_1	2700110	宝死体01	52700110
m27_00_00_00.msb	m27_00_00_00	Item 宝死体02	10	-1	o000630_0000	-1	-286.219	-98.565	314.909	item_lot_1	2700120	宝死体02	52700120
m27_00_00_00.msb	m27_00_00_00	Item 宝死体03	11	-1	o000632_0015	-1	-194.189	-153.465	430.753	item_lot_1	2700130	宝死体03	52700130
m27_00_00_00.msb	m27_00_00_00	Item 宝死体04	12	-1	o000632_0026	-1	-364.874	-95.596	216.785	item_lot_1	2700140	宝死体04	52700140
m27_00_00_00.msb	m27_00_00_00	Item 宝死体05	45	-1	o000630_0001	-1	-375.983	-78.457	137.751	item_lot_1	2700150	宝死体05-1	52700150
m27_00_00_00.msb	m27_00_00_00	Item 宝死体07	47	-1	o000633_0003	-1	-293.218	-91.449	161.956	item_lot_1	2700170	宝死体07	52700170
m27_00_00_00.msb	m27_00_00_00	Item 宝死体08	58	-1	o000633_0008	-1	-156.366	-136.221	471.635	item_lot_1	2700770	宝死体63	52700770
m27_00_00_00.msb	m27_00_00_00	Item 宝死体09	59	-1	o000633_0020	-1	-203.356	-75.194	212.85	item_lot_1	2700190	宝死体09	52700190
m27_00_00_00.msb	m27_00_00_00	Item 宝死体10	60	-1	o000632_0009	2701502	-298.988	-172.286	418.005	item_lot_1	2700200	宝死体10	52700200
m27_00_00_00.msb	m27_00_00_00	Item 宝死体10（差し替え用）	144	-1	o000632_0007	2701503	-298.988	-172.286	418.005	item_lot_1	2700205	宝死体10（差し替え用）	52700205
m27_00_00_00.msb	m27_00_00_00	Item 宝死体11	61	-1	o000633_0001	-1	-115.061	-52.036	201.272	item_lot_1	2700210	宝死体11	52700210
m27_00_00_00.msb	m27_00_00_00	Item 宝死体12	62	-1	o000632_0023	-1	-343.257	-99.75	227.213	item_lot_1	2700220	宝死体12	52700220
m27_00_00_00.msb	m27_00_00_00	Item 宝死体13	63	-1	o000633_0025	-1	-189.249	-158.176	490.044	item_lot_1	2700230	宝死体13	52700230
m27_00_00_00.msb	m27_00_00_00	Item 宝死体14	64	-1	o000632_0011	-1	-152.658	-133.419	447.26	item_lot_1	2700240	宝死体14	52700240
m27_00_00_00.msb	m27_00_00_00	Item 宝死体15	65	-1	o000632_0032	-1	-167.182	-136.802	410.319	item_lot_1	2700250	宝死体15	52700250
m27_00_00_00.msb	m27_00_00_00	Item 宝死体16	66	-1	o000633_0006	-1	-190.253	-153.264	408.082	item_lot_1	2700260	宝死体16	52700260
m27_00_00_00.msb	m27_00_00_00	Item 宝死体17	67	-1	o000632_0034	-1	-191.525	-157.621	353.909	item_lot_1	2700270	宝死体17	52700270
m27_00_00_00.msb	m27_00_00_00	Item 宝死体19	71	-1	o000632_0035	-1	-300.774	-111.481	301.359	item_lot_1	2700290	宝死体19	52700290
m27_00_00_00.msb	m27_00_00_00	Item 宝死体20	72	-1	o000632_0036	-1	-301.02	-173.5	457.47	item_lot_1	2700300	宝死体20	52700300
m27_00_00_00.msb	m27_00_00_00	Item 宝死体21	73	-1	o000632_0012	-1	-241.577	-148.308	465.16	item_lot_1	2700310	宝死体21	52700310
m27_00_00_00.msb	m27_00_00_00	Item 宝死体22	75	-1	o000633_0014	-1	-400.647	-85.25	167.537	item_lot_1	2700320	宝死体22	52700320
m27_00_00_00.msb	m27_00_00_00	Item 宝死体23	76	-1	o000632_0038	-1	-258.974	-86.103	186.055	item_lot_1	2700330	宝死体23	52700330
m27_00_00_00.msb	m27_00_00_00	Item 宝死体24	77	-1	o000632_0039	-1	-215.071	-75.97	258.465	item_lot_1	2700340	宝死体24	52700340
m27_00_00_00.msb	m27_00_00_00	Item 宝死体25	78	-1	o000632_0040	-1	-208.208	-75.61	262.081	item_lot_1	2700350	宝死体25	52700350
m27_00_00_00.msb	m27_00_00_00	Item 宝死体26	79	-1	o000632_0013	-1	-136.494	-121.779	352.476	item_lot_1	2700360	宝死体26	52700360
m27_00_00_00.msb	m27_00_00_00	Item 宝死体27	80	-1	o000632_0014	-1	-162.4	-147	450.7	item_lot_1	2700370	宝死体27	52700370
m27_00_00_00.msb	m27_00_00_00	Item 宝死体28	133	-1	o000632_0000	2701504	-177.93	-155.23	384.21	item_lot_1	2700380	宝死体28	52700380
m27_00_00_00.msb	m27_00_00_00	Item 宝死体28（差し替え用）	157	-1	o000632_0010	2701505	-177.93	-155.23	384.21	item_lot_1	2700385	宝死体28（差し替え用）	52700385
m27_00_00_00.msb	m27_00_00_00	Item 宝死体29	134	-1	o000633_0023	-1	-290.959	-89.836	282.897	item_lot_1	2700390	宝死体29	52700390
m27_00_00_00.msb	m27_00_00_00	Item 宝死体30	141	-1	o000633_0004	-1	-345.34	-96.95	150.66	item_lot_1	2700400	宝死体30	52700400
m27_00_00_00.msb	m27_00_00_00	Item 宝死体31	18	-1	o000630_0002	-1	-219.406	-149.32	425.191	item_lot_1	2700410	宝死体31-1	52700410
m27_00_00_00.msb	m27_00_00_00	Item 宝死体32	19	-1	o000632_0018	-1	-125.998	-135.965	431.363	item_lot_1	2700420	宝死体32	52700420
m27_00_00_00.msb	m27_00_00_00	Item 宝死体33	29	-1	o000632_0016	-1	-182.97	-147.692	452.973	item_lot_1	2700430	宝死体33	52700430
m27_00_00_00.msb	m27_00_00_00	Item 宝死体34	30	-1	o000632_0043	-1	-165.156	-132.639	383.01	item_lot_1	2700440	宝死体34	52700440
m27_00_00_00.msb	m27_00_00_00	Item 宝死体35	51	-1	o000633_0005	-1	-260.742	-160.214	363.472	item_lot_1	2700450	宝死体35	52700450
m27_00_00_00.msb	m27_00_00_00	Item 宝死体36	84	-1	o000633_0011	-1	-178.806	-139.928	398	item_lot_1	2700460	宝死体36	52700460
m27_00_00_00.msb	m27_00_00_00	Item 宝死体37	94	-1	o000632_0046	-1	-244.539	-104.318	285.766	item_lot_1	2700470	宝死体37	52700470
m27_00_00_00.msb	m27_00_00_00	Item 宝死体38	90	-1	o000632_0047	-1	-395.126	-84.455	163.981	item_lot_1	2700480	宝死体38	52700480
m27_00_00_00.msb	m27_00_00_00	Item 宝死体39	91	-1	o000633_0007	-1	-121.107	-133.429	380.55	item_lot_1	2700490	宝死体39	52700490
m27_00_00_00.msb	m27_00_00_00	Item 宝死体40	15	-1	o000632_0017	-1	-272.64	-158.71	424.83	item_lot_1	2700500	宝死体40	52700500
m27_00_00_00.msb	m27_00_00_00	Item_宝死体41	142	-1	o000633_0018	-1	-349.925	-92.379	147.591	item_lot_1	2700510	宝死体41	52700510
m27_00_00_00.msb	m27_00_00_00	Item_宝死体42	143	-1	o000633_0010	-1	-187.12	-155.51	459.01	item_lot_1	2700520	宝死体42	52700520
m27_00_00_00.msb	m27_00_00_00	Item_宝死体44	147	-1	o000633_0009	2701506	-187.676	-155.848	449.866	item_lot_1	2700540	宝死体44	52700540
m27_00_00_00.msb	m27_00_00_00	Item_宝死体44（差し替え用）	158	-1	o000633_0028	2701507	-187.676	-155.848	449.866	item_lot_1	2700545	宝死体44（差し替え用）	52700545
m27_00_00_00.msb	m27_00_00_00	Item_宝死体45	155	-1	o000632_0022	-1	-167.812	-129.02	365.173	item_lot_1	2700550	宝死体45	52700550
m27_00_00_00.msb	m27_00_00_00	Item_宝死体46	160	-1	o000630_0003	-1	-215.811	-146.2	415.41	item_lot_1	2700560	宝死体46	52700560
m27_00_00_00.msb	m27_00_00_00	Item_宝死体47	161	-1	o000633_0026	2701508	-213.868	-167.893	509.266	item_lot_1	2700570	宝死体47	52700570
m27_00_00_00.msb	m27_00_00_00	Item_宝死体47（差し替え用）	166	-1	o000633_0029	2701509	-213.868	-167.893	509.266	item_lot_1	2700575	宝死体47（差し替え用）	52700575
m27_00_00_00.msb	m27_00_00_00	Item_宝死体48	162	-1	o000632_0050	-1	-283.525	-99.652	283.409	item_lot_1	2700580	宝死体48	52700580
m27_00_00_00.msb	m27_00_00_00	Item_宝死体49	163	-1	o000632_0030	-1	-306.765	-84.15	193.022	item_lot_1	2700590	宝死体49	52700590
m27_00_00_00.msb	m27_00_00_00	Item_宝死体50	164	-1	o000633_0019	-1	-149.523	-39.626	193.555	item_lot_1	2700600	宝死体50	52700600
m27_00_00_00.msb	m27_00_00_00	Item_宝死体51	165	-1	o000633_0027	-1	-254	-85.94	187.17	item_lot_1	2700610	宝死体51	52700610
m27_00_00_00.msb	m27_00_00_00	Item_宝死体54	168	-1	o000632_0008	-1	-321.624	-100.117	247.988	item_lot_1	2700640	宝死体54	52700640
m27_00_00_00.msb	m27_00_00_00	Item_宝死体55	192	-1	o000632_0054	-1	-315.201	-110.861	111.677	item_lot_1	2700650	宝死体55	52700650
m27_00_00_00.msb	m27_00_00_00	Item_宝死体56	193	-1	o000632_0055	-1	-254.73	-110.781	147.84	item_lot_1	2700660	宝死体56	52700660
m27_00_00_00.msb	m27_00_00_00	Item_宝死体57	194	-1	o000633_0017	-1	-282.43	-111.315	87.05	item_lot_1	2700670	宝死体57	52700670
m27_00_00_00.msb	m27_00_00_00	Item_宝死体59	196	-1	o000633_0016	-1	-258.43	-110.808	126.21	item_lot_1	2700690	宝死体59	52700690
m27_00_00_00.msb	m27_00_00_00	Item_宝死体60	197	-1	o000632_0001	-1	-112.429	-52.196	201.544	item_lot_1	2700700	宝死体60_1	52700700
m27_00_00_00.msb	m27_00_00_00	Item_宝死体62	201	-1	o000632_0058	-1	-347.18	-99.552	222.032	item_lot_1	2700720	宝死体62	52700720
m27_00_00_00.msb	m27_00_00_00	Item_宝死体64	210	-1	o000632_0031	-1	-245.458	-110.649	99.08	item_lot_1	2700740	宝死体64	52700740
m27_00_00_00.msb	m27_00_00_00	Item_宝死体65	211	-1	o000632_0059	-1	-173.713	-127.33	342.096	item_lot_1	2700750	宝死体61	52700750
m27_00_00_00.msb	m27_00_00_00	Item_宝死体66	212	-1	o000632_0060	-1	-136.051	-134.772	401.948	item_lot_1	2700760	宝死体62	52700760
m27_00_00_00.msb	m27_00_00_00	Item_宝死体67	213	-1	o000632_0002	2701500	-169.35	-137.06	474.56	item_lot_1	2700180	宝死体08	52700180
m27_00_00_00.msb	m27_00_00_00	Item_宝死体67（差し替え用）	46	-1	o000632_0005	2701501	-169.35	-137.06	474.56	item_lot_1	2700185	宝死体08（差し替え用）	52700185
m27_00_00_00.msb	m27_00_00_00	Item_宝死体68	214	-1	o000632_0062	-1	-345.766	-108.876	180.429	item_lot_1	2700780	宝死体64	52700780
m27_00_00_00.msb	m27_00_00_00	Item_宝死体68	236	-1	o000633_0000	-1	-364.23	-98.15	251.09	item_lot_1	2700960	宝死体81	52700960
m27_00_00_00.msb	m27_00_00_00	Item_宝死体69	55	-1	o000633_0002	-1	-259.557	-87.226	193.896	item_lot_1	2700790	宝死体65	52700790
m27_00_00_00.msb	m27_00_00_00	Item_宝死体69	217	-1	o000632_0003	-1	-170.53	-65.63	217.62	item_lot_1	2700810	宝死体66	52700810
m27_00_00_00.msb	m27_00_00_00	Item_宝死体70	224	-1	o000632_0049	-1	-157.65	-56.64	201.62	item_lot_1	2700860	宝死体71	52700860
m27_00_00_00.msb	m27_00_00_00	Item_宝死体71	225	-1	o000632_0004	-1	-242.66	-82.76	178.31	item_lot_1	2700870	宝死体72	52700870
m27_00_00_00.msb	m27_00_00_00	Item_宝死体72	226	-1	o000633_0022	-1	-335.8	-97.64	163.9	item_lot_1	2700880	宝死体73	52700880
m27_00_00_00.msb	m27_00_00_00	Item_宝死体73	227	-1	o000632_0061	-1	-372.29	-87.6	131.13	item_lot_1	2700890	宝死体74	52700890
m27_00_00_00.msb	m27_00_00_00	Item_宝死体74	228	-1	o000633_0021	-1	-353.07	-98.57	204.36	item_lot_1	2700900	宝死体75	52700900
m27_00_00_00.msb	m27_00_00_00	Item_宝死体75	229	-1	o000632_0065	-1	-335.22	-98.66	182.25	item_lot_1	2700910	宝死体76	52700910
m27_00_00_00.msb	m27_00_00_00	Item_宝死体76	230	-1	o000633_0013	-1	-318.19	-97.09	287.92	item_lot_1	2700920	宝死体77	52700920
m27_00_00_00.msb	m27_00_00_00	Item_宝死体77	231	-1	o000633_0012	-1	-209.47	-121.33	323.33	item_lot_1	2700930	宝死体78	52700930
m27_00_00_00.msb	m27_00_00_00	Item_宝死体78	232	-1	o000633_0024	-1	-133.39	-129.58	361.72	item_lot_1	2700940	宝死体79	52700940
m27_00_00_00.msb	m27_00_00_00	Item_宝死体79	233	-1	o000633_0015	-1	-325.87	-97.7	111.67	item_lot_1	2700950	宝死体80	52700945
m27_00_00_00.msb	m27_00_00_00	Item_宝箱00	131	2703500						item_lot_1	2700800	宝箱00	52700800
m27_00_00_01.msb	m27_00_00_01	Item 宝死体00	8	-1	o000632_0021	-1	-194.146	-155.74	457.085	item_lot_1	2700100	宝死体00_1	52700100
m27_00_00_01.msb	m27_00_00_01	Item 宝死体01	9	-1	o000632_0006	-1	-272.812	-93.64	308.454	item_lot_1	2700110	宝死体01	52700110
m27_00_00_01.msb	m27_00_00_01	Item 宝死体02	10	-1	o000630_0000	-1	-286.219	-98.565	314.909	item_lot_1	2700120	宝死体02	52700120
m27_00_00_01.msb	m27_00_00_01	Item 宝死体03	11	-1	o000632_0015	-1	-194.189	-153.465	430.753	item_lot_1	2700130	宝死体03	52700130
m27_00_00_01.msb	m27_00_00_01	Item 宝死体04	12	-1	o000632_0026	-1	-364.874	-95.596	216.785	item_lot_1	2700140	宝死体04	52700140
m27_00_00_01.msb	m27_00_00_01	Item 宝死体05	45	-1	o000630_0001	-1	-375.983	-78.457	137.751	item_lot_1	2700150	宝死体05-1	52700150
m27_00_00_01.msb	m27_00_00_01	Item 宝死体07	47	-1	o000633_0003	-1	-293.218	-91.449	161.956	item_lot_1	2700170	宝死体07	52700170
m27_00_00_01.msb	m27_00_00_01	Item 宝死体08	58	-1	o000633_0008	-1	-156.366	-136.221	471.635	item_lot_1	2700770	宝死体63	52700770
m27_00_00_01.msb	m27_00_00_01	Item 宝死体09	59	-1	o000633_0020	-1	-203.356	-75.194	212.85	item_lot_1	2700190	宝死体09	52700190
m27_00_00_01.msb	m27_00_00_01	Item 宝死体10	60	-1	o000632_0009	2701502	-298.988	-172.286	418.005	item_lot_1	2700200	宝死体10	52700200
m27_00_00_01.msb	m27_00_00_01	Item 宝死体10（差し替え用）	144	-1	o000632_0007	2701503	-298.988	-172.286	418.005	item_lot_1	2700205	宝死体10（差し替え用）	52700205
m27_00_00_01.msb	m27_00_00_01	Item 宝死体11	61	-1	o000633_0001	-1	-115.061	-52.036	201.272	item_lot_1	2700210	宝死体11	52700210
m27_00_00_01.msb	m27_00_00_01	Item 宝死体12	62	-1	o000632_0023	-1	-343.257	-99.75	227.213	item_lot_1	2700220	宝死体12	52700220
m27_00_00_01.msb	m27_00_00_01	Item 宝死体13	63	-1	o000633_0025	-1	-189.249	-158.176	490.044	item_lot_1	2700230	宝死体13	52700230
m27_00_00_01.msb	m27_00_00_01	Item 宝死体14	64	-1	o000632_0011	-1	-152.658	-133.419	447.26	item_lot_1	2700240	宝死体14	52700240
m27_00_00_01.msb	m27_00_00_01	Item 宝死体15	65	-1	o000632_0032	-1	-167.182	-136.802	410.319	item_lot_1	2700250	宝死体15	52700250
m27_00_00_01.msb	m27_00_00_01	Item 宝死体16	66	-1	o000633_0006	-1	-190.253	-153.264	408.082	item_lot_1	2700260	宝死体16	52700260
m27_00_00_01.msb	m27_00_00_01	Item 宝死体17	67	-1	o000632_0034	-1	-191.525	-157.621	353.909	item_lot_1	2700270	宝死体17	52700270
m27_00_00_01.msb	m27_00_00_01	Item 宝死体19	71	-1	o000632_0035	-1	-300.774	-111.481	301.359	item_lot_1	2700290	宝死体19	52700290
m27_00_00_01.msb	m27_00_00_01	Item 宝死体20	72	-1	o000632_0036	-1	-301.02	-173.5	457.47	item_lot_1	2700300	宝死体20	52700300
m27_00_00_01.msb	m27_00_00_01	Item 宝死体21	73	-1	o000632_0012	-1	-241.577	-148.308	465.16	item_lot_1	2700310	宝死体21	52700310
m27_00_00_01.msb	m27_00_00_01	Item 宝死体22	75	-1	o000633_0014	-1	-400.647	-85.25	167.537	item_lot_1	2700320	宝死体22	52700320
m27_00_00_01.msb	m27_00_00_01	Item 宝死体23	76	-1	o000632_0038	-1	-258.974	-86.103	186.055	item_lot_1	2700330	宝死体23	52700330
m27_00_00_01.msb	m27_00_00_01	Item 宝死体24	77	-1	o000632_0039	-1	-215.071	-75.97	258.465	item_lot_1	2700340	宝死体24	52700340
m27_00_00_01.msb	m27_00_00_01	Item 宝死体25	78	-1	o000632_0040	-1	-208.208	-75.61	262.081	item_lot_1	2700350	宝死体25	52700350
m27_00_00_01.msb	m27_00_00_01	Item 宝死体26	79	-1	o000632_0013	-1	-136.494	-121.779	352.476	item_lot_1	2700360	宝死体26	52700360
m27_00_00_01.msb	m27_00_00_01	Item 宝死体27	80	-1	o000632_0014	-1	-162.4	-147	450.7	item_lot_1	2700370	宝死体27	52700370
m27_00_00_01.msb	m27_00_00_01	Item 宝死体28	133	-1	o000632_0000	2701504	-177.93	-155.23	384.21	item_lot_1	2700380	宝死体28	52700380
m27_00_00_01.msb	m27_00_00_01	Item 宝死体28（差し替え用）	157	-1	o000632_0010	2701505	-177.93	-155.23	384.21	item_lot_1	2700385	宝死体28（差し替え用）	52700385
m27_00_00_01.msb	m27_00_00_01	Item 宝死体29	134	-1	o000633_0023	-1	-290.959	-89.836	282.897	item_lot_1	2700390	宝死体29	52700390
m27_00_00_01.msb	m27_00_00_01	Item 宝死体30	141	-1	o000633_0004	-1	-345.34	-96.95	150.66	item_lot_1	2700400	宝死体30	52700400
m27_00_00_01.msb	m27_00_00_01	Item 宝死体31	18	-1	o000630_0002	-1	-219.406	-149.32	425.191	item_lot_1	2700410	宝死体31-1	52700410
m27_00_00_01.msb	m27_00_00_01	Item 宝死体32	19	-1	o000632_0018	-1	-125.998	-135.965	431.363	item_lot_1	2700420	宝死体32	52700420
m27_00_00_01.msb	m27_00_00_01	Item 宝死体33	29	-1	o000632_0016	-1	-182.97	-147.692	452.973	item_lot_1	2700430	宝死体33	52700430
m27_00_00_01.msb	m27_00_00_01	Item 宝死体34	30	-1	o000632_0043	-1	-165.156	-132.639	383.01	item_lot_1	2700440	宝死体34	52700440
m27_00_00_01.msb	m27_00_00_01	Item 宝死体35	51	-1	o000633_0005	-1	-260.742	-160.214	363.472	item_lot_1	2700450	宝死体35	52700450
m27_00_00_01.msb	m27_00_00_01	Item 宝死体36	84	-1	o000633_0011	-1	-178.806	-139.928	398	item_lot_1	2700460	宝死体36	52700460
m27_00_00_01.msb	m27_00_00_01	Item 宝死体37	94	-1	o000632_0046	-1	-244.539	-104.318	285.766	item_lot_1	2700470	宝死体37	52700470
m27_00_00_01.msb	m27_00_00_01	Item 宝死体38	90	-1	o000632_0047	-1	-395.126	-84.455	163.981	item_lot_1	2700480	宝死体38	52700480
m27_00_00_01.msb	m27_00_00_01	Item 宝死体39	91	-1	o000633_0007	-1	-121.107	-133.429	380.55	item_lot_1	2700490	宝死体39	52700490
m27_00_00_01.msb	m27_00_00_01	Item 宝死体40	15	-1	o000632_0017	-1	-272.64	-158.71	424.83	item_lot_1	2700500	宝死体40	52700500
m27_00_00_01.msb	m27_00_00_01	Item_宝死体41	142	-1	o000633_0018	-1	-349.925	-92.379	147.591	item_lot_1	2700510	宝死体41	52700510
m27_00_00_01.msb	m27_00_00_01	Item_宝死体42	143	-1	o000633_0010	-1	-187.12	-155.51	459.01	item_lot_1	2700520	宝死体42	52700520
m27_00_00_01.msb	m27_00_00_01	Item_宝死体44	147	-1	o000633_0009	2701506	-187.676	-155.848	449.866	item_lot_1	2700540	宝死体44	52700540
m27_00_00_01.msb	m27_00_00_01	Item_宝死体44（差し替え用）	158	-1	o000633_0028	2701507	-187.676	-155.848	449.866	item_lot_1	2700545	宝死体44（差し替え用）	52700545
m27_00_00_01.msb	m27_00_00_01	Item_宝死体45	155	-1	o000632_0022	-1	-167.812	-129.02	365.173	item_lot_1	2700550	宝死体45	52700550
m27_00_00_01.msb	m27_00_00_01	Item_宝死体46	160	-1	o000630_0003	-1	-215.811	-146.2	415.41	item_lot_1	2700560	宝死体46	52700560
m27_00_00_01.msb	m27_00_00_01	Item_宝死体47	161	-1	o000633_0026	2701508	-213.868	-167.893	509.266	item_lot_1	2700570	宝死体47	52700570
m27_00_00_01.msb	m27_00_00_01	Item_宝死体47（差し替え用）	166	-1	o000633_0029	2701509	-213.868	-167.893	509.266	item_lot_1	2700575	宝死体47（差し替え用）	52700575
m27_00_00_01.msb	m27_00_00_01	Item_宝死体48	162	-1	o000632_0050	-1	-283.525	-99.652	283.409	item_lot_1	2700580	宝死体48	52700580
m27_00_00_01.msb	m27_00_00_01	Item_宝死体49	163	-1	o000632_0030	-1	-306.765	-84.15	193.022	item_lot_1	2700590	宝死体49	52700590
m27_00_00_01.msb	m27_00_00_01	Item_宝死体50	164	-1	o000633_0019	-1	-149.523	-39.626	193.555	item_lot_1	2700600	宝死体50	52700600
m27_00_00_01.msb	m27_00_00_01	Item_宝死体51	165	-1	o000633_0027	-1	-254	-85.94	187.17	item_lot_1	2700610	宝死体51	52700610
m27_00_00_01.msb	m27_00_00_01	Item_宝死体54	168	-1	o000632_0008	-1	-321.624	-100.117	247.988	item_lot_1	2700640	宝死体54	52700640
m27_00_00_01.msb	m27_00_00_01	Item_宝死体55	192	-1	o000632_0054	-1	-315.201	-110.861	111.677	item_lot_1	2700650	宝死体55	52700650
m27_00_00_01.msb	m27_00_00_01	Item_宝死体56	193	-1	o000632_0055	-1	-254.73	-110.781	147.84	item_lot_1	2700660	宝死体56	52700660
m27_00_00_01.msb	m27_00_00_01	Item_宝死体57	194	-1	o000633_0017	-1	-282.43	-111.315	87.05	item_lot_1	2700670	宝死体57	52700670
m27_00_00_01.msb	m27_00_00_01	Item_宝死体59	196	-1	o000633_0016	-1	-258.43	-110.808	126.21	item_lot_1	2700690	宝死体59	52700690
m27_00_00_01.msb	m27_00_00_01	Item_宝死体60	197	-1	o000632_0001	-1	-112.429	-52.196	201.544	item_lot_1	2700700	宝死体60_1	52700700
m27_00_00_01.msb	m27_00_00_01	Item_宝死体62	201	-1	o000632_0058	-1	-347.18	-99.552	222.032	item_lot_1	2700720	宝死体62	52700720
m27_00_00_01.msb	m27_00_00_01	Item_宝死体64	210	-1	o000632_0031	-1	-245.458	-110.649	99.08	item_lot_1	2700740	宝死体64	52700740
m27_00_00_01.msb	m27_00_00_01	Item_宝死体65	211	-1	o000632_0059	-1	-173.713	-127.33	342.096	item_lot_1	2700750	宝死体61	52700750
m27_00_00_01.msb	m27_00_00_01	Item_宝死体66	212	-1	o000632_0060	-1	-136.051	-134.772	401.948	item_lot_1	2700760	宝死体62	52700760
m27_00_00_01.msb	m27_00_00_01	Item_宝死体67	213	-1	o000632_0002	2701500	-169.35	-137.06	474.56	item_lot_1	2700180	宝死体08	52700180
m27_00_00_01.msb	m27_00_00_01	Item_宝死体67（差し替え用）	46	-1	o000632_0005	2701501	-169.35	-137.06	474.56	item_lot_1	2700185	宝死体08（差し替え用）	52700185
m27_00_00_01.msb	m27_00_00_01	Item_宝死体68	214	-1	o000632_0062	-1	-345.766	-108.876	180.429	item_lot_1	2700780	宝死体64	52700780
m27_00_00_01.msb	m27_00_00_01	Item_宝死体68	236	-1	o000633_0000	-1	-364.23	-98.15	251.09	item_lot_1	2700960	宝死体81	52700960
m27_00_00_01.msb	m27_00_00_01	Item_宝死体69	55	-1	o000633_0002	-1	-259.557	-87.226	193.896	item_lot_1	2700790	宝死体65	52700790
m27_00_00_01.msb	m27_00_00_01	Item_宝死体69	217	-1	o000632_0003	-1	-170.53	-65.63	217.62	item_lot_1	2700810	宝死体66	52700810
m27_00_00_01.msb	m27_00_00_01	Item_宝死体70	224	-1	o000632_0049	-1	-157.65	-56.64	201.62	item_lot_1	2700860	宝死体71	52700860
m27_00_00_01.msb	m27_00_00_01	Item_宝死体71	225	-1	o000632_0004	-1	-242.66	-82.76	178.31	item_lot_1	2700870	宝死体72	52700870
m27_00_00_01.msb	m27_00_00_01	Item_宝死体72	226	-1	o000633_0022	-1	-335.8	-97.64	163.9	item_lot_1	2700880	宝死体73	52700880
m27_00_00_01.msb	m27_00_00_01	Item_宝死体73	227	-1	o000632_0061	-1	-372.29	-87.6	131.13	item_lot_1	2700890	宝死体74	52700890
m27_00_00_01.msb	m27_00_00_01	Item_宝死体74	228	-1	o000633_0021	-1	-353.07	-98.57	204.36	item_lot_1	2700900	宝死体75	52700900
m27_00_00_01.msb	m27_00_00_01	Item_宝死体75	229	-1	o000632_0065	-1	-335.22	-98.66	182.25	item_lot_1	2700910	宝死体76	52700910
m27_00_00_01.msb	m27_00_00_01	Item_宝死体76	230	-1	o000633_0013	-1	-318.19	-97.09	287.92	item_lot_1	2700920	宝死体77	52700920
m27_00_00_01.msb	m27_00_00_01	Item_宝死体77	231	-1	o000633_0012	-1	-209.47	-121.33	323.33	item_lot_1	2700930	宝死体78	52700930
m27_00_00_01.msb	m27_00_00_01	Item_宝死体78	232	-1	o000633_0024	-1	-133.39	-129.58	361.72	item_lot_1	2700940	宝死体79	52700940
m27_00_00_01.msb	m27_00_00_01	Item_宝死体79	233	-1	o000633_0015	-1	-325.87	-97.7	111.67	item_lot_1	2700950	宝死体80	52700945
m27_00_00_01.msb	m27_00_00_01	Item_宝箱00	131	2703500						item_lot_1	2700800	宝箱00	52700800
m28_00_00_00.msb	m28_00_00_00	宝死体00	213	-1	o000632_0021	-1	268.02	-46.91	99.8	item_lot_1	2800000	宝死体00	52800000
m28_00_00_00.msb	m28_00_00_00	宝死体01	210	-1	o000632_0022	-1	241.7	-55.129997	56.300003	item_lot_1	2800010	宝死体01	52800010
m28_00_00_00.msb	m28_00_00_00	宝死体02	59	-1	o000630_0004	-1	325.2	-64.93	45.9	item_lot_1	2800020	宝死体02	52800020
m28_00_00_00.msb	m28_00_00_00	宝死体03	216	-1	o000632_0016	-1	308.4	-72.11	13.5	item_lot_1	2800030	宝死体03	52800030
m28_00_00_00.msb	m28_00_00_00	宝死体04	230	-1	o000633_0009	-1	337.5	-70.86	1.620003	item_lot_1	2800040	宝死体04	52800040
m28_00_00_00.msb	m28_00_00_00	宝死体05	58	-1	o000633_0000	2801550	356.47	-71.03	-1.5	item_lot_1	2800050	宝死体05	52800050
m28_00_00_00.msb	m28_00_00_00	宝死体05(差し替え用）	305	-1	o000633_0002	2801551	356.47	-71.03	-1.5	item_lot_1	2800055	宝死体05（差し替え用）	52800055
m28_00_00_00.msb	m28_00_00_00	宝死体06	236	-1	o000632_0024	-1	322.91998	-85.71	-19.429993	item_lot_1	2800060	宝死体06	52800060
m28_00_00_00.msb	m28_00_00_00	宝死体07	229	-1	o000633_0008	-1	255.17	-91.46	-90.7	item_lot_1	2800070	宝死体07	52800070
m28_00_00_00.msb	m28_00_00_00	宝死体08	237	-1	o000633_0003	-1	227.4	-98.270004	-107.600006	item_lot_1	2800080	宝死体08	52800080
m28_00_00_00.msb	m28_00_00_00	宝死体09	243	-1	o000632_0020	-1	240.8	-87.33	12	item_lot_1	2800090	宝死体09	52800090
m28_00_00_00.msb	m28_00_00_00	宝死体10	218	-1	o000630_0000	-1	239.33	-65.39	28.199997	item_lot_1	2800100	宝死体10	52800100
m28_00_00_00.msb	m28_00_00_00	宝死体11	217	-1	o000633_0010	-1	240.3	-90.18	-41.800003	item_lot_1	2800110	宝死体11	52800110
m28_00_00_00.msb	m28_00_00_00	宝死体12	248	-1	o000633_0011	-1	352.11	-105.94	-135.34	item_lot_1	2800120	宝死体12	52800120
m28_00_00_00.msb	m28_00_00_00	宝死体13	250	-1	o000632_0012	-1	311.55	-102.21	-144.29999	item_lot_1	2800130	宝死体13	52800130
m28_00_00_00.msb	m28_00_00_00	宝死体14	249	-1	o000632_0003	2801552	351.16998	-112.71	-158.75	item_lot_1	2800140	宝死体14	52800140
m28_00_00_00.msb	m28_00_00_00	宝死体14（差し替え用）	306	-1	o000632_0001	2801553	351.16998	-112.71	-158.75	item_lot_1	2800145	宝死体14（差し替え用）	52800145
m28_00_00_00.msb	m28_00_00_00	宝死体15	214	-1	o000633_0004	-1	356.4	-115.49	-226.9	item_lot_1	2800150	宝死体15	52800150
m28_00_00_00.msb	m28_00_00_00	宝死体16	251	-1	o000633_0006	-1	379.7	-115.34	-194.79999	item_lot_1	2800160	宝死体16	52800160
m28_00_00_00.msb	m28_00_00_00	宝死体17	215	-1	o000632_0029	-1	395	-122.02	-201.6	item_lot_1	2800170	宝死体17	52800170
m28_00_00_00.msb	m28_00_00_00	宝死体18	252	-1	o000632_0014	-1	365.2	-113.63	-229.4	item_lot_1	2800180	宝死体18	52800180
m28_00_00_00.msb	m28_00_00_00	宝死体21	37	-1	o000632_0025	-1	330.83002	-76.869995	-30.520004	item_lot_1	2800210	宝死体21	52800210
m28_00_00_00.msb	m28_00_00_00	宝死体22	291	-1	o000632_0000	-1	292.6	-111.15	-152.1	item_lot_1	2800710	宝死体57	52800710
m28_00_00_00.msb	m28_00_00_00	宝死体29_ミイラ	255	-1	o281080	-1	329.464	-90.757	-30.447006	item_lot_1	2800290	宝死体_ミイラ	52800290
m28_00_00_00.msb	m28_00_00_00	宝死体30_初回_牢屋の中（ダミー化）	209	-1						item_lot_1	2800300	宝死体30_初回	52800300
m28_00_00_00.msb	m28_00_00_00	宝死体31_初回_聖堂脇終点	239	-1	o000632_0031	-1	218.03	-113.18	-111.14	item_lot_1	2800310	宝死体31 初回	52800310
m28_00_00_00.msb	m28_00_00_00	宝死体32_初回_聖堂脇終点	240	-1	o000633_0007	-1	203	-113.51	-102.899994	item_lot_1	2800320	宝死体32 初回	52800170
m28_00_00_00.msb	m28_00_00_00	宝死体33_初回_大通り終点	245	-1	o000630_0001	-1	275	-100.8	63.5	item_lot_1	2800330	宝死体33 初回	52800330
m28_00_00_00.msb	m28_00_00_00	宝死体34_初回_豚後ろ	244	-1	o000632_0027	-1	250.8	-104.59	1.089996	item_lot_1	2800340	宝死体34 初回	52800340
m28_00_00_00.msb	m28_00_00_00	宝死体35_初回_聖堂1F中央	212	-1	o000633_0005	2801554	245.2	-102.85	-63.600006	item_lot_1	2800350	宝死体35_初回	52800350
m28_00_00_00.msb	m28_00_00_00	宝死体35_初回_聖堂1F中央（差し替え用）	307	-1	o000633_0016	2801555	245.2	-102.85	-63.600006	item_lot_1	2800355	宝死体35_初回（差し替え用）	52800355
m28_00_00_00.msb	m28_00_00_00	宝死体36_初回_聖堂1F端	238	-1	o000632_0002	-1	266.69	-101.8	-61.369995	item_lot_1	2800360	宝死体36 初回	52800360
m28_00_00_00.msb	m28_00_00_00	宝死体37_初回_大門前	246	-1	o000632_0011	-1	279	-113.81	-70.100006	item_lot_1	2800180	宝死体18	52800180
m28_00_00_00.msb	m28_00_00_00	宝死体38_初回_大門前	247	-1	o000633_0012	-1	310.3	-111.16	-64.86	item_lot_1	2800380	宝死体38 初回	52800380
m28_00_00_00.msb	m28_00_00_00	宝死体40_人さらい_ミミックびっくり	211	-1	o281060_0001	2801141	271	-103.92	13.5	item_lot_1	2800400	宝死体40_人さらい	52800400
m28_00_00_00.msb	m28_00_00_00	宝死体41_人さらい_ミミックむさぼる	222	-1	o281060_0000	2801140	251.2	-104.72	-3.300003	item_lot_1	2800410	宝死体41_人さらい	52800410
m28_00_00_00.msb	m28_00_00_00	宝死体42_人さらい_聖堂1F中央A	228	-1	o281060_0002	2801142	241.4	-102.6	-68.3	item_lot_1	2800420	宝死体42_人さらい	52800420
m28_00_00_00.msb	m28_00_00_00	宝死体43_人さらい_聖堂1F中央B	241	-1	o281060_0003	2801143	245.8	-102.72	-60.5	item_lot_1	2800430	宝死体43_人さらい	52800430
m28_00_00_00.msb	m28_00_00_00	宝死体44_人さらい_聖堂地下A	242	-1	o281060_0004	2801144	168.7	-113.34	-115.100006	item_lot_1	2800440	宝死体44_人さらい	52800440
m28_00_00_00.msb	m28_00_00_00	宝死体44_人さらい_聖堂地下B	253	-1	o281060_0005	2801145	278.4	-126.26	-79.5	item_lot_1	2800450	宝死体45_人さらい	52800450
m28_00_00_00.msb	m28_00_00_00	宝死体46_御者席	258	-1	o000630_0002	-1	291.96	-113.44	-76.600006	item_lot_1	2800610	宝死体47-1	52800610
m28_00_00_00.msb	m28_00_00_00	宝死体46_御者席	258	-1	o000630_0002	-1	291.96	-113.44	-76.600006	item_lot_3	2800611	宝死体47-2	52800610
m28_00_00_00.msb	m28_00_00_00	宝死体47	259	-1	o000633_0001	-1	287.9	-126.37	-72.66	item_lot_1	2800630	宝死体49	52800630
m28_00_00_00.msb	m28_00_00_00	宝死体48	260	-1	o000630_0003	-1	259.3	-114.47	-55	item_lot_1	2800640	宝死体50	52800640
m28_00_00_00.msb	m28_00_00_00	宝死体49	261	-1	o000633_0013	-1	194.418	-113.310005	-97.547	item_lot_1	2800650	宝死体51	52800650
m28_00_00_00.msb	m28_00_00_00	宝死体50	262	-1	o000632_0033	-1	186.6	-113.25	-97.350006	item_lot_1	2800660	宝死体52	52800660
m28_00_00_00.msb	m28_00_00_00	宝死体51	263	-1	o000633_0014	-1	183.82	-24.76	175.44	item_lot_1	2800670	宝死体53	52800670
m28_00_00_00.msb	m28_00_00_00	宝死体52	264	-1	o000633_0015	-1	251.27	-100.009995	-32.050003	item_lot_1	2800680	宝死体54	52800680
m28_00_00_00.msb	m28_00_00_00	宝死体53	132	-1	o000631_0002	-1	303.26	-113.22	-87.7	item_lot_1	2800620	宝死体48 初回	52800620
m28_00_00_00.msb	m28_00_00_00	宝死体54	205	-1	o000631_0000	-1	306.64	-113.55	-84.67999	item_lot_1	2800690	宝死体55 初回	52800690
m28_00_00_00.msb	m28_00_00_00	宝死体55	257	-1	o000631_0001	-1	306.81	-112.87	-87.740005	item_lot_1	2800700	宝死体56 初回	52800700
m28_00_00_00.msb	m28_00_00_00	宝箱00	84	-1	o002100_0000	2801350	311.8	-90.740005	-30.5	item_lot_1	2800500	宝箱00	52800500
m28_00_00_00.msb	m28_00_00_00	宝箱01	234	-1	o002100_0001	2801351	341	-85.32	-29.5	item_lot_1	2800510	宝箱01	52800510
m28_00_00_00.msb	m28_00_00_00	宝箱02	235	-1	o002100_0002	2801352	341	-85.32	-31.399994	item_lot_1	2800520	宝箱02	52800520
m28_00_00_00.msb	m28_00_00_00	宝箱03	223	-1	o002100_0003	2801353	295.5	-111.37	-152.6	item_lot_1	2800530	宝箱03	52800530
m28_00_00_01.msb	m28_00_00_01	宝死体00	213	-1	o000632_0021	-1	268.02	-46.91	99.8	item_lot_1	2800000	宝死体00	52800000
m28_00_00_01.msb	m28_00_00_01	宝死体01	210	-1	o000632_0022	-1	241.7	-55.129997	56.300003	item_lot_1	2800010	宝死体01	52800010
m28_00_00_01.msb	m28_00_00_01	宝死体02	59	-1	o000630_0004	-1	325.2	-64.93	45.9	item_lot_1	2800020	宝死体02	52800020
m28_00_00_01.msb	m28_00_00_01	宝死体03	216	-1	o000632_0016	-1	308.4	-72.11	13.5	item_lot_1	2800030	宝死体03	52800030
m28_00_00_01.msb	m28_00_00_01	宝死体04	230	-1	o000633_0009	-1	337.5	-70.86	1.620003	item_lot_1	2800040	宝死体04	52800040
m28_00_00_01.msb	m28_00_00_01	宝死体05	58	-1	o000633_0000	2801550	356.47	-71.03	-1.5	item_lot_1	2800050	宝死体05	52800050
m28_00_00_01.msb	m28_00_00_01	宝死体05(差し替え用）	305	-1	o000633_0002	2801551	356.47	-71.03	-1.5	item_lot_1	2800055	宝死体05（差し替え用）	52800055
m28_00_00_01.msb	m28_00_00_01	宝死体06	236	-1	o000632_0024	-1	322.91998	-85.71	-19.429993	item_lot_1	2800060	宝死体06	52800060
m28_00_00_01.msb	m28_00_00_01	宝死体07	229	-1	o000633_0008	-1	255.17	-91.46	-90.7	item_lot_1	2800070	宝死体07	52800070
m28_00_00_01.msb	m28_00_00_01	宝死体08	237	-1	o000633_0003	-1	227.4	-98.270004	-107.600006	item_lot_1	2800080	宝死体08	52800080
m28_00_00_01.msb	m28_00_00_01	宝死体09	243	-1	o000632_0020	-1	240.8	-87.33	12	item_lot_1	2800090	宝死体09	52800090
m28_00_00_01.msb	m28_00_00_01	宝死体10	218	-1	o000630_0000	-1	239.33	-65.39	28.199997	item_lot_1	2800100	宝死体10	52800100
m28_00_00_01.msb	m28_00_00_01	宝死体11	217	-1	o000633_0010	-1	240.3	-90.18	-41.800003	item_lot_1	2800110	宝死体11	52800110
m28_00_00_01.msb	m28_00_00_01	宝死体12	248	-1	o000633_0011	-1	352.11	-105.94	-135.34	item_lot_1	2800120	宝死体12	52800120
m28_00_00_01.msb	m28_00_00_01	宝死体13	250	-1	o000632_0012	-1	311.55	-102.21	-144.29999	item_lot_1	2800130	宝死体13	52800130
m28_00_00_01.msb	m28_00_00_01	宝死体14	249	-1	o000632_0003	2801552	351.16998	-112.71	-158.75	item_lot_1	2800140	宝死体14	52800140
m28_00_00_01.msb	m28_00_00_01	宝死体14（差し替え用）	306	-1	o000632_0001	2801553	351.16998	-112.71	-158.75	item_lot_1	2800145	宝死体14（差し替え用）	52800145
m28_00_00_01.msb	m28_00_00_01	宝死体15	214	-1	o000633_0004	-1	356.4	-115.49	-226.9	item_lot_1	2800150	宝死体15	52800150
m28_00_00_01.msb	m28_00_00_01	宝死体16	251	-1	o000633_0006	-1	379.7	-115.34	-194.79999	item_lot_1	2800160	宝死体16	52800160
m28_00_00_01.msb	m28_00_00_01	宝死体17	215	-1	o000632_0029	-1	395	-122.02	-201.6	item_lot_1	2800170	宝死体17	52800170
m28_00_00_01.msb	m28_00_00_01	宝死体18	252	-1	o000632_0014	-1	365.2	-113.63	-229.4	item_lot_1	2800180	宝死体18	52800180
m28_00_00_01.msb	m28_00_00_01	宝死体21	37	-1	o000632_0025	-1	330.83002	-76.869995	-30.520004	item_lot_1	2800210	宝死体21	52800210
m28_00_00_01.msb	m28_00_00_01	宝死体22	291	-1	o000632_0000	-1	292.6	-111.15	-152.1	item_lot_1	2800710	宝死体57	52800710
m28_00_00_01.msb	m28_00_00_01	宝死体29_ミイラ	255	-1	o281080	-1	329.464	-90.757	-30.447006	item_lot_1	2800290	宝死体_ミイラ	52800290
m28_00_00_01.msb	m28_00_00_01	宝死体30_初回_牢屋の中（ダミー化）	209	-1						item_lot_1	2800300	宝死体30_初回	52800300
m28_00_00_01.msb	m28_00_00_01	宝死体31_初回_聖堂脇終点	239	-1	o000632_0031	-1	218.03	-113.18	-111.14	item_lot_1	2800310	宝死体31 初回	52800310
m28_00_00_01.msb	m28_00_00_01	宝死体32_初回_聖堂脇終点	240	-1	o000633_0007	-1	203	-113.51	-102.899994	item_lot_1	2800320	宝死体32 初回	52800170
m28_00_00_01.msb	m28_00_00_01	宝死体33_初回_大通り終点	245	-1	o000630_0001	-1	275	-100.8	63.5	item_lot_1	2800330	宝死体33 初回	52800330
m28_00_00_01.msb	m28_00_00_01	宝死体34_初回_豚後ろ	244	-1	o000632_0027	-1	250.8	-104.59	1.089996	item_lot_1	2800340	宝死体34 初回	52800340
m28_00_00_01.msb	m28_00_00_01	宝死体35_初回_聖堂1F中央	212	-1	o000633_0005	2801554	245.2	-102.85	-63.600006	item_lot_1	2800350	宝死体35_初回	52800350
m28_00_00_01.msb	m28_00_00_01	宝死体35_初回_聖堂1F中央（差し替え用）	307	-1	o000633_0016	2801555	245.2	-102.85	-63.600006	item_lot_1	2800355	宝死体35_初回（差し替え用）	52800355
m28_00_00_01.msb	m28_00_00_01	宝死体36_初回_聖堂1F端	238	-1	o000632_0002	-1	266.69	-101.8	-61.369995	item_lot_1	2800360	宝死体36 初回	52800360
m28_00_00_01.msb	m28_00_00_01	宝死体37_初回_大門前	246	-1	o000632_0011	-1	279	-113.81	-70.100006	item_lot_1	2800180	宝死体18	52800180
m28_00_00_01.msb	m28_00_00_01	宝死体38_初回_大門前	247	-1	o000633_0012	-1	310.3	-111.16	-64.86	item_lot_1	2800380	宝死体38 初回	52800380
m28_00_00_01.msb	m28_00_00_01	宝死体40_人さらい_ミミックびっくり	211	-1	o281060_0001	2801141	271	-103.92	13.5	item_lot_1	2800400	宝死体40_人さらい	52800400
m28_00_00_01.msb	m28_00_00_01	宝死体41_人さらい_ミミックむさぼる	222	-1	o281060_0000	2801140	251.2	-104.72	-3.300003	item_lot_1	2800410	宝死体41_人さらい	52800410
m28_00_00_01.msb	m28_00_00_01	宝死体42_人さらい_聖堂1F中央A	228	-1	o281060_0002	2801142	241.4	-102.6	-68.3	item_lot_1	2800420	宝死体42_人さらい	52800420
m28_00_00_01.msb	m28_00_00_01	宝死体43_人さらい_聖堂1F中央B	241	-1	o281060_0003	2801143	245.8	-102.72	-60.5	item_lot_1	2800430	宝死体43_人さらい	52800430
m28_00_00_01.msb	m28_00_00_01	宝死体44_人さらい_聖堂地下A	242	-1	o281060_0004	2801144	168.7	-113.34	-115.100006	item_lot_1	2800440	宝死体44_人さらい	52800440
m28_00_00_01.msb	m28_00_00_01	宝死体44_人さらい_聖堂地下B	253	-1	o281060_0005	2801145	278.4	-126.26	-79.5	item_lot_1	2800450	宝死体45_人さらい	52800450
m28_00_00_01.msb	m28_00_00_01	宝死体46_御者席	258	-1	o000630_0002	-1	291.96	-113.44	-76.600006	item_lot_1	2800610	宝死体47-1	52800610
m28_00_00_01.msb	m28_00_00_01	宝死体46_御者席	258	-1	o000630_0002	-1	291.96	-113.44	-76.600006	item_lot_3	2800611	宝死体47-2	52800610
m28_00_00_01.msb	m28_00_00_01	宝死体47	259	-1	o000633_0001	-1	287.9	-126.37	-72.66	item_lot_1	2800630	宝死体49	52800630
m28_00_00_01.msb	m28_00_00_01	宝死体48	260	-1	o000630_0003	-1	259.3	-114.47	-55	item_lot_1	2800640	宝死体50	52800640
m28_00_00_01.msb	m28_00_00_01	宝死体49	261	-1	o000633_0013	-1	194.418	-113.310005	-97.547	item_lot_1	2800650	宝死体51	52800650
m28_00_00_01.msb	m28_00_00_01	宝死体50	262	-1	o000632_0033	-1	186.6	-113.25	-97.350006	item_lot_1	2800660	宝死体52	52800660
m28_00_00_01.msb	m28_00_00_01	宝死体51	263	-1	o000633_0014	-1	183.82	-24.76	175.44	item_lot_1	2800670	宝死体53	52800670
m28_00_00_01.msb	m28_00_00_01	宝死体52	264	-1	o000633_0015	-1	251.27	-100.009995	-32.050003	item_lot_1	2800680	宝死体54	52800680
m28_00_00_01.msb	m28_00_00_01	宝死体53	132	-1	o000631_0002	-1	303.26	-113.22	-87.7	item_lot_1	2800620	宝死体48 初回	52800620
m28_00_00_01.msb	m28_00_00_01	宝死体54	205	-1	o000631_0000	-1	306.64	-113.55	-84.67999	item_lot_1	2800690	宝死体55 初回	52800690
m28_00_00_01.msb	m28_00_00_01	宝死体55	257	-1	o000631_0001	-1	306.81	-112.87	-87.740005	item_lot_1	2800700	宝死体56 初回	52800700
m28_00_00_01.msb	m28_00_00_01	宝箱00	84	-1	o002100_0000	2801350	311.8	-90.740005	-30.5	item_lot_1	2800500	宝箱00	52800500
m28_00_00_01.msb	m28_00_00_01	宝箱01	234	-1	o002100_0001	2801351	341	-85.32	-29.5	item_lot_1	2800510	宝箱01	52800510
m28_00_00_01.msb	m28_00_00_01	宝箱02	235	-1	o002100_0002	2801352	341	-85.32	-31.399994	item_lot_1	2800520	宝箱02	52800520
m28_00_00_01.msb	m28_00_00_01	宝箱03	223	-1	o002100_0003	2801353	295.5	-111.37	-152.6	item_lot_1	2800530	宝箱03	52800530
m32_00_00_00.msb	m32_00_00_00	追加宝死体02	120	-1	o000631_0008	-1	-431.67398	-185.29	556.1	item_lot_1	3200720	宝死体07	53200720
m32_00_00_00.msb	m32_00_00_00	追加宝死体03	121	-1	o000630_0000	-1	-416.718	-183.99	548.998	item_lot_1	3200730	宝死体08-1	53200730
m32_00_00_00.msb	m32_00_00_00	宝死体00	103	-1	o000631_0000	-1	-381.474	-185.56	423.09998	item_lot_1	3200000	宝死体00	53200000
m32_00_00_00.msb	m32_00_00_00	宝死体01	21	-1	o000631_0004	3201500	-428.274	-179.19	341.8	item_lot_1	3200010	宝死体01	53200010
m32_00_00_00.msb	m32_00_00_00	宝死体01（差し替え用）	23	-1	o000631_0010	3201501	-428.274	-179.19	341.8	item_lot_1	3200015	宝死体01（差し替え用）	53200015
m32_00_00_00.msb	m32_00_00_00	宝死体02	25	-1	o000631_0005	-1	-464.17398	-186.93	376.3	item_lot_1	3200020	宝死体02	53200020
m32_00_00_00.msb	m32_00_00_00	宝死体03	62	-1	o000631_0002	-1	-475.17398	-186.96	384.8	item_lot_1	3200030	宝死体03	53200030
m32_00_00_00.msb	m32_00_00_00	宝死体04	52	-1	o000631_0003	-1	-471.374	-187.16	435.3	item_lot_1	3200040	宝死体04	53200040
m32_00_00_00.msb	m32_00_00_00	宝死体10_悪夢教室1F	63	-1	o000631_0006	-1	-405.994	-184.91	517.74	item_lot_1	3200100	宝死体10 教室	53200100
m32_00_00_00.msb	m32_00_00_00	宝死体11_悪夢教室2F	64	-1	o000631_0007	-1	-405.974	-177.1	517.7	item_lot_1	3200110	宝死体11 教室	53200110
m32_00_00_00.msb	m32_00_00_00	宝死体12_悪夢教室1F	108	-1	o000631_0001	-1	-407.744	-185.088	516.43	item_lot_1	3200740	宝死体09	53200740
m32_00_00_00.msb	m32_00_00_00	宝死体13_悪夢教室2F	85	-1	o000631_0009	-1	-431.974	-177.12	546.32	item_lot_1	3200750	宝死体10	53200750
m32_00_00_00.msb	m32_00_00_00	宝箱00_学長室天文台	42	-1	o002100_0000	3201050	-442.61398	-156.26	401.7	item_lot_1	3200500	宝箱00	53200500
m32_00_00_00.msb	m32_00_00_00	宝箱01_学長室屋根裏A	61	-1	o002100_0001	3201051	-438.44147	-183.75	402.68494	item_lot_1	3200700	宝死体05	53200700
m32_00_00_00.msb	m32_00_00_00	宝箱04_学長室2F	107	-1	o002100_0004	3201054	-449.17398	-176.15	414.4	item_lot_1	3200540	宝箱04-1	53200540
m32_00_00_00.msb	m32_00_00_00	宝箱10_悪夢教室1F	36	-1	o002100_0010	3201060	-472.874	-185.25	581.4	item_lot_1	3200600	宝箱10 教室	53200600
m32_00_00_00.msb	m32_00_00_00	宝箱12_悪夢教室1F	46	-1	o002100_0012	3201062	-456.354	-185.25	515.3	item_lot_1	3200620	宝箱12 教室	53200620
m32_00_00_00.msb	m32_00_00_00	宝箱14_悪夢教室2F	150	-1	o002100_0014	3201064	-412.774	-177.25	531.6	item_lot_1	3200640	宝箱14 教室	53200640
m32_00_00_00.msb	m32_00_00_00	宝箱14_悪夢教室2F（差し替え用）	45	-1	o002100_0005	3201065	-412.774	-177.25	531.6	item_lot_1	3200645	宝箱14 教室（差し替え用）	53200645
m32_00_00_01.msb	m32_00_00_01	追加宝死体02	120	-1	o000631_0008	-1	-431.67398	-185.29	556.1	item_lot_1	3200720	宝死体07	53200720
m32_00_00_01.msb	m32_00_00_01	追加宝死体03	121	-1	o000630_0000	-1	-416.718	-183.99	548.998	item_lot_1	3200730	宝死体08-1	53200730
m32_00_00_01.msb	m32_00_00_01	宝死体00	103	-1	o000631_0000	-1	-381.474	-185.56	423.09998	item_lot_1	3200000	宝死体00	53200000
m32_00_00_01.msb	m32_00_00_01	宝死体01	21	-1	o000631_0004	3201500	-428.274	-179.19	341.8	item_lot_1	3200010	宝死体01	53200010
m32_00_00_01.msb	m32_00_00_01	宝死体01（差し替え用）	23	-1	o000631_0010	3201501	-428.274	-179.19	341.8	item_lot_1	3200015	宝死体01（差し替え用）	53200015
m32_00_00_01.msb	m32_00_00_01	宝死体02	25	-1	o000631_0005	-1	-464.17398	-186.93	376.3	item_lot_1	3200020	宝死体02	53200020
m32_00_00_01.msb	m32_00_00_01	宝死体03	62	-1	o000631_0002	-1	-475.17398	-186.96	384.8	item_lot_1	3200030	宝死体03	53200030
m32_00_00_01.msb	m32_00_00_01	宝死体04	52	-1	o000631_0003	-1	-471.374	-187.16	435.3	item_lot_1	3200040	宝死体04	53200040
m32_00_00_01.msb	m32_00_00_01	宝死体10_悪夢教室1F	63	-1	o000631_0006	-1	-405.994	-184.91	517.74	item_lot_1	3200100	宝死体10 教室	53200100
m32_00_00_01.msb	m32_00_00_01	宝死体11_悪夢教室2F	64	-1	o000631_0007	-1	-405.974	-177.1	517.7	item_lot_1	3200110	宝死体11 教室	53200110
m32_00_00_01.msb	m32_00_00_01	宝死体12_悪夢教室1F	108	-1	o000631_0001	-1	-407.744	-185.088	516.43	item_lot_1	3200740	宝死体09	53200740
m32_00_00_01.msb	m32_00_00_01	宝死体13_悪夢教室2F	85	-1	o000631_0009	-1	-431.974	-177.12	546.32	item_lot_1	3200750	宝死体10	53200750
m32_00_00_01.msb	m32_00_00_01	宝箱00_学長室天文台	42	-1	o002100_0000	3201050	-442.61398	-156.26	401.7	item_lot_1	3200500	宝箱00	53200500
m32_00_00_01.msb	m32_00_00_01	宝箱01_学長室屋根裏A	61	-1	o002100_0001	3201051	-438.44147	-183.75	402.68494	item_lot_1	3200700	宝死体05	53200700
m32_00_00_01.msb	m32_00_00_01	宝箱04_学長室2F	107	-1	o002100_0004	3201054	-449.17398	-176.15	414.4	item_lot_1	3200540	宝箱04-1	53200540
m32_00_00_01.msb	m32_00_00_01	宝箱10_悪夢教室1F	36	-1	o002100_0010	3201060	-472.874	-185.25	581.4	item_lot_1	3200600	宝箱10 教室	53200600
m32_00_00_01.msb	m32_00_00_01	宝箱12_悪夢教室1F	46	-1	o002100_0012	3201062	-456.354	-185.25	515.3	item_lot_1	3200620	宝箱12 教室	53200620
m32_00_00_01.msb	m32_00_00_01	宝箱14_悪夢教室2F	150	-1	o002100_0014	3201064	-412.774	-177.25	531.6	item_lot_1	3200640	宝箱14 教室	53200640
m32_00_00_01.msb	m32_00_00_01	宝箱14_悪夢教室2F（差し替え用）	45	-1	o002100_0005	3201065	-412.774	-177.25	531.6	item_lot_1	3200645	宝箱14 教室（差し替え用）	53200645
m33_00_00_00.msb	m33_00_00_00	Item_宝死体00	14	-1	o000631_0000	-1	12.222	1504.892	-20.075	item_lot_1	3300000	宝死体00	53300100
m33_00_00_00.msb	m33_00_00_00	Item_宝死体01	15	-1	o000631_0001	3301500	115.312	1495.87	-103.166	item_lot_1	3300010	宝死体01	53300110
m33_00_00_00.msb	m33_00_00_00	Item_宝死体01（差し替え用）	162	-1	o000631_0033	3301501	115.312	1495.87	-103.166	item_lot_1	3300015	宝死体01（差し替え用）	53300115
m33_00_00_00.msb	m33_00_00_00	Item_宝死体02	16	-1	o000631_0002	-1	162.976	1491.715	-11.891	item_lot_1	3300020	宝死体02	53300120
m33_00_00_00.msb	m33_00_00_00	Item_宝死体03	17	-1	o000631_0003	-1	105.202	1490.794	-9.942	item_lot_1	3300030	宝死体03	53300130
m33_00_00_00.msb	m33_00_00_00	Item_宝死体04	18	-1	o000610_0004	-1	28.751	1453.896	-63.102	item_lot_1	3300040	宝死体04	53300140
m33_00_00_00.msb	m33_00_00_00	Item_宝死体05	19	-1	o000631_0004	3301502	97.477	1454.206	-130.14	item_lot_1	3300050	宝死体05	53300150
m33_00_00_00.msb	m33_00_00_00	Item_宝死体05（差し替え用）	163	-1	o000631_0034	3301503	97.477	1454.206	-130.14	item_lot_1	3300055	宝死体05（差し替え用）	53300155
m33_00_00_00.msb	m33_00_00_00	Item_宝死体06	20	-1	o000631_0005	-1	34.52	1488.47	-84.124	item_lot_1	3300060	宝死体06	53300160
m33_00_00_00.msb	m33_00_00_00	Item_宝死体07	21	-1	o000611_0001	-1	129.772	1480.136	1.652	item_lot_1	3300070	宝死体07	53300170
m33_00_00_00.msb	m33_00_00_00	Item_宝死体08	22	-1	o000611_0002	-1	134.838	1480.171	-10.713	item_lot_1	3300080	宝死体08	53300180
m33_00_00_00.msb	m33_00_00_00	Item_宝死体09	23	-1	o000611_0003	-1	127.939	1480.142	-17.863	item_lot_1	3300090	宝死体09	53300190
m33_00_00_00.msb	m33_00_00_00	Item_宝死体10	24	-1						item_lot_1	3300100	宝死体10	53300200
m33_00_00_00.msb	m33_00_00_00	Item_宝死体11	25	-1	o000612_0000	-1	111.826	1506.653	14.907	item_lot_1	3300110	宝死体11	53300210
m33_00_00_00.msb	m33_00_00_00	Item_宝死体12	26	-1	o000631_0007	-1	43.195	1493.101	-80.402	item_lot_1	3300120	宝死体12	53300220
m33_00_00_00.msb	m33_00_00_00	Item_宝死体13	27	-1	o000631_0008	-1	34.75	1480.98	-105.48	item_lot_1	3300130	宝死体13	53300230
m33_00_00_00.msb	m33_00_00_00	Item_宝死体14	28	-1	o000631_0009	-1	17.64	1457.09	-99.902	item_lot_1	3300140	宝死体14	53300240
m33_00_00_00.msb	m33_00_00_00	Item_宝死体15	29	-1	o000631_0010	-1	107.75	1482.59	-69.83	item_lot_1	3300150	宝死体15	53300250
m33_00_00_00.msb	m33_00_00_00	Item_宝死体16	30	-1	o000631_0011	-1	29.879	1499.195	-48.009	item_lot_1	3300160	宝死体16	53300260
m33_00_00_00.msb	m33_00_00_00	Item_宝死体17	31	-1	o000631_0012	-1	125.758	1487.122	-85.007	item_lot_1	3300170	宝死体17	53300270
m33_00_00_00.msb	m33_00_00_00	Item_宝死体18	32	-1	o000631_0013	-1	156.162	1488.064	-66.353	item_lot_1	3300180	宝死体18	53300280
m33_00_00_00.msb	m33_00_00_00	Item_宝死体19	33	-1	o000613_0004	-1	123.504	1490.606	-6.91	item_lot_1	3300190	宝死体19	53300290
m33_00_00_00.msb	m33_00_00_00	Item_宝死体20	34	-1	o000631_0014	-1	80.915	1480.241	-140.974	item_lot_1	3300200	宝死体20	53300300
m33_00_00_00.msb	m33_00_00_00	Item_宝死体21	35	-1	o000631_0015	-1	69.629	1482.588	-105.45	item_lot_1	3300210	宝死体21	53300310
m33_00_00_00.msb	m33_00_00_00	Item_宝死体22	36	-1	o000631_0016	3301504	73.757	1486.418	-135.367	item_lot_1	3300220	宝死体22	53300320
m33_00_00_00.msb	m33_00_00_00	Item_宝死体22（差し替え用）	168	-1	o000631_0035	3301505	73.757	1486.418	-135.367	item_lot_1	3300225	宝死体22（差し替え用）	53300325
m33_00_00_00.msb	m33_00_00_00	Item_宝死体23	37	-1	o000631_0017	-1	190.931	1481.88	-36.483	item_lot_1	3300230	宝死体23	53300330
m33_00_00_00.msb	m33_00_00_00	Item_宝死体24	38	-1	o000631_0018	-1	4.46	1467.37	-164.56	item_lot_1	3300240	宝死体24	53300340
m33_00_00_00.msb	m33_00_00_00	Item_宝死体25	39	-1	o000631_0019	-1	3.383	1456.405	-164.35	item_lot_1	3300250	宝死体25	53300350
m33_00_00_00.msb	m33_00_00_00	Item_宝死体26	40	-1	o000631_0020	-1	26.982	1468.377	-125.604	item_lot_1	3300260	宝死体26	53300360
m33_00_00_00.msb	m33_00_00_00	Item_宝死体27	41	-1	o000631_0021	-1	-1.625	1462.125	-61.352	item_lot_1	3300270	宝死体27	53300370
m33_00_00_00.msb	m33_00_00_00	Item_宝死体28	75	-1	o000631_0022	-1	45.969	1454.038	-75.398	item_lot_1	3300280	宝死体28	53300380
m33_00_00_00.msb	m33_00_00_00	Item_宝死体29	102	-1	o000631_0023	-1	43.62	1454.01	-115.81	item_lot_1	3300290	宝死体29	53300390
m33_00_00_00.msb	m33_00_00_00	Item_宝死体30	103	-1	o000631_0024	-1	76.002	1454.013	-148.746	item_lot_1	3300300	宝死体30	53300400
m33_00_00_00.msb	m33_00_00_00	Item_宝死体31	104	-1	o000631_0025	-1	1.492	1454.072	-116.975	item_lot_1	3300310	宝死体31	53300410
m33_00_00_00.msb	m33_00_00_00	Item_宝死体32	114	-1	o000631_0026	3301506	69.121	1491.09	-57.525	item_lot_1	3300320	宝死体32	53300420
m33_00_00_00.msb	m33_00_00_00	Item_宝死体32（差し替え用）	169	-1	o000631_0036	3301507	69.121	1491.09	-57.525	item_lot_1	3300325	宝死体32（差し替え用）	53300425
m33_00_00_00.msb	m33_00_00_00	Item_宝死体33	142	-1	o000631_0027	-1	42.429	1482.61	-153.11	item_lot_1	3300330	宝死体33	53300430
m33_00_00_00.msb	m33_00_00_00	Item_宝死体34	153	-1	o000631_0006	-1	72.433	1480.13	-39.937	item_lot_1	3300340	宝死体34	53300440
m33_00_00_00.msb	m33_00_00_00	Item_宝死体35	154	-1	o000631_0028	-1	72.805	1480.271	-37.48	item_lot_1	3300350	宝死体35	53300450
m33_00_00_00.msb	m33_00_00_00	Item_宝死体36	155	-1	o000631_0029	-1	70.84	1495.15	-46.92	item_lot_1	3300360	宝死体36	53300460
m33_00_00_00.msb	m33_00_00_00	Item_宝死体37	156	-1	o000631_0030	-1	79.34	1503.43	-60.2	item_lot_1	3300370	宝死体37	53300470
m33_00_00_00.msb	m33_00_00_00	Item_宝死体38	158	-1	o000631_0031	3301508	56.8	1490.2	-77.45	item_lot_1	3300380	宝死体38	53300480
m33_00_00_00.msb	m33_00_00_00	Item_宝死体38（差し替え用）	171	-1	o000631_0037	3301509	56.8	1490.2	-77.45	item_lot_1	3300385	宝死体38（差し替え用）	53300485
m33_00_00_00.msb	m33_00_00_00	Item_宝死体39	159	-1	o000631_0032	-1	-13.43	1456.22	-85.33	item_lot_1	3300390	宝死体39	53300490
m34_00_00_00.msb	m34_00_00_00	Item_宝死体00	15	-1	o000630_0017	-1	-503.78	1492.481	-477.1	item_lot_1	3400000	宝死体00	53400000
m34_00_00_00.msb	m34_00_00_00	Item_宝死体01	16	-1	o000630_0019	-1	-507.22	1507.98	-436.44	item_lot_1	3400010	宝死体01	53400010
m34_00_00_00.msb	m34_00_00_00	Item_宝死体02	17	-1	o000630_0032	-1	-501.01	1503.29	-417.39	item_lot_1	3400020	宝死体02	53400020
m34_00_00_00.msb	m34_00_00_00	Item_宝死体03	18	-1	o000630_0031	-1	-515.32	1504.61	-403.37	item_lot_1	3400030	宝死体03	53400030
m34_00_00_00.msb	m34_00_00_00	Item_宝死体04	19	-1	o000630_0036	-1	-511.89	1517.26	-370.34	item_lot_1	3400040	宝死体04	53400040
m34_00_00_00.msb	m34_00_00_00	Item_宝死体05	20	-1	o000630_0034	-1	-521.8	1513.17	-387.01	item_lot_1	3400050	宝死体05	53400050
m34_00_00_00.msb	m34_00_00_00	Item_宝死体06	21	-1	o000630_0030	-1	-532.09	1502.19	-404.11	item_lot_1	3400060	宝死体06	53400060
m34_00_00_00.msb	m34_00_00_00	Item_宝死体07	22	-1	o000630_0024	-1	-549.33	1500.46	-441.36	item_lot_1	3400070	宝死体07	53400070
m34_00_00_00.msb	m34_00_00_00	Item_宝死体08	23	-1	o000630_0037	-1	-522.28	1501.29	-469.13	item_lot_1	3400080	宝死体08	53400080
m34_00_00_00.msb	m34_00_00_00	Item_宝死体09	24	-1	o000634_0025	-1	-502.06	1495.21	-451.36	item_lot_1	3400090	宝死体09	53400090
m34_00_00_00.msb	m34_00_00_00	Item_宝死体10	25	-1	o000630_0000	-1	-471.2	1521.7	-349.61	item_lot_1	3400100	宝死体10	53400100
m34_00_00_00.msb	m34_00_00_00	Item_宝死体11	37	-1	o000634_0044	-1	-402.33002	1500.52	-419.5	item_lot_1	3400110	宝死体11	53400110
m34_00_00_00.msb	m34_00_00_00	Item_宝死体12	38	-1	o000630_0001	-1	-384.91998	1494.87	-477.65	item_lot_1	3400120	宝死体12	53400120
m34_00_00_00.msb	m34_00_00_00	Item_宝死体13	39	-1	o000630_0040	-1	-389.74243	1489.26	-467.9981	item_lot_1	3400130	宝死体13	53400130
m34_00_00_00.msb	m34_00_00_00	Item_宝死体14	40	-1	o000630_0041	-1	-362.66	1491.99	-484.8	item_lot_1	3400140	宝死体14	53400140
m34_00_00_00.msb	m34_00_00_00	Item_宝死体15	41	-1	o000630_0015	-1	-345.1	1496.02	-490.8	item_lot_1	3400150	宝死体15	53400150
m34_00_00_00.msb	m34_00_00_00	Item_宝死体16	42	-1	o000630_0016	-1	-405.93	1490.8	-465.65	item_lot_1	3400160	宝死体16	53400160
m34_00_00_00.msb	m34_00_00_00	Item_宝死体17	43	-1	o000630_0043	-1	-397	1480.98	-366.2	item_lot_1	3400170	宝死体17	53400170
m34_00_00_00.msb	m34_00_00_00	Item_宝死体18	44	-1	o000630_0044	-1	-401.91	1481.09	-379.15	item_lot_1	3400180	宝死体18	53400180
m34_00_00_00.msb	m34_00_00_00	Item_宝死体19	45	-1	o000630_0045	-1	-409.7	1478.27	-373.79	item_lot_1	3400190	宝死体19	53400190
m34_00_00_00.msb	m34_00_00_00	Item_宝死体20	46	-1	o000630_0047	-1	-401.82	1476.85	-348.35	item_lot_1	3400200	宝死体20	53400200
m34_00_00_00.msb	m34_00_00_00	Item_宝死体21	47	-1	o000630_0046	-1	-407.06	1476.74	-350.4	item_lot_1	3400210	宝死体21	53400210
m34_00_00_00.msb	m34_00_00_00	Item_宝死体22	48	-1	o000630_0022	-1	-393.6	1477.7	-345.78998	item_lot_1	3400220	宝死体22	53400220
m34_00_00_00.msb	m34_00_00_00	Item_宝死体23	49	-1	o000630_0042	-1	-427.3	1485.7	-487.4	item_lot_1	3400230	宝死体23	53400230
m34_00_00_00.msb	m34_00_00_00	Item_宝死体24	50	-1	o000630_0049	-1	-403.41998	1494.77	-517.4	item_lot_1	3400240	宝死体24	53400240
m34_00_00_00.msb	m34_00_00_00	Item_宝死体25	51	-1	o000630_0025	-1	-348.34	1492.34	-544.86	item_lot_1	3400250	宝死体25	53400250
m34_00_00_00.msb	m34_00_00_00	Item_宝死体26	192	-1	o000630_0026	3401205	-432.77	1503.18	-588.35	item_lot_1	3400260	宝死体26	53400260
m34_00_00_00.msb	m34_00_00_00	Item_宝死体27	193	-1	o000630_0027	3401206	-381.79	1495.85	-555.84	item_lot_1	3400270	宝死体27	53400270
m34_00_00_00.msb	m34_00_00_00	Item_宝死体28	194	-1	o000630_0028	3401207	-383.51	1493.079	-563.85	item_lot_1	3400280	宝死体28	53400280
m34_00_00_00.msb	m34_00_00_00	Item_宝死体33	59	-1	o000630_0033	-1	-430.04	1503.25	-588.37	item_lot_1	3400330	宝死体33	53400330
m34_00_00_00.msb	m34_00_00_00	Item_宝死体35	61	-1	o000630_0035	-1	-433.8	1499.54	-541.93	item_lot_1	3400350	宝死体35	53400350
m34_00_00_00.msb	m34_00_00_00	Item_宝死体36	62	-1	o000630_0050	-1	-409.81	1488.94	-544.03	item_lot_1	3400360	宝死体36	53400360
m34_00_00_00.msb	m34_00_00_00	Item_宝死体37	125	-1	o000630_0021	-1	-534.44	1499.63	-439.03	item_lot_1	3400370	宝死体37	53400370
m34_00_00_00.msb	m34_00_00_00	Item_宝死体38	124	-1	o000630_0023	-1	-521.33	1505.92	-448.2	item_lot_1	3400380	宝死体38	53400380
m34_00_00_00.msb	m34_00_00_00	Item_宝死体39	123	-1	o000630_0020	-1	-527.17	1502.83	-433.39398	item_lot_1	3400390	宝死体39	53400390
m34_00_00_00.msb	m34_00_00_00	Item_宝死体40	142	-1	o000630_0039	-1	-406.08002	1489.76	-448.66998	item_lot_1	3400400	宝死体40	53400400
m34_00_00_00.msb	m34_00_00_00	Item_宝死体41	143	-1	o000630_0048	-1	-403.5	1489.37	-502.14	item_lot_1	3400410	宝死体41	53400410
m34_00_00_00.msb	m34_00_00_00	Item_宝死体42	182	-1	o000630_0052	-1	-414.96	1506.58	-764.24	item_lot_1	3400420	宝死体42	53400420
m34_00_00_00.msb	m34_00_00_00	Item_宝死体43	183	-1	o000630_0005	3401196	-342.08002	1494.1	-522.56	item_lot_1	3400430	宝死体43	53400430
m34_00_00_00.msb	m34_00_00_00	Item_宝死体44	184	-1	o000630_0006	3401197	-336.89	1496.719	-568.419	item_lot_1	3400440	宝死体44	53400440
m34_00_00_00.msb	m34_00_00_00	Item_宝死体45	185	-1	o000630_0007	3401198	-394.59	1499.06	-612.12	item_lot_1	3400450	宝死体45	53400450
m34_00_00_00.msb	m34_00_00_00	Item_宝死体46	186	-1	o000630_0008	3401199	-397.65	1500.98	-644.36	item_lot_1	3400460	宝死体46	53400460
m34_00_00_00.msb	m34_00_00_00	Item_宝死体47	187	-1	o000630_0009	3401200	-399.82	1501.38	-680.75	item_lot_1	3400470	宝死体47	53400470
m34_00_00_00.msb	m34_00_00_00	Item_宝死体48	188	-1	o000630_0010	3401201	-428.952	1491.35	-544.502	item_lot_1	3400480	宝死体48	53400480
m34_00_00_00.msb	m34_00_00_00	Item_宝死体49	189	-1	o000630_0011	3401202	-434	1484.59	-545.47	item_lot_1	3400490	宝死体49	53400490
m34_00_00_00.msb	m34_00_00_00	Item_宝死体50	190	-1	o000630_0012	3401203	-427.4	1484.6	-568.72	item_lot_1	3400500	宝死体50	53400500
m34_00_00_00.msb	m34_00_00_00	Item_宝死体51	191	-1	o000630_0003	3401204	-372.05402	1498.82	-640.623	item_lot_1	3400510	宝死体51-1	53400510
m34_00_00_00.msb	m34_00_00_00	Item_宝死体52	204	-1	o000630_0013	-1	-526.62	1500.01	-399.9	item_lot_1	3400520	宝死体52	53400520
m34_00_00_00.msb	m34_00_00_00	Item_宝死体53	76	-1	o000630_0038	-1	-508.67	1489.81	-487.78	item_lot_1	3400530	宝死体53	53400530
m34_00_00_00.msb	m34_00_00_00	Item_宝死体54	216	-1	o000630_0018	-1	-496.84	1521.79	-344.88	item_lot_1	3400540	宝死体54	53400540
m34_00_00_00.msb	m34_00_00_00	Item_宝死体58	220	-1	o000630_0014	-1	-498.91	1500.8	-427.81	item_lot_1	3400580	宝死体58	53400580
m34_00_00_00.msb	m34_00_00_00	Item_宝死体59	231	-1	o000630_0004	-1	-523.89	1508.42	-420.81	item_lot_1	3400590	宝死体59	53400590
m34_00_00_00.msb	m34_00_00_00	Item_宝死体60	211	-1	o000634_0042	-1	-422.79	1500.41	-415.05	item_lot_1	3400600	宝死体60	53400600
m34_00_00_00.msb	m34_00_00_00	Item_宝死体61	236	-1	o000630_0051	-1	-499.83	1496.87	-459.6	item_lot_1	3400610	宝死体61	53400600
m34_00_00_00.msb	m34_00_00_00	Item_宝死体TGS00	148	-1	o000634_0000	3401180	-382.38	1489	-550.81	item_lot_1	3401000	TGS宝死体01	53401000
m34_00_00_00.msb	m34_00_00_00	Item_宝死体TGS01	52	-1	o000634_0001	3401181	-342.08002	1494.1	-522.56	item_lot_1	3401010	TGS宝死体02	53401010
m34_00_00_00.msb	m34_00_00_00	Item_宝死体TGS02	53	-1	o000634_0002	3401182	-336.89	1496.719	-568.419	item_lot_1	3401020	TGS宝死体03	53401020
m34_00_00_00.msb	m34_00_00_00	Item_宝死体TGS03	154	-1	o000634_0003	3401183	-383.61	1493.039	-563.35	item_lot_1	3401030	TGS宝死体04	53401030
m34_00_00_00.msb	m34_00_00_00	Item_宝死体TGS04	54	-1	o000634_0004	3401184	-374.52	1490.66	-565.72	item_lot_1	3401040	TGS宝死体05	53401040
m34_00_00_00.msb	m34_00_00_00	Item_宝死体TGS05	56	-1	o000634_0005	3401185	-427.4	1484.6	-568.72	item_lot_1	3401050	TGS宝死体06	53401050
m34_00_00_00.msb	m34_00_00_00	Item_宝死体TGS06	58	-1	o000634_0006	3401186	-428.952	1491.35	-544.502	item_lot_1	3401060	TGS宝死体07	53401060
m34_00_00_00.msb	m34_00_00_00	Item_宝死体TGS07	57	-1	o000634_0007	3401187	-434	1484.59	-545.47	item_lot_1	3401070	TGS宝死体08	53401070
m34_00_00_00.msb	m34_00_00_00	Item_宝死体TGS08	152	-1	o000634_0008	3401188	-394.59	1499.06	-612.12	item_lot_1	3401080	TGS宝死体09	53401080
m34_00_00_00.msb	m34_00_00_00	Item_宝死体TGS09	131	-1	o000630_0002	3401189	-369.46002	1498.94	-645.6	item_lot_1	3401090	TGS宝死体10	53401090
m34_00_00_00.msb	m34_00_00_00	Item_宝死体TGS10	144	-1	o000634_0010	3401190	-397.65	1500.98	-644.36	item_lot_1	3401100	TGS宝死体11	53401100
m34_00_00_00.msb	m34_00_00_00	Item_宝死体TGS11	60	-1	o000634_0011	3401191	-399.82	1501.38	-680.75	item_lot_1	3401110	TGS宝死体12	53401110
m34_00_00_00.msb	m34_00_00_00	Item_宝死体TGS12	55	-1	o000634_0012	3401192	-381.19	1495.85	-556.14	item_lot_1	3401120	TGS宝死体13	53401120
m34_00_00_00.msb	m34_00_00_00	Item_宝死体TGS13	198	-1	o000630_0029	3401193	-414.96	1506.58	-764.24	item_lot_1	3401130	TGS宝死体14	53401130
m35_00_00_00.msb	m35_00_00_00	Item_宝死体【ひまわり畑00】	18	-1	o350154_0002	-1	-422.40002	1544.54	-839.24	item_lot_1	3500000	宝死体【ひまわり畑00】_崖際	53500000
m35_00_00_00.msb	m35_00_00_00	Item_宝死体【ひまわり畑の椅子】	63	-1	o353005	-1	-424.36902	1537.766	-824.798	item_lot_1	3500830	宝死体【ひまわり畑の中央奥椅子死体】	53500830
m35_00_00_00.msb	m35_00_00_00	Item_宝死体【時計塔01】	22	-1	o350151_0000	-1	-331.32	1572.84	-840.82	item_lot_1	3500110	宝死体【時計塔01】_2F左通路手前	53500110
m35_00_00_00.msb	m35_00_00_00	Item_宝死体【時計塔02】	23	-1	o350153_0002	-1	-353.89	1555.79	-825.66	item_lot_1	3500120	宝死体【時計塔02】_水銀内	53500120
m35_00_00_00.msb	m35_00_00_00	Item_宝死体【時計塔03】	24	-1	o000630_0006	-1	-382.64	1513.05	-777.52	item_lot_1	3500130	宝死体【時計塔03】_地下牢鍵扉の死体	53500130
m35_00_00_00.msb	m35_00_00_00	Item_宝死体【時計塔04】	25	-1	o350153_0000	-1	-376.23203	1631.09	-806.98	item_lot_1	3500140	宝死体【時計塔04】_梁通路最奥	53500140
m35_00_00_00.msb	m35_00_00_00	Item_宝死体【時計塔05】	26	-1	o350151_0005	-1	-354.991	1603.36	-860.983	item_lot_1	3500150	宝死体【時計塔05】_頭部のみ部屋の釣り死体	53500150
m35_00_00_00.msb	m35_00_00_00	Item_宝死体【時計塔06】	27	-1	o350154_0005	-1	-340.35	1583.92	-836.3	item_lot_1	3500310	宝死体【時計塔21】_3F左出っ張り	53500310
m35_00_00_00.msb	m35_00_00_00	Item_宝死体【時計塔07】	28	-1	o350152_0001	-1	-352.178	1603.47	-862.17896	item_lot_1	3500820	宝死体【頭のみの部屋奥】	53500820
m35_00_00_00.msb	m35_00_00_00	Item_宝死体【時計塔09】	30	-1	o350153_0003	-1	-350.42	1595.56	-847.081	item_lot_1	3500190	宝死体【時計塔09】_輸血台初見部屋の上出っ張り	53500190
m35_00_00_00.msb	m35_00_00_00	Item_宝死体【時計塔10】	31	-1	o350153_0001	-1	-331.61002	1568.2	-826.64996	item_lot_1	3500860	宝死体【時計塔　入口上エリア】	53500860
m35_00_00_00.msb	m35_00_00_00	Item_宝死体【時計塔11】	57	-1	o350153_0005	-1	-331.40002	1572.93	-807.2	item_lot_1	3500210	宝死体【時計塔11】_2F右通路手前	53500210
m35_00_00_00.msb	m35_00_00_00	Item_宝死体【時計塔12】	59	-1	o350154_0000	-1	-334.864	1583.33	-850.87	item_lot_1	3500800	宝死体【3F左側の暗闇部屋のテラス端】	53500800
m35_00_00_00.msb	m35_00_00_00	Item_宝死体【時計塔13】	61	-1	o350153_0004	-1	-331.18002	1583.17	-808.2	item_lot_1	3500230	宝死体【時計塔13】_3F右通路手前トラップ囮	53500230
m35_00_00_00.msb	m35_00_00_00	Item_宝死体【時計塔17】	75	-1	o350151_0003	-1	-359	1589	-851.39996	item_lot_1	3500270	宝死体【時計塔17】_輸血台初見部屋の奥	53500270
m35_00_00_00.msb	m35_00_00_00	Item_宝死体【時計塔18】	76	-1	o350154_0003	-1	-357.67	1604.48	-836.26	item_lot_1	3500280	宝死体【時計塔18】_5F左出っ張り	53500280
m35_00_00_00.msb	m35_00_00_00	Item_宝死体【時計塔19】	113	-1	o350152_0015	-1	-340.18002	1572.96	-842.54	item_lot_1	3500290	宝死体【時計塔19】	53500290
m35_00_00_00.msb	m35_00_00_00	Item_宝死体【時計塔20】	114	-1	o350154_0004	-1	-352.80002	1593.3	-833.5	item_lot_1	3500300	宝死体【時計塔20】_4F左出っ張り	53500300
m35_00_00_00.msb	m35_00_00_00	Item_宝死体【時計塔23】	70	-1	o350151_0006	-1	-378.73	1603.48	-839.86	item_lot_1	3500620	宝死体【時計塔XX】_5F左通路奥	53500620
m35_00_00_00.msb	m35_00_00_00	Item_宝死体【時計塔2F左部屋】	41	-1	o350153_0007	-1	-364.1	1572.86	-875.4	item_lot_1	3500220	宝死体【時計塔12】_2F左部屋奥	53500220
m35_00_00_00.msb	m35_00_00_00	Item_宝死体【時計塔4F暗闇部屋】	72	-1	o350151_0002	-1	-334.7	1593.32	-858.5	item_lot_1	3500260	宝死体【時計塔16】_4F左暗闇部屋の吊り死体	53500260
m35_00_00_00.msb	m35_00_00_00	Item_宝死体【時計塔】_2F右四足部屋ハンター	12	-1	o000630_0001	-1	-359.28	1572.71	-786.39	item_lot_1	3500870	宝死体【獣患者の実験台】	53500870
m35_00_00_00.msb	m35_00_00_00	Item_宝死体【時計塔ギミック後水銀内00】	9	-1	o350151_0004	3501270	-352.7	1556.3	-823.25	item_lot_1	3500160	宝死体【時計塔06】_ギミック起動後_水銀内	53500160
m35_00_00_00.msb	m35_00_00_00	Item_宝死体【時計塔ギミック後水銀内01】	16	-1	o350152_0000	3501271	-377.2	1557.8	-806.36	item_lot_1	3500180	宝死体【時計塔08】_ギミック起動後_左手前	53500180
m35_00_00_00.msb	m35_00_00_00	Item_宝死体【時計塔ギミック後水銀内02】	20	-1	o350152_0003	3501272	-365.2	1556	-816.35	item_lot_1	3500200	宝死体【時計塔10】_ギミック起動後_水銀内2	53500200
m35_00_00_00.msb	m35_00_00_00	Item_宝死体【治験棟エリア】	13	-1	o350151_0001	-1	-355.11002	1583.33	-776.89996	item_lot_1	3500250	宝死体【時計塔15】_3F右医者部屋奥	53500250
m35_00_00_00.msb	m35_00_00_00	Item_宝死体【聖堂00】	14	-1	o000630_0003	-1	-387.27002	1525.4	-826.07996	item_lot_1	3500500	宝死体【聖堂00】	53500500
m35_00_00_00.msb	m35_00_00_00	Item_宝死体【聖堂02】	17	-1	o355100_0000	3501280	-349.31	1526.35	-820.44	item_lot_1	3500840	宝死体【聖堂02】_聖堂のベッド上死体	53500840
m35_00_00_00.msb	m35_00_00_00	Item_宝死体【聖堂03】	53	-1	o000631_0027	-1	-387.47	1525.53	-820.26	item_lot_1	3500530	宝死体【聖堂03】_聖堂裏	53500530
m35_00_00_00.msb	m35_00_00_00	Item_宝死体【聖堂04】	55	-1	o350154_0001	-1	-341.48	1630.61	-816.67	item_lot_1	3500540	宝死体【聖堂04】_梁通路カラスの囮	53500540
m35_00_00_00.msb	m35_00_00_00	Item_宝死体【地下牢00】	11	-1	o000630_0000	-1	-368.83002	1513.36	-779.98	item_lot_1	3500600	宝死体【地下牢00】_鍵なし手前死体	53500600
m35_00_00_00.msb	m35_00_00_00	Item_宝死体【地下牢03】	47	-1	o000630_0009	-1	-314.46402	1497.146	-796.482	item_lot_1	3500630	宝死体【地下牢03】_教会の殺し屋後	53500630
m35_00_00_00.msb	m35_00_00_00	Item_宝死体【地下牢04】	19	-1	o000636_0000	-1	-382.21002	1512.92	-803.42	item_lot_1	3500810	宝死体【女ハンター撃破後のボス部屋光】	53500810
m35_00_00_00.msb	m35_00_00_00	Item_宝箱【時計塔6F】	32	-1	o002100_0000	3501350	-376.54	1613.74	-809.1	item_lot_1	3501100	宝箱【時計塔00】_ギミック起動後に行く6.5Fの宝箱	53501100
m35_00_00_00.msb	m35_00_00_00	Item_宝箱【聖堂下層】	33	-1	o002100_0001	3501351	-321.30002	1499.3	-824.41	item_lot_1	3500850	宝死体【祭壇エレベータ下隠しエリア】	53500850
m35_00_00_00.msb	m35_00_00_00	Item_宝箱【聖堂上層】	68	-1	o002100_0002	3501352	-327.7	1539.05	-830.69	item_lot_1	3501500	宝箱【聖堂00】_聖堂上部の奥宝箱	53501500
m36_00_00_00.msb	m36_00_00_00	宝死体00_賽の河原	44	-1	o000635_0000	-1	-540.2	1594.5	-815.2	item_lot_1	3600000	宝死体00_賽の河原0	53600000
m36_00_00_00.msb	m36_00_00_00	宝死体01_賽の河原	45	-1	o000635_0001	-1	-559.3	1594.52	-824.5	item_lot_1	3600010	宝死体01_賽の河原1	53600010
m36_00_00_00.msb	m36_00_00_00	宝死体10_村1_魚人A初出	46	-1	o000635_0010	-1	-610.60004	1594.6	-792	item_lot_1	3600100	宝死体10_村1_魚人A初出	53600100
m36_00_00_00.msb	m36_00_00_00	宝死体11_村1_井戸	47	-1	o000635_0011	-1	-662.7	1595	-796.2	item_lot_1	3600110	宝死体11_村1_井戸	53600110
m36_00_00_00.msb	m36_00_00_00	宝死体12_村1_魚人大後方	48	-1	o000635_0012	-1	-638	1594.5	-810.7	item_lot_1	3600120	宝死体12_村1_魚人大後方	53600120
m36_00_00_00.msb	m36_00_00_00	宝死体13_村1_火炎壷トラップ	49	-1	o000635_0013	-1	-676.2	1594.5	-812.8	item_lot_1	3600130	宝死体13_村1_火炎壷トラップの小舟付近	53600130
m36_00_00_00.msb	m36_00_00_00	宝死体14_村1_投擲家屋2F	50	-1	o000635_0014	-1	-682.4	1600	-776	item_lot_1	3600140	宝死体14_村1_投擲家屋2F	53600140
m36_00_00_00.msb	m36_00_00_00	宝死体15_村1_養殖槽外壁	51	-1	o000635_0015	-1	-652.2	1600.9	-825.2	item_lot_1	3600150	宝死体15_村1_養殖槽外壁	53600150
m36_00_00_00.msb	m36_00_00_00	宝死体16_村1_包丁ハウス1F	52	-1	o000635_0016	-1	-619.60004	1595.5	-789.4	item_lot_1	3600160	宝死体16_村1_包丁ハウス1F	53600160
m36_00_00_00.msb	m36_00_00_00	宝死体17_村1_包丁ハウス2F	53	-1	o000635_0017	-1	-626.8	1598.1	-781.8	item_lot_1	3600170	宝死体17_村1_包丁ハウス2F	53600170
m36_00_00_00.msb	m36_00_00_00	宝死体20_山道	54	-1	o000635_0020	-1	-690.4	1603.64	-826.2	item_lot_1	3600200	宝死体20_山道_脇道	53600200
m36_00_00_00.msb	m36_00_00_00	宝死体21_山道	55	-1	o000635_0021	-1	-675	1606.5	-847.4	item_lot_1	3600210	宝死体21_山道_養殖槽を覗くところ	53600210
m36_00_00_00.msb	m36_00_00_00	宝死体22_灯台	56	-1	o000635_0022	-1	-661.80005	1614.83	-887.5	item_lot_1	3600220	宝死体22_灯台_エレベーターホール	53600220
m36_00_00_00.msb	m36_00_00_00	宝死体23_灯台	57	-1	o000635_0023	-1	-637	1611.3	-874.4	item_lot_1	3600230	宝死体23_灯台_ワープOBJから養殖槽へのSC途中	53600230
m36_00_00_00.msb	m36_00_00_00	宝死体30_村2	58	-1	o000635_0030	-1	-647.2	1598.1	-910.60004	item_lot_1	3600300	宝死体30_村2_下層_火炎壷トラップ落とし穴の先	53600300
m36_00_00_00.msb	m36_00_00_00	宝死体31_村2	59	-1	o000635_0031	-1	-621.4	1597.24	-882.4	item_lot_1	3600310	宝死体31_村2_下層_梯子への迂回ルート途中	53600310
m36_00_00_00.msb	m36_00_00_00	宝死体32_村2	60	-1	o000635_0032	-1	-621.5	1594.3	-936.2	item_lot_1	3600320	宝死体32_村2_下層_逆襲ハウス	53600320
m36_00_00_00.msb	m36_00_00_00	宝死体33_村2	61	-1	o000635_0033	-1	-618.7	1594.28	-917.4	item_lot_1	3600330	宝死体33_村2_下層_逆襲ハウス	53600330
m36_00_00_00.msb	m36_00_00_00	宝死体34_村2	121	-1	o000635_0034	-1	-622.4	1594.62	-932.8	item_lot_1	3600340	宝死体34_村2_下層_逆襲ハウスの外	53600340
m36_00_00_00.msb	m36_00_00_00	宝死体35_村2	63	-1						item_lot_1	3600350	宝死体35_村2_下層_殺し屋ハウス	53600350
m36_00_00_00.msb	m36_00_00_00	宝死体36_村2	62	-1	o000635_0036	-1	-600.2	1598.9	-906.60004	item_lot_1	3600360	宝死体36_村2_下層_殺し屋ハウス	53600360
m36_00_00_00.msb	m36_00_00_00	宝死体40_養殖槽上層	64	-1	o000635_0040	-1	-571.2	1608	-884.8	item_lot_1	3600400	宝死体40_養殖槽上層_入ってすぐの魚人A付近	53600400
m36_00_00_00.msb	m36_00_00_00	宝死体41_養殖槽上層	65	-1	o000635_0041	-1	-609	1610.66	-872.7	item_lot_1	3600410	宝死体41_養殖槽上層_屋根付きの魚人A付近	53600410
m36_00_00_00.msb	m36_00_00_00	宝死体42_養殖槽上層	67	-1						item_lot_1	3600420	宝死体42_養殖槽上層_ワープOBJへのSC誘導	53600420
m36_00_00_00.msb	m36_00_00_00	宝死体43_養殖槽中層	68	-1	o000635_0043	-1	-616.2	1594.3	-846.2	item_lot_1	3600430	宝死体43_養殖槽中層_ヤドカリいっぱいエリア	53600430
m36_00_00_00.msb	m36_00_00_00	宝死体44_養殖槽中層	71	-1	o000635_0044	-1	-647.6	1594.62	-833	item_lot_1	3600440	宝死体44_養殖槽中層_進行ルート誘導	53600440
m36_00_00_00.msb	m36_00_00_00	宝死体45_養殖槽中層	134	-1	o000635_0045	-1	-625	1594.6	-832.2	item_lot_1	3600450	宝死体45_養殖槽中層_ヤドカリ投げトラップ	53600450
m36_00_00_00.msb	m36_00_00_00	宝死体46_養殖槽中層	69	-1	o000635_0046	-1	-649.80005	1596.7	-832.2	item_lot_1	3600460	宝死体46_養殖槽中層_木組みの足場	53600460
m36_00_00_00.msb	m36_00_00_00	宝死体47_養殖槽中層	135	-1	o000635_0047	-1	-663	1595.76	-831.60004	item_lot_1	3600470	宝死体47_養殖槽中層_木組みの足場	53600470
m36_00_00_00.msb	m36_00_00_00	宝死体50_暗渠中層	136	-1	o000635_0050	-1	-671.2	1594.9	-894.2	item_lot_1	3600500	宝死体50_暗渠中層_海岸見下ろし	53600500
m36_00_00_00.msb	m36_00_00_00	宝死体51_暗渠中層	137	-1	o000635_0051	-1	-630.2	1594.8	-865	item_lot_1	3600510	宝死体51_暗渠中層_即身仏	53600510
m36_00_00_00.msb	m36_00_00_00	宝死体52_暗渠中層	8	-1	o000635_0052	-1	-649.2	1594.6	-874.60004	item_lot_1	3600520	宝死体52_暗渠中層_下層への飛び降り直前	53600520
m36_00_00_00.msb	m36_00_00_00	宝死体53_暗渠下層	149	-1	o000635_0053	-1	-675	1587.4	-888.5	item_lot_1	3600530	宝死体53_暗渠下層_ボス部屋誘導	53600530
m36_00_00_00.msb	m36_00_00_00	宝死体54_暗渠下層	150	-1	o000635_0054	-1	-653.6	1586.9	-838.2	item_lot_1	3600540	宝死体54_暗渠下層_ほおずき三叉路	53600540
m36_00_00_00.msb	m36_00_00_00	宝死体55_暗渠下層	151	-1	o000635_0055	-1	-665.6	1587.2	-807.9	item_lot_1	3600550	宝死体55_暗渠下層_ほおずきの奥	53600550
m36_00_00_00.msb	m36_00_00_00	宝死体56_暗渠下層	153	-1	o000635_0056	-1	-667.2	1587	-809.2	item_lot_1	3600560	宝死体56_暗渠下層_ほおずきの奥	53600560
m36_00_00_00.msb	m36_00_00_00	宝死体57_暗渠下層	125	-1	o000635_0057	-1	-655.5	1572.24	-885.9	item_lot_1	3600570	宝死体53_暗渠下層_エレベーターホール	53600570
m36_00_00_00.msb	m36_00_00_00	宝死体60_養殖槽下層	70	-1	o000635_0060	-1	-573.4	1589.8	-893.4	item_lot_1	3600600	宝死体60_養殖槽下層_チャレンジエリア最奥	53600600
m36_00_00_00.msb	m36_00_00_00	宝死体61_養殖槽下層	34	-1	o000635_0061	-1	-577.2	1589.7	-888.60004	item_lot_1	3600610	宝死体61_養殖槽下層_チャレンジエリア最奥	53600610
m36_00_00_00.msb	m36_00_00_00	宝死体_ハンター	141	-1	o000630_0000	-1	-620.8	1599.94	-783.8	item_lot_1	3600700	ハンター死体　包丁にミンチにされている	53600700
m36_00_00_00.msb	m36_00_00_00	宝死体_地下牢の鍵	154	-1	o000635_0100	3600906	-644.2	1614.6	-874.2	item_lot_1	43221	秘密を探る者_瀕死時会話終了か殺害でドロップ／宝死体取得	50002360
