item_lot_id	lot_name	slot	item_category	item_id	item_param_name	normalized_runtime_id	raw_runtime_descriptor	quantity	base_points	slot_acquisition_flag	generic_acquisition_flag	all_acquisition_flags
0	test_param0	01	0	100000				1	100	0	-1	
0	test_param0	02	1	10000				2	50	0	-1	
0	test_param0	03	4	240				99	100	0	-1	
0	test_param0	04	0	101000				1	50	0	-1	
0	test_param0	05	1	11000				2	40	0	-1	
1	騎士テスト_回復薬×1【確定】武器素材	01	4	240				1	100	0	-1	
1	騎士テスト_回復薬×1【確定】武器素材	02	4	240				1	100	0	-1	
1	騎士テスト_回復薬×1【確定】武器素材	03	4	2001				1	300	0	-1	
1	騎士テスト_回復薬×1【確定】武器素材	04	4	240				1	100	0	-1	
1	騎士テスト_回復薬×1【確定】武器素材	05	4	240				1	100	0	-1	
2	シミュレータテスト	02	4	3010	武器強化素材【アンコモン】	0x40000BC2	0xB0000BC2	2	20	0	-1	
2	シミュレータテスト	03	4	3010	武器強化素材【アンコモン】	0x40000BC2	0xB0000BC2	1	30	0	-1	
2	シミュレータテスト	04	4	1013				2	20	0	-1	
2	シミュレータテスト	05	4	1013				1	30	0	-1	
2	シミュレータテスト	06	4	1023				1	50	0	-1	
2	シミュレータテスト	07	4	1001				3	50	0	-1	
2	シミュレータテスト	08	4	1001				1	50	0	-1	
3	運パラメータ有効テスト	02	4	1000	HP回復【PG直接指定】	0x400003E8	0xB00003E8	1	25	0	-1	
3	運パラメータ有効テスト	03	4	1000	HP回復【PG直接指定】	0x400003E8	0xB00003E8	2	25	0	-1	
3	運パラメータ有効テスト	04	4	1000	HP回復【PG直接指定】	0x400003E8	0xB00003E8	3	25	0	-1	
10	敵ドロップ宝テスト	01	4	1000	HP回復【PG直接指定】	0x400003E8	0xB00003E8	2	100	0	-1	
20	ザコ魔石テスト	01	8	20				1	100	0	-1	
30	強敵魔石テスト	01	8	30				1	100	0	-1	
40	ダンジョンフロア専用関数テスト	01	8	20				1	100	0	-1	
5500	血族誓約BJ装着時のマルチPvP報酬（ホスト）	01	4	704	血濡れの赤子	0x400002C0	0xB00002C0	1	100	0	-1	
5510	血族誓約BJ装着時のマルチPvP報酬（ゲスト）	01	4	704	血濡れの赤子	0x400002C0	0xB00002C0	1	100	0	-1	
5520	血族誓約BJ装着時のNPC撃破報酬	01	4	704	血濡れの赤子	0x400002C0	0xB00002C0	1	100	0	-1	
5530	血族誓約BJ装着時のNPC撃破報酬（ダンジョン用）	02	4	704	血濡れの赤子	0x400002C0	0xB00002C0	1	1	0	-1	
5900	連盟のマルチ報酬（自身が連盟ゲストで成功させたとき、自分が得るもの）	01	4	1700	血の淀み	0x400006A4	0xB00006A4	1	100	0	-1	
5920	連盟長のマルチ報酬（自分がゲストで自分が長）	01	4	1700	血の淀み	0x400006A4	0xB00006A4	1	100	0	-1	
5930	連盟長のマルチ報酬（自分がゲストで他ゲストが長、自分がホストで他ゲストが長）	01	4	1700	血の淀み	0x400006A4	0xB00006A4	1	100	0	-1	
10000	拠点の贈り物くれるメッセンジャー1	01	4	120	呼び鈴	0x40000078	0xB0000078	1	100	0	6620	6620
10010	拠点の贈り物くれるメッセンジャー2	01	4	200	通常協力要請	0x400000C8	0xB00000C8	1	100	0	6622	6622
10011	拠点の贈り物くれるメッセンジャー2	01	4	111	別れの空砲	0x4000006F	0xB000006F	1	100	0	6622	6622
10030	「タイプA固定レベル5」ダンジョンで取得	01	4	4304	婚約指輪	0x400010D0	0xB00010D0	1	100	0	50000040	50000040
10040	拠点の贈り物くれるメッセンジャー	01	4	4311	【DLC】邪神投げで聖堂街Dへワープできるアイテム	0x400010D7	0xB00010D7	1	100	0	50000100	50000100
10050	拠点の贈り物くれるメッセンジャー	01	4	4312	【DLC】NPC召喚アイテム	0x400010D8	0xB00010D8	1	100	0	6670	6670
14000	人形のヒロイン_ゆかりの品を渡したときに手に入るアイテム	01	4	4301	人形の涙	0x400010CD	0xB00010CD	1	100	0	-1	
15000	拠点老人（覚醒）_撃破報酬	01	4	4113	ショップ解禁　工房ショップC	0x40001011	0xB0001011	1	100	0	-1	
15005	拠点老人（覚醒）_撃破報酬（前の周で取得済みの場合）	01	4	1400	帰還	0x40000578	0xB0000578	1	100	0	-1	
17000	血族の女王_血族になる契約を結んだときに手に入るアイテム	01	8	200010				1	100	0	50000200	50000200
17001	血族の女王_血族になる契約を結んだときに手に入るアイテム	01	4	4117	ショップ解禁　ヴァンパイア	0x40001015	0xB0001015	1	100	0	50000205	50000205
17002	血族の女王_血族になる契約を結んだときに手に入るアイテム（前の周で取得済みの場合）	01	4	1500	SAN値回復＋1	0x400005DC	0xB00005DC	1	100	0	50000210	50000210
17010	血族の女王_ピンク色の肉塊を調べたときに手に入るアイテム	01	4	4305	ピンク色の肉片	0x400010D1	0xB00010D1	1	100	0	-1	
20000	学長_殺害時ドロップアイテム	01	8	100202				1	100	0	50000400	50000400
20001	学長_殺害時ドロップアイテム(差し替え用）	01	4	1500	SAN値回復＋1	0x400005DC	0xB00005DC	1	100	0	50000405	50000405
21000	悪夢の主_撃破時ドロップアイテム	01	1	190000				1	100	0	-1	
22000	避難所の盲人_殴ったときに差し出されるアイテム	01	4	1230	石ころ	0x400004CE	0xB00004CE	1	100	0	-1	
22010	避難所の盲人_死亡時ドロップアイテム	01	8	103103				1	100	0	50000600	50000600
22011	避難所の盲人_死亡時ドロップアイテム（差し替え用)	01	4	1500	SAN値回復＋1	0x400005DC	0xB00005DC	1	100	0	50000605	50000605
23000	診療所の女医_扉の下からくれるアイテム	01	4	703	女医の薬	0x400002BF	0xB00002BF	1	100	0	-1	
23010	診療所の女医_侵入時に死体から拾えるアイテム	01	4	703	女医の薬	0x400002BF	0xB00002BF	1	100	0	50000700	50000700
24000	偽女医_送り込み時に扉の下からくれるアイテム_偏屈な老人	01	4	1270	HP回復不可	0x400004F6	0xB00004F6	2	100	0	-1	
24010	偽女医_送り込み時に扉の下からくれるアイテム_孤独な老婆	01	4	1270	HP回復不可	0x400004F6	0xB00004F6	2	100	0	-1	
24020	偽女医_送り込み時に扉の下からくれるアイテム_感染者の乞食	01	4	1110	獣化薬	0x40000456	0xB0000456	2	100	0	-1	
24030	偽女医_送り込み時に扉の下からくれるアイテム_囚われの尼僧	01	4	1270	HP回復不可	0x400004F6	0xB00004F6	2	100	0	-1	
24040	偽女医_送り込み時に扉の下からくれるアイテム_娼婦	01	4	1270	HP回復不可	0x400004F6	0xB00004F6	2	100	0	-1	
24050	偽女医_送り込み時に扉の下からくれるアイテム_少女	01	4	2030	ヌルヌル化	0x400007EE	0xB00007EE	2	100	0	-1	
24060	偽女医_同士になったときの特別製のお礼	01	4	1120	石ころ帽子	0x40000460	0xB0000460	3	100	0	-1	
24070	偽女医_死亡時ドロップアイテム	01	8	100702				1	100	0	50000800	50000800
24071	偽女医_死亡時ドロップアイテム(差し替え用）	01	4	1500	SAN値回復＋1	0x400005DC	0xB00005DC	1	100	0	50000801	50000801
24075	偽女医_死亡時ドロップアイテム	01	4	4322	3本目のへその緒A	0x400010E2	0xB00010E2	1	100	0	50000805	50000805
25000	偏屈な老人_死亡時ドロップアイテム	01	4	1260	獣誘い	0x400004EC	0xB00004EC	3	100	0	50000900	50000900
26000	孤独な老婆_くれるアイテム_1回目	01	4	1101	狂気・獣化回復薬	0x4000044D	0xB000044D	3	100	0	-1	
26010	孤独な老婆_くれるアイテム_2回目	01	4	1101	狂気・獣化回復薬	0x4000044D	0xB000044D	2	100	0	-1	
26020	孤独な老婆_くれるアイテム_3回目（これをもらうといなくなる）	01	4	1101	狂気・獣化回復薬	0x4000044D	0xB000044D	1	100	0	-1	
26030	孤独な老婆_くれるアイテム_4回目（一度いなくなって戻ってきたとき　これで最後）	01	4	1101	狂気・獣化回復薬	0x4000044D	0xB000044D	1	100	0	-1	
26040	孤独な老婆_死亡時ドロップアイテム	01	4	1101	狂気・獣化回復薬	0x4000044D	0xB000044D	1	100	0	50001000	50001000
27000	感染者の乞食_避難所or診療所を教えたときにくれるお礼	01	4	1260	獣誘い	0x400004EC	0xB00004EC	2	100	0	-1	
27010	感染者の乞食_避難所で再会したときにもらえる秘蔵品	01	4	1110	獣化薬	0x40000456	0xB0000456	2	100	0	-1	
27020	感染者の乞食_避難民を殺したあとにくれるアイテム_偏屈な老人	01	4	1110	獣化薬	0x40000456	0xB0000456	3	100	0	-1	
27030	感染者の乞食_避難民を殺したあとにくれるアイテム_孤独な老婆	01	4	1110	獣化薬	0x40000456	0xB0000456	2	100	0	-1	
27040	感染者の乞食_避難民を殺したあとにくれるアイテム_囚われの尼僧	01	4	1110	獣化薬	0x40000456	0xB0000456	2	100	0	-1	
27050	感染者の乞食_避難民を殺したあとにくれるアイテム_避難所の盲人	01	4	1110	獣化薬	0x40000456	0xB0000456	3	100	0	-1	
27060	感染者の乞食_避難民を殺したあとにくれるアイテム_娼婦	01	4	1110	獣化薬	0x40000456	0xB0000456	2	100	0	-1	
27070	感染者の乞食_死亡時ドロップアイテム	01	8	102402				1	100	0	50001100	50001100
27071	感染者の乞食_死亡時ドロップアイテム（前の周で取得時）	01	4	1500	SAN値回復＋1	0x400005DC	0xB00005DC	1	100	0	50001105	50001105
28000	娼婦_避難所での血の施し	01	4	701	娼婦の血	0x400002BD	0xB00002BD	1	100	0	-1	
28010	娼婦_死亡時ドロップアイテム	01	1	313000				1	100	0	50001200	50001200
28020	娼婦_死亡時ドロップアイテム_妊娠中	01	1	313000				1	100	0	50001200	50001200
28030	娼婦_死亡時ドロップアイテム_出産後	01	1	313000				1	100	0	50001200	50001200
28040	娼婦_娼婦が産んだ赤子_殺害時ドロップアイテム	01	4	4321	3本目のへその緒B	0x400010E1	0xB00010E1	1	100	0	50001205	50001205
29000	重病人_死の間際にくれるアイテム	01	0	18100000				1	100	0	-1	
29010	重病人_異形ビーストになったときのドロップアイテム	01	8	100502				1	100	0	50001300	50001300
29011	重病人_異形ビーストになったときのドロップアイテム（差し替え用）	01	4	1500	SAN値回復＋1	0x400005DC	0xB00005DC	1	100	0	50001301	50001301
30000	少女_母親を探すと答えたときにもらえるもの	01	4	700	ガスコインのオルゴール	0x400002BC	0xB00002BC	1	100	0	-1	
30010	少女_避難所を教えるか真っ赤なブローチを渡したあとの豚のドロップアイテム	01	4	4904	メッセンジャー装備（臓物まみれの白いリボン）	0x40001328	0xB0001328	1	100	0	50001400	50001400
30020	少女_診療所_月使者になっている際の死亡ドロップ	01	8	103101				1	100	0	50001500	50001500
30021	少女_診療所_月使者になっている際の死亡ドロップ（差し替え用）	01	4	1500	SAN値回復＋1	0x400005DC	0xB00005DC	1	100	0	50001505	50001505
31000	ガスコイン神父_撃破時ドロップアイテム	01	4	4000	聖堂街Bの鍵	0x40000FA0	0xB0000FA0	1	100	0	-1	
32000	囚われの尼僧_助けたときのお礼	01	4	1500	SAN値回復＋1	0x400005DC	0xB00005DC	1	100	0	-1	
32010	囚われの尼僧_生贄の街で野垂れ死に死体から拾えるアイテム	01	8	100701				1	100	0	50001600	50001600
32011	囚われの尼僧_生贄の街で野垂れ死に死体から拾えるアイテム(差し替え用）	01	4	1500	SAN値回復＋1	0x400005DC	0xB00005DC	1	100	0	50001601	50001601
32020	囚われの尼僧_避難所での血の施し	01	4	702	囚われの尼僧の血	0x400002BE	0xB00002BE	1	100	0	-1	
32030	囚われの尼僧_死亡時ドロップアイテム	01	8	100701				1	100	0	50001610	50001610
32031	囚われの尼僧_死亡時ドロップアイテム（前の周で取得時）	01	4	1500	SAN値回復＋1	0x400005DC	0xB00005DC	1	100	0	50001611	50001611
33000	獣の守護者_友好関係になったときにもらえる餞別	01	4	4112	ショップ解禁　工房ショップB	0x40001010	0xB0001010	1	100	0	50001700	50001700
33001	獣の守護者_友好関係になったときにもらえる餞別(前の周で取得済みの場合）	01	4	1400	帰還	0x40000578	0xB0000578	1	100	0	50001701	50001701
33010	獣の守護者_死亡時ドロップアイテム	01	4	4112	ショップ解禁　工房ショップB	0x40001010	0xB0001010	1	100	0	50001700	50001700
33011	獣の守護者_死亡時ドロップアイテム（前の周で取得済みの場合）	01	4	1400	帰還	0x40000578	0xB0000578	1	100	0	50001701	50001701
34000	血族狩り_お近づきの印	01	4	1300	エンチャント【炎】	0x40000514	0xB0000514	3	100	0	50001800	50001800
34010	血族狩り_無記名の招待状を渡したときのお礼	01	4	4116	ショップ解禁　教会ショップC	0x40001014	0xB0001014	1	100	0	50001810	50001810
34011	血族狩り_死亡時ドロップアイテム_移動後（前の週で取得済みの場合）	01	4	1400	帰還	0x40000578	0xB0000578	1	100	0	50001805	50001805
34020	血族狩り_ローゲリウスの祀りが終わり、墓前で死んでいるときの死体から拾えるもの	01	8	200000				1	100	0	50001820	50001820
34021	血族狩り_ローゲリウスの祀りが終わり、墓前で死んでいるときの死体から拾えるもの（差し替え用）	01	4	1500	SAN値回復＋1	0x400005DC	0xB00005DC	1	100	0	50001825	50001825
34030	血族狩り_死亡時ドロップアイテム_移動後その1	01	4	1300	エンチャント【炎】	0x40000514	0xB0000514	3	100	0	50001800	50001800
34031	血族狩り_死亡時ドロップアイテム_移動後その2	01	4	4116	ショップ解禁　教会ショップC	0x40001014	0xB0001014	1	100	0	50001810	50001810
34032	血族狩り_死亡時ドロップアイテム_移動後（前の週で取得済みの場合）	01	4	1400	帰還	0x40000578	0xB0000578	1	100	0	50001805	50001805
34035	血族狩り_死亡時ドロップアイテム_初期地点	01	4	1300	エンチャント【炎】	0x40000514	0xB0000514	3	100	0	50001800	50001800
34040	血族狩り_死亡時ドロップアイテム_古城	01	8	200000				1	100	0	50001820	50001820
34041	血族狩り_死亡時ドロップアイテム_古城（前の周で取得済みの場合）	01	4	1500	SAN値回復＋1	0x400005DC	0xB00005DC	1	100	0	50001825	50001825
35000	復讐者_最初にくれる後輩への餞別	01	4	1400	帰還	0x40000578	0xB0000578	4	100	0	-1	
35010	復讐者_死の間際にくれるアイテム	01	8	200020				1	100	0	50001910	50001910
35011	復讐者_死の間際にくれるアイテム（前の週で取得済みの場合）	01	4	1500	SAN値回復＋1	0x400005DC	0xB00005DC	1	100	0	50001915	50001915
35012	復讐者_死の間際にくれるアイテム	01	4	4111	ショップ解禁　工房ショップD	0x4000100F	0xB000100F	1	100	0	50001900	50001900
35013	復讐者_死の間際にくれるアイテム（前の週で取得済みの場合）	01	4	1400	帰還	0x40000578	0xB0000578	1	100	0	50001905	50001905
35020	復讐者_死亡時ドロップアイテム_通常時	01	4	4111	ショップ解禁　工房ショップD	0x4000100F	0xB000100F	1	100	0	50001900	50001900
35021	復讐者_死亡時ドロップアイテム_通常時（前の周で取得済みの場合）	01	4	1400	帰還	0x40000578	0xB0000578	1	100	0	50001905	50001905
35030	復讐者_死亡時ドロップアイテム_闇堕ち時	01	4	4111	ショップ解禁　工房ショップD	0x4000100F	0xB000100F	1	100	0	50001900	50001900
35031	復讐者_死亡時ドロップアイテム_闇堕ち時（前の周で取得済みの場合）	01	4	1400	帰還	0x40000578	0xB0000578	1	100	0	50001905	50001905
37000	門番_ミイラ死体を調べたときに手に入るもの	01	4	1500	SAN値回復＋1	0x400005DC	0xB00005DC	1	100	0	50002000	50002000
39000	パッチ_他のNPCを乗っ取ったときにくれるアイテム	01	4	4310	邪神投げで故郷へワープできるアイテム	0x400010D6	0xB00010D6	1	100	0	-1	
39010	パッチ_友人の証	01	8	100402				1	100	0	50002110	50002110
39011	パッチ_友人の証（差し替え用）	01	4	1500	SAN値回復＋1	0x400005DC	0xB00005DC	1	100	0	50002115	50002115
39020	パッチ_死亡時ドロップアイテム	01	4	1501	SAN値回復＋2	0x400005DD	0xB00005DD	1	100	0	50002100	50002100
42000	少女の姉_落下死した死体から拾えるもの	01	4	4903	メッセンジャー装備（白いリボン）	0x40001327	0xB0001327	1	100	0	50002200	50002200
43000	時計塔の女医_1回脳液を与えて以降もらえる血液	01	4	706	時計塔女医の血	0x400002C2	0xB00002C2	1	100	0	-1	
43010	時計塔の女医_2回脳液を与えたとき	01	4	4019	時計塔の扉の鍵	0x40000FB3	0xB0000FB3	1	100	0	50002250	50002250
43020	時計塔の女医_頭部のみ状態に脳液を与えたとき	01	8	200050				1	100	0	50002260	50002260
43021	時計塔の女医_頭部のみ状態に脳液を与えたとき（周回差し替え）	01	4	1500	SAN値回復＋1	0x400005DC	0xB00005DC	1	100	0	50002261	50002261
43030	時計塔の女医_殺害時ドロップアイテム（通常状態）	01	4	4019	時計塔の扉の鍵	0x40000FB3	0xB0000FB3	1	100	0	50002250	50002250
43040	時計塔の女医_殺害時ドロップアイテム（頭部のみ状態）	01	4	4342	脳液C	0x400010F6	0xB00010F6	1	100	0	50002270	50002270
43100	連盟の長_去ったときに拾えるもの	01	1	260000				1	100	0	50002300	50002300
43110	連盟の長_殺害時ドロップアイテム	01	1	380000				1	100	0	50002310	50002310
43120	連盟の長_連盟加入時にもらえるもの1	01	8	200030				1	100	0	6676	6676
43130	連盟の長_同士として認められたときにもらえるもの	01	4	131	連盟ランキング観覧アイテム	0x40000083	0xB0000083	1	100	0	6678	6678
43200	秘密を探る者_殺害時ドロップアイテム	01	0	32000000				1	100	0	50002350	50002350
43210	秘密を探る者_殺害時ドロップアイテム（月光剣所持）	01	0	32000000				1	100	0	50002350	50002350
43211	秘密を探る者_殺害時ドロップアイテム（月光剣所持） or 会話譲渡	01	0	26000000				1	100	0	50002351	50002351
43220	秘密を探る者_瀕死時会話終了か殺害でドロップするアイテム1	01	0	32000000				1	100	0	50002350	50002350
43221	秘密を探る者_瀕死時会話終了か殺害でドロップ／宝死体取得	01	4	4015	時計塔：地下牢の鍵	0x40000FAF	0xB0000FAF	1	100	0	50002360	50002360
43300	ルドウイーク（頭部のみ）_殺害時ドロップアイテム or 遺品を拾う	01	0	26000000				1	100	0	50002351	50002351
43400	特別な時計塔患者（頭部のみ）A_殺害時ドロップアイテム	01	4	4340	脳液A	0x400010F4	0xB00010F4	1	100	0	50002400	50002400
43500	特別な時計塔患者（頭部のみ）B_殺害時ドロップアイテム	01	4	4341	脳液B	0x400010F5	0xB00010F5	1	100	0	50002450	50002450
43600	漁村の司祭_なめくじカレル装備で会話	01	4	2130	怨霊弾	0x40000852	0xB0000852	1	100	0	50002500	50002500
43700	教会の殺し屋_殺害時ドロップアイテム	01	0	29000000				1	100	0	50002550	50002550
43710	教会の殺し屋_侵入者撃退時ドロップアイテム（時計塔）	01	1	390000				1	100	0	50002560	50002560
43720	教会の殺し屋_侵入者撃退時ドロップアイテム（漁村村2隠し部屋）	01	1	391000				1	100	0	50002570	50002570
43730	教会の殺し屋_侵入者撃退時ドロップアイテム（漁村村2橋）	01	1	392000				1	100	0	50002580	50002580
43740	教会の殺し屋_侵入者撃退時ドロップアイテム（漁村暗渠）	01	1	393000				1	100	0	50002590	50002590
43800	聖堂街D_完全獣化NPC_殺害時ドロップアイテム	01	4	4120	ショップ解禁　古い狩人証	0x40001018	0xB0001018	1	100	0	6671	6671
43802	聖堂街D_完全獣化NPC_殺害時ドロップアイテム_周回差し替え	01	4	1400	帰還	0x40000578	0xB0000578	1	100	0	-1	
43810	聖堂街D_暗闇洞窟NPC_殺害時ドロップアイテム	01	0	33000000				1	100	0	50002610	50002610
43820	時計塔_地下牢NPC_殺害時ドロップアイテム	01	0	30000000				1	100	0	50002620	50002620
43830	時計塔_ヤマムラ殺害時ドロップアイテム	01	1	400000				1	100	0	50002630	50002630
43831	時計塔_ヤマムラ殺害時ドロップアイテム	01	1	401000				1	100	0	50002630	50002630
43832	時計塔_ヤマムラ殺害時ドロップアイテム	01	1	402000				1	100	0	50002630	50002630
43833	時計塔_ヤマムラ殺害時ドロップアイテム	01	1	403000				1	100	0	50002630	50002630
43840	森_連盟処刑人NPC_殺害時ドロップアイテム	01	4	2140	蛇召喚	0x4000085C	0xB000085C	1	100	0	50002640	50002640
43850	時計塔_聖堂NPC_剣大剣	01	4	1500	SAN値回復＋1	0x400005DC	0xB00005DC	1	100	0	50002650	50002650
43860	時計塔_聖堂NPC_コズミックアロー	01	4	900	弾丸【PG直接指定】	0x40000384	0xB0000384	10	100	0	50002660	50002660
43870	時計塔_恋人NPC	01	4	1101	狂気・獣化回復薬	0x4000044D	0xB000044D	5	100	0	50002670	50002670
47000	敵NPC_故郷１ 斧竿	01	4	2030	ヌルヌル化	0x400007EE	0xB00007EE	1	100	0	50002700	50002700
48000	敵NPC_故郷２ 杖鞭	01	4	2030	ヌルヌル化	0x400007EE	0xB00007EE	1	100	0	50002800	50002800
49000	敵NPC_トラップロード	01	4	1101	狂気・獣化回復薬	0x4000044D	0xB000044D	3	100	0	50002900	50002900
50000	敵NPC_廃墟のハンターのドロップアイテム	01	4	1330	銃威力アップ	0x40000532	0xB0000532	6	100	0	50003000	50003000
51000	敵NPC_生贄の3人衆Aのドロップアイテム（裸）	01	8	100501				1	100	0	50003100	50003100
51001	敵NPC_生贄の3人衆Aのドロップアイテム（裸）(差し替え用）	01	4	1500	SAN値回復＋1	0x400005DC	0xB00005DC	1	100	0	50003105	50003105
52000	敵NPC_生贄の3人衆Bのドロップアイテム（大筒）	01	4	900	弾丸【PG直接指定】	0x40000384	0xB0000384	20	100	0	50003200	50003200
53000	敵NPC_生贄の3人衆Cのドロップアイテム（火炎放射器）	01	4	1500	SAN値回復＋1	0x400005DC	0xB00005DC	1	100	0	50003300	50003300
55000	復讐者イベント用NPC1（ヘンリック）のドロップアイテム	01	8	100801				1	100	0	50003400	50003400
55001	復讐者イベント用NPC1（ヘンリック）のドロップアイテム（差し替え用）	01	4	1500	SAN値回復＋1	0x400005DC	0xB00005DC	1	100	0	50003405	50003405
56000	復讐者イベント用NPC2（強者）のドロップアイテム	01	8	100603				1	100	0	50003500	50003500
56001	復讐者イベント用NPC2（強者）のドロップアイテム	01	4	1501	SAN値回復＋2	0x400005DD	0xB00005DD	1	100	0	50003505	50003505
57000	敵NPC_生贄接続NPC近接のドロップアイテム	01	4	1320	エンチャント【雷】	0x40000528	0xB0000528	4	100	0	50003600	50003600
58000	敵NPC_生贄接続NPC射撃のドロップアイテム	01	4	900	弾丸【PG直接指定】	0x40000384	0xB0000384	10	100	0	50003700	50003700
59000	敵NPC_大学の聖歌隊のドロップアイテム	01	4	1120	石ころ帽子	0x40000460	0xB0000460	3	100	0	50003900	50003900
64000	ダンジョンNPC5　通常時	02	8	50000				1	200	0	-1	
64010	ダンジョンNPC5　マルチ召喚代理時	02	8	50000				1	200	0	-1	
64100	ダンジョンNPC5_2　通常時	02	8	50000				1	200	0	-1	
64110	ダンジョンNPC5_2　マルチ召喚代理時	02	8	50000				1	200	0	-1	
66000	ダンジョンNPC7　通常時	02	8	50000				1	200	0	-1	
66010	ダンジョンNPC7　マルチ召喚代理時	02	8	50000				1	200	0	-1	
71000	ダンジョンNPC11_1　通常時	02	8	50005				1	200	0	-1	
71010	ダンジョンNPC11_1　マルチ召喚代理時	02	8	50005				1	200	0	-1	
75000	ダンジョンNPC14　通常時	02	8	50006				1	200	0	-1	
75010	ダンジョンNPC14　マルチ召喚代理時	02	8	50006				1	200	0	-1	
76000	ダンジョンNPC15　通常時	02	8	50007				1	200	0	-1	
76010	ダンジョンNPC15　マルチ召喚代理時	02	8	50007				1	200	0	-1	
77000	固定ダンジョン　ボスNPC1	02	8	50010				1	1000	0	50004000	50004000
77010	固定ダンジョン　ボスNPC2	02	8	50010				1	1000	0	50004100	50004100
100000	BJ「右回りの変態」の原石	01	8	210000				1	100	0	-1	
100010	BJ「左回りの変態」の原石	01	8	210001				1	100	0	-1	
100020	BJ「拝領」の原石	01	8	210002				1	100	0	-1	
100030	BJ「オドンの交わり」の原石	01	8	210003				1	100	0	-1	
100040	BJ「湖」の原石	01	8	210004				1	100	0	-1	
100050	BJ「深海」の原石	01	8	210005				1	100	0	-1	
100060	BJ「破壊者」の原石	01	8	210006				1	100	0	-1	
100070	BJ「歓楽者」の原石	01	8	210007				1	100	0	-1	
100080	BJ「交わる者」の原石	01	8	210008				1	100	0	-1	
100090	BJ「継承者」の原石	01	8	210009				1	100	0	-1	
100100	BJ「獣」の原石	01	8	210010				1	100	0	-1	
100110	BJ「月」の原石	01	8	210011				1	100	0	-1	
100120	BJ「瞳」の原石	01	8	210012				1	100	0	-1	
100500	魔石原石【真っ赤なブローチ】	01	8	150000				1	100	0	-1	
100510	魔石原石【人形の涙】	01	8	150001				1	100	0	-1	
100520	魔石原石【金のペンダント】	01	8	150002				1	100	0	-1	
101000	放射型魔石の原石　レベル1	01	8	110001				1	100	0	-1	
101010	放射型魔石の原石　レベル2	01	8	110002				1	100	0	-1	
101020	放射型魔石の原石　レベル3	01	8	110003				1	100	0	-1	
101030	放射型魔石の原石　レベル4	01	8	110004				1	100	0	-1	
101040	放射型魔石の原石　レベル5	01	8	110005				1	100	0	-1	
101050	放射型魔石の原石　レベル6	01	8	110006				1	100	0	-1	
101060	放射型魔石の原石　レベル7	01	8	110007				1	100	0	-1	
101070	三角型魔石の原石　レベル1	01	8	110011				1	100	0	-1	
101080	三角型魔石の原石　レベル2	01	8	110012				1	100	0	-1	
101090	三角型魔石の原石　レベル3	01	8	110013				1	100	0	-1	
101100	三角型魔石の原石　レベル4	01	8	110014				1	100	0	-1	
101110	三角型魔石の原石　レベル5	01	8	110015				1	100	0	-1	
101120	三角型魔石の原石　レベル6	01	8	110016				1	100	0	-1	
101130	三角型魔石の原石　レベル7	01	8	110017				1	100	0	-1	
101140	欠損型魔石の原石　レベル1	01	8	110021				1	100	0	-1	
101150	欠損型魔石の原石　レベル2	01	8	110022				1	100	0	-1	
101160	欠損型魔石の原石　レベル3	01	8	110023				1	100	0	-1	
101170	欠損型魔石の原石　レベル4	01	8	110024				1	100	0	-1	
101180	欠損型魔石の原石　レベル5	01	8	110025				1	100	0	-1	
101190	欠損型魔石の原石　レベル6	01	8	110026				1	100	0	-1	
101200	欠損型魔石の原石　レベル7	01	8	110027				1	100	0	-1	
101210	円型魔石の原石　レベル1	01	8	110031				1	100	0	-1	
101220	円型魔石の原石　レベル2	01	8	110032				1	100	0	-1	
101230	円型魔石の原石　レベル3	01	8	110033				1	100	0	-1	
101240	円型魔石の原石　レベル4	01	8	110034				1	100	0	-1	
101250	円型魔石の原石　レベル5	01	8	110035				1	100	0	-1	
101260	円型魔石の原石　レベル6	01	8	110036				1	100	0	-1	
101270	円型魔石の原石　レベル7	01	8	110037				1	100	0	-1	
101280	雫型魔石の原石　レベル1	01	8	110041				1	100	0	-1	
101290	雫型魔石の原石　レベル2	01	8	110042				1	100	0	-1	
101300	雫型魔石の原石　レベル3	01	8	110043				1	100	0	-1	
101310	雫型魔石の原石　レベル4	01	8	110044				1	100	0	-1	
101320	雫型魔石の原石　レベル5	01	8	110045				1	100	0	-1	
101330	雫型魔石の原石　レベル6	01	8	110046				1	100	0	-1	
101340	雫型魔石の原石　レベル7	01	8	110047				1	100	0	-1	
2000000	チャネルプロト宝箱00	01	4	2500				1	100	0	52000000	52000000
2000010	チャネルプロト宝箱01	01	4	2003				1	100	0	52000010	52000010
2000020	チャネルプロト宝箱02	01	4	2003				1	100	0	52000020	52000020
2000030	チャネルプロト宝箱03	01	4	280				2	100	0	52000030	52000030
2000040	チャネルプロト宝箱04	01	4	297				2	100	0	52000040	52000040
2000050	チャネルプロト宝箱05	01	0	801002				1	100	0	52000050	52000050
2000060	チャネルプロト宝箱06	01	4	1500	SAN値回復＋1	0x400005DC	0xB00005DC	3	100	0	52000060	52000060
2000070	チャネルプロト宝箱07	01	4	297				2	100	0	52000070	52000070
2000080	チャネルプロト宝箱08	01	0	1500				1	100	0	52000080	52000080
2000090	チャネルプロト宝箱09	01	4	1500	SAN値回復＋1	0x400005DC	0xB00005DC	3	100	0	52000090	52000090
2000100	チャネルプロト宝箱10	01	4	1500	SAN値回復＋1	0x400005DC	0xB00005DC	3	100	0	52000100	52000100
2000110	チャネルプロト宝箱11	01	4	1500	SAN値回復＋1	0x400005DC	0xB00005DC	3	100	0	52000110	52000110
2000120	チャネルプロト宝箱12	01	4	1500	SAN値回復＋1	0x400005DC	0xB00005DC	3	100	0	52000120	52000120
2000130	チャネルプロト宝箱13	01	4	1500	SAN値回復＋1	0x400005DC	0xB00005DC	3	100	0	52000130	52000130
2000140	チャネルプロト宝箱14	01	4	1500	SAN値回復＋1	0x400005DC	0xB00005DC	3	100	0	52000140	52000140
2000150	チャネルプロト宝箱15	01	4	1500	SAN値回復＋1	0x400005DC	0xB00005DC	3	100	0	52000150	52000150
2000160	チャネルプロト宝箱16	01	4	1500	SAN値回復＋1	0x400005DC	0xB00005DC	3	100	0	52000160	52000160
2000170	チャネルプロト宝箱17	01	4	1500	SAN値回復＋1	0x400005DC	0xB00005DC	3	100	0	52000170	52000170
2000180	チャネルプロト宝箱18	01	4	1500	SAN値回復＋1	0x400005DC	0xB00005DC	3	100	0	52000180	52000180
2000190	チャネルプロト宝箱19	01	4	1500	SAN値回復＋1	0x400005DC	0xB00005DC	3	100	0	52000190	52000190
2000200	チャネルプロト宝箱20	01	4	1500	SAN値回復＋1	0x400005DC	0xB00005DC	3	100	0	52000200	52000200
2000210	チャネルプロト宝箱21	01	4	1500	SAN値回復＋1	0x400005DC	0xB00005DC	3	100	0	52000210	52000210
2000500	チャネルプロト宝死体00	01	4	270				1	100	0	52000500	52000500
2000510	チャネルプロト宝死体01	01	4	270				1	100	0	52000510	52000510
2000520	チャネルプロト宝死体02	01	4	270				1	100	0	52000520	52000520
2000530	チャネルプロト宝死体03	01	4	270				1	100	0	52000530	52000530
2000540	チャネルプロト宝死体04	01	4	270				1	100	0	52000540	52000540
2000550	チャネルプロト宝死体05	01	4	270				1	100	0	52000550	52000550
2000560	チャネルプロト宝死体06	01	4	270				1	100	0	52000560	52000560
2000570	チャネルプロト宝死体07	01	4	270				1	100	0	52000570	52000570
2000580	チャネルプロト宝死体08	01	4	270				1	100	0	52000580	52000580
2000590	チャネルプロト宝死体09	01	4	270				1	100	0	52000590	52000590
2000600	チャネルプロト宝死体10	01	4	270				1	100	0	52000600	52000600
2000610	チャネルプロト宝死体11	01	4	270				1	100	0	52000610	52000610
2000620	チャネルプロト宝死体12	01	4	270				1	100	0	52000620	52000620
2000630	チャネルプロト宝死体13	01	4	270				1	100	0	52000630	52000630
2000640	チャネルプロト宝死体14	01	4	270				1	100	0	52000640	52000640
2000650	チャネルプロト宝死体15	01	4	270				1	100	0	52000650	52000650
2000660	チャネルプロト宝死体16	01	4	270				1	100	0	52000660	52000660
2000670	チャネルプロト宝死体17	01	4	270				1	100	0	52000670	52000670
2000680	チャネルプロト宝死体18	01	4	270				1	100	0	52000680	52000680
2000690	チャネルプロト宝死体19	01	4	270				1	100	0	52000690	52000690
2000700	チャネルプロト宝死体20	01	4	1500	SAN値回復＋1	0x400005DC	0xB00005DC	1	100	0	52000700	52000700
2000710	チャネルプロト宝死体21	01	4	270				1	100	0	52000710	52000710
2000720	チャネルプロト宝死体22	01	4	1500	SAN値回復＋1	0x400005DC	0xB00005DC	1	100	0	52000720	52000720
2000730	チャネルプロト宝死体23	01	4	270				1	100	0	52000730	52000730
2000740	チャネルプロト宝死体24	01	4	1500	SAN値回復＋1	0x400005DC	0xB00005DC	1	100	0	52000740	52000740
2000750	チャネルプロト宝死体25	01	4	270				1	100	0	52000750	52000750
2000760	チャネルプロト宝死体26	01	4	1500	SAN値回復＋1	0x400005DC	0xB00005DC	1	100	0	52000760	52000760
2000770	チャネルプロト宝死体27	01	4	270				1	100	0	52000770	52000770
2000780	チャネルプロト宝死体28	01	4	1500	SAN値回復＋1	0x400005DC	0xB00005DC	1	100	0	52000780	52000780
2000790	チャネルプロト宝死体29	01	4	270				1	100	0	52000790	52000790
2000800	チャネルプロト宝死体30	01	4	1500	SAN値回復＋1	0x400005DC	0xB00005DC	1	100	0	52000800	52000800
2009500	チャネルプロト宝死体00	01	4	270				1	100	0	52009500	52009500
2009510	チャネルプロト宝死体01	01	4	270				1	100	0	52009510	52009510
2009520	チャネルプロト宝死体02	01	4	270				1	100	0	52009520	52009520
2009530	チャネルプロト宝死体03	01	4	270				1	100	0	52009530	52009530
2009540	チャネルプロト宝死体04	01	4	270				1	100	0	52009540	52009540
2009550	チャネルプロト宝死体05	01	4	270				1	100	0	52009550	52009550
2009560	チャネルプロト宝死体06	01	4	270				1	100	0	52009560	52009560
2009570	チャネルプロト宝死体07	01	4	270				1	100	0	52009570	52009570
2009580	チャネルプロト宝死体08	01	4	270				1	100	0	52009580	52009580
2009590	チャネルプロト宝死体09	01	4	270				1	100	0	52009590	52009590
2009600	チャネルプロト宝死体10	01	4	270				1	100	0	52009600	52009600
2009610	チャネルプロト宝死体11	01	4	270				1	100	0	52009610	52009610
2009620	チャネルプロト宝死体12	01	4	270				1	100	0	52009620	52009620
2009630	チャネルプロト宝死体13	01	4	270				1	100	0	52009630	52009630
2009640	チャネルプロト宝死体14	01	4	270				1	100	0	52009640	52009640
2009650	チャネルプロト宝死体15	01	4	270				1	100	0	52009650	52009650
2009660	チャネルプロト宝死体16	01	4	270				1	100	0	52009660	52009660
2009670	トレジャーアイテム00	01	4	270				1	100	0	52009670	52009670
2009680	トレジャーアイテム01	01	4	270				1	100	0	52009680	52009680
2009690	トレジャーアイテム02	01	4	270				1	100	0	52009690	52009690
2009700	トレジャーアイテム03	01	4	270				1	100	0	52009700	52009700
2009710	トレジャーアイテム04	01	4	270				1	100	0	52009710	52009710
2009720	トレジャーアイテム05	01	4	270				1	100	0	52009720	52009720
2009730	トレジャーアイテム06	01	4	270				1	100	0	52009730	52009730
2010000	宝箱00	01	4	2000	触手召喚	0x400007D0	0xB00007D0	1	100	0	52010000	52010000
2010100	宝死体00	01	4	2002				1	100	0	52010100	52010100
2010110	宝死体01	01	4	3010	武器強化素材【アンコモン】	0x40000BC2	0xB0000BC2	1	100	0	52010110	52010110
2010120	宝死体02	01	4	1500	SAN値回復＋1	0x400005DC	0xB00005DC	3	100	0	52010120	52010120
2010130	宝死体03	01	4	2000	触手召喚	0x400007D0	0xB00007D0	1	100	0	52010130	52010130
2010140	宝死体04	01	4	2002				1	100	0	52010140	52010140
2010150	宝死体05	01	4	800	前をさす	0x40000320	0xB0000320	1	100	0	52010150	52010150
2010160	宝死体06	01	4	2	アイテム切替テストb	0x40000002	0xB0000002	2	100	0	52010160	52010160
2010170	宝死体07	01	4	1500	SAN値回復＋1	0x400005DC	0xB00005DC	4	100	0	52010170	52010170
2010180	宝死体08	01	4	3020	武器強化素材【レア】	0x40000BCC	0xB0000BCC	1	100	0	52010180	52010180
2010190	宝死体09	01	4	2	アイテム切替テストb	0x40000002	0xB0000002	3	100	0	52010190	52010190
2010200	宝死体10	01	4	2000	触手召喚	0x400007D0	0xB00007D0	1	100	0	52010200	52010200
2010210	宝死体11	01	4	2002				1	100	0	52010210	52010210
2100000	アイテム使用チュートリアル	01	4	1230	石ころ	0x400004CE	0xB00004CE	1	100	0	52100000	52100000
2100500	ゲールマン撃破報酬	01	4	4113	ショップ解禁　工房ショップC	0x40001011	0xB0001011	1	100	0	52100500	52100500
2100900	DLC1	01	4	4900	メッセンジャー装備（帽子A）	0x40001324	0xB0001324	1	100	0	-1	
2100910	DLC2	01	4	4901	メッセンジャー装備（帽子B）	0x40001325	0xB0001325	1	100	0	-1	
2100920	DLC3	01	4	4902	メッセンジャー装備（包帯）	0x40001326	0xB0001326	1	100	0	-1	
2110000	宝死体00	01	4	2060	加速	0x4000080C	0xB000080C	1	100	0	52110000	52110000
2110010	宝死体01	01	1	200000				1	100	0	52110010	52110010
2110011	宝死体01	01	1	201000				1	100	0	52110010	52110010
2110012	宝死体01	01	1	203000				1	100	0	52110010	52110010
2110015	宝死体02	01	4	4113	ショップ解禁　工房ショップC	0x40001011	0xB0001011	1	100	0	52110030	52110030
2110020	宝箱00	01	1	220000				1	100	0	52110020	52110020
2110021	宝箱00	01	1	221000				1	100	0	52110020	52110020
2110022	宝箱00	01	1	222000				1	100	0	52110020	52110020
2110023	宝箱00	01	1	223000				1	100	0	52110020	52110020
2110800	棚	01	4	4300	人形にゆかりのあるもの	0x400010CC	0xB00010CC	1	100	0	52110800	52110800
2110810	祭壇	01	4	4320	3本目のへその緒A	0x400010E0	0xB00010E0	1	100	0	52110810	52110810
2200100	宝死体00	01	4	1230	石ころ	0x400004CE	0xB00004CE	4	100	0	52200100	52200100
2200110	宝死体01	01	4	3010	武器強化素材【アンコモン】	0x40000BC2	0xB0000BC2	1	100	0	52200110	52200110
2200120	宝死体02	01	4	3010	武器強化素材【アンコモン】	0x40000BC2	0xB0000BC2	2	100	0	52200120	52200120
2200130	宝死体03	01	4	1513	ソウル【3】	0x400005E9	0xB00005E9	1	100	0	52200130	52200130
2200140	宝死体04	01	4	3010	武器強化素材【アンコモン】	0x40000BC2	0xB0000BC2	2	100	0	52200140	52200140
2200150	宝死体05	01	4	1000	HP回復【PG直接指定】	0x400003E8	0xB00003E8	2	100	0	52200150	52200150
2200160	宝死体06	01	4	1330	銃威力アップ	0x40000532	0xB0000532	8	100	0	52200160	52200160
2200170	宝死体07	01	4	1330	銃威力アップ	0x40000532	0xB0000532	8	100	0	52200170	52200170
2200180	宝死体08	01	4	7150	儀式素材【アンコモンF】レベル1	0x40001BEE	0xB0001BEE	1	100	0	52200180	52200180
2200190	宝死体09	01	8	122000				1	100	0	52200190	52200190
2200200	宝死体10_1	01	4	1500	SAN値回復＋1	0x400005DC	0xB00005DC	1	100	0	52200200	52200200
2200210	宝死体11	01	4	1512	ソウル【2】	0x400005E8	0xB00005E8	1	100	0	52200210	52200210
2200220	宝死体12	01	4	3010	武器強化素材【アンコモン】	0x40000BC2	0xB0000BC2	2	100	0	52200220	52200220
2200230	宝死体13	01	4	900	弾丸【PG直接指定】	0x40000384	0xB0000384	4	100	0	52200230	52200230
2200240	宝死体14	01	4	1513	ソウル【3】	0x400005E9	0xB00005E9	1	100	0	52200240	52200240
2200250	宝死体15	01	4	900	弾丸【PG直接指定】	0x40000384	0xB0000384	4	100	0	52200250	52200250
2200260	宝死体16	01	4	1240	投げナイフ	0x400004D8	0xB00004D8	3	100	0	52200260	52200260
2200270	宝死体17	01	4	1513	ソウル【3】	0x400005E9	0xB00005E9	1	100	0	52200270	52200270
2200280	宝箱00	01	8	122001				1	100	0	52200280	52200280
2200290	宝死体19	01	4	1500	SAN値回復＋1	0x400005DC	0xB00005DC	1	100	0	52200290	52200290
2200300	宝死体20	01	4	1230	石ころ	0x400004CE	0xB00004CE	4	100	0	52200300	52200300
2200310	宝死体21	01	4	900	弾丸【PG直接指定】	0x40000384	0xB0000384	4	100	0	52200310	52200310
2200320	宝死体22	01	4	1513	ソウル【3】	0x400005E9	0xB00005E9	1	100	0	52200320	52200320
2200330	宝死体23	01	4	1330	銃威力アップ	0x40000532	0xB0000532	9	100	0	52200330	52200330
2200340	宝死体24	01	4	1513	ソウル【3】	0x400005E9	0xB00005E9	1	100	0	52200340	52200340
2200350	宝死体25	01	4	1000	HP回復【PG直接指定】	0x400003E8	0xB00003E8	2	100	0	52200350	52200350
2200360	宝死体26	01	4	4104	ボディジェム着脱アイテム	0x40001008	0xB0001008	1	100	0	52200360	52200360
2200365	宝死体26(前の周で取得済みの場合）	01	4	1591	ソウル【11】	0x40000637	0xB0000637	1	100	0	52200365	52200365
2200370	宝死体27	01	4	7150	儀式素材【アンコモンF】レベル1	0x40001BEE	0xB0001BEE	1	100	0	52200370	52200370
2200380	宝死体28	01	8	101701				1	100	0	52200380	52200380
2200385	宝死体28（差し替え用）	01	4	1500	SAN値回復＋1	0x400005DC	0xB00005DC	1	100	0	52200385	52200385
2200390	宝死体29	01	4	1500	SAN値回復＋1	0x400005DC	0xB00005DC	1	100	0	52200390	52200390
2200400	宝死体30	01	4	1200	火炎壺	0x400004B0	0xB00004B0	5	100	0	52200400	52200400
2200500	宝箱00	01	4	3000	武器強化素材【コモン】	0x40000BB8	0xB0000BB8	1	100	0	52200500	52200500
2300000	宝死体00	01	4	1100	毒・出血回復薬	0x4000044C	0xB000044C	1	100	0	52300000	52300000
2300010	宝死体01	01	4	3000	武器強化素材【コモン】	0x40000BB8	0xB0000BB8	2	100	0	52300010	52300010
2300020	宝死体02	01	4	3000	武器強化素材【コモン】	0x40000BB8	0xB0000BB8	1	100	0	52300020	52300020
2300030	宝死体03	01	4	1300	エンチャント【炎】	0x40000514	0xB0000514	2	100	0	52300030	52300030
2300040	宝死体04	01	8	123000				1	100	0	52300040	52300040
2300050	宝死体05	01	4	1512	ソウル【2】	0x400005E8	0xB00005E8	1	100	0	52300050	52300050
2300060	宝死体06	01	4	3000	武器強化素材【コモン】	0x40000BB8	0xB0000BB8	2	100	0	52300060	52300060
2300070	宝死体07	01	4	4907	メッセンジャー装備（使者の血塗れ包帯）	0x4000132B	0xB000132B	1	100	0	52300070	52300070
2300080	宝死体08	01	4	1511	ソウル【1】	0x400005E7	0xB00005E7	1	100	0	52300080	52300080
2300090	宝死体09	01	4	1000	HP回復【PG直接指定】	0x400003E8	0xB00003E8	1	100	0	52300090	52300090
2300100	宝死体10	01	4	1000	HP回復【PG直接指定】	0x400003E8	0xB00003E8	1	100	0	52300100	52300100
2300110	宝死体11	01	4	1000	HP回復【PG直接指定】	0x400003E8	0xB00003E8	1	100	0	52300110	52300110
2300120	宝死体12	01	4	1110	獣化薬	0x40000456	0xB0000456	6	100	0	52300120	52300120
2300130	宝死体13	01	4	1512	ソウル【2】	0x400005E8	0xB00005E8	1	100	0	52300130	52300130
2300140	宝死体14	01	4	3000	武器強化素材【コモン】	0x40000BB8	0xB0000BB8	2	100	0	52300140	52300140
2300150	宝死体15	01	4	3000	武器強化素材【コモン】	0x40000BB8	0xB0000BB8	2	100	0	52300150	52300150
2300160	宝死体16	01	4	1500	SAN値回復＋1	0x400005DC	0xB00005DC	1	100	0	52300160	52300160
2300170	祭壇	01	4	7000	儀式素材【コモンA】レベル1	0x40001B58	0xB0001B58	2	100	0	52300170	52300170
2300180	宝死体18	01	4	1260	獣誘い	0x400004EC	0xB00004EC	3	100	0	52300180	52300180
2300190	宝死体19	01	4	1300	エンチャント【炎】	0x40000514	0xB0000514	2	100	0	52300190	52300190
2300200	宝死体20	01	0	20000000				1	100	0	52300200	52300200
2300210	宝死体21	01	4	1100	毒・出血回復薬	0x4000044C	0xB000044C	1	100	0	52300210	52300210
2300220	宝死体22	01	4	1200	火炎壺	0x400004B0	0xB00004B0	4	100	0	52300220	52300220
2300230	宝死体23	01	4	3000	武器強化素材【コモン】	0x40000BB8	0xB0000BB8	2	100	0	52300230	52300230
2300240	宝死体24	01	4	1000	HP回復【PG直接指定】	0x400003E8	0xB00003E8	6	100	0	52300240	52300240
2300250	宝死体25	01	4	1230	石ころ	0x400004CE	0xB00004CE	3	100	0	52300250	52300250
2300260	宝死体26	01	4	1200	火炎壺	0x400004B0	0xB00004B0	3	100	0	52300260	52300260
2300270	宝死体27	01	4	6000				1	100	0	52300270	52300270
2300280	宝死体28	01	4	1100	毒・出血回復薬	0x4000044C	0xB000044C	4	100	0	52300280	52300280
2300290	宝死体29	01	4	1511	ソウル【1】	0x400005E7	0xB00005E7	1	100	0	52300290	52300290
2300300	宝箱01	01	8	123001				1	100	0	52300300	52300300
2300310	宝死体31	01	4	1100	毒・出血回復薬	0x4000044C	0xB000044C	3	100	0	52300310	52300310
2300320	宝死体32	01	4	1100	毒・出血回復薬	0x4000044C	0xB000044C	3	100	0	52300320	52300320
2300330	宝死体33	01	4	900	弾丸【PG直接指定】	0x40000384	0xB0000384	10	100	0	52300330	52300330
2300340	宝死体34	01	4	1512	ソウル【2】	0x400005E8	0xB00005E8	1	100	0	52300340	52300340
2300350	宝死体35	01	4	3000	武器強化素材【コモン】	0x40000BB8	0xB0000BB8	1	100	0	52300350	52300350
2300360	宝死体36	01	4	1500	SAN値回復＋1	0x400005DC	0xB00005DC	1	100	0	52300360	52300360
2300370	宝死体37	01	4	1511	ソウル【1】	0x400005E7	0xB00005E7	1	100	0	52300370	52300370
2300380	宝死体38	01	4	1000	HP回復【PG直接指定】	0x400003E8	0xB00003E8	6	100	0	52300380	52300380
2300390	宝死体39	01	0	10000000				1	100	0	52300390	52300390
2300400	宝死体40-1	01	1	11000				1	100	0	52300400	52300400
2300401	宝死体40-2	01	1	12000				1	100	0	52300400	52300400
2300402	宝死体40-3	01	1	13000				1	100	0	52300400	52300400
2300410	宝死体41	01	4	1200	火炎壺	0x400004B0	0xB00004B0	5	100	0	52300410	52300410
2300420	宝死体42	01	4	1100	毒・出血回復薬	0x4000044C	0xB000044C	2	100	0	52300420	52300420
2300430	宝死体43	01	4	1100	毒・出血回復薬	0x4000044C	0xB000044C	3	100	0	52300430	52300430
2300440	宝死体44	01	4	1260	獣誘い	0x400004EC	0xB00004EC	2	100	0	52300440	52300440
2300450	宝死体45	01	4	1100	毒・出血回復薬	0x4000044C	0xB000044C	1	100	0	52300450	52300450
2300460	宝死体46	01	4	1400	帰還	0x40000578	0xB0000578	2	100	0	52300460	52300460
2300470	宝死体47	01	4	1511	ソウル【1】	0x400005E7	0xB00005E7	1	100	0	52300470	52300470
2300480	宝死体48	01	4	1000	HP回復【PG直接指定】	0x400003E8	0xB00003E8	6	100	0	52300480	52300480
2300490	宝死体49	01	4	1100	毒・出血回復薬	0x4000044C	0xB000044C	3	100	0	52300490	52300490
2300500	宝死体50	01	4	1511	ソウル【1】	0x400005E7	0xB00005E7	1	100	0	52300500	52300500
2300510	宝死体51	01	4	3000	武器強化素材【コモン】	0x40000BB8	0xB0000BB8	2	100	0	52300510	52300510
2300520	宝死体52	01	4	1512	ソウル【2】	0x400005E8	0xB00005E8	1	100	0	52300520	52300520
2300530	宝死体53	01	4	1100	毒・出血回復薬	0x4000044C	0xB000044C	3	100	0	52300530	52300530
2400100	宝箱00_聖C前	01	4	1260	獣誘い	0x400004EC	0xB00004EC	2	100	0	52400100	52400100
2400110	宝死体01	01	4	900	弾丸【PG直接指定】	0x40000384	0xB0000384	3	100	0	52400110	52400110
2400120	宝死体02-1	01	1	280000				1	100	0	52400120	52400120
2400121	宝死体02-2	01	1	281000				1	100	0	52400120	52400120
2400122	宝死体02-3	01	1	72000				1	100	0	52400120	52400120
2400123	宝死体02-4	01	1	73000				1	100	0	52400120	52400120
2400130	宝死体03	01	4	3000	武器強化素材【コモン】	0x40000BB8	0xB0000BB8	2	100	0	52400130	52400130
2400140	宝死体04	01	4	1500	SAN値回復＋1	0x400005DC	0xB00005DC	1	100	0	52400140	52400140
2400150	宝死体05	01	4	1514	ソウル【4】	0x400005EA	0xB00005EA	1	100	0	52400150	52400150
2400160	宝死体06	01	4	900	弾丸【PG直接指定】	0x40000384	0xB0000384	2	100	0	52400160	52400160
2400170	宝死体07	01	4	1500	SAN値回復＋1	0x400005DC	0xB00005DC	1	100	0	52400170	52400170
2400180	宝死体08	01	4	7150	儀式素材【アンコモンF】レベル1	0x40001BEE	0xB0001BEE	1	100	0	52400180	52400180
2400190	宝死体09	01	4	1000	HP回復【PG直接指定】	0x400003E8	0xB00003E8	1	100	0	52400190	52400190
2400200	宝死体10	01	4	1500	SAN値回復＋1	0x400005DC	0xB00005DC	1	100	0	52400200	52400200
2400210	宝死体11	01	4	1210	毒ナイフ	0x400004BA	0xB00004BA	12	100	0	52400210	52400210
2400220	宝死体12	01	4	1500	SAN値回復＋1	0x400005DC	0xB00005DC	1	100	0	52400220	52400220
2400230	宝死体13	01	4	1000	HP回復【PG直接指定】	0x400003E8	0xB00003E8	6	100	0	52400230	52400230
2400240	宝死体14	01	4	1411	遠眼鏡	0x40000583	0xB0000583	1	100	0	52400240	52400240
2400250	宝死体15	01	4	1230	石ころ	0x400004CE	0xB00004CE	1	100	0	52400250	52400250
2400260	宝死体16	01	4	1000	HP回復【PG直接指定】	0x400003E8	0xB00003E8	2	100	0	52400260	52400260
2400270	宝死体17_1	01	4	4906	メッセンジャー装備（使者の教会帽子）	0x4000132A	0xB000132A	1	100	0	52400270	52400270
2400280	宝死体18	01	4	1270	HP回復不可	0x400004F6	0xB00004F6	6	100	0	52400280	52400280
2400290	宝死体19-1	01	1	110000				1	100	0	52400290	52400290
2400291	宝死体19-2	01	1	111000				1	100	0	52400290	52400290
2400292	宝死体19-3	01	1	112000				1	100	0	52400290	52400290
2400293	宝死体19-4	01	1	113000				1	100	0	52400290	52400290
2400300	宝死体20	01	8	124002				1	100	0	52400300	52400300
2400310	宝死体21	01	4	1410	道標	0x40000582	0xB0000582	12	100	0	52400310	52400310
2400320	宝死体22	01	4	1000	HP回復【PG直接指定】	0x400003E8	0xB00003E8	6	100	0	52400320	52400320
2400330	宝死体23	01	4	3000	武器強化素材【コモン】	0x40000BB8	0xB0000BB8	3	100	0	52400330	52400330
2400340	宝死体24	01	4	900	弾丸【PG直接指定】	0x40000384	0xB0000384	10	100	0	52400340	52400340
2400350	宝死体25	01	4	1513	ソウル【3】	0x400005E9	0xB00005E9	1	100	0	52400350	52400350
2400360	宝死体26	01	4	1500	SAN値回復＋1	0x400005DC	0xB00005DC	1	100	0	52400360	52400360
2400370	宝死体27_聖C前	01	4	1515	ソウル【5】	0x400005EB	0xB00005EB	1	100	0	52400370	52400370
2400380	宝死体28	01	4	1240	投げナイフ	0x400004D8	0xB00004D8	3	100	0	52400380	52400380
2400390	宝死体29	01	4	1200	火炎壺	0x400004B0	0xB00004B0	4	100	0	52400390	52400390
2400400	宝死体30	01	4	1511	ソウル【1】	0x400005E7	0xB00005E7	1	100	0	52400400	52400400
2400410	宝死体31_聖C前	01	4	1500	SAN値回復＋1	0x400005DC	0xB00005DC	1	100	0	52400410	52400410
2400420	宝死体32_聖C前	01	4	1515	ソウル【5】	0x400005EB	0xB00005EB	1	100	0	52400420	52400420
2400430	宝死体33_聖C前	01	8	124003				1	100	0	52400430	52400430
2400440	宝死体34_聖C前	01	4	1515	ソウル【5】	0x400005EB	0xB00005EB	1	100	0	52400440	52400440
2400450	宝死体35	01	4	4011	旧市街への鍵	0x40000FAB	0xB0000FAB	1	100	0	52400450	52400450
2400460	宝死体36	01	4	1514	ソウル【4】	0x400005EA	0xB00005EA	1	100	0	52400460	52400460
2400470	宝死体35	01	4	1513	ソウル【3】	0x400005E9	0xB00005E9	1	100	0	52400470	52400470
2400480	宝箱01_聖C前	01	4	4115	ショップ解禁　教会ショップB	0x40001013	0xB0001013	1	100	0	52400480	52400480
2400485	宝箱01_聖C前（前の周に取得済みの場合）	01	4	1400	帰還	0x40000578	0xB0000578	1	100	0	52400485	52400485
2400500	宝箱00	01	4	10				1	100	0	52400500	52400500
2400510	宝箱01	01	0	15000000				1	100	0	52400510	52400510
2400511	宝箱02	01	4	2700				1	100	0	52400511	52400511
2400540	宝死体38-1_聖C前	01	1	320000				1	100	0	52420540	52420540
2400541	宝死体38-2_聖C前	01	1	321000				1	100	0	52420540	52420540
2400550	宝死体30	01	0	19000000				1	100	0	52420550	52420550
2400560	宝死体31	01	4	3000	武器強化素材【コモン】	0x40000BB8	0xB0000BB8	5	100	0	52420560	52420560
2400570	宝死体32	01	4	1514	ソウル【4】	0x400005EA	0xB00005EA	1	100	0	52420570	52420570
2400580	宝死体33	01	4	1514	ソウル【4】	0x400005EA	0xB00005EA	1	100	0	52420580	52420580
2400590	宝死体34	01	4	1500	SAN値回復＋1	0x400005DC	0xB00005DC	1	100	0	52420590	52420590
2400600	宝死体35	01	4	3010	武器強化素材【アンコモン】	0x40000BC2	0xB0000BC2	2	100	0	52420600	52420600
2400610	宝死体36	01	4	1100	毒・出血回復薬	0x4000044C	0xB000044C	1	100	0	52420610	52420610
2400620	宝死体37	01	4	1500	SAN値回復＋1	0x400005DC	0xB00005DC	1	100	0	52420620	52420620
2400630	宝死体38	01	4	1210	毒ナイフ	0x400004BA	0xB00004BA	18	100	0	52420630	52420630
2400640	宝箱03_聖C前	01	8	102901				1	100	0	52420640	52420640
2400645	宝箱03_聖C前（差し替え用）	01	4	1500	SAN値回復＋1	0x400005DC	0xB00005DC	1	100	0	52420645	52420645
2400650	宝箱04_聖C前	01	8	124004				1	100	0	52420650	52420650
2400660	宝死体39_聖C前	01	4	1500	SAN値回復＋1	0x400005DC	0xB00005DC	1	100	0	52420660	52420660
2400670	宝死体40_聖C前	01	4	4905	メッセンジャー装備（使者のしっかりトップ（よれよれでないトップハット））	0x40001329	0xB0001329	1	100	0	52420670	52420670
2400680	宝死体41	01	0	18100000				1	100	0	52420680	52420680
2400690	宝箱_05	01	8	103104				1	100	0	52420690	52420690
2400695	宝箱_05（差し替え用）	01	4	1500	SAN値回復＋1	0x400005DC	0xB00005DC	1	100	0	52420695	52420695
2400700	宝死体42 生贄接続	01	4	1516	ソウル【6】	0x400005EC	0xB00005EC	1	100	0	52420700	52420700
2400710	宝死体43 生贄接続	01	4	3010	武器強化素材【アンコモン】	0x40000BC2	0xB0000BC2	1	100	0	52420710	52420710
2400720	宝死体44	01	4	1500	SAN値回復＋1	0x400005DC	0xB00005DC	1	100	0	52420720	52420720
2400730	宝死体45	01	4	4908	メッセンジャー装備（使者の壺祭り）	0x4000132C	0xB000132C	1	100	0	52420730	52420730
2400740	宝死体46	01	8	124000				1	100	0	52420740	52420740
2400750	宝死体47	01	4	1400	帰還	0x40000578	0xB0000578	3	100	0	52420750	52420750
2400760	宝箱06	01	8	124001				1	100	0	52410580	52410580
2400800	避難所の盲人のドロップアイテム	01	4	1510	ソウル【0】	0x400005E6	0xB00005E6	1	100	0	52400800	52400800
2400999	ボス脳喰らい撃破	01	4	10				1	100	0	52400999	52400999
2410100	宝死体00 後半	01	0	7100000				1	100	0	52410100	52410100
2410110	宝死体01 後半	01	4	3000	武器強化素材【コモン】	0x40000BB8	0xB0000BB8	2	100	0	52410110	52410110
2410120	宝死体02 前半	01	4	1000	HP回復【PG直接指定】	0x400003E8	0xB00003E8	2	100	0	52410120	52410120
2410130	宝死体03 裏	01	4	1510	ソウル【0】	0x400005E6	0xB00005E6	1	100	0	52410130	52410130
2410140	宝死体04 裏	01	4	1500	SAN値回復＋1	0x400005DC	0xB00005DC	1	100	0	52410140	52410140
2410150	宝死体05 前半	01	4	1510	ソウル【0】	0x400005E6	0xB00005E6	1	100	0	52410150	52410150
2410160	宝死体06 前半	01	4	1230	石ころ	0x400004CE	0xB00004CE	8	100	0	52410160	52410160
2410170	宝死体07 前半	01	4	3000	武器強化素材【コモン】	0x40000BB8	0xB0000BB8	1	100	0	52410170	52410170
2410180	宝死体08 前半	01	4	3000	武器強化素材【コモン】	0x40000BB8	0xB0000BB8	1	100	0	52410180	52410180
2410190	宝死体09 前半	01	4	1000	HP回復【PG直接指定】	0x400003E8	0xB00003E8	2	100	0	52410190	52410190
2410200	宝死体10 前半	01	4	1200	火炎壺	0x400004B0	0xB00004B0	4	100	0	52410200	52410200
2410210	宝死体11 前半	01	4	3000	武器強化素材【コモン】	0x40000BB8	0xB0000BB8	1	100	0	52410210	52410210
2410220	宝死体12 前半	01	4	1260	獣誘い	0x400004EC	0xB00004EC	2	100	0	52410220	52410220
2410230	宝死体13	01	4	1200	火炎壺	0x400004B0	0xB00004B0	2	100	0	52410230	52410230
2410240	宝死体14 後半	01	4	1512	ソウル【2】	0x400005E8	0xB00005E8	1	100	0	52410240	52410240
2410250	宝死体15 前半	01	4	1500	SAN値回復＋1	0x400005DC	0xB00005DC	1	100	0	52410250	52410250
2410260	宝死体16 後半	01	4	1510	ソウル【0】	0x400005E6	0xB00005E6	1	100	0	52410260	52410260
2410270	宝死体17 後半	01	4	900	弾丸【PG直接指定】	0x40000384	0xB0000384	10	100	0	52410270	52410270
2410280	宝死体18 後半	01	4	1511	ソウル【1】	0x400005E7	0xB00005E7	1	100	0	52410280	52410280
2410290	宝死体19 後半	01	4	4110	ショップ解禁　工房ショップA	0x4000100E	0xB000100E	1	100	0	52410290	52410290
2410295	宝死体19 後半（2周目以降）	01	4	1400	帰還	0x40000578	0xB0000578	1	100	0	52410295	52410295
2410310	宝死体21 前半	01	4	1230	石ころ	0x400004CE	0xB00004CE	10	100	0	52410310	52410310
2410320	宝死体22	01	4	900	弾丸【PG直接指定】	0x40000384	0xB0000384	4	100	0	52410320	52410320
2410330	宝死体23 前半	01	4	3000	武器強化素材【コモン】	0x40000BB8	0xB0000BB8	1	100	0	52410330	52410330
2410340	宝死体24 前半	01	4	1000	HP回復【PG直接指定】	0x400003E8	0xB00003E8	4	100	0	52410340	52410340
2410350	宝死体25	01	4	1000	HP回復【PG直接指定】	0x400003E8	0xB00003E8	1	100	0	52410350	52410350
2410360	宝死体26 前半	01	4	1000	HP回復【PG直接指定】	0x400003E8	0xB00003E8	2	100	0	52410360	52410360
2410370	宝死体27 前半	01	4	1220	油壺	0x400004C4	0xB00004C4	2	100	0	52410370	52410370
2410380	宝死体28 前半	01	4	1000	HP回復【PG直接指定】	0x400003E8	0xB00003E8	2	100	0	52410380	52410380
2410390	宝死体29 前半	01	4	1000	HP回復【PG直接指定】	0x400003E8	0xB00003E8	6	100	0	52410390	52410390
2410400	宝死体30 前半	01	4	3000	武器強化素材【コモン】	0x40000BB8	0xB0000BB8	1	100	0	52410400	52410400
2410410	宝死体31	01	4	1000	HP回復【PG直接指定】	0x400003E8	0xB00003E8	3	100	0	52410410	52410410
2410420	宝死体32	01	4	1000	HP回復【PG直接指定】	0x400003E8	0xB00003E8	4	100	0	52410420	52410420
2410430	宝死体33 前半	01	4	900	弾丸【PG直接指定】	0x40000384	0xB0000384	10	100	0	52410430	52410430
2410440	宝死体34 後半	01	4	1510	ソウル【0】	0x400005E6	0xB00005E6	1	100	0	52410440	52410440
2410450	宝死体35 後半	01	4	1510	ソウル【0】	0x400005E6	0xB00005E6	1	100	0	52410450	52410450
2410460	宝死体36	01	4	1000	HP回復【PG直接指定】	0x400003E8	0xB00003E8	3	100	0	52410460	52410460
2410470	宝死体37 後半	01	4	1220	油壺	0x400004C4	0xB00004C4	2	100	0	52410470	52410470
2410480	宝死体38 後半	01	4	1500	SAN値回復＋1	0x400005DC	0xB00005DC	1	100	0	52410480	52410480
2410490	宝死体39 後半	01	4	3000	武器強化素材【コモン】	0x40000BB8	0xB0000BB8	1	100	0	52410490	52410490
2410500	宝死体40	01	4	1000	HP回復【PG直接指定】	0x400003E8	0xB00003E8	2	100	0	52410500	52410500
2410510	宝死体41 後半	01	4	1400	帰還	0x40000578	0xB0000578	2	100	0	52410510	52410510
2410520	宝死体42 前半	01	0	20100000				1	100	0	52410520	52410520
2410530	宝死体43 前半	01	4	1510	ソウル【0】	0x400005E6	0xB00005E6	1	100	0	52410530	52410530
2410540	宝死体44 前半	01	4	3000	武器強化素材【コモン】	0x40000BB8	0xB0000BB8	1	100	0	52410540	52410540
2410550	宝死体45	01	4	1200	火炎壺	0x400004B0	0xB00004B0	2	100	0	52410550	52410550
2410560	宝死体46 前半	01	4	900	弾丸【PG直接指定】	0x40000384	0xB0000384	5	100	0	52410560	52410560
2410570	宝死体47 前半	01	4	1200	火炎壺	0x400004B0	0xB00004B0	4	100	0	52410570	52410570
2410580	宝箱01	01	8	124001				1	100	0	52410580	52410580
2410590	宝死体49 前半	01	4	1200	火炎壺	0x400004B0	0xB00004B0	6	100	0	52410590	52410590
2410600	宝死体50 前半	01	4	1510	ソウル【0】	0x400005E6	0xB00005E6	1	100	0	52410600	52410600
2410610	宝死体51-1 後半	01	1	70000				1	100	0	52410610	52410610
2410611	宝死体51-2 後半	01	1	71000				1	100	0	52410610	52410610
2410612	宝死体51-3 後半	01	1	72000				1	100	0	52410610	52410610
2410613	宝死体51-4 後半	01	1	73000				1	100	0	52410610	52410610
2410620	宝死体52 後半	01	4	1514	ソウル【4】	0x400005EA	0xB00005EA	1	100	0	52410620	52410620
2410630	宝死体53 後半	01	4	1510	ソウル【0】	0x400005E6	0xB00005E6	1	100	0	52410630	52410630
2410640	宝箱02	01	8	102903				1	100	0	52410640	52410640
2410645	宝箱02	01	4	1500	SAN値回復＋1	0x400005DC	0xB00005DC	1	100	0	52410645	52410645
2410650	宝死体54 前半	01	4	3000	武器強化素材【コモン】	0x40000BB8	0xB0000BB8	1	100	0	52410650	52410650
2410800	宝死体80 前半	01	4	900	弾丸【PG直接指定】	0x40000384	0xB0000384	10	100	0	52410800	52410800
2410900	宝死体_少女の姉	01	4	4903	メッセンジャー装備（白いリボン）	0x40001327	0xB0001327	1	100	0	52410900	52410900
2410910	吸血豚ドロップ	01	4	4904	メッセンジャー装備（臓物まみれの白いリボン）	0x40001328	0xB0001328	1	100	0	52410910	52410910
2410920	宝死体_ガスコイン妻	01	4	4306	真っ赤なブローチ	0x400010D2	0xB00010D2	1	100	0	52410920	52410920
2410990	診療所　PCが寝ていたベッドの上	01	4	4003	古城への招待状	0x40000FA3	0xB0000FA3	1	100	0	52410990	52410990
2411000	宝箱00	01	4	4103	魔石着脱解禁アイテム	0x40001007	0xB0001007	1	100	0	52411000	52411000
2411005	宝箱00（前の周で取得済みの場合）	01	4	1591	ソウル【11】	0x40000637	0xB0000637	1	100	0	52411005	52411005
2420100	宝死体00	01	4	1000	HP回復【PG直接指定】	0x400003E8	0xB00003E8	1	100	0	52420100	52420100
2420110	宝死体01	01	4	1514	ソウル【4】	0x400005EA	0xB00005EA	1	100	0	52420110	52420110
2420120	宝死体02	01	8	101802				1	100	0	52420120	52420120
2420125	宝死体02（差し替え用）	01	4	1500	SAN値回復＋1	0x400005DC	0xB00005DC	1	100	0	52420125	52420125
2420130	宝死体03	01	4	1518	ソウル【8】	0x400005EE	0xB00005EE	1	100	0	52420130	52420130
2420140	宝死体04	01	4	900	弾丸【PG直接指定】	0x40000384	0xB0000384	3	100	0	52420140	52420140
2420150	宝死体05_0	01	1	121000				1	100	0	52420150	52420150
2420151	宝死体05_1	01	1	122000				1	100	0	52420150	52420150
2420152	宝死体05_2	01	1	123000				1	100	0	52420150	52420150
2420160	宝死体06	01	4	3010	武器強化素材【アンコモン】	0x40000BC2	0xB0000BC2	1	100	0	52420160	52420160
2420170	宝死体07	01	4	1500	SAN値回復＋1	0x400005DC	0xB00005DC	1	100	0	52420170	52420170
2420180	宝死体08	01	4	1120	石ころ帽子	0x40000460	0xB0000460	1	100	0	52420180	52420180
2420190	宝死体09	01	1	120000				1	100	0	52420190	52420190
2420200	宝死体10	01	4	1500	SAN値回復＋1	0x400005DC	0xB00005DC	1	100	0	52420200	52420200
2420210	宝死体11	01	4	1500	SAN値回復＋1	0x400005DC	0xB00005DC	1	100	0	52420210	52420210
2420220	宝死体12	01	4	7100	儀式素材【アンコモンA】レベル1	0x40001BBC	0xB0001BBC	2	100	0	52420220	52420220
2420230	宝死体13-1	01	1	130000				1	100	0	52420230	52420230
2420231	宝死体13-2	01	1	131000				1	100	0	52420230	52420230
2420232	宝死体13-3	01	1	132000				1	100	0	52420230	52420230
2420233	宝死体13-4	01	1	133000				1	100	0	52420230	52420230
2420234	宝死体13-5	01	8	224021				1	100	0	52420230	52420230
2420240	宝死体14	01	4	7004	儀式素材【コモンA】レベル5	0x40001B5C	0xB0001B5C	3	100	0	52420240	52420240
2420250	宝死体15	01	0	6100000				1	100	0	52420250	52420250
2420260	宝死体16	01	4	7023	儀式素材【コモンC】レベル4	0x40001B6F	0xB0001B6F	1	100	0	52420260	52420260
2420270	宝死体17	01	4	4119	ショップ解禁　教会ショップD	0x40001017	0xB0001017	1	100	0	52420270	52420270
2420275	（前の周で取得済みの場合）	01	4	1400	帰還	0x40000578	0xB0000578	1	100	0	52420285	52420285
2420280	宝箱00	01	4	4119	ショップ解禁　教会ショップD	0x40001017	0xB0001017	1	100	0	52420280	52420280
2420285	（前の周で取得済みの場合）	01	4	1400	帰還	0x40000578	0xB0000578	1	100	0	52420285	52420285
2420290	宝箱01	01	4	2010	宇宙召喚	0x400007DA	0xB00007DA	1	100	0	52420290	52420290
2420300	宝死体18	01	4	1518	ソウル【8】	0x400005EE	0xB00005EE	1	100	0	52420300	52420300
2420310	宝死体19	01	4	1120	石ころ帽子	0x40000460	0xB0000460	1	100	0	52420310	52420310
2420320	宝死体20	01	4	2010	宇宙召喚	0x400007DA	0xB00007DA	1	100	0	52420320	52420320
2420900	脳喰らい固定ドロップ	01	4	4006	聖堂街C孤児院1Fの鍵	0x40000FA6	0xB0000FA6	1	100	0	52420900	52420900
2500100	宝死体00	01	4	1518	ソウル【8】	0x400005EE	0xB00005EE	1	100	0	52500100	52500100
2500110	宝死体01	01	4	1270	HP回復不可	0x400004F6	0xB00004F6	2	100	0	52500110	52500110
2500120	宝死体02	01	4	1270	HP回復不可	0x400004F6	0xB00004F6	4	100	0	52500120	52500120
2500130	宝死体03	01	4	1270	HP回復不可	0x400004F6	0xB00004F6	4	100	0	52500130	52500130
2500140	宝死体04	01	4	1517	ソウル【7】	0x400005ED	0xB00005ED	1	100	0	52500140	52500140
2500150	宝死体05-0	01	4	1518	ソウル【8】	0x400005EE	0xB00005EE	1	100	0	52500150	52500150
2500160	宝死体06	01	1	311000				1	100	0	52500160	52500160
2500170	宝死体07	01	4	130	血族ランキング観覧アイテム	0x40000082	0xB0000082	1	100	0	52500170	52500170
2500180	宝死体08	01	4	900	弾丸【PG直接指定】	0x40000384	0xB0000384	6	100	0	52500180	52500180
2500190	宝死体09	01	4	1519	ソウル【9】	0x400005EF	0xB00005EF	1	100	0	52500190	52500190
2500200	宝死体10	01	4	900	弾丸【PG直接指定】	0x40000384	0xB0000384	6	100	0	52500200	52500200
2500210	宝死体11	01	4	1500	SAN値回復＋1	0x400005DC	0xB00005DC	1	100	0	52500210	52500210
2500220	宝死体12	01	4	1500	SAN値回復＋1	0x400005DC	0xB00005DC	1	100	0	52500220	52500220
2500230	宝死体13	01	4	3020	武器強化素材【レア】	0x40000BCC	0xB0000BCC	1	100	0	52500230	52500230
2500240	宝死体14	01	4	900	弾丸【PG直接指定】	0x40000384	0xB0000384	4	100	0	52500240	52500240
2500250	宝死体15	01	4	2080	誘導弾	0x40000820	0xB0000820	1	100	0	52500250	52500250
2500260	宝死体16	01	4	1519	ソウル【9】	0x400005EF	0xB00005EF	1	100	0	52500260	52500260
2500270	宝死体17	01	4	1400	帰還	0x40000578	0xB0000578	2	100	0	52500270	52500270
2500910	宝死体古城の招待状（無記名	01	4	4308	古城への招待状（無記名）	0x400010D4	0xB00010D4	1	100	0	52500910	52500910
2500920	ピンク色の肉片	01	4	4305	ピンク色の肉片	0x400010D1	0xB00010D1	1	100	0	52500920	52500920
2501000	宝箱00	01	0	10100000				1	100	0	52501000	52501000
2501010	宝箱01	01	4	3020	武器強化素材【レア】	0x40000BCC	0xB0000BCC	1	100	0	52501010	52501010
2501020	宝箱02-1	01	1	151000				1	100	0	52501020	52501020
2501021	宝箱02-2	01	1	152000				1	100	0	52501020	52501020
2501022	宝箱02-3	01	1	153000				1	100	0	52501020	52501020
2501030	宝箱03	01	4	3020	武器強化素材【レア】	0x40000BCC	0xB0000BCC	1	100	0	52501030	52501030
2501040	宝箱04-0	01	8	125000				1	100	0	52501040	52501040
2501050	宝箱05	01	1	80000				1	100	0	52501050	52501050
2501060	宝箱06	01	8	125001				1	100	0	52501060	52501060
2501070	宝箱07-1	01	1	81000				1	100	0	52501070	52501070
2501071	宝箱07-2	01	1	82000				1	100	0	52501070	52501070
2501072	宝箱07-3	01	1	83000				1	100	0	52501070	52501070
2501080	宝箱08	01	0	14100000				1	100	0	52501080	52501080
2502000	ボス撃破後に現れる宝	01	1	250000				1	100	0	52502000	52502000
2600100	宝死体00 前半	01	4	2090	同士討ち	0x4000082A	0xB000082A	6	100	0	52600100	52600100
2600110	宝死体01 後半	01	4	1500	SAN値回復＋1	0x400005DC	0xB00005DC	1	100	0	52600110	52600110
2600120	宝死体02 後半	01	4	1501	SAN値回復＋2	0x400005DD	0xB00005DD	1	100	0	52600120	52600120
2600130	宝死体03 後半	01	4	1501	SAN値回復＋2	0x400005DD	0xB00005DD	1	100	0	52600130	52600130
2600140	宝死体04 後半	01	4	1501	SAN値回復＋2	0x400005DD	0xB00005DD	1	100	0	52600140	52600140
2600150	宝死体05 後半	01	8	126002				1	100	0	52600150	52600150
2600160	宝死体06 後半	01	4	1501	SAN値回復＋2	0x400005DD	0xB00005DD	1	100	0	52600160	52600160
2600170	宝死体07 ボス部屋	01	4	1518	ソウル【8】	0x400005EE	0xB00005EE	1	100	0	52600170	52600170
2600180	宝死体08 前半	01	4	1518	ソウル【8】	0x400005EE	0xB00005EE	1	100	0	52600180	52600180
2600190	宝死体09 前半	01	4	1000	HP回復【PG直接指定】	0x400003E8	0xB00003E8	8	100	0	52600190	52600190
2600200	宝死体10 前半	01	8	126003				1	100	0	52600200	52600200
2600210	宝死体11 前半	01	4	3020	武器強化素材【レア】	0x40000BCC	0xB0000BCC	1	100	0	52600210	52600210
2600220	宝死体12 前半	01	8	126000				1	100	0	52600220	52600220
2600230	宝死体13 ボス部屋	01	4	900	弾丸【PG直接指定】	0x40000384	0xB0000384	6	100	0	52600230	52600230
2600240	宝死体14 前半	01	4	1500	SAN値回復＋1	0x400005DC	0xB00005DC	1	100	0	52600240	52600240
2600250	宝死体15 前半	01	4	2030	ヌルヌル化	0x400007EE	0xB00007EE	2	100	0	52600250	52600250
2600260	宝死体16 ボス部屋	01	4	1517	ソウル【7】	0x400005ED	0xB00005ED	1	100	0	52600260	52600260
2600270	宝死体17 ボス部屋	01	4	900	弾丸【PG直接指定】	0x40000384	0xB0000384	6	100	0	52600270	52600270
2600280	宝死体18 ボス部屋	01	4	3020	武器強化素材【レア】	0x40000BCC	0xB0000BCC	1	100	0	52600280	52600280
2600290	宝死体19 前半	01	4	1518	ソウル【8】	0x400005EE	0xB00005EE	1	100	0	52600290	52600290
2600300	宝死体20 前半	01	8	100201				1	100	0	52600300	52600300
2600305	宝死体20 前半（差し替え用）	01	4	1500	SAN値回復＋1	0x400005DC	0xB00005DC	1	100	0	52600305	52600305
2600310	宝死体21 前半	01	4	3020	武器強化素材【レア】	0x40000BCC	0xB0000BCC	1	100	0	52600310	52600310
2600320	宝死体22 前半	01	4	1519	ソウル【9】	0x400005EF	0xB00005EF	1	100	0	52600320	52600320
2600330	宝死体23 前半	01	4	1518	ソウル【8】	0x400005EE	0xB00005EE	1	100	0	52600330	52600330
2600340	宝死体24 前半	01	4	1120	石ころ帽子	0x40000460	0xB0000460	2	100	0	52600340	52600340
2600350	宝死体25 前半	01	4	3010	武器強化素材【アンコモン】	0x40000BC2	0xB0000BC2	3	100	0	52600350	52600350
2600360	宝死体26 前半	01	4	1519	ソウル【9】	0x400005EF	0xB00005EF	1	100	0	52600360	52600360
2600370	宝死体27 ボス部屋	01	4	1000	HP回復【PG直接指定】	0x400003E8	0xB00003E8	4	100	0	52600370	52600370
2600380	宝死体28 ボス部屋	01	4	1101	狂気・獣化回復薬	0x4000044D	0xB000044D	3	100	0	52600380	52600380
2600390	宝死体29-0 ボス部屋	01	8	100002				1	100	0	52600390	52600390
2600395	宝死体29-0 ボス部屋（差し替え用）	01	4	1500	SAN値回復＋1	0x400005DC	0xB00005DC	1	100	0	52600395	52600395
2600400	宝死体30 ボス部屋	01	4	1000	HP回復【PG直接指定】	0x400003E8	0xB00003E8	3	100	0	52600400	52600400
2600410	宝死体31 ボス部屋	01	4	1519	ソウル【9】	0x400005EF	0xB00005EF	1	100	0	52600410	52600410
2600420	宝死体32 後半	01	4	3020	武器強化素材【レア】	0x40000BCC	0xB0000BCC	2	100	0	52600420	52600420
2600430	宝死体33 後半	01	4	1517	ソウル【7】	0x400005ED	0xB00005ED	1	100	0	52600430	52600430
2600440	宝死体34 前半	01	4	1500	SAN値回復＋1	0x400005DC	0xB00005DC	1	100	0	52600440	52600440
2600450	宝死体35 後半	01	4	3020	武器強化素材【レア】	0x40000BCC	0xB0000BCC	2	100	0	52600450	52600450
2600460	宝死体36 後半	01	4	1590	ソウル【10】	0x40000636	0xB0000636	1	100	0	52600460	52600460
2600470	宝死体37 後半	01	4	1590	ソウル【10】	0x40000636	0xB0000636	1	100	0	52600470	52600470
2600480	宝死体38 後半	01	8	126004				1	100	0	52600480	52600480
2600490	宝死体39 後半	01	4	3020	武器強化素材【レア】	0x40000BCC	0xB0000BCC	2	100	0	52600490	52600490
2600500	宝死体40 後半	01	4	1590	ソウル【10】	0x40000636	0xB0000636	1	100	0	52600500	52600500
2600510	宝死体41 後半	01	8	126001				1	100	0	52600510	52600510
2600520	宝死体42 後半	01	4	3020	武器強化素材【レア】	0x40000BCC	0xB0000BCC	2	100	0	52600520	52600520
2600530	宝死体43 後半	01	8	126000				1	100	0	52600530	52600530
2600540	宝死体44 後半	01	4	3030	武器強化素材【Sレア】	0x40000BD6	0xB0000BD6	1	100	0	52600540	52600540
2600550	宝死体45_悪夢の主宝死体	01	4	4009	邪眼橋の鍵	0x40000FA9	0xB0000FA9	1	100	0	52600550	52600550
2600560	宝死体46	01	4	3020	武器強化素材【レア】	0x40000BCC	0xB0000BCC	1	100	0	52600560	52600560
2600570	宝死体47	01	4	1110	獣化薬	0x40000456	0xB0000456	1	100	0	52600570	52600570
2600580	宝死体48	01	4	1000	HP回復【PG直接指定】	0x400003E8	0xB00003E8	8	100	0	52600580	52600580
2600590	宝箱02 後半	01	4	7130	儀式素材【アンコモンD】レベル1	0x40001BDA	0xB0001BDA	1	100	0	52600590	52600590
2600600	宝死体50	01	4	2050	範囲回復	0x40000802	0xB0000802	1	100	0	52600600	52600600
2600605	宝死体50（差し替え用）	01	4	1500	SAN値回復＋1	0x400005DC	0xB00005DC	1	100	0	52600605	52600605
2600610	宝死体51	01	4	4009	邪眼橋の鍵	0x40000FA9	0xB0000FA9	1	100	0	52600610	52600610
2601000	宝箱00-0 前半	01	4	703	女医の薬	0x400002BF	0xB00002BF	1	100	0	52601000	52601000
2601010	宝箱01 前半	01	4	7131	儀式素材【アンコモンD】レベル2	0x40001BDB	0xB0001BDB	2	100	0	52601010	52601010
2605000	邪眼_ジェスチャーで取得アイテム	01	8	100003				1	100	0	52605000	52605000
2605005	邪眼_ジェスチャーで取得アイテム（差し替え用）	01	4	1501	SAN値回復＋2	0x400005DD	0xB00005DD	1	100	0	52605005	52605005
2605010	邪眼殺害時取得アイテム	01	4	7200	儀式素材【A5ロック】	0x40001C20	0xB0001C20	1	100	0	52605010	52605010
2700100	宝死体00_1	01	4	3010	武器強化素材【アンコモン】	0x40000BC2	0xB0000BC2	3	100	0	52700100	52700100
2700110	宝死体01	01	4	1210	毒ナイフ	0x400004BA	0xB00004BA	8	100	0	52700110	52700110
2700120	宝死体02	01	0	15000000				1	100	0	52700120	52700120
2700130	宝死体03	01	4	1500	SAN値回復＋1	0x400005DC	0xB00005DC	1	100	0	52700130	52700130
2700140	宝死体04	01	4	1200	火炎壺	0x400004B0	0xB00004B0	11	100	0	52700140	52700140
2700150	宝死体05-1	01	1	290000				1	100	0	52700150	52700150
2700151	宝死体05-2	01	1	291000				1	100	0	52700150	52700150
2700152	宝死体05-3	01	1	112000				1	100	0	52700150	52700150
2700153	宝死体05-4	01	1	293000				1	100	0	52700150	52700150
2700160	宝死体06	01	4	1000	HP回復【PG直接指定】	0x400003E8	0xB00003E8	2	100	0	52700160	52700160
2700170	宝死体07	01	4	1515	ソウル【5】	0x400005EB	0xB00005EB	1	100	0	52700170	52700170
2700180	宝死体08	01	8	102001				1	100	0	52700180	52700180
2700185	宝死体08（差し替え用）	01	4	1500	SAN値回復＋1	0x400005DC	0xB00005DC	1	100	0	52700185	52700185
2700190	宝死体09	01	4	3010	武器強化素材【アンコモン】	0x40000BC2	0xB0000BC2	1	100	0	52700190	52700190
2700200	宝死体10	01	8	101601				1	100	0	52700200	52700200
2700205	宝死体10（差し替え用）	01	4	1500	SAN値回復＋1	0x400005DC	0xB00005DC	1	100	0	52700205	52700205
2700210	宝死体11	01	4	1500	SAN値回復＋1	0x400005DC	0xB00005DC	1	100	0	52700210	52700210
2700220	宝死体12	01	4	3010	武器強化素材【アンコモン】	0x40000BC2	0xB0000BC2	1	100	0	52700220	52700220
2700230	宝死体13	01	4	1517	ソウル【7】	0x400005ED	0xB00005ED	1	100	0	52700230	52700230
2700240	宝死体14	01	4	3010	武器強化素材【アンコモン】	0x40000BC2	0xB0000BC2	1	100	0	52700240	52700240
2700250	宝死体15	01	4	1500	SAN値回復＋1	0x400005DC	0xB00005DC	1	100	0	52700250	52700250
2700260	宝死体16	01	4	1500	SAN値回復＋1	0x400005DC	0xB00005DC	1	100	0	52700260	52700260
2700270	宝死体17	01	4	1500	SAN値回復＋1	0x400005DC	0xB00005DC	1	100	0	52700270	52700270
2700280	宝死体18	01	4	900	弾丸【PG直接指定】	0x40000384	0xB0000384	5	100	0	52700280	52700280
2700290	宝死体19	01	4	1500	SAN値回復＋1	0x400005DC	0xB00005DC	1	100	0	52700290	52700290
2700300	宝死体20	01	8	127001				1	100	0	52700300	52700300
2700310	宝死体21	01	4	1516	ソウル【6】	0x400005EC	0xB00005EC	1	100	0	52700310	52700310
2700320	宝死体22	01	4	1000	HP回復【PG直接指定】	0x400003E8	0xB00003E8	6	100	0	52700320	52700320
2700330	宝死体23	01	4	3010	武器強化素材【アンコモン】	0x40000BC2	0xB0000BC2	1	100	0	52700330	52700330
2700340	宝死体24	01	4	1100	毒・出血回復薬	0x4000044C	0xB000044C	3	100	0	52700340	52700340
2700350	宝死体25	01	4	1100	毒・出血回復薬	0x4000044C	0xB000044C	4	100	0	52700350	52700350
2700360	宝死体26	01	4	3010	武器強化素材【アンコモン】	0x40000BC2	0xB0000BC2	2	100	0	52700360	52700360
2700370	宝死体27	01	4	3020	武器強化素材【レア】	0x40000BCC	0xB0000BCC	1	100	0	52700370	52700370
2700380	宝死体28	01	8	100401				1	100	0	52700380	52700380
2700385	宝死体28（差し替え用）	01	4	1500	SAN値回復＋1	0x400005DC	0xB00005DC	1	100	0	52700385	52700385
2700390	宝死体29	01	4	1210	毒ナイフ	0x400004BA	0xB00004BA	3	100	0	52700390	52700390
2700400	宝死体30	01	4	1110	獣化薬	0x40000456	0xB0000456	6	100	0	52700400	52700400
2700410	宝死体31-1	01	1	31000				1	100	0	52700410	52700410
2700411	宝死体31-2	01	1	32000				1	100	0	52700410	52700410
2700412	宝死体31-3	01	1	33000				1	100	0	52700410	52700410
2700420	宝死体32	01	4	3010	武器強化素材【アンコモン】	0x40000BC2	0xB0000BC2	2	100	0	52700420	52700420
2700430	宝死体33	01	4	1410	道標	0x40000582	0xB0000582	5	100	0	52700430	52700430
2700440	宝死体34	01	4	3010	武器強化素材【アンコモン】	0x40000BC2	0xB0000BC2	1	100	0	52700440	52700440
2700450	宝死体35	01	4	3010	武器強化素材【アンコモン】	0x40000BC2	0xB0000BC2	1	100	0	52700450	52700450
2700460	宝死体36	01	4	3010	武器強化素材【アンコモン】	0x40000BC2	0xB0000BC2	2	100	0	52700460	52700460
2700470	宝死体37	01	4	3010	武器強化素材【アンコモン】	0x40000BC2	0xB0000BC2	1	100	0	52700470	52700470
2700480	宝死体38	01	4	2020	リフレクトウォール	0x400007E4	0xB00007E4	1	100	0	52700480	52700480
2700490	宝死体39	01	4	3010	武器強化素材【アンコモン】	0x40000BC2	0xB0000BC2	2	100	0	52700490	52700490
2700500	宝死体40	01	4	1516	ソウル【6】	0x400005EC	0xB00005EC	1	100	0	52700500	52700500
2700510	宝死体41	01	4	900	弾丸【PG直接指定】	0x40000384	0xB0000384	6	100	0	52700510	52700510
2700520	宝死体42	01	4	3010	武器強化素材【アンコモン】	0x40000BC2	0xB0000BC2	1	100	0	52700520	52700520
2700530	宝死体43	01	4	1510	ソウル【0】	0x400005E6	0xB00005E6	1	100	0	52700530	52700530
2700540	宝死体44	01	8	102202				1	100	0	52700540	52700540
2700545	宝死体44（差し替え用）	01	4	1500	SAN値回復＋1	0x400005DC	0xB00005DC	1	100	0	52700545	52700545
2700550	宝死体45	01	4	3010	武器強化素材【アンコモン】	0x40000BC2	0xB0000BC2	1	100	0	52700550	52700550
2700560	宝死体46	01	1	30000				1	100	0	52700560	52700560
2700570	宝死体47	01	8	100301				1	100	0	52700570	52700570
2700575	宝死体47（差し替え用）	01	4	1500	SAN値回復＋1	0x400005DC	0xB00005DC	1	100	0	52700575	52700575
2700580	宝死体48	01	4	3010	武器強化素材【アンコモン】	0x40000BC2	0xB0000BC2	1	100	0	52700580	52700580
2700590	宝死体49	01	4	1110	獣化薬	0x40000456	0xB0000456	3	100	0	52700590	52700590
2700600	宝死体50	01	4	1515	ソウル【5】	0x400005EB	0xB00005EB	1	100	0	52700600	52700600
2700610	宝死体51	01	4	1000	HP回復【PG直接指定】	0x400003E8	0xB00003E8	2	100	0	52700610	52700610
2700620	宝死体52	01	8	227000				1	100	0	52700620	52700620
2700630	宝死体53	01	4	1200	火炎壺	0x400004B0	0xB00004B0	4	100	0	52700630	52700630
2700640	宝死体54	01	4	1000	HP回復【PG直接指定】	0x400003E8	0xB00003E8	6	100	0	52700640	52700640
2700650	宝死体55	01	8	127003				1	100	0	52700650	52700650
2700660	宝死体56	01	8	127004				1	100	0	52700660	52700660
2700670	宝死体57	01	4	1516	ソウル【6】	0x400005EC	0xB00005EC	1	100	0	52700670	52700670
2700680	宝死体58	01	4	900	弾丸【PG直接指定】	0x40000384	0xB0000384	4	100	0	52700680	52700680
2700690	宝死体59	01	8	127002				1	100	0	52700690	52700690
2700700	宝死体60_1	01	8	127000				1	100	0	52700700	52700700
2700710	宝死体61	01	4	1000	HP回復【PG直接指定】	0x400003E8	0xB00003E8	2	100	0	52700710	52700710
2700720	宝死体62	01	4	3010	武器強化素材【アンコモン】	0x40000BC2	0xB0000BC2	1	100	0	52700720	52700720
2700730	宝死体63	01	4	1512	ソウル【2】	0x400005E8	0xB00005E8	1	100	0	52700730	52700730
2700740	宝死体64	01	4	1516	ソウル【6】	0x400005EC	0xB00005EC	1	100	0	52700740	52700740
2700750	宝死体61	01	4	1410	道標	0x40000582	0xB0000582	6	100	0	52700750	52700750
2700760	宝死体62	01	4	3010	武器強化素材【アンコモン】	0x40000BC2	0xB0000BC2	1	100	0	52700760	52700760
2700770	宝死体63	01	4	1515	ソウル【5】	0x400005EB	0xB00005EB	1	100	0	52700770	52700770
2700780	宝死体64	01	4	1100	毒・出血回復薬	0x4000044C	0xB000044C	4	100	0	52700780	52700780
2700790	宝死体65	01	4	900	弾丸【PG直接指定】	0x40000384	0xB0000384	10	100	0	52700790	52700790
2700800	宝箱00	01	0	5100000				1	100	0	52700800	52700800
2700810	宝死体66	01	4	1230	石ころ	0x400004CE	0xB00004CE	2	100	0	52700810	52700810
2700820	宝死体67	01	4	900	弾丸【PG直接指定】	0x40000384	0xB0000384	5	100	0	52700820	52700820
2700830	宝死体68	01	4	1000	HP回復【PG直接指定】	0x400003E8	0xB00003E8	2	100	0	52700830	52700830
2700840	宝死体69	01	4	900	弾丸【PG直接指定】	0x40000384	0xB0000384	5	100	0	52700840	52700840
2700850	宝死体70	01	4	1000	HP回復【PG直接指定】	0x400003E8	0xB00003E8	2	100	0	52700850	52700850
2700860	宝死体71	01	4	3010	武器強化素材【アンコモン】	0x40000BC2	0xB0000BC2	1	100	0	52700860	52700860
2700870	宝死体72	01	4	1515	ソウル【5】	0x400005EB	0xB00005EB	1	100	0	52700870	52700870
2700880	宝死体73	01	4	1000	HP回復【PG直接指定】	0x400003E8	0xB00003E8	5	100	0	52700880	52700880
2700890	宝死体74	01	4	1120	石ころ帽子	0x40000460	0xB0000460	4	100	0	52700890	52700890
2700900	宝死体75	01	4	1260	獣誘い	0x400004EC	0xB00004EC	3	100	0	52700900	52700900
2700910	宝死体76	01	4	1260	獣誘い	0x400004EC	0xB00004EC	4	100	0	52700910	52700910
2700920	宝死体77	01	4	1110	獣化薬	0x40000456	0xB0000456	4	100	0	52700920	52700920
2700930	宝死体78	01	4	1516	ソウル【6】	0x400005EC	0xB00005EC	1	100	0	52700930	52700930
2700940	宝死体79	01	4	1500	SAN値回復＋1	0x400005DC	0xB00005DC	1	100	0	52700940	52700940
2700950	宝死体80	01	4	1100	毒・出血回復薬	0x4000044C	0xB000044C	2	100	0	52700945	52700945
2700960	宝死体81	01	4	3010	武器強化素材【アンコモン】	0x40000BC2	0xB0000BC2	2	100	0	52700960	52700960
2700990	森ボス 強制入手アイテム	01	8	100601				1	100	0	52700950	52700950
2700995	森ボス 強制入手アイテム（差し替え用）	01	4	1500	SAN値回復＋1	0x400005DC	0xB00005DC	1	100	0	52700955	52700955
2800000	宝死体00	01	4	1517	ソウル【7】	0x400005ED	0xB00005ED	1	100	0	52800000	52800000
2800010	宝死体01	01	4	3020	武器強化素材【レア】	0x40000BCC	0xB0000BCC	1	100	0	52800010	52800010
2800020	宝死体02	01	8	128000				1	100	0	52800020	52800020
2800030	宝死体03	01	4	1320	エンチャント【雷】	0x40000528	0xB0000528	3	100	0	52800030	52800030
2800040	宝死体04	01	4	1517	ソウル【7】	0x400005ED	0xB00005ED	1	100	0	52800040	52800040
2800050	宝死体05	01	8	100802				1	100	0	52800050	52800050
2800055	宝死体05（差し替え用）	01	4	1500	SAN値回復＋1	0x400005DC	0xB00005DC	1	100	0	52800055	52800055
2800060	宝死体06	01	4	1517	ソウル【7】	0x400005ED	0xB00005ED	1	100	0	52800060	52800060
2800070	宝死体07	01	4	1517	ソウル【7】	0x400005ED	0xB00005ED	1	100	0	52800070	52800070
2800080	宝死体08	01	4	1000	HP回復【PG直接指定】	0x400003E8	0xB00003E8	8	100	0	52800080	52800080
2800090	宝死体09	01	4	1518	ソウル【8】	0x400005EE	0xB00005EE	1	100	0	52800090	52800090
2800100	宝死体10	01	1	270000				1	100	0	52800100	52800100
2800110	宝死体11	01	4	3020	武器強化素材【レア】	0x40000BCC	0xB0000BCC	1	100	0	52800110	52800110
2800120	宝死体12	01	4	1517	ソウル【7】	0x400005ED	0xB00005ED	1	100	0	52800120	52800120
2800130	宝死体13	01	4	1000	HP回復【PG直接指定】	0x400003E8	0xB00003E8	6	100	0	52800130	52800130
2800140	宝死体14	01	8	101301				1	100	0	52800140	52800140
2800145	宝死体14（差し替え用）	01	4	1500	SAN値回復＋1	0x400005DC	0xB00005DC	1	100	0	52800145	52800145
2800150	宝死体15	01	4	1500	SAN値回復＋1	0x400005DC	0xB00005DC	1	100	0	52800150	52800150
2800160	宝死体16	01	4	1500	SAN値回復＋1	0x400005DC	0xB00005DC	1	100	0	52800160	52800160
2800170	宝死体17	01	4	900	弾丸【PG直接指定】	0x40000384	0xB0000384	10	100	0	52800170	52800170
2800180	宝死体18	01	4	900	弾丸【PG直接指定】	0x40000384	0xB0000384	10	100	0	52800180	52800180
2800190	宝死体19 聖A接続 不具合対応 聖Aに移動	01	4	1516	ソウル【6】	0x400005EC	0xB00005EC	1	100	0	52800190	52800190
2800200	宝死体20 聖A接続 不具合対応 聖Aに移動	01	4	3010	武器強化素材【アンコモン】	0x40000BC2	0xB0000BC2	1	100	0	52800200	52800200
2800210	宝死体21	01	4	3020	武器強化素材【レア】	0x40000BCC	0xB0000BCC	1	100	0	52800210	52800210
2800290	宝死体_ミイラ	01	4	4010	聖堂街Cへの鍵	0x40000FAA	0xB0000FAA	1	100	0	52800290	52800290
2800300	宝死体30_初回	01	4	1260	獣誘い	0x400004EC	0xB00004EC	1	100	0	52800300	52800300
2800310	宝死体31 初回	01	4	3010	武器強化素材【アンコモン】	0x40000BC2	0xB0000BC2	1	100	0	52800310	52800310
2800320	宝死体32 初回	01	4	1516	ソウル【6】	0x400005EC	0xB00005EC	1	100	0	52800170	52800170
2800330	宝死体33 初回	01	0	13000000				1	100	0	52800330	52800330
2800340	宝死体34 初回	01	4	1320	エンチャント【雷】	0x40000528	0xB0000528	5	100	0	52800340	52800340
2800350	宝死体35_初回	01	8	100001				1	100	0	52800350	52800350
2800355	宝死体35_初回（差し替え用）	01	4	1500	SAN値回復＋1	0x400005DC	0xB00005DC	1	100	0	52800355	52800355
2800360	宝死体36 初回	01	4	1260	獣誘い	0x400004EC	0xB00004EC	3	100	0	52800360	52800360
2800370	宝死体37 初回	01	4	1200	火炎壺	0x400004B0	0xB00004B0	3	100	0	52800370	52800370
2800380	宝死体38 初回	01	4	1517	ソウル【7】	0x400005ED	0xB00005ED	1	100	0	52800380	52800380
2800400	宝死体40_人さらい	01	4	3020	武器強化素材【レア】	0x40000BCC	0xB0000BCC	2	100	0	52800400	52800400
2800410	宝死体41_人さらい	01	4	3020	武器強化素材【レア】	0x40000BCC	0xB0000BCC	2	100	0	52800410	52800410
2800420	宝死体42_人さらい	01	4	1516	ソウル【6】	0x400005EC	0xB00005EC	1	100	0	52800420	52800420
2800430	宝死体43_人さらい	01	4	1516	ソウル【6】	0x400005EC	0xB00005EC	1	100	0	52800430	52800430
2800440	宝死体44_人さらい	01	4	3020	武器強化素材【レア】	0x40000BCC	0xB0000BCC	2	100	0	52800440	52800440
2800450	宝死体45_人さらい	01	4	3020	武器強化素材【レア】	0x40000BCC	0xB0000BCC	2	100	0	52800450	52800450
2800500	宝箱00	01	4	2070	カインの衝撃	0x40000816	0xB0000816	1	100	0	52800500	52800500
2800510	宝箱01	01	4	2050	範囲回復	0x40000802	0xB0000802	1	100	0	52800510	52800510
2800520	宝箱02	01	1	40000				1	100	0	52800520	52800520
2800521	宝箱02	01	1	41000				1	100	0	52800520	52800520
2800522	宝箱02	01	1	42000				1	100	0	52800520	52800520
2800523	宝箱02	01	1	43000				1	100	0	52800520	52800520
2800530	宝箱03	01	8	228001				1	100	0	52800530	52800530
2800600	宝死体46	01	1	190000				1	100	0	52800600	52800600
2800610	宝死体47-1	01	1	20000				1	100	0	52800610	52800610
2800611	宝死体47-2	01	1	21000				1	100	0	52800610	52800610
2800612	宝死体47-3	01	1	22000				1	100	0	52800610	52800610
2800613	宝死体47-4	01	1	23000				1	100	0	52800610	52800610
2800620	宝死体48 初回	01	4	1500	SAN値回復＋1	0x400005DC	0xB00005DC	1	100	0	52800620	52800620
2800630	宝死体49	01	4	1516	ソウル【6】	0x400005EC	0xB00005EC	1	100	0	52800630	52800630
2800640	宝死体50	01	4	1515	ソウル【5】	0x400005EB	0xB00005EB	1	100	0	52800640	52800640
2800650	宝死体51	01	4	1000	HP回復【PG直接指定】	0x400003E8	0xB00003E8	6	100	0	52800650	52800650
2800660	宝死体52	01	4	900	弾丸【PG直接指定】	0x40000384	0xB0000384	10	100	0	52800660	52800660
2800670	宝死体53	01	4	2030	ヌルヌル化	0x400007EE	0xB00007EE	3	100	0	52800670	52800670
2800680	宝死体54	01	4	1517	ソウル【7】	0x400005ED	0xB00005ED	1	100	0	52800680	52800680
2800690	宝死体55 初回	01	4	1500	SAN値回復＋1	0x400005DC	0xB00005DC	1	100	0	52800690	52800690
2800700	宝死体56 初回	01	4	1500	SAN値回復＋1	0x400005DC	0xB00005DC	1	100	0	52800700	52800700
2800710	宝死体57	01	8	132000				1	100	0	52800710	52800710
2901000	固定：物理：3Fボス撃破1	01	8	290000				1	100	0	52901000	52901000
2901010	固定：物理：4Fボス撃破	01	4	6100	自動生成聖杯【レベル1】トゥメル	0x400017D4	0xB00017D4	1	100	0	52901010	52901010
2902000	固定：銃：3Fボス撃破1	01	4	6210	自動生成聖杯【レベル2】僻墓	0x40001842	0xB0001842	1	100	0	52902100	52902100
2902010	固定：銃：4Fボス撃破	01	4	6449				1	100	0	52902110	52902110
2902100	固定：銃：3Fボス撃破1	01	4	6210	自動生成聖杯【レベル2】僻墓	0x40001842	0xB0001842	1	100	0	52902100	52902100
2902110	固定：銃：4Fボス撃破	01	4	6449				1	100	0	52902110	52902110
2904300	固定：魔法：1/2Fサブ終端	01	4	3020	武器強化素材【レア】	0x40000BCC	0xB0000BCC	2	100	0	52904300	52904300
2904310	固定：魔法：3Fボス撃破	01	4	6430				1	100	0	52904310	52904310
2904320	固定：魔法：4Fボス撃破	01	8	290004				1	100	0	52904320	52904320
2904400	固定：補助：1/2Fサブ終端	01	4	3020	武器強化素材【レア】	0x40000BCC	0xB0000BCC	2	100	0	52904400	52904400
2904410	固定：補助：3Fボス撃破	01	4	6440				1	100	0	52904410	52904410
2904420	固定：補助：4Fボス撃破	01	8	290005				1	100	0	52904420	52904420
2909810	黒い宝箱	01	4	1000	HP回復【PG直接指定】	0x400003E8	0xB00003E8	1	60	0	-1	
2909810	黒い宝箱	02	4	900	弾丸【PG直接指定】	0x40000384	0xB0000384	2	40	0	-1	
2909850	プレゼンダンジョン宝死体	01	4	1000	HP回復【PG直接指定】	0x400003E8	0xB00003E8	1	60	0	-1	
2909850	プレゼンダンジョン宝死体	02	4	900	弾丸【PG直接指定】	0x40000384	0xB0000384	2	40	0	-1	
2909900	宝箱大_ご褒美	01	4	1000	HP回復【PG直接指定】	0x400003E8	0xB00003E8	1	60	0	-1	
2909900	宝箱大_ご褒美	02	4	900	弾丸【PG直接指定】	0x40000384	0xB0000384	2	40	0	-1	
2909910	宝箱大_釣る配置	01	4	1000	HP回復【PG直接指定】	0x400003E8	0xB00003E8	1	60	0	-1	
2909910	宝箱大_釣る配置	02	4	900	弾丸【PG直接指定】	0x40000384	0xB0000384	2	40	0	-1	
2909920	宝箱中_ご褒美	01	4	1000	HP回復【PG直接指定】	0x400003E8	0xB00003E8	1	60	0	-1	
2909920	宝箱中_ご褒美	02	4	900	弾丸【PG直接指定】	0x40000384	0xB0000384	2	40	0	-1	
2909930	宝箱中_釣る配置	01	4	1000	HP回復【PG直接指定】	0x400003E8	0xB00003E8	1	60	0	-1	
2909930	宝箱中_釣る配置	02	4	900	弾丸【PG直接指定】	0x40000384	0xB0000384	2	40	0	-1	
2909940	宝箱小_ご褒美	01	4	1000	HP回復【PG直接指定】	0x400003E8	0xB00003E8	1	60	0	-1	
2909940	宝箱小_ご褒美	02	4	900	弾丸【PG直接指定】	0x40000384	0xB0000384	2	40	0	-1	
2909950	宝箱小_釣る配置	01	4	1000	HP回復【PG直接指定】	0x400003E8	0xB00003E8	1	60	0	-1	
2909950	宝箱小_釣る配置	02	4	900	弾丸【PG直接指定】	0x40000384	0xB0000384	2	40	0	-1	
2909960	宝死体_ご褒美	01	4	1000	HP回復【PG直接指定】	0x400003E8	0xB00003E8	1	60	0	-1	
2909960	宝死体_ご褒美	02	4	900	弾丸【PG直接指定】	0x40000384	0xB0000384	2	40	0	-1	
2909970	宝死体_釣る配置	01	4	1000	HP回復【PG直接指定】	0x400003E8	0xB00003E8	1	60	0	-1	
2909970	宝死体_釣る配置	02	4	900	弾丸【PG直接指定】	0x40000384	0xB0000384	2	40	0	-1	
2909980	火種専用	01	4	1000	HP回復【PG直接指定】	0x400003E8	0xB00003E8	1	60	0	-1	
2909980	火種専用	02	4	900	弾丸【PG直接指定】	0x40000384	0xB0000384	2	40	0	-1	
3200000	宝死体00	01	4	1500	SAN値回復＋1	0x400005DC	0xB00005DC	1	100	0	53200000	53200000
3200010	宝死体01	01	8	101302				1	100	0	53200010	53200010
3200015	宝死体01（差し替え用）	01	4	1500	SAN値回復＋1	0x400005DC	0xB00005DC	1	100	0	53200015	53200015
3200020	宝死体02	01	4	1500	SAN値回復＋1	0x400005DC	0xB00005DC	1	100	0	53200020	53200020
3200030	宝死体03	01	4	1501	SAN値回復＋2	0x400005DD	0xB00005DD	1	100	0	53200030	53200030
3200040	宝死体04	01	4	1101	狂気・獣化回復薬	0x4000044D	0xB000044D	5	100	0	53200040	53200040
3200100	宝死体10 教室	01	4	1500	SAN値回復＋1	0x400005DC	0xB00005DC	1	100	0	53200100	53200100
3200110	宝死体11 教室	01	4	1101	狂気・獣化回復薬	0x4000044D	0xB000044D	6	100	0	53200110	53200110
3200500	宝箱00	01	4	1310	エンチャント【魔法】	0x4000051E	0xB000051E	1	100	0	53200500	53200500
3200510	宝箱01	01	8	232000				1	100	0	53200510	53200510
3200520	宝箱02	01	8	232001				1	100	0	53200520	53200520
3200530	宝箱03	01	8	132000				1	100	0	53200530	53200530
3200540	宝箱04-1	01	1	191000				1	100	0	53200540	53200540
3200541	宝箱04-2	01	1	193000				1	100	0	53200540	53200540
3200600	宝箱10 教室	01	4	2000	触手召喚	0x400007D0	0xB00007D0	1	100	0	53200600	53200600
3200610	宝箱11 教室	01	4	7110	儀式素材【アンコモンB】レベル1	0x40001BC6	0xB0001BC6	1	100	0	53200610	53200610
3200611	宝箱11 教室	01	1	241000				1	100	0	-1	
3200612	宝箱11 教室	01	1	242000				1	100	0	-1	
3200613	宝箱11 教室	01	1	243000				1	100	0	-1	
3200620	宝箱12 教室	01	4	7110	儀式素材【アンコモンB】レベル1	0x40001BC6	0xB0001BC6	2	100	0	53200620	53200620
3200630	宝箱13 教室	01	8	132000				1	100	0	53200630	53200630
3200640	宝箱14 教室	01	8	102902				1	100	0	53200640	53200640
3200645	宝箱14 教室（差し替え用）	01	4	1500	SAN値回復＋1	0x400005DC	0xB00005DC	1	100	0	53200645	53200645
3200700	宝死体05	01	4	7100	儀式素材【アンコモンA】レベル1	0x40001BBC	0xB0001BBC	1	100	0	53200700	53200700
3200710	宝死体06	01	4	1310	エンチャント【魔法】	0x4000051E	0xB000051E	1	100	0	53200710	53200710
3200720	宝死体07	01	4	4012	悪夢教室の鍵	0x40000FAC	0xB0000FAC	1	100	0	53200720	53200720
3200730	宝死体08-1	01	1	301000				1	100	0	53200730	53200730
3200731	宝死体08-2	01	1	193000				1	100	0	53200730	53200730
3200740	宝死体09	01	4	1500	SAN値回復＋1	0x400005DC	0xB00005DC	1	100	0	53200740	53200740
3200750	宝死体10	01	4	3020	武器強化素材【レア】	0x40000BCC	0xB0000BCC	1	100	0	53200750	53200750
3200800	白痴の蜘蛛撃破で出現するアイテム	01	8	102202				1	100	0	53200800	53200800
3200810	学長室屋根裏　机の角	01	4	4013	ベランダの鍵	0x40000FAD	0xB0000FAD	1	100	0	53200810	53200810
3300000	宝死体00	01	4	1500	SAN値回復＋1	0x400005DC	0xB00005DC	1	100	0	53300100	53300100
3300010	宝死体01	01	8	101401				1	100	0	53300110	53300110
3300015	宝死体01（差し替え用）	01	4	1500	SAN値回復＋1	0x400005DC	0xB00005DC	1	100	0	53300115	53300115
3300020	宝死体02	01	4	1320	エンチャント【雷】	0x40000528	0xB0000528	2	100	0	53300120	53300120
3300030	宝死体03	01	4	2030	ヌルヌル化	0x400007EE	0xB00007EE	2	100	0	53300130	53300130
3300040	宝死体04	01	4	1000	HP回復【PG直接指定】	0x400003E8	0xB00003E8	3	100	0	53300140	53300140
3300050	宝死体05	01	8	102302				1	100	0	53300150	53300150
3300055	宝死体05（差し替え用）	01	4	1500	SAN値回復＋1	0x400005DC	0xB00005DC	1	100	0	53300155	53300155
3300060	宝死体06	01	4	1518	ソウル【8】	0x400005EE	0xB00005EE	1	100	0	53300160	53300160
3300070	宝死体07	01	4	900	弾丸【PG直接指定】	0x40000384	0xB0000384	5	100	0	53300170	53300170
3300080	宝死体08	01	4	1513	ソウル【3】	0x400005E9	0xB00005E9	1	100	0	53300180	53300180
3300090	宝死体09	01	4	1100	毒・出血回復薬	0x4000044C	0xB000044C	2	100	0	53300190	53300190
3300100	宝死体10	01	4	6008				1	100	0	53300200	53300200
3300110	宝死体11	01	4	1513	ソウル【3】	0x400005E9	0xB00005E9	1	100	0	53300210	53300210
3300120	宝死体12	01	4	1500	SAN値回復＋1	0x400005DC	0xB00005DC	1	100	0	53300220	53300220
3300130	宝死体13	01	4	1500	SAN値回復＋1	0x400005DC	0xB00005DC	1	100	0	53300230	53300230
3300140	宝死体14	01	4	1518	ソウル【8】	0x400005EE	0xB00005EE	1	100	0	53300240	53300240
3300150	宝死体15	01	4	1000	HP回復【PG直接指定】	0x400003E8	0xB00003E8	2	100	0	53300250	53300250
3300160	宝死体16	01	4	2030	ヌルヌル化	0x400007EE	0xB00007EE	2	100	0	53300260	53300260
3300170	宝死体17	01	4	1500	SAN値回復＋1	0x400005DC	0xB00005DC	1	100	0	53300270	53300270
3300180	宝死体18	01	4	7012	儀式素材【コモンB】レベル3	0x40001B64	0xB0001B64	1	100	0	53300280	53300280
3300190	宝死体19	01	4	1100	毒・出血回復薬	0x4000044C	0xB000044C	2	100	0	53300290	53300290
3300200	宝死体20	01	4	1517	ソウル【7】	0x400005ED	0xB00005ED	1	100	0	53300300	53300300
3300210	宝死体21	01	4	1100	毒・出血回復薬	0x4000044C	0xB000044C	4	100	0	53300310	53300310
3300220	宝死体22	01	8	102002				1	100	0	53300320	53300320
3300225	宝死体22（差し替え用）	01	4	1500	SAN値回復＋1	0x400005DC	0xB00005DC	1	100	0	53300325	53300325
3300230	宝死体23	01	4	2110	メッセンジャー擬態	0x4000083E	0xB000083E	1	100	0	53300330	53300330
3300240	宝死体24	01	4	1517	ソウル【7】	0x400005ED	0xB00005ED	1	100	0	53300340	53300340
3300250	宝死体25	01	4	2030	ヌルヌル化	0x400007EE	0xB00007EE	3	100	0	53300350	53300350
3300260	宝死体26	01	4	1500	SAN値回復＋1	0x400005DC	0xB00005DC	1	100	0	53300360	53300360
3300270	宝死体27	01	4	1000	HP回復【PG直接指定】	0x400003E8	0xB00003E8	3	100	0	53300370	53300370
3300280	宝死体28	01	4	1500	SAN値回復＋1	0x400005DC	0xB00005DC	1	100	0	53300380	53300380
3300290	宝死体29	01	4	1518	ソウル【8】	0x400005EE	0xB00005EE	1	100	0	53300390	53300390
3300300	宝死体30	01	4	1519	ソウル【9】	0x400005EF	0xB00005EF	1	100	0	53300400	53300400
3300310	宝死体31	01	4	1400	帰還	0x40000578	0xB0000578	3	100	0	53300410	53300410
3300320	宝死体32	01	8	100302				1	100	0	53300420	53300420
3300325	宝死体32（差し替え用）	01	4	1500	SAN値回復＋1	0x400005DC	0xB00005DC	1	100	0	53300425	53300425
3300330	宝死体33	01	4	7012	儀式素材【コモンB】レベル3	0x40001B64	0xB0001B64	2	100	0	53300430	53300430
3300340	宝死体34	01	4	2030	ヌルヌル化	0x400007EE	0xB00007EE	2	100	0	53300440	53300440
3300350	宝死体35	01	4	1100	毒・出血回復薬	0x4000044C	0xB000044C	3	100	0	53300450	53300450
3300360	宝死体36	01	4	7012	儀式素材【コモンB】レベル3	0x40001B64	0xB0001B64	1	100	0	53300460	53300460
3300370	宝死体37	01	4	1000	HP回復【PG直接指定】	0x400003E8	0xB00003E8	2	100	0	53300470	53300470
3300380	宝死体38	01	8	102102				1	100	0	53300480	53300480
3300385	宝死体38（差し替え用）	01	4	1500	SAN値回復＋1	0x400005DC	0xB00005DC	1	100	0	53300485	53300485
3300390	宝死体39	01	4	1500	SAN値回復＋1	0x400005DC	0xB00005DC	1	100	0	53300490	53300490
3400000	宝死体00	01	4	3010	武器強化素材【アンコモン】	0x40000BC2	0xB0000BC2	1	100	0	53400000	53400000
3400010	宝死体01	01	4	1518	ソウル【8】	0x400005EE	0xB00005EE	1	100	0	53400010	53400010
3400020	宝死体02	01	1	353000				1	100	0	53400020	53400020
3400030	宝死体03	01	4	1200	火炎壺	0x400004B0	0xB00004B0	4	100	0	53400030	53400030
3400040	宝死体04	01	1	351000				1	100	0	53400040	53400040
3400050	宝死体05	01	4	1000	HP回復【PG直接指定】	0x400003E8	0xB00003E8	3	100	0	53400050	53400050
3400060	宝死体06	01	0	24000000				1	100	0	53400060	53400060
3400070	宝死体07	01	4	1500	SAN値回復＋1	0x400005DC	0xB00005DC	1	100	0	53400070	53400070
3400080	宝死体08	01	4	1000	HP回復【PG直接指定】	0x400003E8	0xB00003E8	6	100	0	53400080	53400080
3400090	宝死体09	01	4	1000	HP回復【PG直接指定】	0x400003E8	0xB00003E8	1	100	0	53400090	53400090
3400100	宝死体10	01	4	1000	HP回復【PG直接指定】	0x400003E8	0xB00003E8	6	100	0	53400100	53400100
3400110	宝死体11	01	4	1000	HP回復【PG直接指定】	0x400003E8	0xB00003E8	1	100	0	53400110	53400110
3400120	宝死体12	01	4	1201	時限爆発瓶	0x400004B1	0xB00004B1	5	100	0	53400120	53400120
3400130	宝死体13	01	0	28000000				1	100	0	53400130	53400130
3400140	宝死体14	01	4	1110	獣化薬	0x40000456	0xB0000456	3	100	0	53400140	53400140
3400150	宝死体15	01	4	1000	HP回復【PG直接指定】	0x400003E8	0xB00003E8	1	100	0	53400150	53400150
3400160	宝死体16	01	1	360000				1	100	0	53400160	53400160
3400170	宝死体17	01	4	3020	武器強化素材【レア】	0x40000BCC	0xB0000BCC	1	100	0	53400170	53400170
3400180	宝死体18	01	4	3010	武器強化素材【アンコモン】	0x40000BC2	0xB0000BC2	1	100	0	53400180	53400180
3400190	宝死体19	01	4	3020	武器強化素材【レア】	0x40000BCC	0xB0000BCC	1	100	0	53400190	53400190
3400200	宝死体20	01	4	3010	武器強化素材【アンコモン】	0x40000BC2	0xB0000BC2	2	100	0	53400200	53400200
3400210	宝死体21	01	4	3010	武器強化素材【アンコモン】	0x40000BC2	0xB0000BC2	2	100	0	53400210	53400210
3400220	宝死体22	01	0	25000000				1	100	0	53400220	53400220
3400230	宝死体23	01	4	1517	ソウル【7】	0x400005ED	0xB00005ED	1	100	0	53400230	53400230
3400240	宝死体24	01	4	900	弾丸【PG直接指定】	0x40000384	0xB0000384	6	100	0	53400240	53400240
3400250	宝死体25	01	4	1000	HP回復【PG直接指定】	0x400003E8	0xB00003E8	1	100	0	53400250	53400250
3400260	宝死体26	01	4	1000	HP回復【PG直接指定】	0x400003E8	0xB00003E8	1	100	0	53400260	53400260
3400270	宝死体27	01	1	381000				1	100	0	53400270	53400270
3400280	宝死体28	01	0	31000000				1	100	0	53400280	53400280
3400290	宝死体29	01	4	1000	HP回復【PG直接指定】	0x400003E8	0xB00003E8	1	100	0	53400290	53400290
3400300	宝死体30	01	4	1000	HP回復【PG直接指定】	0x400003E8	0xB00003E8	1	100	0	53400300	53400300
3400310	宝死体31	01	4	1000	HP回復【PG直接指定】	0x400003E8	0xB00003E8	1	100	0	53400310	53400310
3400320	宝死体32	01	4	1000	HP回復【PG直接指定】	0x400003E8	0xB00003E8	1	100	0	53400320	53400320
3400330	宝死体33	01	4	1000	HP回復【PG直接指定】	0x400003E8	0xB00003E8	1	100	0	53400330	53400330
3400340	宝死体34	01	4	1000	HP回復【PG直接指定】	0x400003E8	0xB00003E8	1	100	0	53400340	53400340
3400350	宝死体35	01	1	382000				1	100	0	53400350	53400350
3400360	宝死体36	01	1	383000				1	100	0	53400360	53400360
3400370	宝死体37	01	4	1500	SAN値回復＋1	0x400005DC	0xB00005DC	1	100	0	53400370	53400370
3400380	宝死体38	01	4	1000	HP回復【PG直接指定】	0x400003E8	0xB00003E8	3	100	0	53400380	53400380
3400390	宝死体39	01	4	3010	武器強化素材【アンコモン】	0x40000BC2	0xB0000BC2	3	100	0	53400390	53400390
3400400	宝死体40	01	4	3010	武器強化素材【アンコモン】	0x40000BC2	0xB0000BC2	1	100	0	53400400	53400400
3400410	宝死体41	01	4	1000	HP回復【PG直接指定】	0x400003E8	0xB00003E8	3	100	0	53400410	53400410
3400420	宝死体42	01	4	1000	HP回復【PG直接指定】	0x400003E8	0xB00003E8	3	100	0	53400420	53400420
3400430	宝死体43	01	4	1518	ソウル【8】	0x400005EE	0xB00005EE	1	100	0	53400430	53400430
3400440	宝死体44	01	0	23000000				1	100	0	53400440	53400440
3400450	宝死体45	01	4	1500	SAN値回復＋1	0x400005DC	0xB00005DC	1	100	0	53400450	53400450
3400460	宝死体46	01	4	1000	HP回復【PG直接指定】	0x400003E8	0xB00003E8	6	100	0	53400460	53400460
3400470	宝死体47	01	4	1230	石ころ	0x400004CE	0xB00004CE	1	100	0	53400470	53400470
3400480	宝死体48	01	4	3010	武器強化素材【アンコモン】	0x40000BC2	0xB0000BC2	2	100	0	53400480	53400480
3400490	宝死体49	01	4	1000	HP回復【PG直接指定】	0x400003E8	0xB00003E8	2	100	0	53400490	53400490
3400500	宝死体50	01	4	1220	油壺	0x400004C4	0xB00004C4	3	100	0	53400500	53400500
3400510	宝死体51-1	01	1	330000				1	100	0	53400510	53400510
3400511	宝死体51-2	01	1	331000				1	100	0	53400510	53400510
3400512	宝死体51-3	01	1	332000				1	100	0	53400510	53400510
3400513	宝死体51-4	01	1	333000				1	100	0	53400510	53400510
3400520	宝死体52	01	4	900	弾丸【PG直接指定】	0x40000384	0xB0000384	4	100	0	53400520	53400520
3400530	宝死体53	01	4	1517	ソウル【7】	0x400005ED	0xB00005ED	1	100	0	53400530	53400530
3400540	宝死体54	01	4	1200	火炎壺	0x400004B0	0xB00004B0	3	100	0	53400540	53400540
3400550	宝死体55	01	4	1000	HP回復【PG直接指定】	0x400003E8	0xB00003E8	1	100	0	53400550	53400550
3400560	宝死体56	01	4	1000	HP回復【PG直接指定】	0x400003E8	0xB00003E8	1	100	0	53400560	53400560
3400570	宝死体57	01	4	1000	HP回復【PG直接指定】	0x400003E8	0xB00003E8	1	100	0	53400570	53400570
3400580	宝死体58	01	1	350000				1	100	0	53400580	53400580
3400590	宝死体59	01	4	3010	武器強化素材【アンコモン】	0x40000BC2	0xB0000BC2	3	100	0	53400590	53400590
3400600	宝死体60	01	4	1000	HP回復【PG直接指定】	0x400003E8	0xB00003E8	1	100	0	53400600	53400600
3400610	宝死体61	01	1	352000				1	100	0	53400600	53400600
3401000	TGS宝死体01	01	4	1201	時限爆発瓶	0x400004B1	0xB00004B1	5	100	0	53401000	53401000
3401010	TGS宝死体02	01	4	1220	油壺	0x400004C4	0xB00004C4	3	100	0	53401010	53401010
3401020	TGS宝死体03	01	4	1330	銃威力アップ	0x40000532	0xB0000532	3	100	0	53401020	53401020
3401030	TGS宝死体04	01	4	1300	エンチャント【炎】	0x40000514	0xB0000514	3	100	0	53401030	53401030
3401040	TGS宝死体05	01	4	1000	HP回復【PG直接指定】	0x400003E8	0xB00003E8	2	100	0	53401040	53401040
3401050	TGS宝死体06	01	4	1000	HP回復【PG直接指定】	0x400003E8	0xB00003E8	1	100	0	53401050	53401050
3401060	TGS宝死体07	01	4	1220	油壺	0x400004C4	0xB00004C4	4	100	0	53401060	53401060
3401070	TGS宝死体08	01	4	900	弾丸【PG直接指定】	0x40000384	0xB0000384	8	100	0	53401070	53401070
3401080	TGS宝死体09	01	4	900	弾丸【PG直接指定】	0x40000384	0xB0000384	10	100	0	53401080	53401080
3401090	TGS宝死体10	01	4	1000	HP回復【PG直接指定】	0x400003E8	0xB00003E8	10	100	0	53401090	53401090
3401100	TGS宝死体11	01	4	1000	HP回復【PG直接指定】	0x400003E8	0xB00003E8	4	100	0	53401100	53401100
3401110	TGS宝死体12	01	4	1230	石ころ	0x400004CE	0xB00004CE	1	100	0	53401110	53401110
3401120	TGS宝死体13	01	4	1300	エンチャント【炎】	0x40000514	0xB0000514	1	100	0	53401120	53401120
3401130	TGS宝死体14	01	4	900	弾丸【PG直接指定】	0x40000384	0xB0000384	10	100	0	53401130	53401130
3401700	血に渇いた獣撃破	02	8	90230				1	1000	0	53401700	53401700
3401710	さまよう狂気（小）　聖堂街D00	01	4	3020	武器強化素材【レア】	0x40000BCC	0xB0000BCC	2	100	0	53401710	53401710
3401720	さまよう狂気（小）　聖堂街D01	01	4	3020	武器強化素材【レア】	0x40000BCC	0xB0000BCC	2	100	0	53401720	53401720
3401730	闇堕ちハンター　ノコ曲剣　エース　聖堂街D	01	4	1700	血の淀み	0x400006A4	0xB00006A4	1	100	0	53401730	53401730
3401731	闇堕ちハンター　ノコ曲剣　エース　聖堂街D	02	8	90260				1	160	0	-1	
3401731	闇堕ちハンター　ノコ曲剣　エース　聖堂街D	03	4	1000	HP回復【PG直接指定】	0x400003E8	0xB00003E8	3	200	0	-1	
3401731	闇堕ちハンター　ノコ曲剣　エース　聖堂街D	04	4	1000	HP回復【PG直接指定】	0x400003E8	0xB00003E8	2	640	0	-1	
3401740	闇堕ちハンター　ノコ鞭　エース　聖堂街D	01	4	1700	血の淀み	0x400006A4	0xB00006A4	1	100	0	53401740	53401740
3401741	闇堕ちハンター　ノコ鞭　エース　聖堂街D	02	8	90260				1	160	0	-1	
3401741	闇堕ちハンター　ノコ鞭　エース　聖堂街D	03	4	1000	HP回復【PG直接指定】	0x400003E8	0xB00003E8	3	200	0	-1	
3401741	闇堕ちハンター　ノコ鞭　エース　聖堂街D	04	4	1000	HP回復【PG直接指定】	0x400003E8	0xB00003E8	2	640	0	-1	
3401750	闇堕ちハンター　ガンハンマー　エース　聖堂街D	01	4	1700	血の淀み	0x400006A4	0xB00006A4	1	100	0	53401750	53401750
3401751	闇堕ちハンター　ガンハンマー　エース　聖堂街D	02	8	90260				1	160	0	-1	
3401751	闇堕ちハンター　ガンハンマー　エース　聖堂街D	03	4	1000	HP回復【PG直接指定】	0x400003E8	0xB00003E8	4	200	0	-1	
3401751	闇堕ちハンター　ガンハンマー　エース　聖堂街D	04	4	1000	HP回復【PG直接指定】	0x400003E8	0xB00003E8	3	640	0	-1	
3401800	ルドウイーク撃破	01	8	104001				1	100	0	6674	6674
3401802	ルドウイーク撃破（周回差し替え）	01	4	1500	SAN値回復＋1	0x400005DC	0xB00005DC	1	100	0	-1	
3401810	教区長Ω起動前	01	4	4017	祭壇エレベーター起動アイテム	0x40000FB1	0xB0000FB1	1	100	0	9470	9470
3401850	教区長Ω撃破	01	8	200040				1	100	0	6673	6673
3401852	教区長Ω撃破（周回差し替え）	01	4	1500	SAN値回復＋1	0x400005DC	0xB00005DC	1	100	0	-1	
3500000	宝死体【ひまわり畑00】_崖際	01	4	1519	ソウル【9】	0x400005EF	0xB00005EF	1	100	0	53500000	53500000
3500100	宝死体【時計塔00】	01	4	1517	ソウル【7】	0x400005ED	0xB00005ED	1	100	0	53500100	53500100
3500110	宝死体【時計塔01】_2F左通路手前	01	4	1000	HP回復【PG直接指定】	0x400003E8	0xB00003E8	2	100	0	53500110	53500110
3500120	宝死体【時計塔02】_水銀内	01	4	1120	石ころ帽子	0x40000460	0xB0000460	2	100	0	53500120	53500120
3500130	宝死体【時計塔03】_地下牢鍵扉の死体	01	4	1518	ソウル【8】	0x400005EE	0xB00005EE	1	100	0	53500130	53500130
3500140	宝死体【時計塔04】_梁通路最奥	01	4	3020	武器強化素材【レア】	0x40000BCC	0xB0000BCC	1	100	0	53500140	53500140
3500150	宝死体【時計塔05】_頭部のみ部屋の釣り死体	01	4	1120	石ころ帽子	0x40000460	0xB0000460	1	100	0	53500150	53500150
3500160	宝死体【時計塔06】_ギミック起動後_水銀内	01	8	135000				1	100	0	53500160	53500160
3500170	宝死体【時計塔07】	01	4	3020	武器強化素材【レア】	0x40000BCC	0xB0000BCC	2	100	0	53500170	53500170
3500180	宝死体【時計塔08】_ギミック起動後_左手前	01	4	1120	石ころ帽子	0x40000460	0xB0000460	1	100	0	53500180	53500180
3500190	宝死体【時計塔09】_輸血台初見部屋の上出っ張り	01	8	135004				1	100	0	53500190	53500190
3500200	宝死体【時計塔10】_ギミック起動後_水銀内2	01	4	1519	ソウル【9】	0x400005EF	0xB00005EF	1	100	0	53500200	53500200
3500210	宝死体【時計塔11】_2F右通路手前	01	4	1518	ソウル【8】	0x400005EE	0xB00005EE	1	100	0	53500210	53500210
3500220	宝死体【時計塔12】_2F左部屋奥	01	4	1101	狂気・獣化回復薬	0x4000044D	0xB000044D	3	100	0	53500220	53500220
3500230	宝死体【時計塔13】_3F右通路手前トラップ囮	01	4	1500	SAN値回復＋1	0x400005DC	0xB00005DC	1	100	0	53500230	53500230
3500240	宝死体【時計塔14】	01	4	1100	毒・出血回復薬	0x4000044C	0xB000044C	2	100	0	53500240	53500240
3500250	宝死体【時計塔15】_3F右医者部屋奥	01	4	1110	獣化薬	0x40000456	0xB0000456	6	100	0	53500250	53500250
3500260	宝死体【時計塔16】_4F左暗闇部屋の吊り死体	01	4	900	弾丸【PG直接指定】	0x40000384	0xB0000384	3	100	0	53500260	53500260
3500270	宝死体【時計塔17】_輸血台初見部屋の奥	01	4	1000	HP回復【PG直接指定】	0x400003E8	0xB00003E8	5	100	0	53500270	53500270
3500280	宝死体【時計塔18】_5F左出っ張り	01	4	1000	HP回復【PG直接指定】	0x400003E8	0xB00003E8	2	100	0	53500280	53500280
3500290	宝死体【時計塔19】	01	4	1518	ソウル【8】	0x400005EE	0xB00005EE	1	100	0	53500290	53500290
3500300	宝死体【時計塔20】_4F左出っ張り	01	4	1100	毒・出血回復薬	0x4000044C	0xB000044C	2	100	0	53500300	53500300
3500310	宝死体【時計塔21】_3F左出っ張り	01	4	900	弾丸【PG直接指定】	0x40000384	0xB0000384	4	100	0	53500310	53500310
3500500	宝死体【聖堂00】	01	4	1519	ソウル【9】	0x400005EF	0xB00005EF	1	100	0	53500500	53500500
3500510	宝死体【聖堂01】	01	4	1517	ソウル【7】	0x400005ED	0xB00005ED	1	100	0	53500510	53500510
3500530	宝死体【聖堂03】_聖堂裏	01	4	3020	武器強化素材【レア】	0x40000BCC	0xB0000BCC	1	100	0	53500530	53500530
3500540	宝死体【聖堂04】_梁通路カラスの囮	01	4	1501	SAN値回復＋2	0x400005DD	0xB00005DD	1	100	0	53500540	53500540
3500600	宝死体【地下牢00】_鍵なし手前死体	01	4	1518	ソウル【8】	0x400005EE	0xB00005EE	1	100	0	53500600	53500600
3500610	宝死体【地下牢01】_教会の殺し屋横	01	4	900	弾丸【PG直接指定】	0x40000384	0xB0000384	5	100	0	53500610	53500610
3500620	宝死体【時計塔XX】_5F左通路奥	01	4	1120	石ころ帽子	0x40000460	0xB0000460	4	100	0	53500620	53500620
3500630	宝死体【地下牢03】_教会の殺し屋後	01	4	3020	武器強化素材【レア】	0x40000BCC	0xB0000BCC	1	100	0	53500630	53500630
3500700	宝死体【通路橋00】	01	4	1517	ソウル【7】	0x400005ED	0xB00005ED	1	100	0	53500700	53500700
3500710	宝死体【通路橋01】	01	4	1517	ソウル【7】	0x400005ED	0xB00005ED	1	100	0	53500710	53500710
3500800	宝死体【3F左側の暗闇部屋のテラス端】	01	4	4018	地下牢通常扉の鍵	0x40000FB2	0xB0000FB2	1	100	0	53500800	53500800
3500810	宝死体【女ハンター撃破後のボス部屋光】	01	0	34000000				1	100	0	53500810	53500810
3500820	宝死体【頭のみの部屋奥】	01	1	430000				1	100	0	53500820	53500820
3500830	宝死体【ひまわり畑の中央奥椅子死体】	01	4	2120	コズミックアロー	0x40000848	0xB0000848	1	100	0	53500830	53500830
3500840	宝死体【聖堂02】_聖堂のベッド上死体	01	4	1501	SAN値回復＋2	0x400005DD	0xB00005DD	1	100	0	53500840	53500840
3500850	宝死体【祭壇エレベータ下隠しエリア】	01	0	35000000				1	100	0	53500850	53500850
3500860	宝死体【時計塔　入口上エリア】	01	0	19100000				1	100	0	53500860	53500860
3500870	宝死体【獣患者の実験台】	01	1	361000				1	100	0	53500870	53500870
3500871	宝死体【獣患者の実験台】	01	1	363000				1	100	0	53500870	53500870
3501000	宝箱【ひまわり畑00】	01	4	1517	ソウル【7】	0x400005ED	0xB00005ED	1	100	0	53501000	53501000
3501100	宝箱【時計塔00】_ギミック起動後に行く6.5Fの宝箱	01	8	134000				1	100	0	53501100	53501100
3501110	宝箱【時計塔01】	01	4	1517	ソウル【7】	0x400005ED	0xB00005ED	1	100	0	53501110	53501110
3501120	宝箱【時計塔02】	01	4	1517	ソウル【7】	0x400005ED	0xB00005ED	1	100	0	53501120	53501120
3501130	宝箱【時計塔03】	01	4	1517	ソウル【7】	0x400005ED	0xB00005ED	1	100	0	53501130	53501130
3501500	宝箱【聖堂00】_聖堂上部の奥宝箱	01	8	135005				1	100	0	53501500	53501500
3501700	さまよう狂気（小）　時計塔00	01	4	3020	武器強化素材【レア】	0x40000BCC	0xB0000BCC	2	100	0	53501700	53501700
3501710	さまよう狂気（小）　時計塔01	01	4	3020	武器強化素材【レア】	0x40000BCC	0xB0000BCC	2	100	0	53501710	53501710
3501720	さまよう狂気（小）　時計塔02	01	4	3020	武器強化素材【レア】	0x40000BCC	0xB0000BCC	2	100	0	53501720	53501720
3501800	時計塔ボス撃破	01	4	4021	時計盤起動アイテム	0x40000FB5	0xB0000FB5	1	100	0	53501800	53501800
3501850	患者B撃破	01	4	4020	時計塔狩人部屋（ボス部屋）の鍵	0x40000FB4	0xB0000FB4	1	100	0	53501850	53501850
3502000	隠し祭壇の頭蓋骨	01	4	4014	教区長Ω起動アイテム	0x40000FAE	0xB0000FAE	1	100	0	53502000	53502000
3600000	宝死体00_賽の河原0	01	4	2030	ヌルヌル化	0x400007EE	0xB00007EE	1	100	0	53600000	53600000
3600010	宝死体01_賽の河原1	01	4	1500	SAN値回復＋1	0x400005DC	0xB00005DC	1	100	0	53600010	53600010
3600100	宝死体10_村1_魚人A初出	01	4	1000	HP回復【PG直接指定】	0x400003E8	0xB00003E8	3	100	0	53600100	53600100
3600110	宝死体11_村1_井戸	01	4	2030	ヌルヌル化	0x400007EE	0xB00007EE	2	100	0	53600110	53600110
3600120	宝死体12_村1_魚人大後方	01	4	1519	ソウル【9】	0x400005EF	0xB00005EF	1	100	0	53600120	53600120
3600130	宝死体13_村1_火炎壷トラップの小舟付近	01	4	1220	油壺	0x400004C4	0xB00004C4	4	100	0	53600130	53600130
3600140	宝死体14_村1_投擲家屋2F	01	8	134001				1	100	0	53600140	53600140
3600150	宝死体15_村1_養殖槽外壁	01	4	1501	SAN値回復＋2	0x400005DD	0xB00005DD	1	100	0	53600150	53600150
3600160	宝死体16_村1_包丁ハウス1F	01	8	136002				1	100	0	53600160	53600160
3600170	宝死体17_村1_包丁ハウス2F	01	4	3020	武器強化素材【レア】	0x40000BCC	0xB0000BCC	1	100	0	53600170	53600170
3600200	宝死体20_山道_脇道	01	4	3020	武器強化素材【レア】	0x40000BCC	0xB0000BCC	1	100	0	53600200	53600200
3600210	宝死体21_山道_養殖槽を覗くところ	01	4	1501	SAN値回復＋2	0x400005DD	0xB00005DD	1	100	0	53600210	53600210
3600220	宝死体22_灯台_エレベーターホール	01	4	1519	ソウル【9】	0x400005EF	0xB00005EF	1	100	0	53600220	53600220
3600230	宝死体23_灯台_ワープOBJから養殖槽へのSC途中	01	4	1519	ソウル【9】	0x400005EF	0xB00005EF	1	100	0	53600230	53600230
3600300	宝死体30_村2_下層_火炎壷トラップ落とし穴の先	01	4	3020	武器強化素材【レア】	0x40000BCC	0xB0000BCC	2	100	0	53600300	53600300
3600310	宝死体31_村2_下層_梯子への迂回ルート途中	01	4	1000	HP回復【PG直接指定】	0x400003E8	0xB00003E8	3	100	0	53600310	53600310
3600320	宝死体32_村2_下層_逆襲ハウス	01	4	3020	武器強化素材【レア】	0x40000BCC	0xB0000BCC	1	100	0	53600320	53600320
3600330	宝死体33_村2_下層_逆襲ハウス	01	4	3020	武器強化素材【レア】	0x40000BCC	0xB0000BCC	1	100	0	53600330	53600330
3600340	宝死体34_村2_下層_逆襲ハウスの外	01	8	136001				1	100	0	53600340	53600340
3600350	宝死体35_村2_下層_殺し屋ハウス	01	4	1519	ソウル【9】	0x400005EF	0xB00005EF	1	100	0	53600350	53600350
3600360	宝死体36_村2_下層_殺し屋ハウス	01	4	1519	ソウル【9】	0x400005EF	0xB00005EF	1	100	0	53600360	53600360
3600400	宝死体40_養殖槽上層_入ってすぐの魚人A付近	01	4	1220	油壺	0x400004C4	0xB00004C4	4	100	0	53600400	53600400
3600410	宝死体41_養殖槽上層_屋根付きの魚人A付近	01	4	1000	HP回復【PG直接指定】	0x400003E8	0xB00003E8	6	100	0	53600410	53600410
3600420	宝死体42_養殖槽上層_ワープOBJへのSC誘導	01	4	1500	SAN値回復＋1	0x400005DC	0xB00005DC	1	100	0	53600420	53600420
3600430	宝死体43_養殖槽中層_ヤドカリいっぱいエリア	01	8	136004				1	100	0	53600430	53600430
3600440	宝死体44_養殖槽中層_進行ルート誘導	01	4	3010	武器強化素材【アンコモン】	0x40000BC2	0xB0000BC2	3	100	0	53600440	53600440
3600450	宝死体45_養殖槽中層_ヤドカリ投げトラップ	01	4	3020	武器強化素材【レア】	0x40000BCC	0xB0000BCC	1	100	0	53600450	53600450
3600460	宝死体46_養殖槽中層_木組みの足場	01	4	3020	武器強化素材【レア】	0x40000BCC	0xB0000BCC	1	100	0	53600460	53600460
3600470	宝死体47_養殖槽中層_木組みの足場	01	4	3020	武器強化素材【レア】	0x40000BCC	0xB0000BCC	1	100	0	53600470	53600470
3600500	宝死体50_暗渠中層_海岸見下ろし	01	4	2030	ヌルヌル化	0x400007EE	0xB00007EE	1	100	0	53600500	53600500
3600510	宝死体51_暗渠中層_即身仏	01	4	1590	ソウル【10】	0x40000636	0xB0000636	1	100	0	53600510	53600510
3600520	宝死体52_暗渠中層_下層への飛び降り直前	01	4	1500	SAN値回復＋1	0x400005DC	0xB00005DC	1	100	0	53600520	53600520
3600530	宝死体53_暗渠下層_ボス部屋誘導	01	4	1501	SAN値回復＋2	0x400005DD	0xB00005DD	1	100	0	53600530	53600530
3600540	宝死体54_暗渠下層_ほおずき三叉路	01	4	2030	ヌルヌル化	0x400007EE	0xB00007EE	2	100	0	53600540	53600540
3600550	宝死体55_暗渠下層_ほおずきの奥	01	4	1590	ソウル【10】	0x40000636	0xB0000636	1	100	0	53600550	53600550
3600560	宝死体56_暗渠下層_ほおずきの奥	01	8	136003				1	100	0	53600560	53600560
3600570	宝死体53_暗渠下層_エレベーターホール	01	8	136006				1	100	0	53600570	53600570
3600600	宝死体60_養殖槽下層_チャレンジエリア最奥	01	4	3030	武器強化素材【Sレア】	0x40000BD6	0xB0000BD6	1	100	0	53600600	53600600
3600610	宝死体61_養殖槽下層_チャレンジエリア最奥	01	8	136005				1	100	0	53600610	53600610
3600700	ハンター死体　包丁にミンチにされている	01	1	340000				1	100	0	53600700	53600700
3600701	ハンター死体　包丁にミンチにされている	01	1	341000				1	100	0	53600700	53600700
3600702	ハンター死体　包丁にミンチにされている	01	1	342000				1	100	0	53600700	53600700
3600703	ハンター死体　包丁にミンチにされている	01	1	343000				1	100	0	53600700	53600700
3601000	漁村　さまよう狂気	01	4	3020	武器強化素材【レア】	0x40000BCC	0xB0000BCC	3	100	0	53601000	53601000
3601100	魚人大 * 2 ドロップ	01	0	27000000				1	100	0	53601100	53601100
3601800	ラスボスドロップ	01	0	38000000				1	100	0	53601800	53601800
9905300	群衆B	02	8	1				1	100	0	59905300	59905300
9905300	群衆B	03	8	2				1	100	0	59905300	59905300
9905300	群衆B	04	8	3				1	100	0	59905300	59905300
9905310	ギミックテスト_武器魔石	01	8	5				1	100	0	-1	
9905320	ギミックテスト_体魔石	01	8	5				1	100	0	-1	
9905330	ギミックテスト_武器素材	01	4	3000	武器強化素材【コモン】	0x40000BB8	0xB0000BB8	1	100	0	-1	
9905340	ギミックテスト_武器魔石	01	8	5				1	100	0	-1	
9905350	ギミックテスト_FEチェック用１	01	4	1000	HP回復【PG直接指定】	0x400003E8	0xB00003E8	5	100	0	-1	
9905360	ギミックテスト_FEチェック用２	01	4	900	弾丸【PG直接指定】	0x40000384	0xB0000384	5	100	0	-1	
9905600	宝箱00	01	4	2000	触手召喚	0x400007D0	0xB00007D0	1	100	0	59905600	59905600
9905605	宝箱01	01	4	1500	SAN値回復＋1	0x400005DC	0xB00005DC	1	100	0	59905605	59905605
9905610	宝箱02	01	4	1500	SAN値回復＋1	0x400005DC	0xB00005DC	1	100	0	59905610	59905610
9905615	宝箱03	01	4	2000	触手召喚	0x400007D0	0xB00007D0	1	100	0	59905615	59905615
9905620	宝箱04	01	4	2000	触手召喚	0x400007D0	0xB00007D0	1	100	0	59905620	59905620
9905650	宝死体00	01	4	2000	触手召喚	0x400007D0	0xB00007D0	1	100	0	59905650	59905650
9905655	宝死体01	01	4	2000	触手召喚	0x400007D0	0xB00007D0	1	100	0	59905655	59905655
9905660	宝死体02	01	4	1500	SAN値回復＋1	0x400005DC	0xB00005DC	3	100	0	59905660	59905660
9905665	宝死体03	01	4	2000	触手召喚	0x400007D0	0xB00007D0	1	100	0	59905665	59905665
9905670	宝死体04	01	4	2000	触手召喚	0x400007D0	0xB00007D0	1	100	0	59905670	59905670
9905675	宝死体05	01	0	1401000				1	100	0	59905675	59905675
9905680	宝死体06	01	4	1500	SAN値回復＋1	0x400005DC	0xB00005DC	3	100	0	59905680	59905680
9905685	宝死体07	01	4	370				5	100	0	59905685	59905685
9906100	宝箱01	01	4	3000	武器強化素材【コモン】	0x40000BB8	0xB0000BB8	1	100	0	59906100	59906100
9906105	宝箱02	01	4	297				1	100	0	59906105	59906105
9906110	宝箱03	01	4	370				1	100	0	59906110	59906110
9906115	宝箱04	01	4	409				1	100	0	59906115	59906115
9906120	宝死体00	01	4	2000	触手召喚	0x400007D0	0xB00007D0	1	100	0	59906120	59906120
9906125	宝死体01	01	4	2000	触手召喚	0x400007D0	0xB00007D0	1	100	0	59906125	59906125
9906130	宝死体02	01	4	1500	SAN値回復＋1	0x400005DC	0xB00005DC	3	100	0	59906130	59906130
9906135	宝死体03	01	4	2000	触手召喚	0x400007D0	0xB00007D0	1	100	0	59906135	59906135
9906140	宝死体04	01	4	2000	触手召喚	0x400007D0	0xB00007D0	1	100	0	59906140	59906140
9906145	宝死体05	01	0	1401000				1	100	0	59906145	59906145
9906150	宝死体06	01	4	1500	SAN値回復＋1	0x400005DC	0xB00005DC	3	100	0	59906150	59906150
9906155	宝死体07	01	4	370				5	100	0	59906155	59906155
9906160	宝死体08	01	4	801	一礼（男／軽い）	0x40000321	0xB0000321	1	100	0	59906160	59906160
9906165	宝死体09	01	4	801	一礼（男／軽い）	0x40000321	0xB0000321	1	100	0	59906165	59906165
9906200	宝死体01	01	4	1000	HP回復【PG直接指定】	0x400003E8	0xB00003E8	1	100	0	59906200	59906200
9906201	宝死体02	01	4	1020				1	100	0	59906200	59906200
9906300	トレジャーアイテム01	01	4	1500	SAN値回復＋1	0x400005DC	0xB00005DC	1	100	0	59906300	59906300
9906310	トレジャーアイテム02	01	4	1500	SAN値回復＋1	0x400005DC	0xB00005DC	1	100	0	59906310	59906310
9906320	トレジャーアイテム03	01	4	1500	SAN値回復＋1	0x400005DC	0xB00005DC	1	100	0	59906320	59906320
9906400	宝箱01	01	4	3000	武器強化素材【コモン】	0x40000BB8	0xB0000BB8	1	100	0	59906400	59906400
9906410	宝箱02	01	4	297				1	100	0	59906410	59906410
9906420	宝箱03	01	4	370				1	100	0	59906420	59906420
9906430	宝箱04	01	4	409				1	100	0	59906430	59906430
9906500	魔石機能テスト00	01	8	50				1	100	0	-1	
9906510	魔石販売価格テスト_魔石00	01	8	60				1	100	0	-1	
9906515	魔石販売価格テスト_魔石01	01	8	61				1	100	0	-1	
9906520	魔石販売価格テスト_魔石02	01	8	62				1	100	0	-1	
9906525	魔石販売価格テスト_ボディ00	01	8	63				1	100	0	-1	
9906530	魔石販売価格テスト_ボディ01	01	8	64				1	100	0	-1	
9906535	魔石販売価格テスト_ボディ02	01	8	65				1	100	0	-1	
9906540	魔石機能テスト04_00	01	8	54				1	100	0	-1	
9906541	魔石機能テスト04_01	01	8	55				1	100	0	-1	
9906550	アイテムドロップ補正テスト	01	4	1000	HP回復【PG直接指定】	0x400003E8	0xB00003E8	1	90	0	-1	
9906550	アイテムドロップ補正テスト	02	4	1100	毒・出血回復薬	0x4000044C	0xB000044C	1	10	0	-1	
9906555	魔石引換券テスト	01	8	56				1	100	0	-1	
9906560	ボディ魔石引換券テスト	01	8	57				1	100	0	-1	
9906565	武器スロットテス用00	01	0	90200000				1	100	0	-1	
9906570	武器スロットテス用01	01	0	90210000				1	100	0	-1	
9906575	武器スロットテス用02	01	0	90220000				1	100	0	-1	
9906580	魔石効果ソートテスト_魔石03	01	8	69				1	100	0	-1	
9906585	魔石効果ソートテスト_ボディ00	01	8	70				1	100	0	-1	
9906590	魔石効果ソートテスト_ボディ01	01	8	71				1	100	0	-1	
9906592	魔石効果ソートテスト_ボディ02	01	8	72				1	100	0	-1	
9906594	魔石効果ソートテスト_ボディ03	01	8	73				1	100	0	-1	
9906600	魔石効果テスト_プラス効果_攻撃力【斬撃】（固定値）	01	8	100				1	100	0	-1	
9906601	魔石効果テスト_プラス効果_攻撃力【打撃】（固定値）	01	8	101				1	100	0	-1	
9906602	魔石効果テスト_プラス効果_攻撃力【刺突】（固定値）	01	8	102				1	100	0	-1	
9906603	魔石効果テスト_プラス効果_攻撃力【斬撃】（倍率）	01	8	109				1	100	0	-1	
9906604	魔石効果テスト_プラス効果_攻撃力【打撃】（倍率）	01	8	110				1	100	0	-1	
9906605	魔石効果テスト_プラス効果_攻撃力【刺突】（倍率）	01	8	111				1	100	0	-1	
9906610	魔石効果テスト_プラス効果_攻撃力【物理】（固定値）	01	8	107				1	100	0	-1	
9906611	魔石効果テスト_プラス効果_攻撃力【物理】（倍率）	01	8	116				1	100	0	-1	
9906612	魔石効果テスト_プラス効果_攻撃力【物理】【HP最大時】（固定値）	01	8	132				1	100	0	-1	
9906613	魔石効果テスト_プラス効果_攻撃力【物理】【HP瀕死時】（固定値）	01	8	133				1	100	0	-1	
9906614	魔石効果テスト_プラス効果_攻撃力【物理】【他PCボス撃破配信】（固定値）	01	8	134				1	100	0	-1	
9906620	魔石効果テスト_プラス効果_攻撃力【魔法】（固定値）	01	8	104				1	100	0	-1	
9906621	魔石効果テスト_プラス効果_攻撃力【炎】（固定値）	01	8	105				1	100	0	-1	
9906622	魔石効果テスト_プラス効果_攻撃力【雷】（固定値）	01	8	106				1	100	0	-1	
9906623	魔石効果テスト_プラス効果_攻撃力【魔法】（倍率）	01	8	113				1	100	0	-1	
9906624	魔石効果テスト_プラス効果_攻撃力【炎】（倍率）	01	8	114				1	100	0	-1	
9906625	魔石効果テスト_プラス効果_攻撃力【雷】（倍率）	01	8	115				1	100	0	-1	
9906630	魔石効果テスト_プラス効果_攻撃力【銃】（固定値）	01	8	103				1	100	0	-1	
9906631	魔石効果テスト_プラス効果_攻撃力【銃】（倍率）	01	8	112				1	100	0	-1	
9906640	魔石効果テスト_プラス効果_攻撃力【全】（固定値）	01	8	108				1	100	0	-1	
9906641	魔石効果テスト_プラス効果_攻撃力【全】（倍率）	01	8	117				1	100	0	-1	
9906642	魔石効果テスト_プラス効果_攻撃力【全】【HP最大時】（固定値）	01	8	135				1	100	0	-1	
9906643	魔石効果テスト_プラス効果_攻撃力【全】【HP瀕死時】（固定値）	01	8	136				1	100	0	-1	
9906644	魔石効果テスト_プラス効果_攻撃力【全】【他PCボス撃破配信】（固定値）	01	8	137				1	100	0	-1	
9906650	魔石効果テスト_プラス効果_特攻ダメージ【獣】（倍率）	01	8	122				1	100	0	-1	
9906651	魔石効果テスト_プラス効果_特攻ダメージ【月】（倍率）	01	8	123				1	100	0	-1	
9906660	魔石効果テスト_プラス効果_攻撃力補正【筋力】（倍率）	01	8	118				1	100	0	-1	
9906661	魔石効果テスト_プラス効果_攻撃力補正【技量】（倍率）	01	8	119				1	100	0	-1	
9906662	魔石効果テスト_プラス効果_攻撃力補正【射撃】（倍率）	01	8	120				1	100	0	-1	
9906663	魔石効果テスト_プラス効果_攻撃力補正【魔法】（倍率）	01	8	121				1	100	0	-1	
9906670	魔石効果テスト_プラス効果_状態異常攻撃力【毒】（固定値）	01	8	124				1	100	0	-1	
9906671	魔石効果テスト_プラス効果_状態異常攻撃力【出血】（固定値）	01	8	125				1	100	0	-1	
9906680	魔石効果テスト_プラス効果_魔法属性変換	01	8	145				1	100	0	-1	
9906681	魔石効果テスト_プラス効果_炎属性変換	01	8	146				1	100	0	-1	
9906682	魔石効果テスト_プラス効果_雷属性変換	01	8	147				1	100	0	-1	
9906690	魔石効果テスト_プラス効果_カウンターダメージ（倍率）	01	8	126				1	100	0	-1	
9906691	魔石効果テスト_プラス効果_攻撃時スタミナ消費（倍率）	01	8	127				1	100	0	-1	
9906692	魔石効果テスト_プラス効果_溜め攻撃力（倍率）	01	8	128				1	100	0	-1	
9906693	魔石効果テスト_プラス効果_リゲイン回復量（固定値）	01	8	130				1	100	0	-1	
9906694	魔石効果テスト_プラス効果_武器耐久度（固定値）	01	8	131				1	100	0	-1	
9906695	魔石効果テスト_プラス効果_攻撃音消去	01	8	141				1	100	0	-1	
9906700	魔石効果テスト_プラス効果_HPリジェネ	01	8	129				1	100	0	-1	
9906701	魔石効果テスト_プラス効果_HPリジェネ【物理】【HP最大時】	01	8	138				1	100	0	-1	
9906702	魔石効果テスト_プラス効果_HPリジェネ【物理】【HP瀕死時】	01	8	139				1	100	0	-1	
9906703	魔石効果テスト_プラス効果_HPリジェネ【物理】【他PCボス撃破配信】	01	8	140				1	100	0	-1	
9906705	魔石効果テスト_プラス効果_最大HP（倍率）	01	8	142				1	100	0	-1	
9906706	魔石効果テスト_プラス効果_最大MP（倍率）	01	8	143				1	100	0	-1	
9906707	魔石効果テスト_プラス効果_最大スタミナ（倍率）	01	8	144				1	100	0	-1	
9906710	魔石効果テスト_マイナス効果_攻撃力【全】（倍率）	01	8	150				1	100	0	-1	
9906720	魔石効果テスト_マイナス効果_特攻ダメージ【獣】（倍率）	01	8	151				1	100	0	-1	
9906721	魔石効果テスト_マイナス効果_特攻ダメージ【月】（倍率）	01	8	152				1	100	0	-1	
9906730	魔石効果テスト_マイナス効果_攻撃時スタミナ消費（倍率）	01	8	153				1	100	0	-1	
9906731	魔石効果テスト_マイナス効果_武器耐久度（固定値）	01	8	155				1	100	0	-1	
9906740	魔石効果テスト_マイナス効果_HPリジェネ	01	8	154				1	100	0	-1	
9906741	魔石効果テスト_マイナス効果_攻撃時HPダメージ	01	8	156				1	100	0	-1	
9906745	魔石効果テスト_マイナス効果_最大HP（倍率）	01	8	157				1	100	0	-1	
9906746	魔石効果テスト_マイナス効果_最大MP（倍率）	01	8	159				1	100	0	-1	
9906747	魔石効果テスト_マイナス効果_最大スタミナ（倍率）	01	8	158				1	100	0	-1	
9906750	魔石効果テスト_プラス効果_最大HP（倍率）	01	8	202				1	100	0	-1	
9906751	魔石効果テスト_プラス効果_最大MP（倍率）	01	8	226				1	100	0	-1	
9906752	魔石効果テスト_プラス効果_最大スタミナ（倍率）	01	8	203				1	100	0	-1	
9906760	魔石効果テスト_プラス効果_ダメージカット【斬撃】（倍率）	01	8	208				1	100	0	-1	
9906761	魔石効果テスト_プラス効果_ダメージカット【打撃】（倍率）	01	8	209				1	100	0	-1	
9906762	魔石効果テスト_プラス効果_ダメージカット【刺突】（倍率）	01	8	210				1	100	0	-1	
9906763	魔石効果テスト_プラス効果_ダメージカット【炎】（倍率）	01	8	212				1	100	0	-1	
9906764	魔石効果テスト_プラス効果_ダメージカット【魔法】（倍率）	01	8	213				1	100	0	-1	
9906765	魔石効果テスト_プラス効果_ダメージカット【雷】（倍率）	01	8	214				1	100	0	-1	
9906770	魔石効果テスト_プラス効果_ダメージカット【銃】（倍率）	01	8	211				1	100	0	-1	
9906771	魔石効果テスト_プラス効果_ダメージカット【物理】（倍率）	01	8	215				1	100	0	-1	
9906772	魔石効果テスト_プラス効果_ダメージカット【全】（倍率）	01	8	216				1	100	0	-1	
9906780	魔石効果テスト_プラス効果_耐性値【毒】	01	8	217				1	100	0	-1	
9906781	魔石効果テスト_プラス効果_耐性値【出血】	01	8	218				1	100	0	-1	
9906782	魔石効果テスト_プラス効果_耐性値【狂気】	01	8	219				1	100	0	-1	
9906783	魔石効果テスト_プラス効果_耐性値【全】	01	8	220				1	100	0	-1	
9906784	魔石効果テスト_プラス効果_獣化値	01	8	221				1	100	0	-1	
9906790	魔石効果テスト_プラス効果_投げ【ダメージ】（倍率）	01	8	204				1	100	0	-1	
9906791	魔石効果テスト_プラス効果_投げ【HP回復】（固定値）	01	8	205				1	100	0	-1	
9906792	魔石効果テスト_プラス効果_投げ【MP回復】（固定値）	01	8	227				1	100	0	-1	
9906793	魔石効果テスト_プラス効果_投げ【ソウル取得】（倍率）	01	8	206				1	100	0	-1	
9906794	魔石効果テスト_プラス効果_投げ【状態異常回復】（時間）	01	8	207				1	100	0	-1	
9906800	魔石効果テスト_プラス効果_取得ソウル量	01	8	200				1	100	0	-1	
9906801	魔石効果テスト_プラス効果_アイテムドロップ率	01	8	201				1	100	0	-1	
9906810	魔石効果テスト_プラス効果_エスト効果量	01	8	222				1	100	0	-1	
9906811	魔石効果テスト_プラス効果_エスト所持上限	01	8	223				1	100	0	-1	
9906812	魔石効果テスト_プラス効果_スタミナ回復速度	01	8	224				1	100	0	-1	
9906813	魔石効果テスト_プラス効果_着地軽減	01	8	225				1	100	0	-1	
9906820	魔石効果テスト_マイナス効果_最大HP（倍率）	01	8	251				1	100	0	-1	
9906821	魔石効果テスト_マイナス効果_最大MP（倍率）	01	8	259				1	100	0	-1	
9906822	魔石効果テスト_マイナス効果_最大スタミナ（倍率）	01	8	252				1	100	0	-1	
9906830	魔石効果テスト_マイナス効果_ダメージカット【炎】（倍率）	01	8	253				1	100	0	-1	
9906840	魔石効果テスト_マイナス効果_ダメージカット【全】（倍率）	01	8	254				1	100	0	-1	
9906850	魔石効果テスト_マイナス効果_耐性値【全】	01	8	255				1	100	0	-1	
9906860	魔石効果テスト_マイナス効果_取得ソウル量	01	8	250				1	100	0	-1	
9906870	魔石効果テスト_マイナス効果_取得ソウル量	01	8	250				1	100	0	-1	
9906871	魔石効果テスト_マイナス効果_エスト効果量	01	8	256				1	100	0	-1	
9906872	魔石効果テスト_マイナス効果_エスト所持上限	01	8	257				1	100	0	-1	
9906873	魔石効果テスト_マイナス効果_スタミナ回復速度	01	8	258				1	100	0	-1	
9906900	固定配置_聖堂街D	01	8	134000				1	100	0	-1	
9906901	固定配置_聖堂街D	01	8	134001				1	100	0	-1	
9906902	固定配置_聖堂街D	01	8	134002				1	100	0	-1	
9906903	固定配置_聖堂街D	01	8	134003				1	100	0	-1	
9906910	固定配置_時計塔	01	8	135000				1	100	0	-1	
9906911	固定配置_時計塔	01	8	135001				1	100	0	-1	
9906912	固定配置_時計塔	01	8	135002				1	100	0	-1	
9906913	固定配置_時計塔	01	8	135003				1	100	0	-1	
9906914	固定配置_時計塔	01	8	135004				1	100	0	-1	
9906915	固定配置_時計塔	01	8	135005				1	100	0	-1	
9906920	固定配置_漁村	01	8	136000				1	100	0	-1	
9906921	固定配置_漁村	01	8	136001				1	100	0	-1	
9906922	固定配置_漁村	01	8	136002				1	100	0	-1	
9906923	固定配置_漁村	01	8	136003				1	100	0	-1	
9906924	固定配置_漁村	01	8	136004				1	100	0	-1	
9906925	固定配置_漁村	01	8	136005				1	100	0	-1	
9906926	固定配置_漁村	01	8	136006				1	100	0	-1	
9907000	プレイデバッグ用魔石_01	01	8	980001				2	100	0	-1	
9907010	プレイデバッグ用魔石_02	01	8	980002				2	100	0	-1	
9907020	プレイデバッグ用魔石_03	01	8	980003				2	100	0	-1	
9907030	プレイデバッグ用魔石_04	01	8	980004				2	100	0	-1	
9907040	プレイデバッグ用魔石_05	01	8	980005				2	100	0	-1	
9907050	プレイデバッグ用魔石_06	01	8	980006				2	100	0	-1	
9907060	プレイデバッグ用魔石_07	01	8	980007				2	100	0	-1	
9907070	プレイデバッグ用魔石_08	01	8	980008				2	100	0	-1	
9907080	プレイデバッグ用魔石_09	01	8	980009				2	100	0	-1	
9907090	プレイデバッグ用魔石_10	01	8	980010				2	100	0	-1	
9907100	プレイデバッグ用魔石_11	01	8	980011				2	100	0	-1	
9907110	プレイデバッグ用魔石_12	01	8	980012				2	100	0	-1	
9907120	プレイデバッグ用魔石_13	01	8	980013				2	100	0	-1	
9907130	プレイデバッグ用魔石_14	01	8	980014				2	100	0	-1	
9907140	プレイデバッグ用魔石_15	01	8	980015				2	100	0	-1	
9907150	プレイデバッグ用魔石_16	01	8	980016				2	100	0	-1	
9907160	プレイデバッグ用魔石_17	01	8	980017				2	100	0	-1	
9907170	プレイデバッグ用魔石_18	01	8	980018				2	100	0	-1	
9907180	プレイデバッグ用魔石_19	01	8	980019				2	100	0	-1	
9907190	プレイデバッグ用魔石_20	01	8	980020				2	100	0	-1	
9907200	プレイデバッグ用ボディジェム01	01	8	990001				1	100	0	-1	
9907210	プレイデバッグ用ボディジェム02	01	8	990002				1	100	0	-1	
9907220	プレイデバッグ用ボディジェム03	01	8	990003				1	100	0	-1	
9908900	宝死体00	01	4	2000	触手召喚	0x400007D0	0xB00007D0	1	100	0	59908900	59908900
9908910	宝箱00	01	4	2000	触手召喚	0x400007D0	0xB00007D0	1	100	0	59908910	59908910
9908920	宝箱01	01	4	2000	触手召喚	0x400007D0	0xB00007D0	1	100	0	59908920	59908920
10002300	猟犬　廃墟	02	4	3000	武器強化素材【コモン】	0x40000BB8	0xB0000BB8	2	80	0	-1	
10002300	猟犬　廃墟	03	4	3000	武器強化素材【コモン】	0x40000BB8	0xB0000BB8	1	870	0	-1	
10002300	猟犬　廃墟	04	4	1110	獣化薬	0x40000456	0xB0000456	1	50	0	-1	
10002410	猟犬　聖堂街B	02	4	1000	HP回復【PG直接指定】	0x400003E8	0xB00003E8	3	920	0	-1	
10002410	猟犬　聖堂街B	03	4	3000	武器強化素材【コモン】	0x40000BB8	0xB0000BB8	1	80	0	-1	
10002420	猟犬　聖堂街C	02	4	3020	武器強化素材【レア】	0x40000BCC	0xB0000BCC	1	40	0	-1	
10002420	猟犬　聖堂街C	03	4	3010	武器強化素材【アンコモン】	0x40000BC2	0xB0000BC2	2	100	0	-1	
10002420	猟犬　聖堂街C	04	4	3010	武器強化素材【アンコモン】	0x40000BC2	0xB0000BC2	1	150	0	-1	
10002420	猟犬　聖堂街C	05	4	3000	武器強化素材【コモン】	0x40000BB8	0xB0000BB8	2	280	0	-1	
10002420	猟犬　聖堂街C	06	4	3000	武器強化素材【コモン】	0x40000BB8	0xB0000BB8	1	400	0	-1	
10002420	猟犬　聖堂街C	07	4	1120	石ころ帽子	0x40000460	0xB0000460	1	30	0	-1	
10002900	猟犬　ダンジョン	02	8	50100				1	250	0	-1	
10002900	猟犬　ダンジョン	03	4	1000	HP回復【PG直接指定】	0x400003E8	0xB00003E8	4	150	0	-1	
10002900	猟犬　ダンジョン	04	4	1000	HP回復【PG直接指定】	0x400003E8	0xB00003E8	3	600	0	-1	
10002910	猟犬　ダンジョン　嵐	02	8	50105				1	250	0	-1	
10002910	猟犬　ダンジョン　嵐	03	4	1000	HP回復【PG直接指定】	0x400003E8	0xB00003E8	4	150	0	-1	
10002910	猟犬　ダンジョン　嵐	04	4	1000	HP回復【PG直接指定】	0x400003E8	0xB00003E8	3	550	0	-1	
10002910	猟犬　ダンジョン　嵐	05	4	1110	獣化薬	0x40000456	0xB0000456	1	50	0	-1	
10002920	猟犬　ダンジョン　（月の猟犬）	02	8	50101				1	250	0	-1	
10002920	猟犬　ダンジョン　（月の猟犬）	03	4	1000	HP回復【PG直接指定】	0x400003E8	0xB00003E8	4	150	0	-1	
10002920	猟犬　ダンジョン　（月の猟犬）	04	4	1000	HP回復【PG直接指定】	0x400003E8	0xB00003E8	3	600	0	-1	
10010000	腐れ猟犬　生贄	02	4	3020	武器強化素材【レア】	0x40000BCC	0xB0000BCC	1	40	0	-1	
10010000	腐れ猟犬　生贄	03	4	3010	武器強化素材【アンコモン】	0x40000BC2	0xB0000BC2	2	150	0	-1	
10010000	腐れ猟犬　生贄	04	4	3010	武器強化素材【アンコモン】	0x40000BC2	0xB0000BC2	1	760	0	-1	
10010000	腐れ猟犬　生贄	05	4	1110	獣化薬	0x40000456	0xB0000456	1	50	0	-1	
10102900	司祭　ダンジョン	02	8	50200				1	80	0	-1	
10102900	司祭　ダンジョン	03	15	701000				1	80	0	-1	
10102900	司祭　ダンジョン	04	15	701100				1	80	0	-1	
10102900	司祭　ダンジョン	05	4	7014	儀式素材【コモンB】レベル5	0x40001B66	0xB0001B66	1	80	0	-1	
10202202	群衆Aリーダー　墓地街	02	4	900	弾丸【PG直接指定】	0x40000384	0xB0000384	4	150	0	-1	
10202202	群衆Aリーダー　墓地街	03	4	900	弾丸【PG直接指定】	0x40000384	0xB0000384	3	800	0	-1	
10202202	群衆Aリーダー　墓地街	04	4	1330	銃威力アップ	0x40000532	0xB0000532	2	50	0	-1	
10202400	群衆A松明　聖堂街A	02	4	1000	HP回復【PG直接指定】	0x400003E8	0xB00003E8	1	210	0	-1	
10202400	群衆A松明　聖堂街A	03	4	900	弾丸【PG直接指定】	0x40000384	0xB0000384	2	100	0	-1	
10202400	群衆A松明　聖堂街A	04	4	1200	火炎壺	0x400004B0	0xB00004B0	1	50	0	-1	
10202402	群衆Aサーベル　聖堂街A	02	4	1000	HP回復【PG直接指定】	0x400003E8	0xB00003E8	2	320	0	-1	
10202404	群衆Aリーダー　聖堂街A	02	4	900	弾丸【PG直接指定】	0x40000384	0xB0000384	3	1000	0	-1	
10202406	群衆A盾/包丁/鎌/鋤　聖堂街A	02	4	1000	HP回復【PG直接指定】	0x400003E8	0xB00003E8	1	80	0	-1	
10202410	群衆A松明　聖堂街B	02	4	1000	HP回復【PG直接指定】	0x400003E8	0xB00003E8	1	210	0	-1	
10202410	群衆A松明　聖堂街B	03	4	900	弾丸【PG直接指定】	0x40000384	0xB0000384	2	100	0	-1	
10202410	群衆A松明　聖堂街B	04	4	1200	火炎壺	0x400004B0	0xB00004B0	1	50	0	-1	
10202412	群衆Aサーベル　聖堂街B	02	4	1000	HP回復【PG直接指定】	0x400003E8	0xB00003E8	2	320	0	-1	
10202414	群衆Aリーダー　聖堂街B	02	4	900	弾丸【PG直接指定】	0x40000384	0xB0000384	3	1000	0	-1	
10202416	群衆A盾/包丁/鎌/鋤　聖堂街B	02	4	1000	HP回復【PG直接指定】	0x400003E8	0xB00003E8	1	80	0	-1	
10202420	群衆A松明　聖堂街C	02	4	1000	HP回復【PG直接指定】	0x400003E8	0xB00003E8	1	210	0	-1	
10202420	群衆A松明　聖堂街C	03	4	900	弾丸【PG直接指定】	0x40000384	0xB0000384	2	100	0	-1	
10202420	群衆A松明　聖堂街C	04	4	1200	火炎壺	0x400004B0	0xB00004B0	1	50	0	-1	
10202422	群衆Aサーベル　聖堂街C	02	4	1000	HP回復【PG直接指定】	0x400003E8	0xB00003E8	2	320	0	-1	
10202424	群衆Aリーダー　聖堂街C	02	4	900	弾丸【PG直接指定】	0x40000384	0xB0000384	3	1000	0	-1	
10202426	群衆A盾/包丁/鎌/鋤　聖堂街C	02	4	1000	HP回復【PG直接指定】	0x400003E8	0xB00003E8	1	80	0	-1	
10202428	群衆A松明　聖堂街C	02	4	1000	HP回復【PG直接指定】	0x400003E8	0xB00003E8	1	210	0	-1	
10202428	群衆A松明　聖堂街C	03	4	900	弾丸【PG直接指定】	0x40000384	0xB0000384	2	100	0	-1	
10202428	群衆A松明　聖堂街C	04	4	1200	火炎壺	0x400004B0	0xB00004B0	1	50	0	-1	
10202700	群衆A松明　森	02	4	1000	HP回復【PG直接指定】	0x400003E8	0xB00003E8	1	210	0	-1	
10202700	群衆A松明　森	03	4	900	弾丸【PG直接指定】	0x40000384	0xB0000384	2	100	0	-1	
10202700	群衆A松明　森	04	4	1200	火炎壺	0x400004B0	0xB00004B0	1	50	0	-1	
10202700	群衆A松明　森	05	4	1260	獣誘い	0x400004EC	0xB00004EC	1	5	0	-1	
10202702	群衆Aサーベル　森	02	4	1000	HP回復【PG直接指定】	0x400003E8	0xB00003E8	2	320	0	-1	
10202702	群衆Aサーベル　森	03	4	1260	獣誘い	0x400004EC	0xB00004EC	1	5	0	-1	
10202704	群衆Aリーダー　森	02	4	900	弾丸【PG直接指定】	0x40000384	0xB0000384	3	995	0	-1	
10202704	群衆Aリーダー　森	03	4	1260	獣誘い	0x400004EC	0xB00004EC	1	5	0	-1	
10202706	群衆A盾/包丁/鎌/鋤　森	02	4	1000	HP回復【PG直接指定】	0x400003E8	0xB00003E8	1	80	0	-1	
10202708	群衆A投擲 火炎瓶　森	02	4	1000	HP回復【PG直接指定】	0x400003E8	0xB00003E8	1	210	0	-1	
10202708	群衆A投擲 火炎瓶　森	03	4	1200	火炎壺	0x400004B0	0xB00004B0	1	100	0	-1	
10202710	群衆A投擲 油壺　森	02	4	1000	HP回復【PG直接指定】	0x400003E8	0xB00003E8	1	210	0	-1	
10202710	群衆A投擲 油壺　森	03	4	1220	油壺	0x400004C4	0xB00004C4	1	50	0	-1	
10202800	群衆A　生贄　松明＆斧（1匹目）	02	4	1000	HP回復【PG直接指定】	0x400003E8	0xB00003E8	1	105	0	-1	
10202800	群衆A　生贄　松明＆斧（1匹目）	03	4	900	弾丸【PG直接指定】	0x40000384	0xB0000384	2	50	0	-1	
10202800	群衆A　生贄　松明＆斧（1匹目）	04	4	1200	火炎壺	0x400004B0	0xB00004B0	1	25	0	-1	
10202810	群衆A　生贄　盾＆松明（1匹目）	02	4	1000	HP回復【PG直接指定】	0x400003E8	0xB00003E8	1	105	0	-1	
10202810	群衆A　生贄　盾＆松明（1匹目）	03	4	900	弾丸【PG直接指定】	0x40000384	0xB0000384	2	50	0	-1	
10202810	群衆A　生贄　盾＆松明（1匹目）	04	4	1200	火炎壺	0x400004B0	0xB00004B0	1	25	0	-1	
10202830	群衆A　生贄　サーベル（1匹目）	02	4	1000	HP回復【PG直接指定】	0x400003E8	0xB00003E8	2	160	0	-1	
10202835	群衆A　生贄　銃（1匹目）	02	4	900	弾丸【PG直接指定】	0x40000384	0xB0000384	3	250	0	-1	
10202840	群衆A　生贄　包丁（1匹目）	02	4	1000	HP回復【PG直接指定】	0x400003E8	0xB00003E8	1	40	0	-1	
10202850	群衆A　生贄　鎌（1匹目）	02	4	1000	HP回復【PG直接指定】	0x400003E8	0xB00003E8	1	40	0	-1	
10202860	群衆A　生贄　投擲　火炎瓶（1匹目）	02	4	1000	HP回復【PG直接指定】	0x400003E8	0xB00003E8	1	105	0	-1	
10202860	群衆A　生贄　投擲　火炎瓶（1匹目）	03	4	1200	火炎壺	0x400004B0	0xB00004B0	1	50	0	-1	
10202870	群衆A　生贄　長物（1匹目）	02	4	1000	HP回復【PG直接指定】	0x400003E8	0xB00003E8	1	40	0	-1	
10202895	群衆A　初回生贄　素手	02	4	1000	HP回復【PG直接指定】	0x400003E8	0xB00003E8	1	40	0	-1	
10302200	群衆B　墓地街	02	4	1000	HP回復【PG直接指定】	0x400003E8	0xB00003E8	4	50	0	-1	
10302200	群衆B　墓地街	03	4	1000	HP回復【PG直接指定】	0x400003E8	0xB00003E8	2	850	0	-1	
10302200	群衆B　墓地街	04	4	1410	道標	0x40000582	0xB0000582	3	50	0	-1	
10302200	群衆B　墓地街	05	4	1410	道標	0x40000582	0xB0000582	2	50	0	-1	
10302400	群衆B　聖堂街A	02	4	1000	HP回復【PG直接指定】	0x400003E8	0xB00003E8	4	50	0	-1	
10302400	群衆B　聖堂街A	03	4	1000	HP回復【PG直接指定】	0x400003E8	0xB00003E8	2	850	0	-1	
10302400	群衆B　聖堂街A	04	4	1410	道標	0x40000582	0xB0000582	3	50	0	-1	
10302400	群衆B　聖堂街A	05	4	1410	道標	0x40000582	0xB0000582	2	50	0	-1	
10302410	群衆B　聖堂街B	02	4	1000	HP回復【PG直接指定】	0x400003E8	0xB00003E8	4	50	0	-1	
10302410	群衆B　聖堂街B	03	4	1000	HP回復【PG直接指定】	0x400003E8	0xB00003E8	2	850	0	-1	
10302410	群衆B　聖堂街B	04	4	1410	道標	0x40000582	0xB0000582	3	50	0	-1	
10302410	群衆B　聖堂街B	05	4	1410	道標	0x40000582	0xB0000582	2	50	0	-1	
10302430	群衆B　聖堂街C前半	02	4	1000	HP回復【PG直接指定】	0x400003E8	0xB00003E8	4	50	0	-1	
10302430	群衆B　聖堂街C前半	03	4	1000	HP回復【PG直接指定】	0x400003E8	0xB00003E8	2	850	0	-1	
10302430	群衆B　聖堂街C前半	04	4	1410	道標	0x40000582	0xB0000582	3	50	0	-1	
10302430	群衆B　聖堂街C前半	05	4	1410	道標	0x40000582	0xB0000582	2	50	0	-1	
10302800	群衆B　生贄　レンガ	02	4	1000	HP回復【PG直接指定】	0x400003E8	0xB00003E8	4	25	0	-1	
10302800	群衆B　生贄　レンガ	03	4	1000	HP回復【PG直接指定】	0x400003E8	0xB00003E8	2	175	0	-1	
10302800	群衆B　生贄　レンガ	04	4	1410	道標	0x40000582	0xB0000582	3	25	0	-1	
10302800	群衆B　生贄　レンガ	05	4	1410	道標	0x40000582	0xB0000582	2	25	0	-1	
10302810	群衆B　生贄　石像	02	4	1000	HP回復【PG直接指定】	0x400003E8	0xB00003E8	4	25	0	-1	
10302810	群衆B　生贄　石像	03	4	1000	HP回復【PG直接指定】	0x400003E8	0xB00003E8	2	175	0	-1	
10302810	群衆B　生贄　石像	04	4	1410	道標	0x40000582	0xB0000582	3	25	0	-1	
10302810	群衆B　生贄　石像	05	4	1410	道標	0x40000582	0xB0000582	2	25	0	-1	
10502800	さまよう寡婦　生贄	02	4	900	弾丸【PG直接指定】	0x40000384	0xB0000384	3	300	0	-1	
10502800	さまよう寡婦　生贄	03	4	900	弾丸【PG直接指定】	0x40000384	0xB0000384	2	690	0	-1	
10502810	さまよう寡婦　ボスおとも	02	4	900	弾丸【PG直接指定】	0x40000384	0xB0000384	3	30	0	-1	
10502810	さまよう寡婦　ボスおとも	03	4	900	弾丸【PG直接指定】	0x40000384	0xB0000384	2	69	0	-1	
10502900	さまよう寡婦　ダンジョン	02	4	900	弾丸【PG直接指定】	0x40000384	0xB0000384	3	300	0	-1	
10502900	さまよう寡婦　ダンジョン	03	4	900	弾丸【PG直接指定】	0x40000384	0xB0000384	2	690	0	-1	
10602400	脳喰らい　聖堂街A	02	4	900	弾丸【PG直接指定】	0x40000384	0xB0000384	4	250	0	-1	
10602400	脳喰らい　聖堂街A	03	4	900	弾丸【PG直接指定】	0x40000384	0xB0000384	3	700	0	-1	
10602400	脳喰らい　聖堂街A	04	4	2090	同士討ち	0x4000082A	0xB000082A	1	50	0	-1	
10602410	脳喰らい　聖堂街B	02	4	900	弾丸【PG直接指定】	0x40000384	0xB0000384	4	250	0	-1	
10602410	脳喰らい　聖堂街B	03	4	900	弾丸【PG直接指定】	0x40000384	0xB0000384	3	700	0	-1	
10602410	脳喰らい　聖堂街B	04	4	2090	同士討ち	0x4000082A	0xB000082A	1	50	0	-1	
10602420	脳喰らい　聖堂街C	02	4	900	弾丸【PG直接指定】	0x40000384	0xB0000384	4	80	0	-1	
10602420	脳喰らい　聖堂街C	03	4	900	弾丸【PG直接指定】	0x40000384	0xB0000384	3	200	0	-1	
10602420	脳喰らい　聖堂街C	04	4	2090	同士討ち	0x4000082A	0xB000082A	1	20	0	-1	
10602900	脳喰らい　ダンジョン	02	8	50300				1	180	0	-1	
10602900	脳喰らい　ダンジョン	03	4	900	弾丸【PG直接指定】	0x40000384	0xB0000384	4	250	0	-1	
10602900	脳喰らい　ダンジョン	04	4	900	弾丸【PG直接指定】	0x40000384	0xB0000384	3	520	0	-1	
10602900	脳喰らい　ダンジョン	05	4	2090	同士討ち	0x4000082A	0xB000082A	1	50	0	-1	
10602902	脳喰らい　フード　ダンジョン	02	8	50300				1	250	0	-1	
10602902	脳喰らい　フード　ダンジョン	03	4	900	弾丸【PG直接指定】	0x40000384	0xB0000384	4	250	0	-1	
10602902	脳喰らい　フード　ダンジョン	04	4	900	弾丸【PG直接指定】	0x40000384	0xB0000384	3	450	0	-1	
10602902	脳喰らい　フード　ダンジョン	05	4	2090	同士討ち	0x4000082A	0xB000082A	1	50	0	-1	
10603200	脳喰らい　大学	02	4	900	弾丸【PG直接指定】	0x40000384	0xB0000384	4	250	0	-1	
10603200	脳喰らい　大学	03	4	900	弾丸【PG直接指定】	0x40000384	0xB0000384	3	700	0	-1	
10603200	脳喰らい　大学	04	4	2090	同士討ち	0x4000082A	0xB000082A	1	50	0	-1	
10604000	脳喰らい　ダンジョン　呪い	02	8	50300				1	180	0	-1	
10604000	脳喰らい　ダンジョン　呪い	03	4	900	弾丸【PG直接指定】	0x40000384	0xB0000384	4	250	0	-1	
10604000	脳喰らい　ダンジョン　呪い	04	4	900	弾丸【PG直接指定】	0x40000384	0xB0000384	3	520	0	-1	
10604000	脳喰らい　ダンジョン　呪い	05	4	2090	同士討ち	0x4000082A	0xB000082A	1	50	0	-1	
10902300	異形ビースト　廃墟	02	8	90020				1	40	0	-1	
10902300	異形ビースト　廃墟	03	4	1000	HP回復【PG直接指定】	0x400003E8	0xB00003E8	1	80	0	-1	
10902310	異形ビースト_赤目　廃墟	02	8	90030				1	80	0	-1	
10902310	異形ビースト_赤目　廃墟	03	4	1000	HP回復【PG直接指定】	0x400003E8	0xB00003E8	1	160	0	-1	
10902900	異形ビースト　ダンジョン	02	8	50400				1	20	0	-1	
10902900	異形ビースト　ダンジョン	03	4	1000	HP回復【PG直接指定】	0x400003E8	0xB00003E8	1	80	0	-1	
10902902	異形ビースト_赤目　ダンジョン	02	8	50400				1	40	0	-1	
10902902	異形ビースト_赤目　ダンジョン	03	4	1000	HP回復【PG直接指定】	0x400003E8	0xB00003E8	1	160	0	-1	
10902910	異形ビースト　ダンジョン　嵐	02	8	50405				1	20	0	-1	
10902910	異形ビースト　ダンジョン　嵐	03	4	1000	HP回復【PG直接指定】	0x400003E8	0xB00003E8	1	80	0	-1	
10902912	異形ビースト_赤目　ダンジョン　嵐	02	8	50405				1	40	0	-1	
10902912	異形ビースト_赤目　ダンジョン　嵐	03	4	1000	HP回復【PG直接指定】	0x400003E8	0xB00003E8	1	160	0	-1	
10903400	異形ビースト　聖堂街D	02	8	90020				1	40	0	-1	
10903400	異形ビースト　聖堂街D	03	4	1000	HP回復【PG直接指定】	0x400003E8	0xB00003E8	1	80	0	-1	
11002410	下水ネズミ　聖堂街B	02	4	1240	投げナイフ	0x400004D8	0xB00004D8	2	50	0	-1	
11002410	下水ネズミ　聖堂街B	03	4	1240	投げナイフ	0x400004D8	0xB00004D8	1	150	0	-1	
11002900	下水ネズミ　ダンジョン	02	15	702000				2	4	0	-1	
11002900	下水ネズミ　ダンジョン	03	15	702000				1	40	0	-1	
11002902	下水ネズミ　膿み付き　ダンジョン	02	15	702000				2	4	0	-1	
11002902	下水ネズミ　膿み付き　ダンジョン	03	15	702000				1	40	0	-1	
11002910	下水ネズミ　ダンジョン　嵐	02	15	702000				2	4	0	-1	
11002910	下水ネズミ　ダンジョン　嵐	03	15	702000				1	40	0	-1	
11002920	下水ネズミ　ダンジョン　宇宙	02	15	702000				2	4	0	-1	
11002920	下水ネズミ　ダンジョン　宇宙	03	15	702000				1	40	0	-1	
11002940	下水ネズミ　ダンジョン　毒	02	15	702000				2	4	0	-1	
11002940	下水ネズミ　ダンジョン　毒	03	15	702000				1	40	0	-1	
11002940	下水ネズミ　ダンジョン　毒	04	8	60000				1	40	0	-1	
11002942	下水ネズミ　膿み付き　ダンジョン　毒	02	15	702000				2	4	0	-1	
11002942	下水ネズミ　膿み付き　ダンジョン　毒	03	15	702000				1	40	0	-1	
11002942	下水ネズミ　膿み付き　ダンジョン　毒	04	8	60000				1	40	0	-1	
11003500	下水ネズミ　時計塔	02	4	1210	毒ナイフ	0x400004BA	0xB00004BA	2	50	0	-1	
11003500	下水ネズミ　時計塔	03	4	1210	毒ナイフ	0x400004BA	0xB00004BA	1	150	0	-1	
11102600	死と闇の眷属　TR	02	4	900	弾丸【PG直接指定】	0x40000384	0xB0000384	2	300	0	-1	
11102900	死と闇の眷属（クモ）　首あり　ダンジョン	02	4	900	弾丸【PG直接指定】	0x40000384	0xB0000384	4	300	0	-1	
11102900	死と闇の眷属（クモ）　首あり　ダンジョン	03	4	1101	狂気・獣化回復薬	0x4000044D	0xB000044D	1	50	0	-1	
11102902	死と闇の眷属（クモ）　首なし　ダンジョン	02	4	900	弾丸【PG直接指定】	0x40000384	0xB0000384	2	300	0	-1	
11102940	死と闇の眷属（クモ）　首あり　ダンジョン　毒	02	8	60000				1	40	0	-1	
11102940	死と闇の眷属（クモ）　首あり　ダンジョン　毒	03	4	900	弾丸【PG直接指定】	0x40000384	0xB0000384	4	300	0	-1	
11102940	死と闇の眷属（クモ）　首あり　ダンジョン　毒	04	4	1101	狂気・獣化回復薬	0x4000044D	0xB000044D	1	50	0	-1	
11102942	死と闇の眷属（クモ）　首なし　ダンジョン　毒	02	8	60000				1	40	0	-1	
11102942	死と闇の眷属（クモ）　首なし　ダンジョン　毒	03	4	900	弾丸【PG直接指定】	0x40000384	0xB0000384	2	300	0	-1	
11202420	水死体ビースト　聖堂街B	02	4	1000	HP回復【PG直接指定】	0x400003E8	0xB00003E8	1	200	0	-1	
11202420	水死体ビースト　聖堂街B	03	4	1400	帰還	0x40000578	0xB0000578	1	20	0	-1	
11202700	水死体ビースト　森	02	4	1000	HP回復【PG直接指定】	0x400003E8	0xB00003E8	1	240	0	-1	
11202700	水死体ビースト　森	03	4	1101	狂気・獣化回復薬	0x4000044D	0xB000044D	1	10	0	-1	
11202900	水死体ビースト　ダンジョン	02	4	1000	HP回復【PG直接指定】	0x400003E8	0xB00003E8	1	200	0	-1	
11202900	水死体ビースト　ダンジョン	03	4	1400	帰還	0x40000578	0xB0000578	1	20	0	-1	
11402200	狂信者の獣　墓地街	02	4	3010	武器強化素材【アンコモン】	0x40000BC2	0xB0000BC2	1	40	0	-1	
11402200	狂信者の獣　墓地街	03	4	3000	武器強化素材【コモン】	0x40000BB8	0xB0000BB8	1	300	0	-1	
11402900	狂信者の獣　ダンジョン	02	15	300100				1	40	0	-1	
11402900	狂信者の獣　ダンジョン	03	15	300000				1	300	0	-1	
11402910	狂信者の獣　ダンジョン　嵐	02	15	300100				1	40	0	-1	
11402910	狂信者の獣　ダンジョン　嵐	03	15	300000				1	300	0	-1	
11402940	狂信者の獣　ダンジョン　毒	02	15	300100				1	40	0	-1	
11402940	狂信者の獣　ダンジョン　毒	03	15	300000				1	300	0	-1	
11402940	狂信者の獣　ダンジョン　毒	04	8	60000				1	40	0	-1	
11502900	スライム　ダンジョン	02	4	1220	油壺	0x400004C4	0xB00004C4	2	50	0	-1	
11502900	スライム　ダンジョン	03	4	1410	道標	0x40000582	0xB0000582	3	100	0	-1	
11502900	スライム　ダンジョン	04	4	1230	石ころ	0x400004CE	0xB00004CE	3	100	0	-1	
11602900	デーモン犬　ダンジョン	02	15	300200				1	15	0	-1	
11602900	デーモン犬　ダンジョン	03	15	300100				1	330	0	-1	
11702200	屍肉鳥　墓地街	02	4	1230	石ころ	0x400004CE	0xB00004CE	1	60	0	-1	
11702200	屍肉鳥　墓地街	03	4	1230	石ころ	0x400004CE	0xB00004CE	2	30	0	-1	
11702200	屍肉鳥　墓地街	04	4	1100	毒・出血回復薬	0x4000044C	0xB000044C	1	10	0	-1	
11702300	屍肉鳥　廃墟	02	4	1230	石ころ	0x400004CE	0xB00004CE	1	60	0	-1	
11702300	屍肉鳥　廃墟	03	4	1100	毒・出血回復薬	0x4000044C	0xB000044C	1	30	0	-1	
11702300	屍肉鳥　廃墟	04	4	1100	毒・出血回復薬	0x4000044C	0xB000044C	2	10	0	-1	
11702400	屍肉鳥　聖堂街A	02	4	1230	石ころ	0x400004CE	0xB00004CE	1	60	0	-1	
11702400	屍肉鳥　聖堂街A	03	4	1230	石ころ	0x400004CE	0xB00004CE	2	30	0	-1	
11702400	屍肉鳥　聖堂街A	04	4	1100	毒・出血回復薬	0x4000044C	0xB000044C	1	10	0	-1	
11702410	屍肉鳥　聖堂街B	02	4	1230	石ころ	0x400004CE	0xB00004CE	1	60	0	-1	
11702410	屍肉鳥　聖堂街B	03	4	1230	石ころ	0x400004CE	0xB00004CE	2	30	0	-1	
11702410	屍肉鳥　聖堂街B	04	4	1100	毒・出血回復薬	0x4000044C	0xB000044C	1	10	0	-1	
11702420	屍肉鳥　聖堂街C	02	4	1230	石ころ	0x400004CE	0xB00004CE	1	60	0	-1	
11702420	屍肉鳥　聖堂街C	03	4	1230	石ころ	0x400004CE	0xB00004CE	2	30	0	-1	
11702420	屍肉鳥　聖堂街C	04	4	1100	毒・出血回復薬	0x4000044C	0xB000044C	1	10	0	-1	
11702430	屍肉鳥　聖堂街C前半	02	4	1230	石ころ	0x400004CE	0xB00004CE	1	60	0	-1	
11702430	屍肉鳥　聖堂街C前半	03	4	1230	石ころ	0x400004CE	0xB00004CE	2	30	0	-1	
11702430	屍肉鳥　聖堂街C前半	04	4	1100	毒・出血回復薬	0x4000044C	0xB000044C	1	10	0	-1	
11702600	屍肉鳥　TR	02	4	1230	石ころ	0x400004CE	0xB00004CE	1	60	0	-1	
11702600	屍肉鳥　TR	03	4	1230	石ころ	0x400004CE	0xB00004CE	2	30	0	-1	
11702600	屍肉鳥　TR	04	4	1100	毒・出血回復薬	0x4000044C	0xB000044C	1	10	0	-1	
11702700	屍肉鳥　森	02	4	1230	石ころ	0x400004CE	0xB00004CE	1	60	0	-1	
11702700	屍肉鳥　森	03	4	1230	石ころ	0x400004CE	0xB00004CE	2	30	0	-1	
11702700	屍肉鳥　森	04	4	1110	獣化薬	0x40000456	0xB0000456	1	5	0	-1	
11702800	屍肉鳥　生贄の街	02	4	1230	石ころ	0x400004CE	0xB00004CE	1	60	0	-1	
11702800	屍肉鳥　生贄の街	03	4	1230	石ころ	0x400004CE	0xB00004CE	2	30	0	-1	
11702800	屍肉鳥　生贄の街	04	4	1100	毒・出血回復薬	0x4000044C	0xB000044C	1	10	0	-1	
11703400	屍肉鳥　聖堂街D	02	4	1230	石ころ	0x400004CE	0xB00004CE	1	60	0	-1	
11703400	屍肉鳥　聖堂街D	03	4	1230	石ころ	0x400004CE	0xB00004CE	2	30	0	-1	
11703400	屍肉鳥　聖堂街D	04	4	1110	獣化薬	0x40000456	0xB0000456	1	10	0	-1	
11703500	屍肉鳥　時計塔	02	4	1100	毒・出血回復薬	0x4000044C	0xB000044C	1	60	0	-1	
11703500	屍肉鳥　時計塔	03	4	1100	毒・出血回復薬	0x4000044C	0xB000044C	2	30	0	-1	
11703500	屍肉鳥　時計塔	04	4	1110	獣化薬	0x40000456	0xB0000456	1	10	0	-1	
11703510	屍肉鳥　時計塔_カレル持ち	01	8	104000				1	1000	0	53508100	53508100
11800100	さまよう狂気（小）　聖堂街A　○（A-生贄接続）	02	4	3000	武器強化素材【コモン】	0x40000BB8	0xB0000BB8	3	1000	0	52400990	52400990
11800110	さまよう狂気（小）　聖堂街A　○	02	4	3000	武器強化素材【コモン】	0x40000BB8	0xB0000BB8	3	1000	0	52400980	52400980
11800120	さまよう狂気（小）　聖堂街A　○（A-生贄接続）	02	4	3000	武器強化素材【コモン】	0x40000BB8	0xB0000BB8	3	1000	0	52400970	52400970
11800130	さまよう狂気（小）　聖堂街A　○（聖堂街C前半）	02	4	3010	武器強化素材【アンコモン】	0x40000BC2	0xB0000BC2	2	1000	0	52400960	52400960
11800140	さまよう狂気（小）　聖堂街A　○（A-生贄接続）	02	4	3010	武器強化素材【アンコモン】	0x40000BC2	0xB0000BC2	2	1000	0	52400950	52400950
11800150	さまよう狂気（小）　聖堂街A　○（A-生贄接続）	02	4	3010	武器強化素材【アンコモン】	0x40000BC2	0xB0000BC2	2	1000	0	52400940	52400940
11800200	さまよう狂気（小）　廃墟　○	02	4	3000	武器強化素材【コモン】	0x40000BB8	0xB0000BB8	3	1000	0	52300990	52300990
11800210	さまよう狂気（小）　廃墟　○	02	4	3000	武器強化素材【コモン】	0x40000BB8	0xB0000BB8	3	1000	0	52300980	52300980
11800220	さまよう狂気（小）　廃墟　○	02	4	3000	武器強化素材【コモン】	0x40000BB8	0xB0000BB8	3	1000	0	52300970	52300970
11800300	さまよう狂気（小）　生贄の街 初回　○	02	4	3010	武器強化素材【アンコモン】	0x40000BC2	0xB0000BC2	3	1000	0	52800990	52800990
11800400	さまよう狂気（小）　墓地街　○	02	4	3010	武器強化素材【アンコモン】	0x40000BC2	0xB0000BC2	2	1000	0	52200990	52200990
11800410	さまよう狂気（小）　墓地街　○	02	4	3010	武器強化素材【アンコモン】	0x40000BC2	0xB0000BC2	2	1000	0	52200980	52200980
11800520	さまよう狂気（小）　森　○	02	4	3010	武器強化素材【アンコモン】	0x40000BC2	0xB0000BC2	3	1000	0	52700970	52700970
11800700	さまよう狂気（小）　聖堂街C（後半）　○	02	4	3020	武器強化素材【レア】	0x40000BCC	0xB0000BCC	2	1000	0	52420990	52420990
11800820	さまよう狂気（小）　古城　○	02	4	3020	武器強化素材【レア】	0x40000BCC	0xB0000BCC	2	1000	0	52500970	52500970
11800900	さまよう狂気（小）　生贄の街　○	02	4	3020	武器強化素材【レア】	0x40000BCC	0xB0000BCC	2	1000	0	52800980	52800980
11800910	さまよう狂気（小）　生贄の街　○	02	4	3020	武器強化素材【レア】	0x40000BCC	0xB0000BCC	2	1000	0	52800970	52800970
11800920	さまよう狂気（小）　生贄の街 初回　○	02	4	3010	武器強化素材【アンコモン】	0x40000BC2	0xB0000BC2	3	1000	0	52800960	52800960
11801000	さまよう狂気（小）　トラップロード　○	02	4	3020	武器強化素材【レア】	0x40000BCC	0xB0000BCC	3	1000	0	52600990	52600990
11801010	さまよう狂気（小）　トラップロード　○	02	4	3020	武器強化素材【レア】	0x40000BCC	0xB0000BCC	3	1000	0	52600980	52600980
11801030	さまよう狂気（小）　トラップロード　○	02	4	3020	武器強化素材【レア】	0x40000BCC	0xB0000BCC	3	1000	0	52600960	52600960
11801100	さまよう狂気（小）　故郷　○	02	4	3000	武器強化素材【コモン】	0x40000BB8	0xB0000BB8	2	1000	0	53300990	53300990
11801110	さまよう狂気（小）　故郷　○	02	4	3000	武器強化素材【コモン】	0x40000BB8	0xB0000BB8	2	1000	0	53300980	53300980
11801120	さまよう狂気（小）　故郷　○	02	4	3000	武器強化素材【コモン】	0x40000BB8	0xB0000BB8	2	1000	0	53300970	53300970
11801130	さまよう狂気（小）　故郷　○	02	4	3000	武器強化素材【コモン】	0x40000BB8	0xB0000BB8	2	1000	0	53300960	53300960
11801150	さまよう狂気（小）　故郷　○	02	4	3000	武器強化素材【コモン】	0x40000BB8	0xB0000BB8	2	1000	0	53300940	53300940
11801160	さまよう狂気（小）　故郷　○	02	4	3000	武器強化素材【コモン】	0x40000BB8	0xB0000BB8	2	1000	0	53300930	53300930
11801180	さまよう狂気（小）　故郷　○	02	4	3000	武器強化素材【コモン】	0x40000BB8	0xB0000BB8	2	1000	0	53300910	53300910
11801200	さまよう狂気（小）　故郷　○	02	4	3000	武器強化素材【コモン】	0x40000BB8	0xB0000BB8	2	1000	0	53300890	53300890
11801220	さまよう狂気（小）　故郷　○	02	4	3000	武器強化素材【コモン】	0x40000BB8	0xB0000BB8	2	1000	0	53300870	53300870
11801240	さまよう狂気（小）　故郷　○	02	4	3000	武器強化素材【コモン】	0x40000BB8	0xB0000BB8	2	1000	0	53300850	53300850
11801260	さまよう狂気（小）　故郷　○	02	4	3000	武器強化素材【コモン】	0x40000BB8	0xB0000BB8	2	1000	0	53300830	53300830
11801270	さまよう狂気（小）　故郷　○	02	4	3000	武器強化素材【コモン】	0x40000BB8	0xB0000BB8	2	1000	0	53300820	53300820
11801290	さまよう狂気（小）　故郷　○	02	4	3000	武器強化素材【コモン】	0x40000BB8	0xB0000BB8	2	1000	0	53300800	53300800
11801300	さまよう狂気（小）　故郷　○	02	4	3000	武器強化素材【コモン】	0x40000BB8	0xB0000BB8	2	1000	0	53300790	53300790
11801310	さまよう狂気（小）　故郷　○	02	4	3000	武器強化素材【コモン】	0x40000BB8	0xB0000BB8	2	1000	0	53300780	53300780
11801320	さまよう狂気（小）　故郷　○	02	4	3000	武器強化素材【コモン】	0x40000BB8	0xB0000BB8	2	1000	0	53300770	53300770
11801340	さまよう狂気（小）　故郷　○	02	4	3000	武器強化素材【コモン】	0x40000BB8	0xB0000BB8	2	1000	0	53300750	53300750
11801350	さまよう狂気（小）　故郷　○	02	4	3000	武器強化素材【コモン】	0x40000BB8	0xB0000BB8	2	1000	0	53300740	53300740
11801360	さまよう狂気（小）　故郷　○	02	4	3000	武器強化素材【コモン】	0x40000BB8	0xB0000BB8	2	1000	0	53300730	53300730
11801390	さまよう狂気（小）　故郷　○	02	4	3000	武器強化素材【コモン】	0x40000BB8	0xB0000BB8	2	1000	0	53300700	53300700
11810000	さまよう狂気（小）　ダンジョン	02	8	50500				1	1000	0	52902000	52902000
11900020	さまよう狂気（中）　故郷　○	02	4	3010	武器強化素材【アンコモン】	0x40000BC2	0xB0000BC2	3	1000	0	53300670	53300670
11900040	さまよう狂気（中）　故郷　○	02	4	3010	武器強化素材【アンコモン】	0x40000BC2	0xB0000BC2	3	1000	0	53300650	53300650
11900050	さまよう狂気（中）　故郷　○	02	4	3020	武器強化素材【レア】	0x40000BCC	0xB0000BCC	2	1000	0	53300640	53300640
11900070	さまよう狂気（中）　故郷　○	02	4	3020	武器強化素材【レア】	0x40000BCC	0xB0000BCC	2	1000	0	53300620	53300620
11900090	さまよう狂気（中）　故郷　○	02	4	3010	武器強化素材【アンコモン】	0x40000BC2	0xB0000BC2	3	1000	0	53300600	53300600
11902900	さまよう狂気（中）　ダンジョン　並	02	8	50500				1	1000	0	52903000	52903000
12102900	墓守サソリ　ダンジョン	02	8	50600				1	40	0	-1	
12102902	墓守サソリ　子持ち　ダンジョン	02	8	50601				1	40	0	-1	
12102940	墓守サソリ　ダンジョン　毒	02	8	50605				1	40	0	-1	
12102942	墓守サソリ　子持ち　ダンジョン　毒	02	8	50606				1	40	0	-1	
12202500	幼生オオコウモリ　古城	02	4	3010	武器強化素材【アンコモン】	0x40000BC2	0xB0000BC2	1	280	0	-1	
12202500	幼生オオコウモリ　古城	03	4	3020	武器強化素材【レア】	0x40000BCC	0xB0000BCC	1	15	0	-1	
12202900	幼生オオコウモリ　ダンジョン	02	8	50700				1	80	0	-1	
12202900	幼生オオコウモリ　ダンジョン	03	4	3010	武器強化素材【アンコモン】	0x40000BC2	0xB0000BC2	1	180	0	-1	
12202900	幼生オオコウモリ　ダンジョン	04	4	3020	武器強化素材【レア】	0x40000BCC	0xB0000BCC	1	15	0	-1	
12302900	穴掘り　ダンジョン	02	8	50800				1	80	0	-1	
12302900	穴掘り　ダンジョン	03	4	1000	HP回復【PG直接指定】	0x400003E8	0xB00003E8	3	80	0	-1	
12302900	穴掘り　ダンジョン	04	4	1000	HP回復【PG直接指定】	0x400003E8	0xB00003E8	2	200	0	-1	
12302900	穴掘り　ダンジョン	05	4	2030	ヌルヌル化	0x400007EE	0xB00007EE	1	20	0	-1	
12402940	狂犬　ダンジョン　毒	02	8	60000				1	40	0	-1	
12502700	蛇玉（子）　森	02	8	90070				1	300	0	-1	
12502700	蛇玉（子）　森	03	4	3010	武器強化素材【アンコモン】	0x40000BC2	0xB0000BC2	1	80	0	-1	
12502700	蛇玉（子）　森	04	4	3000	武器強化素材【コモン】	0x40000BB8	0xB0000BB8	2	620	0	-1	
12502900	蛇玉（子）　ダンジョン	02	8	50900				1	300	0	-1	
12502900	蛇玉（子）　ダンジョン	03	15	300200				1	15	0	-1	
12502900	蛇玉（子）　ダンジョン	04	15	300100				2	180	0	-1	
12502900	蛇玉（子）　ダンジョン	05	15	300000				2	500	0	-1	
12502940	蛇玉（子）　ダンジョン　毒	02	8	50905				1	300	0	-1	
12502940	蛇玉（子）　ダンジョン　毒	03	15	300200				1	15	0	-1	
12502940	蛇玉（子）　ダンジョン　毒	04	15	300100				2	180	0	-1	
12502940	蛇玉（子）　ダンジョン　毒	05	15	300000				2	505	0	-1	
12602700	蛇玉(子)小　森	02	8	90060				1	40	0	-1	
12602700	蛇玉(子)小　森	03	4	3000	武器強化素材【コモン】	0x40000BB8	0xB0000BB8	1	80	0	-1	
12602900	蛇玉（子）小　ダンジョン	02	8	51000				1	20	0	-1	
12602900	蛇玉（子）小　ダンジョン	03	15	300000				1	40	0	-1	
12602940	蛇玉（子）小　ダンジョン　毒	02	8	51005				1	20	0	-1	
12602940	蛇玉（子）小　ダンジョン　毒	03	15	300000				1	40	0	-1	
12702410	吸血豚　聖堂街B	02	4	1000	HP回復【PG直接指定】	0x400003E8	0xB00003E8	4	200	0	-1	
12702410	吸血豚　聖堂街B	03	4	1000	HP回復【PG直接指定】	0x400003E8	0xB00003E8	2	800	0	-1	
12702411	吸血豚　聖堂街B 　少女のリボン	02	4	4904	メッセンジャー装備（臓物まみれの白いリボン）	0x40001328	0xB0001328	1	1000	0	72410410	72410410
12702600	吸血豚　TR	02	4	1000	HP回復【PG直接指定】	0x400003E8	0xB00003E8	4	200	0	-1	
12702600	吸血豚　TR	03	4	1000	HP回復【PG直接指定】	0x400003E8	0xB00003E8	2	800	0	-1	
12702700	吸血豚　森	02	4	1000	HP回復【PG直接指定】	0x400003E8	0xB00003E8	4	200	0	-1	
12702700	吸血豚　森	03	4	1000	HP回復【PG直接指定】	0x400003E8	0xB00003E8	2	800	0	-1	
12702810	吸血豚　生贄	02	4	1000	HP回復【PG直接指定】	0x400003E8	0xB00003E8	4	200	0	-1	
12702810	吸血豚　生贄	03	4	1000	HP回復【PG直接指定】	0x400003E8	0xB00003E8	2	800	0	-1	
12702900	吸血豚　ダンジョン	02	8	51100				1	160	0	-1	
12702900	吸血豚　ダンジョン	03	4	1000	HP回復【PG直接指定】	0x400003E8	0xB00003E8	4	100	0	-1	
12702900	吸血豚　ダンジョン	04	4	1000	HP回復【PG直接指定】	0x400003E8	0xB00003E8	2	740	0	-1	
12702910	吸血豚　ダンジョン　嵐	02	8	51100				1	160	0	-1	
12702910	吸血豚　ダンジョン　嵐	03	4	1000	HP回復【PG直接指定】	0x400003E8	0xB00003E8	4	100	0	-1	
12702910	吸血豚　ダンジョン　嵐	04	4	1000	HP回復【PG直接指定】	0x400003E8	0xB00003E8	2	740	0	-1	
12702940	吸血豚　ダンジョン　毒	02	8	51105				1	160	0	-1	
12702940	吸血豚　ダンジョン　毒	03	4	1000	HP回復【PG直接指定】	0x400003E8	0xB00003E8	4	100	0	-1	
12702940	吸血豚　ダンジョン　毒	04	4	1000	HP回復【PG直接指定】	0x400003E8	0xB00003E8	2	740	0	-1	
12902300	異形ビースト（雌）　廃墟	02	8	90040				1	80	0	-1	
12902300	異形ビースト（雌）　廃墟	03	4	1000	HP回復【PG直接指定】	0x400003E8	0xB00003E8	2	300	0	-1	
12902300	異形ビースト（雌）　廃墟	04	4	1100	毒・出血回復薬	0x4000044C	0xB000044C	2	100	0	-1	
12902900	異形ビースト（雌）　ダンジョン	02	8	51200				1	80	0	-1	
12902900	異形ビースト（雌）　ダンジョン	03	4	1000	HP回復【PG直接指定】	0x400003E8	0xB00003E8	2	300	0	-1	
12903400	異形ビースト（雌）　聖堂街D	02	8	90040				1	80	0	-1	
12903400	異形ビースト（雌）　聖堂街D	03	4	1000	HP回復【PG直接指定】	0x400003E8	0xB00003E8	2	300	0	-1	
12903400	異形ビースト（雌）　聖堂街D	04	4	1100	毒・出血回復薬	0x4000044C	0xB000044C	2	100	0	-1	
13002600	死と闇の眷属（大）　TR	02	4	900	弾丸【PG直接指定】	0x40000384	0xB0000384	8	300	0	-1	
13002900	死と闇の眷属（大）　ダンジョン	02	4	900	弾丸【PG直接指定】	0x40000384	0xB0000384	8	300	0	-1	
13002940	死と闇の眷属（大）　ダンジョン　毒	02	8	60000				1	80	0	-1	
13002940	死と闇の眷属（大）　ダンジョン　毒	03	4	900	弾丸【PG直接指定】	0x40000384	0xB0000384	8	300	0	-1	
14002900	白痴の蜘蛛（子）　ダンジョン	02	4	1500	SAN値回復＋1	0x400005DC	0xB00005DC	1	10	0	-1	
14002910	白痴の蜘蛛（子）　ダンジョン　ボスのお供	02	4	1500	SAN値回復＋1	0x400005DC	0xB00005DC	1	10	0	-1	
14003200	白痴の蜘蛛（子）　大学	02	4	1500	SAN値回復＋1	0x400005DC	0xB00005DC	1	10	0	-1	
14003210	白痴の蜘蛛（子）　大学　ボスおとも	02	4	1500	SAN値回復＋1	0x400005DC	0xB00005DC	1	10	0	-1	
20002200	処刑人　墓地街	02	8	90150				1	200	0	-1	
20002200	処刑人　墓地街	03	4	1000	HP回復【PG直接指定】	0x400003E8	0xB00003E8	4	240	0	-1	
20002200	処刑人　墓地街	04	4	1000	HP回復【PG直接指定】	0x400003E8	0xB00003E8	3	520	0	-1	
20002200	処刑人　墓地街	05	4	1260	獣誘い	0x400004EC	0xB00004EC	1	40	0	-1	
20002400	処刑人　聖堂街A	02	8	90150				1	200	0	-1	
20002400	処刑人　聖堂街A	03	4	1000	HP回復【PG直接指定】	0x400003E8	0xB00003E8	4	240	0	-1	
20002400	処刑人　聖堂街A	04	4	1000	HP回復【PG直接指定】	0x400003E8	0xB00003E8	3	520	0	-1	
20002400	処刑人　聖堂街A	05	4	1260	獣誘い	0x400004EC	0xB00004EC	1	40	0	-1	
20002410	処刑人　聖堂街B	02	8	90150				1	200	0	-1	
20002410	処刑人　聖堂街B	03	4	1000	HP回復【PG直接指定】	0x400003E8	0xB00003E8	4	240	0	-1	
20002410	処刑人　聖堂街B	04	4	1000	HP回復【PG直接指定】	0x400003E8	0xB00003E8	3	520	0	-1	
20002410	処刑人　聖堂街B	05	4	1260	獣誘い	0x400004EC	0xB00004EC	1	40	0	-1	
20002700	処刑人　森	02	8	90150				1	200	0	-1	
20002700	処刑人　森	03	4	1000	HP回復【PG直接指定】	0x400003E8	0xB00003E8	4	240	0	-1	
20002700	処刑人　森	04	4	1000	HP回復【PG直接指定】	0x400003E8	0xB00003E8	3	520	0	-1	
20002700	処刑人　森	05	4	1260	獣誘い	0x400004EC	0xB00004EC	1	40	0	-1	
20102900	ダンジョン人（墓掘り）鉤　ダンジョン	02	4	1000	HP回復【PG直接指定】	0x400003E8	0xB00003E8	3	100	0	-1	
20102900	ダンジョン人（墓掘り）鉤　ダンジョン	03	4	1000	HP回復【PG直接指定】	0x400003E8	0xB00003E8	2	300	0	-1	
20102902	ダンジョン人（墓掘り）つるはし　ダンジョン	02	4	1000	HP回復【PG直接指定】	0x400003E8	0xB00003E8	2	290	0	-1	
20102902	ダンジョン人（墓掘り）つるはし　ダンジョン	03	15	702000				2	7	0	-1	
20102902	ダンジョン人（墓掘り）つるはし　ダンジョン	04	15	702000				1	80	0	-1	
20102904	ダンジョン人（墓掘り）銃　ダンジョン	02	4	900	弾丸【PG直接指定】	0x40000384	0xB0000384	3	1000	0	-1	
20102950	ダンジョン人（墓掘り）鉤　ダンジョン　強敵	02	8	54005				1	80	0	-1	
20102950	ダンジョン人（墓掘り）鉤　ダンジョン　強敵	03	4	1000	HP回復【PG直接指定】	0x400003E8	0xB00003E8	3	100	0	-1	
20102950	ダンジョン人（墓掘り）鉤　ダンジョン　強敵	04	4	1000	HP回復【PG直接指定】	0x400003E8	0xB00003E8	2	300	0	-1	
20102952	ダンジョン人（墓掘り）つるはし　ダンジョン　強敵	02	8	54005				1	80	0	-1	
20102952	ダンジョン人（墓掘り）つるはし　ダンジョン　強敵	03	15	702000				2	7	0	-1	
20102952	ダンジョン人（墓掘り）つるはし　ダンジョン　強敵	04	15	702000				1	80	0	-1	
20102952	ダンジョン人（墓掘り）つるはし　ダンジョン　強敵	05	4	1000	HP回復【PG直接指定】	0x400003E8	0xB00003E8	2	290	0	-1	
20102970	ダンジョン人（墓掘り）鉤　ダンジョン 医者	02	8	60300				1	80	0	-1	
20102970	ダンジョン人（墓掘り）鉤　ダンジョン 医者	03	4	1000	HP回復【PG直接指定】	0x400003E8	0xB00003E8	3	100	0	-1	
20102970	ダンジョン人（墓掘り）鉤　ダンジョン 医者	04	4	1000	HP回復【PG直接指定】	0x400003E8	0xB00003E8	2	300	0	-1	
20102972	ダンジョン人（墓掘り）つるはし　ダンジョン　医師	02	8	60300				1	80	0	-1	
20102972	ダンジョン人（墓掘り）つるはし　ダンジョン　医師	03	15	702000				2	7	0	-1	
20102972	ダンジョン人（墓掘り）つるはし　ダンジョン　医師	04	15	702000				1	80	0	-1	
20102972	ダンジョン人（墓掘り）つるはし　ダンジョン　医師	05	4	1000	HP回復【PG直接指定】	0x400003E8	0xB00003E8	2	290	0	-1	
20102974	ダンジョン人（墓掘り）銃　ダンジョン　医者	02	4	900	弾丸【PG直接指定】	0x40000384	0xB0000384	3	1000	0	-1	
20102980	ダンジョン人（墓掘り）鉤　ダンジョン 儀式	02	4	1000	HP回復【PG直接指定】	0x400003E8	0xB00003E8	3	100	0	-1	
20102980	ダンジョン人（墓掘り）鉤　ダンジョン 儀式	03	4	1000	HP回復【PG直接指定】	0x400003E8	0xB00003E8	2	300	0	-1	
20202400	人さらい　聖堂街A	02	4	3010	武器強化素材【アンコモン】	0x40000BC2	0xB0000BC2	1	300	0	-1	
20202400	人さらい　聖堂街A	03	4	3000	武器強化素材【コモン】	0x40000BB8	0xB0000BB8	2	650	0	-1	
20202400	人さらい　聖堂街A	04	4	1320	エンチャント【雷】	0x40000528	0xB0000528	1	50	0	-1	
20202402	人さらい　聖堂街A-生贄接続	02	4	3010	武器強化素材【アンコモン】	0x40000BC2	0xB0000BC2	1	300	0	-1	
20202402	人さらい　聖堂街A-生贄接続	03	4	3000	武器強化素材【コモン】	0x40000BB8	0xB0000BB8	2	650	0	-1	
20202402	人さらい　聖堂街A-生贄接続	04	4	1320	エンチャント【雷】	0x40000528	0xB0000528	1	50	0	-1	
20202404	人さらい　聖堂街C前半	02	4	3010	武器強化素材【アンコモン】	0x40000BC2	0xB0000BC2	1	300	0	-1	
20202404	人さらい　聖堂街C前半	03	4	3000	武器強化素材【コモン】	0x40000BB8	0xB0000BB8	2	650	0	-1	
20202404	人さらい　聖堂街C前半	04	4	1320	エンチャント【雷】	0x40000528	0xB0000528	1	50	0	-1	
20202700	人さらい　森	02	4	3010	武器強化素材【アンコモン】	0x40000BC2	0xB0000BC2	1	300	0	-1	
20202700	人さらい　森	03	4	3000	武器強化素材【コモン】	0x40000BB8	0xB0000BB8	2	650	0	-1	
20202700	人さらい　森	04	4	1320	エンチャント【雷】	0x40000528	0xB0000528	1	50	0	-1	
20202810	人さらい　生贄初回	02	4	3010	武器強化素材【アンコモン】	0x40000BC2	0xB0000BC2	1	300	0	-1	
20202810	人さらい　生贄初回	03	4	3000	武器強化素材【コモン】	0x40000BB8	0xB0000BB8	2	650	0	-1	
20202810	人さらい　生贄初回	04	4	1320	エンチャント【雷】	0x40000528	0xB0000528	1	50	0	-1	
20202900	人さらい　ダンジョン	02	15	700100				1	250	0	-1	
20202900	人さらい　ダンジョン	03	15	300100				2	250	0	-1	
20202900	人さらい　ダンジョン	04	15	300100				1	450	0	-1	
20202900	人さらい　ダンジョン	05	4	1320	エンチャント【雷】	0x40000528	0xB0000528	1	50	0	-1	
20402900	操り骸　ダンジョン　不死敵	02	8	51300				1	0	0	-1	
20502900	狂気の悪霊　ダンジョン	02	8	51400				1	0	0	-1	
20522000	狂気の悪霊　SAN値　墓地街	02	8	90001				1	250	0	-1	
20802900	月明かりのゴースト　ダンジョン	02	4	1000	HP回復【PG直接指定】	0x400003E8	0xB00003E8	10	400	0	52902200	52902200
20802900	月明かりのゴースト　ダンジョン	03	4	900	弾丸【PG直接指定】	0x40000384	0xB0000384	12	600	0	52902200	52902200
20905000	血に渇いた獣　ザコ扱い	02	8	51510				1	1000	0	-1	
21002810	アイコレクター　生贄初回	02	4	1230	石ころ	0x400004CE	0xB00004CE	6	350	0	-1	
21002810	アイコレクター　生贄初回	03	4	1230	石ころ	0x400004CE	0xB00004CE	3	610	0	-1	
21002810	アイコレクター　生贄初回	04	4	7150	儀式素材【アンコモンF】レベル1	0x40001BEE	0xB0001BEE	1	40	0	-1	
21002900	アイコレクター　ダンジョン	02	4	1230	石ころ	0x400004CE	0xB00004CE	6	250	0	-1	
21002900	アイコレクター　ダンジョン	03	4	1230	石ころ	0x400004CE	0xB00004CE	3	510	0	-1	
21002900	アイコレクター　ダンジョン	04	4	7150	儀式素材【アンコモンF】レベル1	0x40001BEE	0xB0001BEE	1	40	0	-1	
21002900	アイコレクター　ダンジョン	05	8	53905				1	200	0	-1	
21002902	アイコレクター　ダンジョン	02	4	1230	石ころ	0x400004CE	0xB00004CE	6	350	0	-1	
21002902	アイコレクター　ダンジョン	03	4	1230	石ころ	0x400004CE	0xB00004CE	3	610	0	-1	
21002902	アイコレクター　ダンジョン	04	4	7150	儀式素材【アンコモンF】レベル1	0x40001BEE	0xB0001BEE	1	40	0	-1	
21002950	アイコレクター　墓地街　ボス撃破報酬	02	4	7150	儀式素材【アンコモンF】レベル1	0x40001BEE	0xB0001BEE	4	1000	0	-1	
21003400	アイコレクター　聖堂街D	02	4	1230	石ころ	0x400004CE	0xB00004CE	6	350	0	-1	
21003400	アイコレクター　聖堂街D	03	4	1230	石ころ	0x400004CE	0xB00004CE	3	610	0	-1	
21003400	アイコレクター　聖堂街D	04	4	7150	儀式素材【アンコモンF】レベル1	0x40001BEE	0xB0001BEE	1	40	0	-1	
21102900	蜘蛛のクトゥルフ　ダンジョン	02	8	51600				1	200	0	-1	
21102900	蜘蛛のクトゥルフ　ダンジョン	03	4	900	弾丸【PG直接指定】	0x40000384	0xB0000384	4	250	0	-1	
21102900	蜘蛛のクトゥルフ　ダンジョン	04	4	900	弾丸【PG直接指定】	0x40000384	0xB0000384	3	510	0	-1	
21102900	蜘蛛のクトゥルフ　ダンジョン	05	4	7100	儀式素材【アンコモンA】レベル1	0x40001BBC	0xB0001BBC	1	40	0	-1	
21103200	蜘蛛のクトゥルフ　大学	02	4	900	弾丸【PG直接指定】	0x40000384	0xB0000384	4	100	0	-1	
21103200	蜘蛛のクトゥルフ　大学	03	4	900	弾丸【PG直接指定】	0x40000384	0xB0000384	3	150	0	-1	
21103200	蜘蛛のクトゥルフ　大学	04	4	1101	狂気・獣化回復薬	0x4000044D	0xB000044D	1	50	0	-1	
21202600	闇の旅団　剣　TR	02	4	1000	HP回復【PG直接指定】	0x400003E8	0xB00003E8	3	200	0	-1	
21202600	闇の旅団　剣　TR	03	4	1000	HP回復【PG直接指定】	0x400003E8	0xB00003E8	2	200	0	-1	
21202602	闇の旅団　剣・蝋燭　TR	02	4	1000	HP回復【PG直接指定】	0x400003E8	0xB00003E8	3	200	0	-1	
21202602	闇の旅団　剣・蝋燭　TR	03	4	900	弾丸【PG直接指定】	0x40000384	0xB0000384	3	200	0	-1	
21202604	闇の旅団　槌・オーブ　TR	02	4	1000	HP回復【PG直接指定】	0x400003E8	0xB00003E8	3	200	0	-1	
21202604	闇の旅団　槌・オーブ　TR	03	4	900	弾丸【PG直接指定】	0x40000384	0xB0000384	3	200	0	-1	
21202606	闇の旅団　銃　TR	02	4	900	弾丸【PG直接指定】	0x40000384	0xB0000384	4	200	0	-1	
21202606	闇の旅団　銃　TR	03	4	900	弾丸【PG直接指定】	0x40000384	0xB0000384	3	200	0	-1	
21202900	闇の旅団　剣　ダンジョン	02	4	1000	HP回復【PG直接指定】	0x400003E8	0xB00003E8	3	150	0	-1	
21202900	闇の旅団　剣　ダンジョン	03	4	1000	HP回復【PG直接指定】	0x400003E8	0xB00003E8	2	150	0	-1	
21202900	闇の旅団　剣　ダンジョン	04	15	700100				1	150	0	-1	
21202902	闇の旅団　剣・蝋燭　ダンジョン	02	4	1000	HP回復【PG直接指定】	0x400003E8	0xB00003E8	3	150	0	-1	
21202902	闇の旅団　剣・蝋燭　ダンジョン	03	4	900	弾丸【PG直接指定】	0x40000384	0xB0000384	3	150	0	-1	
21202902	闇の旅団　剣・蝋燭　ダンジョン	04	15	700100				1	150	0	-1	
21202904	闇の旅団　オーブ・鎚　ダンジョン	02	4	1000	HP回復【PG直接指定】	0x400003E8	0xB00003E8	3	150	0	-1	
21202904	闇の旅団　オーブ・鎚　ダンジョン	03	4	900	弾丸【PG直接指定】	0x40000384	0xB0000384	3	150	0	-1	
21202904	闇の旅団　オーブ・鎚　ダンジョン	04	15	700100				1	150	0	-1	
21302500	血舐め　古城	02	8	90110				1	160	0	-1	
21302900	血舐め　ダンジョン	02	8	53800				1	160	0	-1	
21303400	血舐め　聖堂街D	02	8	90320				1	160	0	-1	
21602900	滅びの炎の眷属　ダンジョン	02	8	51700				1	300	0	-1	
21602900	滅びの炎の眷属　ダンジョン	03	4	1000	HP回復【PG直接指定】	0x400003E8	0xB00003E8	3	300	0	-1	
21602900	滅びの炎の眷属　ダンジョン	04	4	1000	HP回復【PG直接指定】	0x400003E8	0xB00003E8	2	400	0	-1	
21702700	蛇沼からの使者　森	02	8	90080				1	250	0	-1	
21702700	蛇沼からの使者　森	03	4	1000	HP回復【PG直接指定】	0x400003E8	0xB00003E8	3	200	0	-1	
21702700	蛇沼からの使者　森	04	4	1000	HP回復【PG直接指定】	0x400003E8	0xB00003E8	2	550	0	-1	
21802600	銀の獣の眷属（松明）　TR	02	8	90100				1	160	0	-1	
21802602	銀の獣の眷属（寄生虫）　TR	02	8	90100				1	160	0	-1	
21802604	銀の獣の眷属（四脚）　TR	02	8	90100				1	160	0	-1	
21802900	銀の獣の眷属　ダンジョン	02	8	51800				1	250	0	-1	
21802900	銀の獣の眷属　ダンジョン	03	4	1000	HP回復【PG直接指定】	0x400003E8	0xB00003E8	3	300	0	-1	
21802900	銀の獣の眷属　ダンジョン	04	4	1000	HP回復【PG直接指定】	0x400003E8	0xB00003E8	2	410	0	-1	
21802900	銀の獣の眷属　ダンジョン	05	4	7140	儀式素材【アンコモンE】レベル1	0x40001BE4	0xB0001BE4	1	40	0	-1	
21803300	銀の獣の眷属（松明）　故郷	02	8	90100				1	250	0	-1	
21803302	銀の獣の眷属（寄生虫）　故郷	02	8	90100				1	250	0	-1	
21803304	銀の獣の眷属（四脚）　故郷	02	8	90100				1	250	0	-1	
21902500	銀の獣の眷属　寄生虫　古城	02	4	1510	ソウル【0】	0x400005E6	0xB00005E6	1	100	0	-1	
21902500	銀の獣の眷属　寄生虫　古城	03	4	1511	ソウル【1】	0x400005E7	0xB00005E7	1	70	0	-1	
21902500	銀の獣の眷属　寄生虫　古城	04	4	1512	ソウル【2】	0x400005E8	0xB00005E8	1	30	0	-1	
21902600	銀の獣の眷属　寄生虫　TR	02	4	1510	ソウル【0】	0x400005E6	0xB00005E6	1	100	0	-1	
21902600	銀の獣の眷属　寄生虫　TR	03	4	1511	ソウル【1】	0x400005E7	0xB00005E7	1	70	0	-1	
21902600	銀の獣の眷属　寄生虫　TR	04	4	1512	ソウル【2】	0x400005E8	0xB00005E8	1	30	0	-1	
21902900	銀の獣の眷属　寄生虫　ダンジョン	02	4	1510	ソウル【0】	0x400005E6	0xB00005E6	1	100	0	-1	
21902900	銀の獣の眷属　寄生虫　ダンジョン	03	4	1511	ソウル【1】	0x400005E7	0xB00005E7	1	70	0	-1	
21902900	銀の獣の眷属　寄生虫　ダンジョン	04	4	1512	ソウル【2】	0x400005E8	0xB00005E8	1	30	0	-1	
21903300	銀の獣の眷属　寄生虫　故郷	02	4	1510	ソウル【0】	0x400005E6	0xB00005E6	1	100	0	-1	
21903300	銀の獣の眷属　寄生虫　故郷	03	4	1511	ソウル【1】	0x400005E7	0xB00005E7	1	70	0	-1	
21903300	銀の獣の眷属　寄生虫　故郷	04	4	1512	ソウル【2】	0x400005E8	0xB00005E8	1	30	0	-1	
22502600	牢番A　剣のみ＋クロスボウ　TR	02	8	90130				1	80	0	-1	
22502602	牢番A　剣＋盾　TR	02	8	90130				1	80	0	-1	
22502604	牢番A　鞭　TR	02	8	90130				1	80	0	-1	
22502606	牢番A　素手（弱そう）　TR	02	8	90130				1	15	0	-1	
22502610	牢番A　ポロポロ落とす　TR	01	4	1100	毒・出血回復薬	0x4000044C	0xB000044C	1	300	0	-1	
22502610	牢番A　ポロポロ落とす　TR	02	4	1110	獣化薬	0x40000456	0xB0000456	1	90	0	-1	
22502610	牢番A　ポロポロ落とす　TR	03	4	1510	ソウル【0】	0x400005E6	0xB00005E6	1	300	0	-1	
22502610	牢番A　ポロポロ落とす　TR	04	4	1511	ソウル【1】	0x400005E7	0xB00005E7	1	200	0	-1	
22502610	牢番A　ポロポロ落とす　TR	05	4	1512	ソウル【2】	0x400005E8	0xB00005E8	1	100	0	-1	
22502610	牢番A　ポロポロ落とす　TR	06	4	704	血濡れの赤子	0x400002C0	0xB00002C0	1	10	0	-1	
22602600	牢番B　鎖鞭　TR	02	8	90140				1	300	0	-1	
22602602	牢番B　オーブ　TR	02	8	90140				1	300	0	-1	
23302500	王の召使い（剣）　古城	02	4	1000	HP回復【PG直接指定】	0x400003E8	0xB00003E8	2	950	0	-1	
23302500	王の召使い（剣）　古城	03	4	1270	HP回復不可	0x400004F6	0xB00004F6	1	50	0	-1	
23302502	王の召使い（杖のみ）　古城	02	4	1000	HP回復【PG直接指定】	0x400003E8	0xB00003E8	1	220	0	-1	
23302504	王の召使い（杖＋燭台）　古城	02	4	900	弾丸【PG直接指定】	0x40000384	0xB0000384	2	220	0	-1	
24002600	捨て子の巨人　TR	02	4	3010	武器強化素材【アンコモン】	0x40000BC2	0xB0000BC2	3	80	0	-1	
24002600	捨て子の巨人　TR	03	4	3010	武器強化素材【アンコモン】	0x40000BC2	0xB0000BC2	1	280	0	-1	
24002600	捨て子の巨人　TR	04	4	2030	ヌルヌル化	0x400007EE	0xB00007EE	1	20	0	-1	
24003300	捨て子の巨人　故郷	02	4	3000	武器強化素材【コモン】	0x40000BB8	0xB0000BB8	3	80	0	-1	
24003300	捨て子の巨人　故郷	03	4	3000	武器強化素材【コモン】	0x40000BB8	0xB0000BB8	1	280	0	-1	
24003300	捨て子の巨人　故郷	04	4	2030	ヌルヌル化	0x400007EE	0xB00007EE	1	20	0	-1	
25002700	月からの使者　森	02	8	90090				1	300	0	-1	
25002700	月からの使者　森	03	4	1120	石ころ帽子	0x40000460	0xB0000460	1	10	0	-1	
25002900	月からの使者　ダンジョン	02	8	51900				1	40	0	-1	
25002900	月からの使者　ダンジョン	03	4	900	弾丸【PG直接指定】	0x40000384	0xB0000384	2	300	0	-1	
25002900	月からの使者　ダンジョン	04	4	1120	石ころ帽子	0x40000460	0xB0000460	1	10	0	-1	
25002902	月からの使者　触手あり　ダンジョン	02	8	51901				1	40	0	-1	
25002902	月からの使者　触手あり　ダンジョン	03	4	900	弾丸【PG直接指定】	0x40000384	0xB0000384	2	300	0	-1	
25002902	月からの使者　触手あり　ダンジョン	04	4	1120	石ころ帽子	0x40000460	0xB0000460	1	10	0	-1	
25002910	月からの使者　ダンジョン　宇宙	02	8	51900				1	40	0	-1	
25002910	月からの使者　ダンジョン　宇宙	03	4	900	弾丸【PG直接指定】	0x40000384	0xB0000384	2	300	0	-1	
25002910	月からの使者　ダンジョン　宇宙	04	4	1120	石ころ帽子	0x40000460	0xB0000460	1	10	0	-1	
25002912	月からの使者　触手あり　ダンジョン　宇宙	02	8	51906				1	40	0	-1	
25002912	月からの使者　触手あり　ダンジョン　宇宙	03	4	900	弾丸【PG直接指定】	0x40000384	0xB0000384	2	300	0	-1	
25002912	月からの使者　触手あり　ダンジョン　宇宙	04	4	1120	石ころ帽子	0x40000460	0xB0000460	1	10	0	-1	
25202420	月の幼生　聖堂街C	02	4	1500	SAN値回復＋1	0x400005DC	0xB00005DC	1	1	0	-1	
25202900	月の幼生　ダンジョン	02	4	1500	SAN値回復＋1	0x400005DC	0xB00005DC	1	1	0	-1	
25302900	星の花　ダンジョン	02	4	7050	儀式素材のかけら	0x40001B8A	0xB0001B8A	3	80	0	-1	
25302900	星の花　ダンジョン	03	4	7050	儀式素材のかけら	0x40001B8A	0xB0001B8A	2	300	0	-1	
25302900	星の花　ダンジョン	04	4	7050	儀式素材のかけら	0x40001B8A	0xB0001B8A	1	620	0	-1	
25302910	星の花　ダンジョン　宇宙	02	4	7050	儀式素材のかけら	0x40001B8A	0xB0001B8A	3	80	0	-1	
25302910	星の花　ダンジョン　宇宙	03	4	7050	儀式素材のかけら	0x40001B8A	0xB0001B8A	2	300	0	-1	
25302910	星の花　ダンジョン　宇宙	04	4	7050	儀式素材のかけら	0x40001B8A	0xB0001B8A	1	540	0	-1	
25302910	星の花　ダンジョン　宇宙	05	8	60200				1	80	0	-1	
25303200	星の花　大学	02	4	7050	儀式素材のかけら	0x40001B8A	0xB0001B8A	1	1000	0	-1	
25403300	這い寄るもの（小）　故郷	02	4	1515	ソウル【5】	0x400005EB	0xB00005EB	1	20	0	-1	
25403300	這い寄るもの（小）　故郷	03	4	1514	ソウル【4】	0x400005EA	0xB00005EA	1	80	0	-1	
25403300	這い寄るもの（小）　故郷	04	4	1513	ソウル【3】	0x400005E9	0xB00005E9	1	100	0	-1	
25503300	這い寄るもの（大）　故郷	02	4	1515	ソウル【5】	0x400005EB	0xB00005EB	1	40	0	-1	
25503300	這い寄るもの（大）　故郷	03	4	1514	ソウル【4】	0x400005EA	0xB00005EA	1	160	0	-1	
25503300	這い寄るもの（大）　故郷	04	4	1513	ソウル【3】	0x400005E9	0xB00005E9	1	200	0	-1	
25602600	ほおずき　TR	02	8	90010				1	330	0	-1	
25602600	ほおずき　TR	03	4	900	弾丸【PG直接指定】	0x40000384	0xB0000384	3	620	0	-1	
25602600	ほおずき　TR	04	4	1230	石ころ	0x400004CE	0xB00004CE	10	50	0	-1	
25603300	ほおずき　故郷	02	8	90010				1	330	0	-1	
25603300	ほおずき　故郷	03	4	900	弾丸【PG直接指定】	0x40000384	0xB0000384	3	620	0	-1	
25603300	ほおずき　故郷	04	4	1230	石ころ	0x400004CE	0xB00004CE	10	50	0	-1	
25603600	ほおずき　漁村	02	8	90250				1	330	0	-1	
25603600	ほおずき　漁村	03	4	900	弾丸【PG直接指定】	0x40000384	0xB0000384	3	620	0	-1	
25603600	ほおずき　漁村	04	4	1230	石ころ	0x400004CE	0xB00004CE	10	50	0	-1	
25700000	月からの使者（大）　聖堂街C	02	8	102904				1	1000	0	-1	
25700005	月からの使者（大）　聖堂街C	02	4	1500	SAN値回復＋1	0x400005DC	0xB00005DC	1	1000	0	-1	
26002400	恐ろしい群衆　聖堂街A	02	4	1000	HP回復【PG直接指定】	0x400003E8	0xB00003E8	2	790	0	-1	
26002400	恐ろしい群衆　聖堂街A	03	4	3000	武器強化素材【コモン】	0x40000BB8	0xB0000BB8	1	160	0	-1	
26002400	恐ろしい群衆　聖堂街A	04	4	1220	油壺	0x400004C4	0xB00004C4	1	50	0	-1	
26002410	恐ろしい群衆　聖堂街B	02	4	1000	HP回復【PG直接指定】	0x400003E8	0xB00003E8	2	790	0	-1	
26002410	恐ろしい群衆　聖堂街B	03	4	3000	武器強化素材【コモン】	0x40000BB8	0xB0000BB8	1	160	0	-1	
26002410	恐ろしい群衆　聖堂街B	04	4	1220	油壺	0x400004C4	0xB00004C4	1	50	0	-1	
26002700	恐ろしい群衆　森	02	4	1000	HP回復【PG直接指定】	0x400003E8	0xB00003E8	2	790	0	-1	
26002700	恐ろしい群衆　森	03	4	3010	武器強化素材【アンコモン】	0x40000BC2	0xB0000BC2	1	160	0	-1	
26002700	恐ろしい群衆　森	04	4	1220	油壺	0x400004C4	0xB00004C4	1	50	0	-1	
26102200	群衆女　松明　墓地街	02	8	90050				1	50	0	-1	
26102200	群衆女　松明　墓地街	03	4	1000	HP回復【PG直接指定】	0x400003E8	0xB00003E8	1	160	0	-1	
26102200	群衆女　松明　墓地街	04	4	900	弾丸【PG直接指定】	0x40000384	0xB0000384	2	50	0	-1	
26102202	群衆女　鎌　墓地街	02	8	90050				1	25	0	-1	
26102202	群衆女　鎌　墓地街	03	4	1000	HP回復【PG直接指定】	0x400003E8	0xB00003E8	1	80	0	-1	
26102204	群衆女　焼きごて　墓地街	02	8	90050				1	25	0	-1	
26102204	群衆女　焼きごて　墓地街	03	4	1000	HP回復【PG直接指定】	0x400003E8	0xB00003E8	1	80	0	-1	
26102206	群衆女　ハンマー　墓地街	02	8	90050				1	25	0	-1	
26102206	群衆女　ハンマー　墓地街	03	4	1000	HP回復【PG直接指定】	0x400003E8	0xB00003E8	2	160	0	-1	
26102208	群衆女　投擲　墓地街	02	8	90050				1	25	0	-1	
26102208	群衆女　投擲　墓地街	03	4	1000	HP回復【PG直接指定】	0x400003E8	0xB00003E8	1	80	0	-1	
26102208	群衆女　投擲　墓地街	04	4	1200	火炎壺	0x400004B0	0xB00004B0	2	100	0	-1	
26102800	群衆女　生贄　鎌（1匹目）	02	8	90050				1	10	0	-1	
26102800	群衆女　生贄　鎌（1匹目）	03	4	1000	HP回復【PG直接指定】	0x400003E8	0xB00003E8	1	40	0	-1	
26102810	群衆女　生贄　鉈松明（1匹目）	02	8	90050				1	25	0	-1	
26102810	群衆女　生贄　鉈松明（1匹目）	03	4	1000	HP回復【PG直接指定】	0x400003E8	0xB00003E8	1	80	0	-1	
26102810	群衆女　生贄　鉈松明（1匹目）	04	4	900	弾丸【PG直接指定】	0x40000384	0xB0000384	2	25	0	-1	
26102820	群衆女　生贄　焼きごて（1匹目）	02	8	90050				1	10	0	-1	
26102820	群衆女　生贄　焼きごて（1匹目）	03	4	1000	HP回復【PG直接指定】	0x400003E8	0xB00003E8	1	40	0	-1	
26102830	群衆女　生贄　ハンマー（1匹目）	02	8	90050				1	10	0	-1	
26102830	群衆女　生贄　ハンマー（1匹目）	03	4	1000	HP回復【PG直接指定】	0x400003E8	0xB00003E8	2	80	0	-1	
26102840	群衆女　生贄　鉈投擲（1匹目）	02	8	90050				1	10	0	-1	
26102840	群衆女　生贄　鉈投擲（1匹目）	03	4	1000	HP回復【PG直接指定】	0x400003E8	0xB00003E8	1	40	0	-1	
26102840	群衆女　生贄　鉈投擲（1匹目）	04	4	1200	火炎壺	0x400004B0	0xB00004B0	2	50	0	-1	
26202200	群衆（車椅子）　墓地街　短筒	02	4	900	弾丸【PG直接指定】	0x40000384	0xB0000384	4	1000	0	-1	
26202400	群衆（車椅子）　聖堂街A	02	4	900	弾丸【PG直接指定】	0x40000384	0xB0000384	4	1000	0	-1	
26202410	群衆（車椅子）　聖堂街B	02	4	900	弾丸【PG直接指定】	0x40000384	0xB0000384	4	1000	0	-1	
26202412	群衆（車椅子）_ガトリング　聖堂街B	02	4	900	弾丸【PG直接指定】	0x40000384	0xB0000384	4	1000	0	-1	
26202420	群衆（車椅子）　聖堂街C	02	4	900	弾丸【PG直接指定】	0x40000384	0xB0000384	4	1000	0	-1	
26202422	群衆（車椅子）_火炎放射　聖堂街C	02	4	900	弾丸【PG直接指定】	0x40000384	0xB0000384	4	1000	0	-1	
26202424	群衆（車椅子）_ガトリング　聖堂街C	02	4	900	弾丸【PG直接指定】	0x40000384	0xB0000384	4	1000	0	-1	
26202800	群衆（車椅子）　生贄　ライフル(1匹目)	02	4	900	弾丸【PG直接指定】	0x40000384	0xB0000384	4	500	0	-1	
26202810	群衆（車椅子）　生贄　短筒(1匹目)	02	4	900	弾丸【PG直接指定】	0x40000384	0xB0000384	4	500	0	-1	
26202820	群衆（車椅子）　生贄　ガトリング(1匹目)	02	4	900	弾丸【PG直接指定】	0x40000384	0xB0000384	4	500	0	-1	
26202830	群衆（車椅子）　生贄　火炎放射(1匹目)	02	4	900	弾丸【PG直接指定】	0x40000384	0xB0000384	4	500	0	-1	
26203500	群衆（車椅子） 短筒　聖堂街C	02	4	900	弾丸【PG直接指定】	0x40000384	0xB0000384	4	760	0	-1	
26203500	群衆（車椅子） 短筒　聖堂街C	03	4	1100	毒・出血回復薬	0x4000044C	0xB000044C	2	120	0	-1	
26203500	群衆（車椅子） 短筒　聖堂街C	04	4	1101	狂気・獣化回復薬	0x4000044D	0xB000044D	1	40	0	-1	
26203500	群衆（車椅子） 短筒　聖堂街C	05	4	1110	獣化薬	0x40000456	0xB0000456	1	40	0	-1	
26203500	群衆（車椅子） 短筒　聖堂街C	06	4	1120	石ころ帽子	0x40000460	0xB0000460	1	40	0	-1	
26203510	群衆（車椅子）_ガトリング　聖堂街C	02	4	900	弾丸【PG直接指定】	0x40000384	0xB0000384	6	760	0	-1	
26203510	群衆（車椅子）_ガトリング　聖堂街C	03	4	1100	毒・出血回復薬	0x4000044C	0xB000044C	2	120	0	-1	
26203510	群衆（車椅子）_ガトリング　聖堂街C	04	4	1101	狂気・獣化回復薬	0x4000044D	0xB000044D	1	40	0	-1	
26203510	群衆（車椅子）_ガトリング　聖堂街C	05	4	1110	獣化薬	0x40000456	0xB0000456	1	40	0	-1	
26203510	群衆（車椅子）_ガトリング　聖堂街C	06	4	1120	石ころ帽子	0x40000460	0xB0000460	1	40	0	-1	
26203520	群衆（車椅子） 噴霧器　聖堂街C	02	4	900	弾丸【PG直接指定】	0x40000384	0xB0000384	4	670	0	-1	
26203520	群衆（車椅子） 噴霧器　聖堂街C	03	4	1100	毒・出血回復薬	0x4000044C	0xB000044C	2	150	0	-1	
26203520	群衆（車椅子） 噴霧器　聖堂街C	04	4	1101	狂気・獣化回復薬	0x4000044D	0xB000044D	1	60	0	-1	
26203520	群衆（車椅子） 噴霧器　聖堂街C	05	4	1110	獣化薬	0x40000456	0xB0000456	1	60	0	-1	
26203520	群衆（車椅子） 噴霧器　聖堂街C	06	4	1120	石ころ帽子	0x40000460	0xB0000460	1	60	0	-1	
27002400	教会の使者 杖　聖堂街A	02	4	1000	HP回復【PG直接指定】	0x400003E8	0xB00003E8	2	210	0	-1	
27002400	教会の使者 杖　聖堂街A	03	4	1120	石ころ帽子	0x40000460	0xB0000460	1	10	0	-1	
27002402	教会の使者 銃　聖堂街A	02	4	900	弾丸【PG直接指定】	0x40000384	0xB0000384	3	990	0	-1	
27002402	教会の使者 銃　聖堂街A	03	4	1120	石ころ帽子	0x40000460	0xB0000460	1	10	0	-1	
27002404	教会の使者 ランタン　聖堂街A	02	4	1000	HP回復【PG直接指定】	0x400003E8	0xB00003E8	2	210	0	-1	
27002404	教会の使者 ランタン　聖堂街A	03	4	900	弾丸【PG直接指定】	0x40000384	0xB0000384	3	210	0	-1	
27002404	教会の使者 ランタン　聖堂街A	04	4	1120	石ころ帽子	0x40000460	0xB0000460	1	10	0	-1	
27002406	教会の使者 十字架　聖堂街A	02	4	1000	HP回復【PG直接指定】	0x400003E8	0xB00003E8	2	210	0	-1	
27002406	教会の使者 十字架　聖堂街A	03	4	900	弾丸【PG直接指定】	0x40000384	0xB0000384	3	210	0	-1	
27002406	教会の使者 十字架　聖堂街A	04	4	1120	石ころ帽子	0x40000460	0xB0000460	1	10	0	-1	
27002408	教会の使者 鎌　聖堂街A	02	4	1000	HP回復【PG直接指定】	0x400003E8	0xB00003E8	3	420	0	-1	
27002408	教会の使者 鎌　聖堂街A	03	4	1120	石ころ帽子	0x40000460	0xB0000460	1	10	0	-1	
27002410	教会の使者 火炎放射　聖堂街A	02	4	900	弾丸【PG直接指定】	0x40000384	0xB0000384	3	990	0	-1	
27002410	教会の使者 火炎放射　聖堂街A	03	4	1120	石ころ帽子	0x40000460	0xB0000460	1	10	0	-1	
27002420	教会の使者 杖　聖堂街A	02	4	1000	HP回復【PG直接指定】	0x400003E8	0xB00003E8	2	210	0	-1	
27002420	教会の使者 杖　聖堂街A	03	4	1120	石ころ帽子	0x40000460	0xB0000460	1	10	0	-1	
27002422	教会の使者 銃　聖堂街A	02	4	900	弾丸【PG直接指定】	0x40000384	0xB0000384	3	990	0	-1	
27002422	教会の使者 銃　聖堂街A	03	4	1120	石ころ帽子	0x40000460	0xB0000460	1	10	0	-1	
27002424	教会の使者 ランタン　聖堂街A	02	4	1000	HP回復【PG直接指定】	0x400003E8	0xB00003E8	2	210	0	-1	
27002424	教会の使者 ランタン　聖堂街A	03	4	900	弾丸【PG直接指定】	0x40000384	0xB0000384	3	210	0	-1	
27002424	教会の使者 ランタン　聖堂街A	04	4	1120	石ころ帽子	0x40000460	0xB0000460	1	10	0	-1	
27002426	教会の使者 十字架　聖堂街A	02	4	1000	HP回復【PG直接指定】	0x400003E8	0xB00003E8	2	210	0	-1	
27002426	教会の使者 十字架　聖堂街A	03	4	900	弾丸【PG直接指定】	0x40000384	0xB0000384	3	210	0	-1	
27002426	教会の使者 十字架　聖堂街A	04	4	1120	石ころ帽子	0x40000460	0xB0000460	1	10	0	-1	
27002428	教会の使者 鎌　聖堂街A	02	4	1000	HP回復【PG直接指定】	0x400003E8	0xB00003E8	3	420	0	-1	
27002428	教会の使者 鎌　聖堂街A	03	4	1120	石ころ帽子	0x40000460	0xB0000460	1	10	0	-1	
27002430	教会の使者 火炎放射　聖堂街A	02	4	900	弾丸【PG直接指定】	0x40000384	0xB0000384	3	990	0	-1	
27002430	教会の使者 火炎放射　聖堂街A	03	4	1120	石ころ帽子	0x40000460	0xB0000460	1	10	0	-1	
27003500	教会の使者 杖　時計塔	02	4	1000	HP回復【PG直接指定】	0x400003E8	0xB00003E8	2	210	0	-1	
27003500	教会の使者 杖　時計塔	03	4	1120	石ころ帽子	0x40000460	0xB0000460	1	10	0	-1	
27100000	ガスコイン神父（獣）　聖堂街B	02	4	4000	聖堂街Bの鍵	0x40000FA0	0xB0000FA0	1	100	0	-1	
27302400	医療教会のフランケン　斧　聖堂街A	02	4	1000	HP回復【PG直接指定】	0x400003E8	0xB00003E8	3	540	0	-1	
27302400	医療教会のフランケン　斧　聖堂街A	03	4	3000	武器強化素材【コモン】	0x40000BB8	0xB0000BB8	1	430	0	-1	
27302400	医療教会のフランケン　斧　聖堂街A	04	4	1120	石ころ帽子	0x40000460	0xB0000460	1	30	0	-1	
27302410	医療教会のフランケン　鎖鉄球　聖堂街A	02	4	1000	HP回復【PG直接指定】	0x400003E8	0xB00003E8	3	540	0	-1	
27302410	医療教会のフランケン　鎖鉄球　聖堂街A	03	4	3000	武器強化素材【コモン】	0x40000BB8	0xB0000BB8	1	430	0	-1	
27302410	医療教会のフランケン　鎖鉄球　聖堂街A	04	4	1120	石ころ帽子	0x40000460	0xB0000460	1	30	0	-1	
27302720	医療教会のフランケン　炎の拳　森⇔聖B	02	4	3010	武器強化素材【アンコモン】	0x40000BC2	0xB0000BC2	1	250	0	-1	
27302720	医療教会のフランケン　炎の拳　森⇔聖B	03	4	3000	武器強化素材【コモン】	0x40000BB8	0xB0000BB8	1	720	0	-1	
27302720	医療教会のフランケン　炎の拳　森⇔聖B	04	4	1120	石ころ帽子	0x40000460	0xB0000460	1	30	0	-1	
27303220	医療教会のフランケン　炎の拳　悪夢教室	02	4	3020	武器強化素材【レア】	0x40000BCC	0xB0000BCC	1	40	0	-1	
27303220	医療教会のフランケン　炎の拳　悪夢教室	03	4	3010	武器強化素材【アンコモン】	0x40000BC2	0xB0000BC2	1	930	0	-1	
27303220	医療教会のフランケン　炎の拳　悪夢教室	04	4	1120	石ころ帽子	0x40000460	0xB0000460	1	30	0	-1	
27403200	学徒　大学	02	4	900	弾丸【PG直接指定】	0x40000384	0xB0000384	3	180	0	-1	
27403200	学徒　大学	03	4	1101	狂気・獣化回復薬	0x4000044D	0xB000044D	1	20	0	-1	
27403202	学徒（瓶持ち）　大学	02	4	900	弾丸【PG直接指定】	0x40000384	0xB0000384	3	180	0	-1	
27403202	学徒（瓶持ち）　大学	03	4	1101	狂気・獣化回復薬	0x4000044D	0xB000044D	1	20	0	-1	
30002900	ダンジョン人（司祭）　ダンジョン	02	8	52200				1	20	0	-1	
30002900	ダンジョン人（司祭）　ダンジョン	03	15	700000				1	40	0	-1	
30002905	ダンジョン人（司祭）　ダンジョン 格闘タイプ	02	8	52205				1	200	0	-1	
30002905	ダンジョン人（司祭）　ダンジョン 格闘タイプ	03	15	700000				1	40	0	-1	
30002920	ダンジョン人（司祭）　ダンジョン　宇宙	02	8	52206				1	20	0	-1	
30002920	ダンジョン人（司祭）　ダンジョン　宇宙	03	15	700000				1	40	0	-1	
30102900	ダンジョン人（奴隷）剣鉈　ダンジョン	02	4	1000	HP回復【PG直接指定】	0x400003E8	0xB00003E8	1	80	0	-1	
30102902	ダンジョン人（奴隷）ランタン　ダンジョン	02	4	1000	HP回復【PG直接指定】	0x400003E8	0xB00003E8	1	80	0	-1	
30102902	ダンジョン人（奴隷）ランタン　ダンジョン	03	4	900	弾丸【PG直接指定】	0x40000384	0xB0000384	2	80	0	-1	
30102904	ダンジョン人（奴隷）斧ポール　ダンジョン	02	4	1000	HP回復【PG直接指定】	0x400003E8	0xB00003E8	2	140	0	-1	
30102906	ダンジョン人（奴隷）斧・斧　ダンジョン	02	4	1000	HP回復【PG直接指定】	0x400003E8	0xB00003E8	2	80	0	-1	
30102908	ダンジョン人（奴隷）剣・着衣　ダンジョン	02	4	1000	HP回復【PG直接指定】	0x400003E8	0xB00003E8	1	180	0	-1	
30102910	ダンジョン人（奴隷）剣鉈　ダンジョン　ステルス投げナイフ	02	4	1210	毒ナイフ	0x400004BA	0xB00004BA	1	80	0	-1	
30102920	ダンジョン人（奴隷）剣鉈　ダンジョン　無気力	02	4	1000	HP回復【PG直接指定】	0x400003E8	0xB00003E8	1	80	0	-1	
30102930	ダンジョン人（奴隷）鉈投擲　ダンジョン	02	4	1000	HP回復【PG直接指定】	0x400003E8	0xB00003E8	1	80	0	-1	
30102930	ダンジョン人（奴隷）鉈投擲　ダンジョン	03	4	1210	毒ナイフ	0x400004BA	0xB00004BA	1	80	0	-1	
30102932	ダンジョン人（奴隷）鉈投擲　ダンジョン　毒	02	8	60000				1	40	0	-1	
30102932	ダンジョン人（奴隷）鉈投擲　ダンジョン　毒	03	4	1000	HP回復【PG直接指定】	0x400003E8	0xB00003E8	1	80	0	-1	
30102932	ダンジョン人（奴隷）鉈投擲　ダンジョン　毒	04	4	1210	毒ナイフ	0x400004BA	0xB00004BA	1	80	0	-1	
30102934	ダンジョン人（奴隷）鉈投擲　ダンジョン　強敵	02	8	52305				1	40	0	-1	
30102934	ダンジョン人（奴隷）鉈投擲　ダンジョン　強敵	03	4	1000	HP回復【PG直接指定】	0x400003E8	0xB00003E8	1	80	0	-1	
30102934	ダンジョン人（奴隷）鉈投擲　ダンジョン　強敵	04	4	1210	毒ナイフ	0x400004BA	0xB00004BA	1	80	0	-1	
30102936	ダンジョン人（奴隷）鉈投擲　ダンジョン　毒+強敵	02	8	52305				1	40	0	-1	
30102936	ダンジョン人（奴隷）鉈投擲　ダンジョン　毒+強敵	03	4	1000	HP回復【PG直接指定】	0x400003E8	0xB00003E8	1	80	0	-1	
30102936	ダンジョン人（奴隷）鉈投擲　ダンジョン　毒+強敵	04	4	1210	毒ナイフ	0x400004BA	0xB00004BA	1	80	0	-1	
30102940	ダンジョン人（奴隷）剣鉈　ダンジョン　毒	02	8	60000				1	40	0	-1	
30102940	ダンジョン人（奴隷）剣鉈　ダンジョン　毒	03	4	1000	HP回復【PG直接指定】	0x400003E8	0xB00003E8	1	80	0	-1	
30102942	ダンジョン人（奴隷）ランタン　ダンジョン　毒	02	8	60000				1	40	0	-1	
30102942	ダンジョン人（奴隷）ランタン　ダンジョン　毒	03	4	1000	HP回復【PG直接指定】	0x400003E8	0xB00003E8	1	80	0	-1	
30102942	ダンジョン人（奴隷）ランタン　ダンジョン　毒	04	4	900	弾丸【PG直接指定】	0x40000384	0xB0000384	2	80	0	-1	
30102944	ダンジョン人（奴隷）斧ポール　ダンジョン　毒	02	8	60000				1	40	0	-1	
30102944	ダンジョン人（奴隷）斧ポール　ダンジョン　毒	03	4	1000	HP回復【PG直接指定】	0x400003E8	0xB00003E8	2	140	0	-1	
30102946	ダンジョン人（奴隷）斧・斧　ダンジョン　毒	02	8	60000				1	40	0	-1	
30102946	ダンジョン人（奴隷）斧・斧　ダンジョン　毒	03	4	1000	HP回復【PG直接指定】	0x400003E8	0xB00003E8	2	80	0	-1	
30102948	ダンジョン人（奴隷）剣・着衣　ダンジョン　毒	02	8	60000				1	40	0	-1	
30102948	ダンジョン人（奴隷）剣・着衣　ダンジョン　毒	03	4	1000	HP回復【PG直接指定】	0x400003E8	0xB00003E8	1	180	0	-1	
30102950	ダンジョン人（奴隷）剣鉈　ダンジョン　強敵	02	8	52305				1	40	0	-1	
30102950	ダンジョン人（奴隷）剣鉈　ダンジョン　強敵	03	4	1000	HP回復【PG直接指定】	0x400003E8	0xB00003E8	1	80	0	-1	
30102952	ダンジョン人（奴隷）ランタン　ダンジョン　強敵	02	8	52305				1	40	0	-1	
30102952	ダンジョン人（奴隷）ランタン　ダンジョン　強敵	03	4	1000	HP回復【PG直接指定】	0x400003E8	0xB00003E8	1	80	0	-1	
30102952	ダンジョン人（奴隷）ランタン　ダンジョン　強敵	04	4	900	弾丸【PG直接指定】	0x40000384	0xB0000384	2	80	0	-1	
30102954	ダンジョン人（奴隷）斧ポール　ダンジョン　強敵	02	8	52305				1	40	0	-1	
30102954	ダンジョン人（奴隷）斧ポール　ダンジョン　強敵	03	4	1000	HP回復【PG直接指定】	0x400003E8	0xB00003E8	2	140	0	-1	
30102956	ダンジョン人（奴隷）斧・斧　ダンジョン　強敵	02	8	52305				1	40	0	-1	
30102956	ダンジョン人（奴隷）斧・斧　ダンジョン　強敵	03	4	1000	HP回復【PG直接指定】	0x400003E8	0xB00003E8	2	80	0	-1	
30102958	ダンジョン人（奴隷）剣・着衣　ダンジョン　強敵	02	8	52305				1	40	0	-1	
30102958	ダンジョン人（奴隷）剣・着衣　ダンジョン　強敵	03	4	1000	HP回復【PG直接指定】	0x400003E8	0xB00003E8	1	180	0	-1	
30102960	ダンジョン人（奴隷）剣鉈　ダンジョン　戦士	02	4	1000	HP回復【PG直接指定】	0x400003E8	0xB00003E8	1	80	0	-1	
30102962	ダンジョン人（奴隷）ランタン　ダンジョン　戦士	02	4	1000	HP回復【PG直接指定】	0x400003E8	0xB00003E8	1	80	0	-1	
30102962	ダンジョン人（奴隷）ランタン　ダンジョン　戦士	03	4	900	弾丸【PG直接指定】	0x40000384	0xB0000384	2	80	0	-1	
30102964	ダンジョン人（奴隷）斧ポール　ダンジョン　戦士	02	4	1000	HP回復【PG直接指定】	0x400003E8	0xB00003E8	2	140	0	-1	
30102966	ダンジョン人（奴隷）斧・斧　ダンジョン　戦士	02	4	1000	HP回復【PG直接指定】	0x400003E8	0xB00003E8	2	80	0	-1	
30102968	ダンジョン人（奴隷）剣・着衣　ダンジョン　戦士	02	4	1000	HP回復【PG直接指定】	0x400003E8	0xB00003E8	1	180	0	-1	
30102970	ダンジョン人（奴隷）剣鉈　ダンジョン　強奴隷	02	8	52300				1	40	0	-1	
30102970	ダンジョン人（奴隷）剣鉈　ダンジョン　強奴隷	03	4	1000	HP回復【PG直接指定】	0x400003E8	0xB00003E8	2	150	0	-1	
30102970	ダンジョン人（奴隷）剣鉈　ダンジョン　強奴隷	04	4	1000	HP回復【PG直接指定】	0x400003E8	0xB00003E8	1	200	0	-1	
30102980	ダンジョン人（奴隷）剣鉈　ダンジョン　儀式	02	8	60400				1	40	0	-1	
30102980	ダンジョン人（奴隷）剣鉈　ダンジョン　儀式	03	4	1000	HP回復【PG直接指定】	0x400003E8	0xB00003E8	1	80	0	-1	
30102980	ダンジョン人（奴隷）剣鉈　ダンジョン　儀式	04	4	1300	エンチャント【炎】	0x40000514	0xB0000514	1	40	0	-1	
30102982	ダンジョン人（奴隷）ランタン　ダンジョン　儀式	02	8	60400				1	40	0	-1	
30102982	ダンジョン人（奴隷）ランタン　ダンジョン　儀式	03	4	1000	HP回復【PG直接指定】	0x400003E8	0xB00003E8	1	80	0	-1	
30102982	ダンジョン人（奴隷）ランタン　ダンジョン　儀式	04	4	900	弾丸【PG直接指定】	0x40000384	0xB0000384	2	80	0	-1	
30102982	ダンジョン人（奴隷）ランタン　ダンジョン　儀式	05	4	1300	エンチャント【炎】	0x40000514	0xB0000514	1	40	0	-1	
30102984	ダンジョン人（奴隷）斧ポール　ダンジョン　儀式	02	8	60400				1	40	0	-1	
30102984	ダンジョン人（奴隷）斧ポール　ダンジョン　儀式	03	4	1000	HP回復【PG直接指定】	0x400003E8	0xB00003E8	2	140	0	-1	
30102984	ダンジョン人（奴隷）斧ポール　ダンジョン　儀式	04	4	1300	エンチャント【炎】	0x40000514	0xB0000514	1	40	0	-1	
30102986	ダンジョン人（奴隷）斧・斧　ダンジョン　儀式	02	8	60400				1	40	0	-1	
30102986	ダンジョン人（奴隷）斧・斧　ダンジョン　儀式	03	4	1000	HP回復【PG直接指定】	0x400003E8	0xB00003E8	2	80	0	-1	
30102986	ダンジョン人（奴隷）斧・斧　ダンジョン　儀式	04	4	1300	エンチャント【炎】	0x40000514	0xB0000514	1	40	0	-1	
30102988	ダンジョン人（奴隷）剣・着衣　ダンジョン　儀式	02	8	60400				1	40	0	-1	
30102988	ダンジョン人（奴隷）剣・着衣　ダンジョン　儀式	03	4	1000	HP回復【PG直接指定】	0x400003E8	0xB00003E8	1	180	0	-1	
30102988	ダンジョン人（奴隷）剣・着衣　ダンジョン　儀式	04	4	1300	エンチャント【炎】	0x40000514	0xB0000514	1	60	0	-1	
30102990	ダンジョン人（奴隷）剣鉈　ダンジョン　毒+強敵	02	8	52305				1	40	0	-1	
30102990	ダンジョン人（奴隷）剣鉈　ダンジョン　毒+強敵	03	4	1000	HP回復【PG直接指定】	0x400003E8	0xB00003E8	1	80	0	-1	
30102992	ダンジョン人（奴隷）ランタン　ダンジョン　毒+強敵	02	8	52305				1	40	0	-1	
30102992	ダンジョン人（奴隷）ランタン　ダンジョン　毒+強敵	03	4	1000	HP回復【PG直接指定】	0x400003E8	0xB00003E8	1	80	0	-1	
30102992	ダンジョン人（奴隷）ランタン　ダンジョン　毒+強敵	04	4	900	弾丸【PG直接指定】	0x40000384	0xB0000384	2	80	0	-1	
30102994	ダンジョン人（奴隷）斧ポール　ダンジョン　毒+強敵	02	8	52305				1	40	0	-1	
30102994	ダンジョン人（奴隷）斧ポール　ダンジョン　毒+強敵	03	4	1000	HP回復【PG直接指定】	0x400003E8	0xB00003E8	2	140	0	-1	
30102996	ダンジョン人（奴隷）斧・斧　ダンジョン　毒+強敵	02	8	52305				1	40	0	-1	
30102996	ダンジョン人（奴隷）斧・斧　ダンジョン　毒+強敵	03	4	1000	HP回復【PG直接指定】	0x400003E8	0xB00003E8	2	80	0	-1	
30102998	ダンジョン人（奴隷）剣・着衣　ダンジョン　毒+強敵	02	8	52305				1	40	0	-1	
30102998	ダンジョン人（奴隷）剣・着衣　ダンジョン　毒+強敵	03	4	1000	HP回復【PG直接指定】	0x400003E8	0xB00003E8	1	180	0	-1	
30202900	ダンジョン人（番人）　ダンジョン	02	8	52400				1	250	0	-1	
30202900	ダンジョン人（番人）　ダンジョン	03	4	1000	HP回復【PG直接指定】	0x400003E8	0xB00003E8	4	150	0	-1	
30202900	ダンジョン人（番人）　ダンジョン	04	4	1000	HP回復【PG直接指定】	0x400003E8	0xB00003E8	3	450	0	-1	
30202900	ダンジョン人（番人）　ダンジョン	05	15	713100				1	150	0	-1	
30202902	ダンジョン人（番人）　クロスボウ　ダンジョン	02	8	52400				1	250	0	-1	
30202902	ダンジョン人（番人）　クロスボウ　ダンジョン	03	4	1000	HP回復【PG直接指定】	0x400003E8	0xB00003E8	4	150	0	-1	
30202902	ダンジョン人（番人）　クロスボウ　ダンジョン	04	4	1000	HP回復【PG直接指定】	0x400003E8	0xB00003E8	3	450	0	-1	
30202902	ダンジョン人（番人）　クロスボウ　ダンジョン	05	15	713100				1	150	0	-1	
30202950	ダンジョン人（番人）　ダンジョン　強敵	02	8	52405				1	250	0	-1	
30202950	ダンジョン人（番人）　ダンジョン　強敵	03	4	1000	HP回復【PG直接指定】	0x400003E8	0xB00003E8	4	150	0	-1	
30202950	ダンジョン人（番人）　ダンジョン　強敵	04	4	1000	HP回復【PG直接指定】	0x400003E8	0xB00003E8	3	450	0	-1	
30202950	ダンジョン人（番人）　ダンジョン　強敵	05	15	713100				1	150	0	-1	
30202952	ダンジョン人（番人）　クロスボウ　ダンジョン　強敵	02	8	52405				1	250	0	-1	
30202952	ダンジョン人（番人）　クロスボウ　ダンジョン　強敵	03	4	1000	HP回復【PG直接指定】	0x400003E8	0xB00003E8	4	150	0	-1	
30202952	ダンジョン人（番人）　クロスボウ　ダンジョン　強敵	04	4	1000	HP回復【PG直接指定】	0x400003E8	0xB00003E8	3	450	0	-1	
30202952	ダンジョン人（番人）　クロスボウ　ダンジョン　強敵	05	15	713100				1	150	0	-1	
30202970	ダンジョン人（番人）　ダンジョン　医者	02	8	52406				1	250	0	-1	
30202970	ダンジョン人（番人）　ダンジョン　医者	03	4	1000	HP回復【PG直接指定】	0x400003E8	0xB00003E8	4	150	0	-1	
30202970	ダンジョン人（番人）　ダンジョン　医者	04	4	1000	HP回復【PG直接指定】	0x400003E8	0xB00003E8	3	450	0	-1	
30202970	ダンジョン人（番人）　ダンジョン　医者	05	15	713100				1	150	0	-1	
30202972	ダンジョン人（番人）　クロスボウ　ダンジョン　医者	02	8	52406				1	250	0	-1	
30202972	ダンジョン人（番人）　クロスボウ　ダンジョン　医者	03	4	1000	HP回復【PG直接指定】	0x400003E8	0xB00003E8	4	150	0	-1	
30202972	ダンジョン人（番人）　クロスボウ　ダンジョン　医者	04	4	1000	HP回復【PG直接指定】	0x400003E8	0xB00003E8	3	450	0	-1	
30202972	ダンジョン人（番人）　クロスボウ　ダンジョン　医者	05	15	713100				1	150	0	-1	
30202980	ダンジョン人（番人）　ダンジョン　儀式	02	8	52406				1	250	0	-1	
30202980	ダンジョン人（番人）　ダンジョン　儀式	03	4	1000	HP回復【PG直接指定】	0x400003E8	0xB00003E8	4	150	0	-1	
30202980	ダンジョン人（番人）　ダンジョン　儀式	04	4	1000	HP回復【PG直接指定】	0x400003E8	0xB00003E8	3	450	0	-1	
30202980	ダンジョン人（番人）　ダンジョン　儀式	05	15	713100				1	150	0	-1	
30302900	ダンジョン人（狂人）　ダンジョン	02	8	52500				1	250	0	-1	
30302900	ダンジョン人（狂人）　ダンジョン	03	4	900	弾丸【PG直接指定】	0x40000384	0xB0000384	5	150	0	-1	
30302900	ダンジョン人（狂人）　ダンジョン	04	4	900	弾丸【PG直接指定】	0x40000384	0xB0000384	4	450	0	-1	
30302900	ダンジョン人（狂人）　ダンジョン	05	15	712100				1	150	0	-1	
30302902	ダンジョン人（狂人）　死体持ち　ダンジョン	02	8	52500				1	250	0	-1	
30302902	ダンジョン人（狂人）　死体持ち　ダンジョン	03	4	900	弾丸【PG直接指定】	0x40000384	0xB0000384	5	150	0	-1	
30302902	ダンジョン人（狂人）　死体持ち　ダンジョン	04	4	900	弾丸【PG直接指定】	0x40000384	0xB0000384	4	450	0	-1	
30302902	ダンジョン人（狂人）　死体持ち　ダンジョン	05	15	712100				1	150	0	-1	
30302910	ダンジョン人（狂人）　ダンジョン　嵐	02	8	52506				1	250	0	-1	
30302910	ダンジョン人（狂人）　ダンジョン　嵐	03	4	900	弾丸【PG直接指定】	0x40000384	0xB0000384	5	150	0	-1	
30302910	ダンジョン人（狂人）　ダンジョン　嵐	04	4	900	弾丸【PG直接指定】	0x40000384	0xB0000384	4	450	0	-1	
30302910	ダンジョン人（狂人）　ダンジョン　嵐	05	15	712100				1	150	0	-1	
30302912	ダンジョン人（狂人）　死体持ち　ダンジョン　嵐	02	8	52506				1	250	0	-1	
30302912	ダンジョン人（狂人）　死体持ち　ダンジョン　嵐	03	4	900	弾丸【PG直接指定】	0x40000384	0xB0000384	5	150	0	-1	
30302912	ダンジョン人（狂人）　死体持ち　ダンジョン　嵐	04	4	900	弾丸【PG直接指定】	0x40000384	0xB0000384	4	450	0	-1	
30302912	ダンジョン人（狂人）　死体持ち　ダンジョン　嵐	05	15	712100				1	150	0	-1	
30302950	ダンジョン人（狂人）　ダンジョン　強敵	02	8	52505				1	250	0	-1	
30302950	ダンジョン人（狂人）　ダンジョン　強敵	03	4	900	弾丸【PG直接指定】	0x40000384	0xB0000384	5	150	0	-1	
30302950	ダンジョン人（狂人）　ダンジョン　強敵	04	4	900	弾丸【PG直接指定】	0x40000384	0xB0000384	4	450	0	-1	
30302950	ダンジョン人（狂人）　ダンジョン　強敵	05	15	712100				1	150	0	-1	
30302952	ダンジョン人（狂人）　死体持ち　ダンジョン　強敵	02	8	52505				1	250	0	-1	
30302952	ダンジョン人（狂人）　死体持ち　ダンジョン　強敵	03	4	900	弾丸【PG直接指定】	0x40000384	0xB0000384	5	150	0	-1	
30302952	ダンジョン人（狂人）　死体持ち　ダンジョン　強敵	04	4	900	弾丸【PG直接指定】	0x40000384	0xB0000384	4	450	0	-1	
30302952	ダンジョン人（狂人）　死体持ち　ダンジョン　強敵	05	15	712100				1	150	0	-1	
30302980	ダンジョン人（狂人）　ダンジョン　儀式	02	8	52506				1	250	0	-1	
30302980	ダンジョン人（狂人）　ダンジョン　儀式	03	4	900	弾丸【PG直接指定】	0x40000384	0xB0000384	5	150	0	-1	
30302980	ダンジョン人（狂人）　ダンジョン　儀式	04	4	900	弾丸【PG直接指定】	0x40000384	0xB0000384	4	450	0	-1	
30302980	ダンジョン人（狂人）　ダンジョン　儀式	05	15	712100				1	150	0	-1	
30304000	ダンジョン人（狂人）　ダンジョン　呪い	02	8	52500				1	250	0	-1	
30304000	ダンジョン人（狂人）　ダンジョン　呪い	03	4	900	弾丸【PG直接指定】	0x40000384	0xB0000384	5	150	0	-1	
30304000	ダンジョン人（狂人）　ダンジョン　呪い	04	4	900	弾丸【PG直接指定】	0x40000384	0xB0000384	4	450	0	-1	
30304000	ダンジョン人（狂人）　ダンジョン　呪い	05	15	712100				1	150	0	-1	
30304050	ダンジョン人（狂人）　ダンジョン　呪い&強敵	02	8	52505				1	250	0	-1	
30304050	ダンジョン人（狂人）　ダンジョン　呪い&強敵	03	4	900	弾丸【PG直接指定】	0x40000384	0xB0000384	5	150	0	-1	
30304050	ダンジョン人（狂人）　ダンジョン　呪い&強敵	04	4	900	弾丸【PG直接指定】	0x40000384	0xB0000384	4	450	0	-1	
30304050	ダンジョン人（狂人）　ダンジョン　呪い&強敵	05	15	712100				1	150	0	-1	
30304080	ダンジョン人（狂人）　ダンジョン　呪い&儀式	02	8	52500				1	250	0	-1	
30304080	ダンジョン人（狂人）　ダンジョン　呪い&儀式	03	4	900	弾丸【PG直接指定】	0x40000384	0xB0000384	5	150	0	-1	
30304080	ダンジョン人（狂人）　ダンジョン　呪い&儀式	04	4	900	弾丸【PG直接指定】	0x40000384	0xB0000384	4	450	0	-1	
30304080	ダンジョン人（狂人）　ダンジョン　呪い&儀式	05	15	712100				1	150	0	-1	
30402900	ダンジョン人（デブ）　ダンジョン	02	8	52600				1	250	0	-1	
30402900	ダンジョン人（デブ）　ダンジョン	03	4	1000	HP回復【PG直接指定】	0x400003E8	0xB00003E8	3	300	0	-1	
30402900	ダンジョン人（デブ）　ダンジョン	04	4	900	弾丸【PG直接指定】	0x40000384	0xB0000384	4	250	0	-1	
30402900	ダンジョン人（デブ）　ダンジョン	05	15	700100				1	200	0	-1	
30402902	ダンジョン人（デブ）　銃　ダンジョン	02	8	52600				1	250	0	-1	
30402902	ダンジョン人（デブ）　銃　ダンジョン	03	4	1000	HP回復【PG直接指定】	0x400003E8	0xB00003E8	3	300	0	-1	
30402902	ダンジョン人（デブ）　銃　ダンジョン	04	4	900	弾丸【PG直接指定】	0x40000384	0xB0000384	4	250	0	-1	
30402902	ダンジョン人（デブ）　銃　ダンジョン	05	15	700100				1	200	0	-1	
30402904	ダンジョン人（デブ）　鉄球　ダンジョン	02	8	52600				1	250	0	-1	
30402904	ダンジョン人（デブ）　鉄球　ダンジョン	03	4	1000	HP回復【PG直接指定】	0x400003E8	0xB00003E8	3	300	0	-1	
30402904	ダンジョン人（デブ）　鉄球　ダンジョン	04	4	900	弾丸【PG直接指定】	0x40000384	0xB0000384	4	250	0	-1	
30402904	ダンジョン人（デブ）　鉄球　ダンジョン	05	15	700100				1	200	0	-1	
30402950	ダンジョン人（デブ）　ダンジョン　強敵	02	8	52605				1	250	0	-1	
30402950	ダンジョン人（デブ）　ダンジョン　強敵	03	4	1000	HP回復【PG直接指定】	0x400003E8	0xB00003E8	3	300	0	-1	
30402950	ダンジョン人（デブ）　ダンジョン　強敵	04	4	900	弾丸【PG直接指定】	0x40000384	0xB0000384	4	250	0	-1	
30402950	ダンジョン人（デブ）　ダンジョン　強敵	05	15	700100				1	200	0	-1	
30402952	ダンジョン人（デブ）　銃　ダンジョン　強敵	02	8	52605				1	250	0	-1	
30402952	ダンジョン人（デブ）　銃　ダンジョン　強敵	03	4	1000	HP回復【PG直接指定】	0x400003E8	0xB00003E8	3	300	0	-1	
30402952	ダンジョン人（デブ）　銃　ダンジョン　強敵	04	4	900	弾丸【PG直接指定】	0x40000384	0xB0000384	4	250	0	-1	
30402952	ダンジョン人（デブ）　銃　ダンジョン　強敵	05	15	700100				1	200	0	-1	
30402954	ダンジョン人（デブ）　鉄球　ダンジョン　強敵	02	8	52605				1	250	0	-1	
30402954	ダンジョン人（デブ）　鉄球　ダンジョン　強敵	03	4	1000	HP回復【PG直接指定】	0x400003E8	0xB00003E8	3	300	0	-1	
30402954	ダンジョン人（デブ）　鉄球　ダンジョン　強敵	04	4	900	弾丸【PG直接指定】	0x40000384	0xB0000384	4	250	0	-1	
30402954	ダンジョン人（デブ）　鉄球　ダンジョン　強敵	05	15	700100				1	200	0	-1	
30402970	ダンジョン人（デブ）　ダンジョン　医者	02	8	52607				1	250	0	-1	
30402970	ダンジョン人（デブ）　ダンジョン　医者	03	4	1000	HP回復【PG直接指定】	0x400003E8	0xB00003E8	3	300	0	-1	
30402970	ダンジョン人（デブ）　ダンジョン　医者	04	4	900	弾丸【PG直接指定】	0x40000384	0xB0000384	4	250	0	-1	
30402970	ダンジョン人（デブ）　ダンジョン　医者	05	15	700100				1	200	0	-1	
30402972	ダンジョン人（デブ）　銃　ダンジョン　医者	02	8	52608				1	250	0	-1	
30402972	ダンジョン人（デブ）　銃　ダンジョン　医者	03	4	1000	HP回復【PG直接指定】	0x400003E8	0xB00003E8	3	300	0	-1	
30402972	ダンジョン人（デブ）　銃　ダンジョン　医者	04	4	900	弾丸【PG直接指定】	0x40000384	0xB0000384	4	250	0	-1	
30402972	ダンジョン人（デブ）　銃　ダンジョン　医者	05	15	700100				1	200	0	-1	
30402974	ダンジョン人（デブ）　鉄球　ダンジョン　医者	02	8	52607				1	250	0	-1	
30402974	ダンジョン人（デブ）　鉄球　ダンジョン　医者	03	4	1000	HP回復【PG直接指定】	0x400003E8	0xB00003E8	3	300	0	-1	
30402974	ダンジョン人（デブ）　鉄球　ダンジョン　医者	04	4	900	弾丸【PG直接指定】	0x40000384	0xB0000384	4	250	0	-1	
30402974	ダンジョン人（デブ）　鉄球　ダンジョン　医者	05	15	700100				1	200	0	-1	
30404000	ダンジョン人（デブ）　ダンジョン　呪い	02	8	52600				1	250	0	-1	
30404000	ダンジョン人（デブ）　ダンジョン　呪い	03	4	1000	HP回復【PG直接指定】	0x400003E8	0xB00003E8	3	300	0	-1	
30404000	ダンジョン人（デブ）　ダンジョン　呪い	04	4	900	弾丸【PG直接指定】	0x40000384	0xB0000384	4	250	0	-1	
30404000	ダンジョン人（デブ）　ダンジョン　呪い	05	15	700100				1	200	0	-1	
30404050	ダンジョン人（デブ）　ダンジョン　呪い&強敵	02	8	52605				1	250	0	-1	
30404050	ダンジョン人（デブ）　ダンジョン　呪い&強敵	03	4	1000	HP回復【PG直接指定】	0x400003E8	0xB00003E8	3	300	0	-1	
30404050	ダンジョン人（デブ）　ダンジョン　呪い&強敵	04	4	900	弾丸【PG直接指定】	0x40000384	0xB0000384	4	250	0	-1	
30404050	ダンジョン人（デブ）　ダンジョン　呪い&強敵	05	15	700100				1	200	0	-1	
30404070	ダンジョン人（デブ）　ダンジョン　呪い&医者	02	8	52607				1	250	0	-1	
30404070	ダンジョン人（デブ）　ダンジョン　呪い&医者	03	4	1000	HP回復【PG直接指定】	0x400003E8	0xB00003E8	3	300	0	-1	
30404070	ダンジョン人（デブ）　ダンジョン　呪い&医者	04	4	900	弾丸【PG直接指定】	0x40000384	0xB0000384	4	250	0	-1	
30404070	ダンジョン人（デブ）　ダンジョン　呪い&医者	05	15	700100				1	200	0	-1	
30405000	ダンジョン人（デブ）　ダンジョン　A1	02	8	52600				1	250	0	-1	
30405000	ダンジョン人（デブ）　ダンジョン　A1	03	4	1000	HP回復【PG直接指定】	0x400003E8	0xB00003E8	3	300	0	-1	
30405000	ダンジョン人（デブ）　ダンジョン　A1	04	4	900	弾丸【PG直接指定】	0x40000384	0xB0000384	4	250	0	-1	
30405000	ダンジョン人（デブ）　ダンジョン　A1	05	15	700100				1	200	0	-1	
30501000	ダンジョン人（ロード)　双剣　ダンジョンボス	02	8	52710				1	1000	0	-1	
30505000	ダンジョン人（ロード)　双剣　ザコ扱い	02	8	52710				1	1000	0	-1	
30515000	ダンジョン人（ロード)　杖　ザコ扱い	02	8	52710				1	1000	0	-1	
31002800	ミミック　生贄	02	8	90120				1	80	0	-1	
31002800	ミミック　生贄	03	8	90121				1	80	0	-1	
31002900	ミミック　ダンジョン	02	8	52800				1	80	0	-1	
31002900	ミミック　ダンジョン	03	8	52801				1	80	0	-1	
31002902	ミミック　遠距離タイプ　ダンジョン	02	8	52800				1	80	0	-1	
31002902	ミミック　遠距離タイプ　ダンジョン	03	8	52801				1	80	0	-1	
31202900	悪霊（女）　ダンジョン	02	8	52900				1	80	0	-1	
31302900	フレッシュゴーレム　ダンジョン	02	8	53000				1	125	0	-1	
31302900	フレッシュゴーレム　ダンジョン	03	8	53001				1	125	0	-1	
31302900	フレッシュゴーレム　ダンジョン	04	15	300200				1	50	0	-1	
31302900	フレッシュゴーレム　ダンジョン	05	15	300100				2	150	0	-1	
31302900	フレッシュゴーレム　ダンジョン	06	15	300000				1	550	0	-1	
31302910	フレッシュゴーレム　大砲　ダンジョン	02	8	53000				1	125	0	-1	
31302910	フレッシュゴーレム　大砲　ダンジョン	03	8	53001				1	125	0	-1	
31302910	フレッシュゴーレム　大砲　ダンジョン	04	15	300200				1	50	0	-1	
31302910	フレッシュゴーレム　大砲　ダンジョン	05	15	300100				2	150	0	-1	
31302910	フレッシュゴーレム　大砲　ダンジョン	06	15	300000				1	550	0	-1	
31302980	フレッシュゴーレム　ダンジョン　儀式	02	8	53005				1	125	0	-1	
31302980	フレッシュゴーレム　ダンジョン　儀式	03	8	53006				1	125	0	-1	
31302980	フレッシュゴーレム　ダンジョン　儀式	04	15	300200				1	50	0	-1	
31302980	フレッシュゴーレム　ダンジョン　儀式	05	15	300100				2	150	0	-1	
31302980	フレッシュゴーレム　ダンジョン　儀式	06	15	300000				1	550	0	-1	
40003400	闇堕ちハンター　ノコ曲剣　聖堂街D	02	8	90260				1	160	0	-1	
40003400	闇堕ちハンター　ノコ曲剣　聖堂街D	03	4	1000	HP回復【PG直接指定】	0x400003E8	0xB00003E8	3	200	0	-1	
40003400	闇堕ちハンター　ノコ曲剣　聖堂街D	04	4	1000	HP回復【PG直接指定】	0x400003E8	0xB00003E8	2	640	0	-1	
40003410	闇堕ちハンター　ノコ鞭　聖堂街D	02	8	90260				1	160	0	-1	
40003410	闇堕ちハンター　ノコ鞭　聖堂街D	03	4	1000	HP回復【PG直接指定】	0x400003E8	0xB00003E8	3	200	0	-1	
40003410	闇堕ちハンター　ノコ鞭　聖堂街D	04	4	1000	HP回復【PG直接指定】	0x400003E8	0xB00003E8	2	640	0	-1	
40003420	闇堕ちハンター　ガンハンマー　聖堂街D	02	8	90260				1	160	0	-1	
40003420	闇堕ちハンター　ガンハンマー　聖堂街D	03	4	1000	HP回復【PG直接指定】	0x400003E8	0xB00003E8	4	200	0	-1	
40003420	闇堕ちハンター　ガンハンマー　聖堂街D	04	4	1000	HP回復【PG直接指定】	0x400003E8	0xB00003E8	3	640	0	-1	
40003430	闇堕ちハンター　貫通銃・ノコ曲剣　聖堂街D	02	8	90261				1	160	0	-1	
40003430	闇堕ちハンター　貫通銃・ノコ曲剣　聖堂街D	03	4	900	弾丸【PG直接指定】	0x40000384	0xB0000384	10	840	0	-1	
40003440	闇堕ちハンター　秘儀・ノコ曲剣　聖堂街D	02	4	1000	HP回復【PG直接指定】	0x400003E8	0xB00003E8	3	200	0	-1	
40003440	闇堕ちハンター　秘儀・ノコ曲剣　聖堂街D	03	4	900	弾丸【PG直接指定】	0x40000384	0xB0000384	3	200	0	-1	
40103400	処刑人悪夢　斧　聖堂街D	02	4	1000	HP回復【PG直接指定】	0x400003E8	0xB00003E8	6	240	0	-1	
40103410	処刑人悪夢　グレネード　聖堂街D	02	4	900	弾丸【PG直接指定】	0x40000384	0xB0000384	10	240	0	-1	
40203500	時計塔患者A　輸血台　時計塔	02	8	90291				1	200	0	-1	
40203500	時計塔患者A　輸血台　時計塔	03	4	1000	HP回復【PG直接指定】	0x400003E8	0xB00003E8	4	800	0	-1	
40203510	時計塔患者A　毒手　時計塔	02	8	90290				1	80	0	-1	
40203510	時計塔患者A　毒手　時計塔	03	4	900	弾丸【PG直接指定】	0x40000384	0xB0000384	8	920	0	-1	
40203520	時計塔患者A　素手　時計塔	02	4	1000	HP回復【PG直接指定】	0x400003E8	0xB00003E8	1	80	0	-1	
40203523	時計塔患者A　素手 裸（走って突進）　時計塔	02	4	1000	HP回復【PG直接指定】	0x400003E8	0xB00003E8	2	40	0	-1	
40203523	時計塔患者A　素手 裸（走って突進）　時計塔	03	4	1000	HP回復【PG直接指定】	0x400003E8	0xB00003E8	1	40	0	-1	
40203523	時計塔患者A　素手 裸（走って突進）　時計塔	04	4	1101	狂気・獣化回復薬	0x4000044D	0xB000044D	1	40	0	-1	
40203526	時計塔患者A　素手 頭部なし（見えない、聞こえない）　時計塔	02	4	1000	HP回復【PG直接指定】	0x400003E8	0xB00003E8	1	80	0	-1	
40203530	時計塔患者A　素手 投擲　時計塔	02	4	1000	HP回復【PG直接指定】	0x400003E8	0xB00003E8	1	80	0	-1	
40203533	時計塔患者A　素手 魔法使い（ひまわり畑）　時計塔	02	8	90293				1	80	0	-1	
40203533	時計塔患者A　素手 魔法使い（ひまわり畑）　時計塔	03	4	1000	HP回復【PG直接指定】	0x400003E8	0xB00003E8	1	80	0	-1	
40203536	時計塔患者A　素手 頭部大（会話キャラ）　時計塔	02	4	1000	HP回復【PG直接指定】	0x400003E8	0xB00003E8	1	80	0	-1	
40203540	時計塔患者A　四足　時計塔	02	8	90292				1	120	0	-1	
40203540	時計塔患者A　四足　時計塔	03	4	1000	HP回復【PG直接指定】	0x400003E8	0xB00003E8	2	880	0	-1	
40203550	時計塔患者A　這いずり　時計塔	02	4	900	弾丸【PG直接指定】	0x40000384	0xB0000384	2	40	0	-1	
40203550	時計塔患者A　這いずり　時計塔	03	4	900	弾丸【PG直接指定】	0x40000384	0xB0000384	1	40	0	-1	
40203560	時計塔患者A　頭部のみ　時計塔	02	4	1500	SAN値回復＋1	0x400005DC	0xB00005DC	1	20	0	-1	
40203560	時計塔患者A　頭部のみ　時計塔	03	4	1517	ソウル【7】	0x400005ED	0xB00005ED	1	20	0	-1	
40203560	時計塔患者A　頭部のみ　時計塔	04	4	1120	石ころ帽子	0x40000460	0xB0000460	1	20	0	-1	
40403600	魚人A　銛　漁村	02	4	1000	HP回復【PG直接指定】	0x400003E8	0xB00003E8	2	320	0	-1	
40403605	魚人A　銛　スネ夫　漁村	02	4	1000	HP回復【PG直接指定】	0x400003E8	0xB00003E8	5	1000	0	-1	
40403610	魚人A　銛 投擲　漁村	02	4	1220	油壺	0x400004C4	0xB00004C4	2	280	0	-1	
40403620	魚人A　熊手　漁村	02	4	1000	HP回復【PG直接指定】	0x400003E8	0xB00003E8	2	320	0	-1	
40403630	魚人A　熊手 はだか　漁村	02	4	1000	HP回復【PG直接指定】	0x400003E8	0xB00003E8	1	80	0	-1	
40403640	魚人A　熊手 血抜き　漁村	02	4	1000	HP回復【PG直接指定】	0x400003E8	0xB00003E8	2	320	0	-1	
40403660	魚人A　熊手 血抜き 投擲　漁村	02	4	1220	油壺	0x400004C4	0xB00004C4	2	280	0	-1	
40403670	魚人A　包丁　漁村	02	8	90330				1	80	0	-1	
40403670	魚人A　包丁　漁村	03	4	1000	HP回復【PG直接指定】	0x400003E8	0xB00003E8	1	80	0	-1	
40503600	魚人B　漁村	02	8	90300				1	200	0	-1	
40503600	魚人B　漁村	03	4	900	弾丸【PG直接指定】	0x40000384	0xB0000384	5	800	0	-1	
40603600	魚人（大） 素手　漁村	02	8	90310				1	250	0	-1	
40603600	魚人（大） 素手　漁村	03	4	1000	HP回復【PG直接指定】	0x400003E8	0xB00003E8	5	200	0	-1	
40603600	魚人（大） 素手　漁村	04	4	1000	HP回復【PG直接指定】	0x400003E8	0xB00003E8	4	550	0	-1	
40603610	魚人（大） イカリ　漁村	02	8	90320				1	250	0	-1	
40603610	魚人（大） イカリ　漁村	03	4	1000	HP回復【PG直接指定】	0x400003E8	0xB00003E8	5	200	0	-1	
40603610	魚人（大） イカリ　漁村	04	4	1000	HP回復【PG直接指定】	0x400003E8	0xB00003E8	4	550	0	-1	
40703600	ヤドカリ 殻なし　漁村	02	8	90340				1	80	0	-1	
40703600	ヤドカリ 殻なし　漁村	03	4	900	弾丸【PG直接指定】	0x40000384	0xB0000384	2	80	0	-1	
40703610	ヤドカリ 殻あり　漁村	02	8	90341				1	80	0	-1	
40703610	ヤドカリ 殻あり　漁村	03	4	900	弾丸【PG直接指定】	0x40000384	0xB0000384	2	80	0	-1	
40703610	ヤドカリ 殻あり　漁村	04	4	1220	油壺	0x400004C4	0xB00004C4	1	40	0	-1	
40903400	死体　聖堂街D	02	4	1000	HP回復【PG直接指定】	0x400003E8	0xB00003E8	5	1000	0	-1	
50000001	教区長　聖堂街A 鍵	02	4	4001	金のペンダント	0x40000FA1	0xB0000FA1	1	100	0	-1	
50000010	教区長　剣の狩人証	02	4	4114	ショップ解禁　教会ショップA	0x40001012	0xB0001012	1	100	0	-1	
50105000	炎の獣　ザコ扱い	02	8	53110				1	1000	0	-1	
50405000	嵐の獣　ザコ扱い	02	8	53210				1	1000	0	-1	
50700000	なりそこないの邪神 ボス撃破報酬	02	4	7131	儀式素材【アンコモンD】レベル2	0x40001BDB	0xB0001BDB	3	1000	0	-1	
50800000	嵐の獣（骨）　廃墟	02	4	4118	ショップ解禁　工房ショップE	0x40001016	0xB0001016	1	1000	0	-1	
50800005	嵐の獣（骨）　廃墟	02	4	1400	帰還	0x40000578	0xB0000578	1	1000	0	-1	
50905000	始祖ビースト　ザコ扱い	02	8	53420				1	1000	0	-1	
50915000	始祖ビースト　首なし　ザコ扱い	02	8	53420				1	1000	0	-1	
51001900	白痴の蜘蛛 ボス撃破報酬	02	4	1591	ソウル【11】	0x40000637	0xB0000637	1	1000	0	-1	
55100000	レッサーデーモン（死と闇）	01	4	4323	3本目のへその緒B	0x400010E3	0xB00010E3	1	100	0	50000305	50000305
75002400	敵アバター　聖堂街C	02	8	102401				1	1000	0	-1	
75002405	敵アバター　聖堂街C	02	4	1500	SAN値回復＋1	0x400005DC	0xB00005DC	1	1000	0	-1	
75002900	敵アバター　ダンジョン	02	8	53705				1	250	0	-1	
75002900	敵アバター　ダンジョン	03	4	1000	HP回復【PG直接指定】	0x400003E8	0xB00003E8	4	250	0	-1	
75002900	敵アバター　ダンジョン	04	4	1000	HP回復【PG直接指定】	0x400003E8	0xB00003E8	3	450	0	-1	
75002900	敵アバター　ダンジョン	05	4	1110	獣化薬	0x40000456	0xB0000456	1	50	0	-1	
75002910	敵アバター　ダンジョン　嵐	02	8	53705				1	250	0	-1	
75002910	敵アバター　ダンジョン　嵐	03	4	1000	HP回復【PG直接指定】	0x400003E8	0xB00003E8	4	250	0	-1	
75002910	敵アバター　ダンジョン　嵐	04	4	1000	HP回復【PG直接指定】	0x400003E8	0xB00003E8	3	450	0	-1	
75002910	敵アバター　ダンジョン　嵐	05	4	1110	獣化薬	0x40000456	0xB0000456	1	50	0	-1	
75002920	敵アバター　ダンジョン　宇宙	02	8	53705				1	250	0	-1	
75002920	敵アバター　ダンジョン　宇宙	03	4	1000	HP回復【PG直接指定】	0x400003E8	0xB00003E8	4	250	0	-1	
75002920	敵アバター　ダンジョン　宇宙	04	4	1000	HP回復【PG直接指定】	0x400003E8	0xB00003E8	3	450	0	-1	
75002920	敵アバター　ダンジョン　宇宙	05	4	1110	獣化薬	0x40000456	0xB0000456	1	50	0	-1	
75002940	敵アバター　ダンジョン　毒	02	8	53705				1	250	0	-1	
75002940	敵アバター　ダンジョン　毒	03	4	1000	HP回復【PG直接指定】	0x400003E8	0xB00003E8	4	250	0	-1	
75002940	敵アバター　ダンジョン　毒	04	4	1000	HP回復【PG直接指定】	0x400003E8	0xB00003E8	3	450	0	-1	
75002940	敵アバター　ダンジョン　毒	05	4	1110	獣化薬	0x40000456	0xB0000456	1	50	0	-1	
80000000	固定聖杯　廃墟ボス撃破時	01	4	6109	固定聖杯【レベル1】トゥメル	0x400017DD	0xB00017DD	1	100	0	5000	5000
80000100	固定聖杯【レベル2】銃	01	4	6219	固定聖杯【レベル2】僻墓	0x4000184B	0xB000184B	1	100	0	-1	
80000200	固定聖杯　故郷ボス撃破時	01	4	6429	固定聖杯【レベル4】ローラン	0x4000191D	0xB000191D	1	100	0	5006	5006
80000300	固定聖杯　聖堂街Cボス撃破時	01	4	6539	固定聖杯【レベル5】イズ	0x4000198B	0xB000198B	1	100	0	5009	5009
80000400	固定聖杯【レベル4】補助	01	4	6449				1	100	0	-1	
80000500	固定聖杯【レベル3】レア素材A	01	4	6359				1	100	0	-1	
80000600	固定聖杯【レベル4】レア素材B	01	4	6469				1	100	0	-1	
80100000	自動生成聖杯【レベル1】トゥメル	01	8	31400				1	80	0	-1	
80100000	自動生成聖杯【レベル1】トゥメル	02	8	31400				1	20	0	-1	
80101000	自動生成聖杯【レベル1】トゥメル_呪い	01	8	31400				1	80	0	-1	
80101000	自動生成聖杯【レベル1】トゥメル_呪い	02	8	31400				1	20	0	-1	
80109000	固定聖杯【レベル1】トゥメル　3Fボス撃破	01	4	6100	自動生成聖杯【レベル1】トゥメル	0x400017D4	0xB00017D4	1	100	0	5020	5020
80109010	固定聖杯【レベル1】トゥメル　4Fボス撃破	01	4	6209	固定聖杯【レベル2】トゥメル	0x40001841	0xB0001841	1	100	0	5001	5001
80200000	自動生成聖杯【レベル2】トゥメル	01	8	31400				1	80	0	-1	
80200000	自動生成聖杯【レベル2】トゥメル	02	8	31400				1	20	0	-1	
80201000	自動生成聖杯【レベル2】トゥメル_呪い	01	8	31400				1	80	0	-1	
80201000	自動生成聖杯【レベル2】トゥメル_呪い	02	8	31400				1	20	0	-1	
80202000	自動生成聖杯【レベル2】トゥメル_マルチ	01	8	31400				1	80	0	-1	
80202000	自動生成聖杯【レベル2】トゥメル_マルチ	02	8	31400				1	20	0	-1	
80209000	固定聖杯【レベル2】トゥメル　3Fボス撃破	01	4	6200	自動生成聖杯【レベル2】トゥメル	0x40001838	0xB0001838	1	100	0	5021	5021
80209010	固定聖杯【レベル2】トゥメル　4Fボス撃破	01	4	6309	固定聖杯【レベル3】トゥメル	0x400018A5	0xB00018A5	1	100	0	5003	5003
80209020	固定聖杯【レベル2】トゥメル　2Fサブブロック	01	4	6219	固定聖杯【レベル2】僻墓	0x4000184B	0xB000184B	1	100	0	5002	5002
80210000	自動生成聖杯【レベル2】僻墓	01	8	31400				1	80	0	-1	
80210000	自動生成聖杯【レベル2】僻墓	02	8	31400				1	20	0	-1	
80211000	自動生成聖杯【レベル2】僻墓_呪い	01	8	31400				1	80	0	-1	
80211000	自動生成聖杯【レベル2】僻墓_呪い	02	8	31400				1	20	0	-1	
80212000	自動生成聖杯【レベル2】僻墓_マルチ	01	8	31400				1	80	0	-1	
80212000	自動生成聖杯【レベル2】僻墓_マルチ	02	8	31400				1	20	0	-1	
80219000	固定聖杯【レベル2】僻墓　3Fボス撃破	01	4	6210	自動生成聖杯【レベル2】僻墓	0x40001842	0xB0001842	1	100	0	5022	5022
80219010	固定聖杯【レベル2】僻墓　4Fボス撃破	01	4	6319	固定聖杯【レベル3】僻墓	0x400018AF	0xB00018AF	1	100	0	5004	5004
80300000	自動生成聖杯【レベル3】トゥメル	01	8	31400				1	80	0	-1	
80300000	自動生成聖杯【レベル3】トゥメル	02	8	31400				1	20	0	-1	
80301000	自動生成聖杯【レベル3】トゥメル_呪い	01	8	31400				1	80	0	-1	
80301000	自動生成聖杯【レベル3】トゥメル_呪い	02	8	31400				1	20	0	-1	
80302000	自動生成聖杯【レベル3】トゥメル_マルチ	01	8	31400				1	80	0	-1	
80302000	自動生成聖杯【レベル3】トゥメル_マルチ	02	8	31400				1	20	0	-1	
80309000	固定聖杯【レベル3】トゥメル　3Fボス撃破	01	4	6300	自動生成聖杯【レベル3】トゥメル	0x4000189C	0xB000189C	1	100	0	5023	5023
80309010	固定聖杯【レベル3】トゥメル　4Fボス撃破	01	4	6409	固定聖杯【レベル4】トゥメル_呪い	0x40001909	0xB0001909	1	100	0	5005	5005
80309020	固定聖杯【レベル3】トゥメル　2Fブロック終点	01	4	4102	武器強化解禁アイテム	0x40001006	0xB0001006	1	100	0	5050	5050
80310000	自動生成聖杯【レベル3】僻墓	01	8	31400				1	80	0	-1	
80310000	自動生成聖杯【レベル3】僻墓	02	8	31400				1	20	0	-1	
80311000	自動生成聖杯【レベル3】僻墓_呪い	01	8	31400				1	80	0	-1	
80311000	自動生成聖杯【レベル3】僻墓_呪い	02	8	31400				1	20	0	-1	
80312000	自動生成聖杯【レベル3】僻墓_マルチ	01	8	31400				1	80	0	-1	
80312000	自動生成聖杯【レベル3】僻墓_マルチ	02	8	31400				1	20	0	-1	
80319000	固定聖杯【レベル3】僻墓　3Fボス撃破	01	4	6310	自動生成聖杯【レベル3】僻墓	0x400018A6	0xB00018A6	1	100	0	5025	5025
80319010	固定聖杯【レベル3】僻墓　4Fボス撃破	01	4	4105	クイックダンジョン解禁アイテム	0x40001009	0xB0001009	1	100	0	5051	5051
80320000	自動生成聖杯【レベル3】ローラン	01	8	31400				1	80	0	-1	
80320000	自動生成聖杯【レベル3】ローラン	02	8	31400				1	20	0	-1	
80321000	自動生成聖杯【レベル3】ローラン_呪い	01	8	31400				1	80	0	-1	
80321000	自動生成聖杯【レベル3】ローラン_呪い	02	8	31400				1	20	0	-1	
80322000	自動生成聖杯【レベル3】ローラン_マルチ	01	8	31400				1	80	0	-1	
80322000	自動生成聖杯【レベル3】ローラン_マルチ	02	8	31400				1	20	0	-1	
80350000	自動生成聖杯【レベル3】レア素材A	01	15	151100				1	100	0	-1	
80350000	自動生成聖杯【レベル3】レア素材A	02	15	710100				2	40	0	-1	
80350000	自動生成聖杯【レベル3】レア素材A	03	15	711100				2	30	0	-1	
80350000	自動生成聖杯【レベル3】レア素材A	04	15	712100				2	30	0	-1	
80351000	自動生成聖杯【レベル3】レア素材A_呪い	01	15	151100				1	100	0	-1	
80351000	自動生成聖杯【レベル3】レア素材A_呪い	02	15	710100				2	40	0	-1	
80351000	自動生成聖杯【レベル3】レア素材A_呪い	03	15	711100				2	30	0	-1	
80351000	自動生成聖杯【レベル3】レア素材A_呪い	04	15	712100				2	30	0	-1	
80352000	自動生成聖杯【レベル3】レア素材A_マルチ	01	15	151100				1	100	0	-1	
80352000	自動生成聖杯【レベル3】レア素材A_マルチ	02	15	710100				2	40	0	-1	
80352000	自動生成聖杯【レベル3】レア素材A_マルチ	03	15	711100				2	30	0	-1	
80352000	自動生成聖杯【レベル3】レア素材A_マルチ	04	15	712100				2	30	0	-1	
80400000	自動生成聖杯【レベル4】トゥメル	01	8	31400				1	80	0	-1	
80400000	自動生成聖杯【レベル4】トゥメル	02	8	31400				1	20	0	-1	
80401000	自動生成聖杯【レベル4】トゥメル_呪い	01	8	31400				1	80	0	-1	
80401000	自動生成聖杯【レベル4】トゥメル_呪い	02	8	31400				1	20	0	-1	
80402000	自動生成聖杯【レベル4】トゥメル_マルチ	01	8	31400				1	80	0	-1	
80402000	自動生成聖杯【レベル4】トゥメル_マルチ	02	8	31400				1	20	0	-1	
80403000	自動生成聖杯【レベル4】トゥメル_ひどい呪い	01	8	31400				1	80	0	-1	
80403000	自動生成聖杯【レベル4】トゥメル_ひどい呪い	02	8	31400				1	20	0	-1	
80409000	固定聖杯【レベル4】トゥメル　3Fボス撃破	01	4	6401	自動生成聖杯【レベル4】トゥメル_呪い	0x40001901	0xB0001901	1	100	0	5027	5027
80409010	固定聖杯【レベル4】トゥメル　4Fボス撃破	01	4	6509	固定聖杯【レベル5】トゥメル	0x4000196D	0xB000196D	1	100	0	5007	5007
80410000	自動生成聖杯【レベル4】僻墓	01	8	31400				1	80	0	-1	
80410000	自動生成聖杯【レベル4】僻墓	02	8	31400				1	20	0	-1	
80411000	自動生成聖杯【レベル4】僻墓_呪い	01	8	31400				1	80	0	-1	
80411000	自動生成聖杯【レベル4】僻墓_呪い	02	8	31400				1	20	0	-1	
80412000	自動生成聖杯【レベル4】僻墓_マルチ	01	8	31400				1	80	0	-1	
80412000	自動生成聖杯【レベル4】僻墓_マルチ	02	8	31400				1	20	0	-1	
80413000	自動生成聖杯【レベル4】僻墓_ひどい呪い	01	8	31400				1	80	0	-1	
80413000	自動生成聖杯【レベル4】僻墓_ひどい呪い	02	8	31400				1	20	0	-1	
80420000	自動生成聖杯【レベル4】ローラン	01	8	31400				1	80	0	-1	
80420000	自動生成聖杯【レベル4】ローラン	02	8	31400				1	20	0	-1	
80421000	自動生成聖杯【レベル4】ローラン_呪い	01	8	31400				1	80	0	-1	
80421000	自動生成聖杯【レベル4】ローラン_呪い	02	8	31400				1	20	0	-1	
80422000	自動生成聖杯【レベル4】ローラン_マルチ	01	8	31400				1	80	0	-1	
80422000	自動生成聖杯【レベル4】ローラン_マルチ	02	8	31400				1	20	0	-1	
80423000	自動生成聖杯【レベル4】ローラン_ひどい呪い	01	8	31400				1	80	0	-1	
80423000	自動生成聖杯【レベル4】ローラン_ひどい呪い	02	8	31400				1	20	0	-1	
80429000	固定聖杯【レベル4】ローラン　3Fボス撃破	01	4	6420	自動生成聖杯【レベル4】ローラン	0x40001914	0xB0001914	1	100	0	5028	5028
80429010	固定聖杯【レベル4】ローラン　4Fボス撃破	01	4	6529	固定聖杯【レベル5】ローラン	0x40001981	0xB0001981	1	100	0	5008	5008
80429020	固定聖杯【レベル4】ローラン　2Fブロック終点	01	0	9000000				1	100	0	5060	5060
80430000	自動生成聖杯【レベル4】イズ	01	8	31400				1	80	0	-1	
80430000	自動生成聖杯【レベル4】イズ	02	8	31400				1	20	0	-1	
80431000	自動生成聖杯【レベル4】イズ_呪い	01	8	31400				1	80	0	-1	
80431000	自動生成聖杯【レベル4】イズ_呪い	02	8	31400				1	20	0	-1	
80432000	自動生成聖杯【レベル4】イズ_マルチ	01	8	31400				1	80	0	-1	
80432000	自動生成聖杯【レベル4】イズ_マルチ	02	8	31400				1	20	0	-1	
80433000	自動生成聖杯【レベル4】イズ_ひどい呪い	01	8	31400				1	80	0	-1	
80433000	自動生成聖杯【レベル4】イズ_ひどい呪い	02	8	31400				1	20	0	-1	
80440000	自動生成聖杯【レベル4】補助	01	8	31400				1	80	0	-1	
80440000	自動生成聖杯【レベル4】補助	02	8	31400				1	20	0	-1	
80441000	自動生成聖杯【レベル4】補助_呪い	01	8	31400				1	80	0	-1	
80441000	自動生成聖杯【レベル4】補助_呪い	02	8	31400				1	20	0	-1	
80442000	自動生成聖杯【レベル4】補助_マルチ	01	8	31400				1	80	0	-1	
80442000	自動生成聖杯【レベル4】補助_マルチ	02	8	31400				1	20	0	-1	
80443000	自動生成聖杯【レベル4】補助_ひどい呪い	01	8	31400				1	80	0	-1	
80443000	自動生成聖杯【レベル4】補助_ひどい呪い	02	8	31400				1	20	0	-1	
80450000	自動生成聖杯【レベル4】レア素材A	01	15	151100				1	100	0	-1	
80450000	自動生成聖杯【レベル4】レア素材A	02	15	710100				2	40	0	-1	
80450000	自動生成聖杯【レベル4】レア素材A	03	15	711100				2	30	0	-1	
80450000	自動生成聖杯【レベル4】レア素材A	04	15	712100				2	30	0	-1	
80451000	自動生成聖杯【レベル4】レア素材A_呪い	01	15	151100				1	100	0	-1	
80451000	自動生成聖杯【レベル4】レア素材A_呪い	02	15	710100				2	40	0	-1	
80451000	自動生成聖杯【レベル4】レア素材A_呪い	03	15	711100				2	30	0	-1	
80451000	自動生成聖杯【レベル4】レア素材A_呪い	04	15	712100				2	30	0	-1	
80452000	自動生成聖杯【レベル4】レア素材A	01	15	151100				1	100	0	-1	
80452000	自動生成聖杯【レベル4】レア素材A	02	15	710100				2	40	0	-1	
80452000	自動生成聖杯【レベル4】レア素材A	03	15	711100				2	30	0	-1	
80452000	自動生成聖杯【レベル4】レア素材A	04	15	712100				2	30	0	-1	
80453000	自動生成聖杯【レベル4】レア素材A	01	15	151100				1	100	0	-1	
80453000	自動生成聖杯【レベル4】レア素材A	02	15	710100				2	40	0	-1	
80453000	自動生成聖杯【レベル4】レア素材A	03	15	711100				2	30	0	-1	
80453000	自動生成聖杯【レベル4】レア素材A	04	15	712100				2	30	0	-1	
80460000	自動生成聖杯【レベル4】レア素材B	01	15	151100				1	100	0	-1	
80460000	自動生成聖杯【レベル4】レア素材B	02	15	710100				2	40	0	-1	
80460000	自動生成聖杯【レベル4】レア素材B	03	15	713100				2	30	0	-1	
80460000	自動生成聖杯【レベル4】レア素材B	04	15	714100				2	30	0	-1	
80461000	自動生成聖杯【レベル4】レア素材B_呪い	01	15	151100				1	100	0	-1	
80461000	自動生成聖杯【レベル4】レア素材B_呪い	02	15	710100				2	40	0	-1	
80461000	自動生成聖杯【レベル4】レア素材B_呪い	03	15	713100				2	30	0	-1	
80461000	自動生成聖杯【レベル4】レア素材B_呪い	04	15	714100				2	30	0	-1	
80462000	自動生成聖杯【レベル4】レア素材B	01	15	151100				1	100	0	-1	
80462000	自動生成聖杯【レベル4】レア素材B	02	15	710100				2	40	0	-1	
80462000	自動生成聖杯【レベル4】レア素材B	03	15	713100				2	30	0	-1	
80462000	自動生成聖杯【レベル4】レア素材B	04	15	714100				2	30	0	-1	
80463000	自動生成聖杯【レベル4】レア素材B	01	15	151100				1	100	0	-1	
80463000	自動生成聖杯【レベル4】レア素材B	02	15	710100				2	40	0	-1	
80463000	自動生成聖杯【レベル4】レア素材B	03	15	713100				2	30	0	-1	
80463000	自動生成聖杯【レベル4】レア素材B	04	15	714100				2	30	0	-1	
80500000	自動生成聖杯【レベル5】トゥメル	01	8	31400				1	80	0	-1	
80500000	自動生成聖杯【レベル5】トゥメル	02	8	31400				1	20	0	-1	
80501000	自動生成聖杯【レベル5】トゥメル_呪い	01	8	31400				1	80	0	-1	
80501000	自動生成聖杯【レベル5】トゥメル_呪い	02	8	31400				1	20	0	-1	
80502000	自動生成聖杯【レベル5】トゥメル_マルチ	01	8	31400				1	80	0	-1	
80502000	自動生成聖杯【レベル5】トゥメル_マルチ	02	8	31400				1	20	0	-1	
80503000	自動生成聖杯【レベル5】トゥメル_ひどい呪い	01	8	31400				1	80	0	-1	
80503000	自動生成聖杯【レベル5】トゥメル_ひどい呪い	02	8	31400				1	20	0	-1	
80509000	固定聖杯【レベル5】トゥメル　3Fボス撃破	01	4	6500	自動生成聖杯【レベル5】トゥメル	0x40001964	0xB0001964	1	100	0	5029	5029
80509010	固定聖杯【レベル5】トゥメル　4Fボス撃破	01	4	4330	深き彼方の最終聖杯	0x400010EA	0xB00010EA	1	100	0	5053	5053
80509020	固定聖杯【レベル5】トゥメル　2Fブロック終点	01	4	7110	儀式素材【アンコモンB】レベル1	0x40001BC6	0xB0001BC6	1	100	0	5052	5052
80510000	自動生成聖杯【レベル5】僻墓	01	8	31400				1	80	0	-1	
80510000	自動生成聖杯【レベル5】僻墓	02	8	31400				1	20	0	-1	
80511000	自動生成聖杯【レベル5】僻墓_呪い	01	8	31400				1	80	0	-1	
80511000	自動生成聖杯【レベル5】僻墓_呪い	02	8	31400				1	20	0	-1	
80512000	自動生成聖杯【レベル5】僻墓_マルチ	01	8	31400				1	80	0	-1	
80512000	自動生成聖杯【レベル5】僻墓_マルチ	02	8	31400				1	20	0	-1	
80513000	自動生成聖杯【レベル5】僻墓_ひどい呪い	01	8	31400				1	80	0	-1	
80513000	自動生成聖杯【レベル5】僻墓_ひどい呪い	02	8	31400				1	20	0	-1	
80520000	自動生成聖杯【レベル5】ローラン	01	8	31400				1	80	0	-1	
80520000	自動生成聖杯【レベル5】ローラン	02	8	31400				1	20	0	-1	
80521000	自動生成聖杯【レベル5】ローラン_呪い	01	8	31400				1	80	0	-1	
80521000	自動生成聖杯【レベル5】ローラン_呪い	02	8	31400				1	20	0	-1	
80522000	自動生成聖杯【レベル5】ローラン_マルチ	01	8	31400				1	80	0	-1	
80522000	自動生成聖杯【レベル5】ローラン_マルチ	02	8	31400				1	20	0	-1	
80523000	自動生成聖杯【レベル5】ローラン_ひどい呪い	01	8	31400				1	80	0	-1	
80523000	自動生成聖杯【レベル5】ローラン_ひどい呪い	02	8	31400				1	20	0	-1	
80529000	固定聖杯【レベル5】ローラン　3Fボス撃破	01	4	6520	自動生成聖杯【レベル5】ローラン	0x40001978	0xB0001978	1	100	0	5031	5031
80530000	自動生成聖杯【レベル5】イズ	01	8	31400				1	80	0	-1	
80530000	自動生成聖杯【レベル5】イズ	02	8	31400				1	20	0	-1	
80531000	自動生成聖杯【レベル5】イズ_呪い	01	8	31400				1	80	0	-1	
80531000	自動生成聖杯【レベル5】イズ_呪い	02	8	31400				1	20	0	-1	
80532000	自動生成聖杯【レベル5】イズ_マルチ	01	8	31400				1	80	0	-1	
80532000	自動生成聖杯【レベル5】イズ_マルチ	02	8	31400				1	20	0	-1	
80533000	自動生成聖杯【レベル5】イズ_ひどい呪い	01	8	31400				1	80	0	-1	
80533000	自動生成聖杯【レベル5】イズ_ひどい呪い	02	8	31400				1	20	0	-1	
80539000	固定聖杯【レベル5】イズ　3Fボス撃破	01	4	6530	自動生成聖杯【レベル5】イズ	0x40001982	0xB0001982	1	100	0	5033	5033
80540000	自動生成聖杯【レベル5】補助	01	8	31400				1	80	0	-1	
80540000	自動生成聖杯【レベル5】補助	02	8	31400				1	20	0	-1	
80541000	自動生成聖杯【レベル5】補助_呪い	01	8	31400				1	80	0	-1	
80541000	自動生成聖杯【レベル5】補助_呪い	02	8	31400				1	20	0	-1	
80542000	自動生成聖杯【レベル5】補助_マルチ	01	8	31400				1	80	0	-1	
80542000	自動生成聖杯【レベル5】補助_マルチ	02	8	31400				1	20	0	-1	
80543000	自動生成聖杯【レベル5】補助_ひどい呪い	01	8	31400				1	80	0	-1	
80543000	自動生成聖杯【レベル5】補助_ひどい呪い	02	8	31400				1	20	0	-1	
80550000	自動生成聖杯【レベル5】レア素材A	01	15	151100				1	100	0	-1	
80550000	自動生成聖杯【レベル5】レア素材A	02	15	710100				2	40	0	-1	
80550000	自動生成聖杯【レベル5】レア素材A	03	15	711100				2	30	0	-1	
80550000	自動生成聖杯【レベル5】レア素材A	04	15	712100				2	30	0	-1	
80551000	自動生成聖杯【レベル5】レア素材A_呪い	01	15	151100				1	100	0	-1	
80551000	自動生成聖杯【レベル5】レア素材A_呪い	02	15	710100				2	40	0	-1	
80551000	自動生成聖杯【レベル5】レア素材A_呪い	03	15	711100				2	30	0	-1	
80551000	自動生成聖杯【レベル5】レア素材A_呪い	04	15	712100				2	30	0	-1	
80552000	自動生成聖杯【レベル5】レア素材A_マルチ	01	15	151100				1	100	0	-1	
80552000	自動生成聖杯【レベル5】レア素材A_マルチ	02	15	710100				2	40	0	-1	
80552000	自動生成聖杯【レベル5】レア素材A_マルチ	03	15	711100				2	30	0	-1	
80552000	自動生成聖杯【レベル5】レア素材A_マルチ	04	15	712100				2	30	0	-1	
80553000	自動生成聖杯【レベル5】レア素材A_ひどい呪い	01	15	151100				1	100	0	-1	
80553000	自動生成聖杯【レベル5】レア素材A_ひどい呪い	02	15	710100				2	40	0	-1	
80553000	自動生成聖杯【レベル5】レア素材A_ひどい呪い	03	15	711100				2	30	0	-1	
80553000	自動生成聖杯【レベル5】レア素材A_ひどい呪い	04	15	712100				2	30	0	-1	
80560000	自動生成聖杯【レベル5】レア素材B	01	15	151100				1	100	0	-1	
80560000	自動生成聖杯【レベル5】レア素材B	02	15	710100				2	40	0	-1	
80560000	自動生成聖杯【レベル5】レア素材B	03	15	713100				2	30	0	-1	
80560000	自動生成聖杯【レベル5】レア素材B	04	15	714100				2	30	0	-1	
80561000	自動生成聖杯【レベル5】レア素材B_呪い	01	15	151100				1	100	0	-1	
80561000	自動生成聖杯【レベル5】レア素材B_呪い	02	15	710100				2	40	0	-1	
80561000	自動生成聖杯【レベル5】レア素材B_呪い	03	15	713100				2	30	0	-1	
80561000	自動生成聖杯【レベル5】レア素材B_呪い	04	15	714100				2	30	0	-1	
80562000	自動生成聖杯【レベル5】レア素材B_マルチ	01	15	151100				1	100	0	-1	
80562000	自動生成聖杯【レベル5】レア素材B_マルチ	02	15	710100				2	40	0	-1	
80562000	自動生成聖杯【レベル5】レア素材B_マルチ	03	15	713100				2	30	0	-1	
80562000	自動生成聖杯【レベル5】レア素材B_マルチ	04	15	714100				2	30	0	-1	
80563000	自動生成聖杯【レベル5】レア素材B_ひどい呪い	01	15	151100				1	100	0	-1	
80563000	自動生成聖杯【レベル5】レア素材B_ひどい呪い	02	15	710100				2	40	0	-1	
80563000	自動生成聖杯【レベル5】レア素材B_ひどい呪い	03	15	713100				2	30	0	-1	
80563000	自動生成聖杯【レベル5】レア素材B_ひどい呪い	04	15	714100				2	30	0	-1	
80600000	自動生成聖杯【レベル6】トゥメル	01	8	31400				1	80	0	-1	
80600000	自動生成聖杯【レベル6】トゥメル	02	8	31400				1	20	0	-1	
80601000	自動生成聖杯【レベル6】トゥメル_呪い	01	8	31400				1	80	0	-1	
80601000	自動生成聖杯【レベル6】トゥメル_呪い	02	8	31400				1	20	0	-1	
80602000	自動生成聖杯【レベル6】トゥメル_マルチ	01	8	31400				1	80	0	-1	
80602000	自動生成聖杯【レベル6】トゥメル_マルチ	02	8	31400				1	20	0	-1	
80603000	自動生成聖杯【レベル6】トゥメル_ひどい呪い	01	8	31400				1	80	0	-1	
80603000	自動生成聖杯【レベル6】トゥメル_ひどい呪い	02	8	31400				1	20	0	-1	
80610000	自動生成聖杯【レベル6】僻墓	01	8	31400				1	80	0	-1	
80610000	自動生成聖杯【レベル6】僻墓	02	8	31400				1	20	0	-1	
80611000	自動生成聖杯【レベル6】僻墓_呪い	01	8	31400				1	80	0	-1	
80611000	自動生成聖杯【レベル6】僻墓_呪い	02	8	31400				1	20	0	-1	
80612000	自動生成聖杯【レベル6】僻墓_マルチ	01	8	31400				1	80	0	-1	
80612000	自動生成聖杯【レベル6】僻墓_マルチ	02	8	31400				1	20	0	-1	
80613000	自動生成聖杯【レベル6】僻墓_ひどい呪い	01	8	31400				1	80	0	-1	
80613000	自動生成聖杯【レベル6】僻墓_ひどい呪い	02	8	31400				1	20	0	-1	
80620000	自動生成聖杯【レベル6】ローラン	01	8	31400				1	80	0	-1	
80620000	自動生成聖杯【レベル6】ローラン	02	8	31400				1	20	0	-1	
80621000	自動生成聖杯【レベル6】ローラン_呪い	01	8	31400				1	80	0	-1	
80621000	自動生成聖杯【レベル6】ローラン_呪い	02	8	31400				1	20	0	-1	
80622000	自動生成聖杯【レベル6】ローラン_マルチ	01	8	31400				1	80	0	-1	
80622000	自動生成聖杯【レベル6】ローラン_マルチ	02	8	31400				1	20	0	-1	
80623000	自動生成聖杯【レベル6】ローラン_ひどい呪い	01	8	31400				1	80	0	-1	
80623000	自動生成聖杯【レベル6】ローラン_ひどい呪い	02	8	31400				1	20	0	-1	
80630000	自動生成聖杯【レベル6】イズ	01	8	31400				1	80	0	-1	
80630000	自動生成聖杯【レベル6】イズ	02	8	31400				1	20	0	-1	
80631000	自動生成聖杯【レベル6】イズ_呪い	01	8	31400				1	80	0	-1	
80631000	自動生成聖杯【レベル6】イズ_呪い	02	8	31400				1	20	0	-1	
80632000	自動生成聖杯【レベル6】イズ_マルチ	01	8	31400				1	80	0	-1	
80632000	自動生成聖杯【レベル6】イズ_マルチ	02	8	31400				1	20	0	-1	
80633000	自動生成聖杯【レベル6】イズ_ひどい呪い	01	8	31400				1	80	0	-1	
80633000	自動生成聖杯【レベル6】イズ_ひどい呪い	02	8	31400				1	20	0	-1	
80640000	自動生成聖杯【レベル6】補助	01	8	31400				1	80	0	-1	
80640000	自動生成聖杯【レベル6】補助	02	8	31400				1	20	0	-1	
80641000	自動生成聖杯【レベル6】補助_呪い	01	8	31400				1	80	0	-1	
80641000	自動生成聖杯【レベル6】補助_呪い	02	8	31400				1	20	0	-1	
80642000	自動生成聖杯【レベル6】補助_マルチ	01	8	31400				1	80	0	-1	
80642000	自動生成聖杯【レベル6】補助_マルチ	02	8	31400				1	20	0	-1	
80643000	自動生成聖杯【レベル6】補助_ひどい呪い	01	8	31400				1	80	0	-1	
80643000	自動生成聖杯【レベル6】補助_ひどい呪い	02	8	31400				1	20	0	-1	
80650000	自動生成聖杯【レベル6】レア素材A	01	15	151100				1	100	0	-1	
80650000	自動生成聖杯【レベル6】レア素材A	02	15	710100				2	40	0	-1	
80650000	自動生成聖杯【レベル6】レア素材A	03	15	711100				2	30	0	-1	
80650000	自動生成聖杯【レベル6】レア素材A	04	15	712100				2	30	0	-1	
80651000	自動生成聖杯【レベル6】レア素材A_呪い	01	15	151100				1	100	0	-1	
80651000	自動生成聖杯【レベル6】レア素材A_呪い	02	15	710100				2	40	0	-1	
80651000	自動生成聖杯【レベル6】レア素材A_呪い	03	15	711100				2	30	0	-1	
80651000	自動生成聖杯【レベル6】レア素材A_呪い	04	15	712100				2	30	0	-1	
80652000	自動生成聖杯【レベル6】レア素材A_マルチ	01	15	151100				1	100	0	-1	
80652000	自動生成聖杯【レベル6】レア素材A_マルチ	02	15	710100				2	40	0	-1	
80652000	自動生成聖杯【レベル6】レア素材A_マルチ	03	15	711100				2	30	0	-1	
80652000	自動生成聖杯【レベル6】レア素材A_マルチ	04	15	712100				2	30	0	-1	
80653000	自動生成聖杯【レベル6】レア素材A_ひどい呪い	01	15	151100				1	100	0	-1	
80653000	自動生成聖杯【レベル6】レア素材A_ひどい呪い	02	15	710100				2	40	0	-1	
80653000	自動生成聖杯【レベル6】レア素材A_ひどい呪い	03	15	711100				2	30	0	-1	
80653000	自動生成聖杯【レベル6】レア素材A_ひどい呪い	04	15	712100				2	30	0	-1	
80660000	自動生成聖杯【レベル6】レア素材B	01	15	151100				1	100	0	-1	
80660000	自動生成聖杯【レベル6】レア素材B	02	15	710100				2	40	0	-1	
80660000	自動生成聖杯【レベル6】レア素材B	03	15	713100				2	30	0	-1	
80660000	自動生成聖杯【レベル6】レア素材B	04	15	714100				2	30	0	-1	
80661000	自動生成聖杯【レベル6】レア素材B_呪い	01	15	151100				1	100	0	-1	
80661000	自動生成聖杯【レベル6】レア素材B_呪い	02	15	710100				2	40	0	-1	
80661000	自動生成聖杯【レベル6】レア素材B_呪い	03	15	713100				2	30	0	-1	
80661000	自動生成聖杯【レベル6】レア素材B_呪い	04	15	714100				2	30	0	-1	
80662000	自動生成聖杯【レベル6】レア素材B_マルチ	01	15	151100				1	100	0	-1	
80662000	自動生成聖杯【レベル6】レア素材B_マルチ	02	15	710100				2	40	0	-1	
80662000	自動生成聖杯【レベル6】レア素材B_マルチ	03	15	713100				2	30	0	-1	
80662000	自動生成聖杯【レベル6】レア素材B_マルチ	04	15	714100				2	30	0	-1	
80663000	自動生成聖杯【レベル6】レア素材B_ひどい呪い	01	15	151100				1	100	0	-1	
80663000	自動生成聖杯【レベル6】レア素材B_ひどい呪い	02	15	710100				2	40	0	-1	
80663000	自動生成聖杯【レベル6】レア素材B_ひどい呪い	03	15	713100				2	30	0	-1	
80663000	自動生成聖杯【レベル6】レア素材B_ひどい呪い	04	15	714100				2	30	0	-1	
80700000	自動生成聖杯【レベル7】トゥメル	01	8	31400				1	80	0	-1	
80700000	自動生成聖杯【レベル7】トゥメル	02	8	31400				1	20	0	-1	
80701000	自動生成聖杯【レベル7】トゥメル_呪い	01	8	31400				1	80	0	-1	
80701000	自動生成聖杯【レベル7】トゥメル_呪い	02	8	31400				1	20	0	-1	
80702000	自動生成聖杯【レベル7】トゥメル_マルチ	01	8	31400				1	80	0	-1	
80702000	自動生成聖杯【レベル7】トゥメル_マルチ	02	8	31400				1	20	0	-1	
80703000	自動生成聖杯【レベル7】トゥメル_ひどい呪い	01	8	31400				1	80	0	-1	
80703000	自動生成聖杯【レベル7】トゥメル_ひどい呪い	02	8	31400				1	20	0	-1	
80710000	自動生成聖杯【レベル7】僻墓	01	8	31400				1	80	0	-1	
80710000	自動生成聖杯【レベル7】僻墓	02	8	31400				1	20	0	-1	
80711000	自動生成聖杯【レベル7】僻墓_呪い	01	8	31400				1	80	0	-1	
80711000	自動生成聖杯【レベル7】僻墓_呪い	02	8	31400				1	20	0	-1	
80712000	自動生成聖杯【レベル7】僻墓_マルチ	01	8	31400				1	80	0	-1	
80712000	自動生成聖杯【レベル7】僻墓_マルチ	02	8	31400				1	20	0	-1	
80713000	自動生成聖杯【レベル7】僻墓_ひどい呪い	01	8	31400				1	80	0	-1	
80713000	自動生成聖杯【レベル7】僻墓_ひどい呪い	02	8	31400				1	20	0	-1	
80720000	自動生成聖杯【レベル7】ローラン	01	8	31400				1	80	0	-1	
80720000	自動生成聖杯【レベル7】ローラン	02	8	31400				1	20	0	-1	
80721000	自動生成聖杯【レベル7】ローラン_呪い	01	8	31400				1	80	0	-1	
80721000	自動生成聖杯【レベル7】ローラン_呪い	02	8	31400				1	20	0	-1	
80722000	自動生成聖杯【レベル7】ローラン_マルチ	01	8	31400				1	80	0	-1	
80722000	自動生成聖杯【レベル7】ローラン_マルチ	02	8	31400				1	20	0	-1	
80723000	自動生成聖杯【レベル7】ローラン_ひどい呪い	01	8	31400				1	80	0	-1	
80723000	自動生成聖杯【レベル7】ローラン_ひどい呪い	02	8	31400				1	20	0	-1	
80730000	自動生成聖杯【レベル7】イズ	01	8	31400				1	80	0	-1	
80730000	自動生成聖杯【レベル7】イズ	02	8	31400				1	20	0	-1	
80731000	自動生成聖杯【レベル7】イズ_呪い	01	8	31400				1	80	0	-1	
80731000	自動生成聖杯【レベル7】イズ_呪い	02	8	31400				1	20	0	-1	
80732000	自動生成聖杯【レベル7】イズ_マルチ	01	8	31400				1	80	0	-1	
80732000	自動生成聖杯【レベル7】イズ_マルチ	02	8	31400				1	20	0	-1	
80733000	自動生成聖杯【レベル7】イズ_ひどい呪い	01	8	31400				1	80	0	-1	
80733000	自動生成聖杯【レベル7】イズ_ひどい呪い	02	8	31400				1	20	0	-1	
80740000	自動生成聖杯【レベル7】補助	01	8	31400				1	80	0	-1	
80740000	自動生成聖杯【レベル7】補助	02	8	31400				1	20	0	-1	
80741000	自動生成聖杯【レベル7】補助_呪い	01	8	31400				1	80	0	-1	
80741000	自動生成聖杯【レベル7】補助_呪い	02	8	31400				1	20	0	-1	
80742000	自動生成聖杯【レベル7】補助_マルチ	01	8	31400				1	80	0	-1	
80742000	自動生成聖杯【レベル7】補助_マルチ	02	8	31400				1	20	0	-1	
80743000	自動生成聖杯【レベル7】補助_ひどい呪い	01	8	31400				1	80	0	-1	
80743000	自動生成聖杯【レベル7】補助_ひどい呪い	02	8	31400				1	20	0	-1	
80750000	自動生成聖杯【レベル7】レア素材A	01	15	151100				1	100	0	-1	
80750000	自動生成聖杯【レベル7】レア素材A	02	15	710100				2	40	0	-1	
80750000	自動生成聖杯【レベル7】レア素材A	03	15	711100				2	30	0	-1	
80750000	自動生成聖杯【レベル7】レア素材A	04	15	712100				2	30	0	-1	
80751000	自動生成聖杯【レベル7】レア素材A_呪い	01	15	151100				1	100	0	-1	
80751000	自動生成聖杯【レベル7】レア素材A_呪い	02	15	710100				2	40	0	-1	
80751000	自動生成聖杯【レベル7】レア素材A_呪い	03	15	711100				2	30	0	-1	
80751000	自動生成聖杯【レベル7】レア素材A_呪い	04	15	712100				2	30	0	-1	
80752000	自動生成聖杯【レベル7】レア素材A_マルチ	01	15	151100				1	100	0	-1	
80752000	自動生成聖杯【レベル7】レア素材A_マルチ	02	15	710100				2	40	0	-1	
80752000	自動生成聖杯【レベル7】レア素材A_マルチ	03	15	711100				2	30	0	-1	
80752000	自動生成聖杯【レベル7】レア素材A_マルチ	04	15	712100				2	30	0	-1	
80753000	自動生成聖杯【レベル7】レア素材A_ひどい呪い	01	15	151100				1	100	0	-1	
80753000	自動生成聖杯【レベル7】レア素材A_ひどい呪い	02	15	710100				2	40	0	-1	
80753000	自動生成聖杯【レベル7】レア素材A_ひどい呪い	03	15	711100				2	30	0	-1	
80753000	自動生成聖杯【レベル7】レア素材A_ひどい呪い	04	15	712100				2	30	0	-1	
80760000	自動生成聖杯【レベル7】レア素材B	01	15	151100				1	100	0	-1	
80760000	自動生成聖杯【レベル7】レア素材B	02	15	710100				2	40	0	-1	
80760000	自動生成聖杯【レベル7】レア素材B	03	15	713100				2	30	0	-1	
80760000	自動生成聖杯【レベル7】レア素材B	04	15	714100				2	30	0	-1	
80761000	自動生成聖杯【レベル7】レア素材B_呪い	01	15	151100				1	100	0	-1	
80761000	自動生成聖杯【レベル7】レア素材B_呪い	02	15	710100				2	40	0	-1	
80761000	自動生成聖杯【レベル7】レア素材B_呪い	03	15	713100				2	30	0	-1	
80761000	自動生成聖杯【レベル7】レア素材B_呪い	04	15	714100				2	30	0	-1	
80762000	自動生成聖杯【レベル7】レア素材B_マルチ	01	15	151100				1	100	0	-1	
80762000	自動生成聖杯【レベル7】レア素材B_マルチ	02	15	710100				2	40	0	-1	
80762000	自動生成聖杯【レベル7】レア素材B_マルチ	03	15	713100				2	30	0	-1	
80762000	自動生成聖杯【レベル7】レア素材B_マルチ	04	15	714100				2	30	0	-1	
80763000	自動生成聖杯【レベル7】レア素材B_ひどい呪い	01	15	151100				1	100	0	-1	
80763000	自動生成聖杯【レベル7】レア素材B_ひどい呪い	02	15	710100				2	40	0	-1	
80763000	自動生成聖杯【レベル7】レア素材B_ひどい呪い	03	15	713100				2	30	0	-1	
80763000	自動生成聖杯【レベル7】レア素材B_ひどい呪い	04	15	714100				2	30	0	-1	
81100000	自動生成聖杯【レベル1】トゥメル	01	4	6200	自動生成聖杯【レベル2】トゥメル	0x40001838	0xB0001838	1	100	0	-1	
81101000	自動生成聖杯【レベル1】トゥメル_呪い	01	4	6200	自動生成聖杯【レベル2】トゥメル	0x40001838	0xB0001838	1	100	0	-1	
81200000	自動生成聖杯【レベル2】トゥメル	01	4	6300	自動生成聖杯【レベル3】トゥメル	0x4000189C	0xB000189C	1	100	0	-1	
81201000	自動生成聖杯【レベル2】トゥメル_呪い	01	4	6300	自動生成聖杯【レベル3】トゥメル	0x4000189C	0xB000189C	1	100	0	-1	
81202000	自動生成聖杯【レベル2】トゥメル_マルチ	01	4	6300	自動生成聖杯【レベル3】トゥメル	0x4000189C	0xB000189C	1	100	0	-1	
81210000	自動生成聖杯【レベル2】僻墓	01	4	6310	自動生成聖杯【レベル3】僻墓	0x400018A6	0xB00018A6	1	100	0	-1	
81211000	自動生成聖杯【レベル2】僻墓_呪い	01	4	6310	自動生成聖杯【レベル3】僻墓	0x400018A6	0xB00018A6	1	100	0	-1	
81212000	自動生成聖杯【レベル2】僻墓_マルチ	01	4	6310	自動生成聖杯【レベル3】僻墓	0x400018A6	0xB00018A6	1	100	0	-1	
81300000	自動生成聖杯【レベル3】トゥメル	01	4	6400				1	100	0	-1	
81301000	自動生成聖杯【レベル3】トゥメル_呪い	01	4	6400				1	100	0	-1	
81302000	自動生成聖杯【レベル3】トゥメル_マルチ	01	4	6400				1	100	0	-1	
81310000	自動生成聖杯【レベル3】僻墓	01	4	6410				1	100	0	-1	
81311000	自動生成聖杯【レベル3】僻墓_呪い	01	4	6410				1	100	0	-1	
81312000	自動生成聖杯【レベル3】僻墓_マルチ	01	4	6410				1	100	0	-1	
81320000	自動生成聖杯【レベル3】ローラン	01	4	6420	自動生成聖杯【レベル4】ローラン	0x40001914	0xB0001914	1	100	0	-1	
81321000	自動生成聖杯【レベル3】ローラン_呪い	01	4	6420	自動生成聖杯【レベル4】ローラン	0x40001914	0xB0001914	1	100	0	-1	
81322000	自動生成聖杯【レベル3】ローラン_マルチ	01	4	6420	自動生成聖杯【レベル4】ローラン	0x40001914	0xB0001914	1	100	0	-1	
81350000	自動生成聖杯【レベル3】レア素材A	01	4	6450				1	100	0	-1	
81351000	自動生成聖杯【レベル3】レア素材A_呪い	01	4	6450				1	100	0	-1	
81352000	自動生成聖杯【レベル3】レア素材A_マルチ	01	4	6450				1	100	0	-1	
81400000	自動生成聖杯【レベル4】トゥメル	01	4	6500	自動生成聖杯【レベル5】トゥメル	0x40001964	0xB0001964	1	100	0	-1	
81401000	自動生成聖杯【レベル4】トゥメル_呪い	01	4	6500	自動生成聖杯【レベル5】トゥメル	0x40001964	0xB0001964	1	100	0	-1	
81402000	自動生成聖杯【レベル4】トゥメル_マルチ	01	4	6500	自動生成聖杯【レベル5】トゥメル	0x40001964	0xB0001964	1	100	0	-1	
81403000	自動生成聖杯【レベル4】トゥメル_ひどい呪い	01	4	6500	自動生成聖杯【レベル5】トゥメル	0x40001964	0xB0001964	1	100	0	-1	
81410000	自動生成聖杯【レベル4】僻墓	01	4	6510				1	100	0	-1	
81411000	自動生成聖杯【レベル4】僻墓_呪い	01	4	6510				1	100	0	-1	
81412000	自動生成聖杯【レベル4】僻墓_マルチ	01	4	6510				1	100	0	-1	
81413000	自動生成聖杯【レベル4】僻墓_ひどい呪い	01	4	6510				1	100	0	-1	
81420000	自動生成聖杯【レベル4】ローラン	01	4	6520	自動生成聖杯【レベル5】ローラン	0x40001978	0xB0001978	1	100	0	-1	
81421000	自動生成聖杯【レベル4】ローラン_呪い	01	4	6520	自動生成聖杯【レベル5】ローラン	0x40001978	0xB0001978	1	100	0	-1	
81422000	自動生成聖杯【レベル4】ローラン_マルチ	01	4	6520	自動生成聖杯【レベル5】ローラン	0x40001978	0xB0001978	1	100	0	-1	
81423000	自動生成聖杯【レベル4】ローラン_ひどい呪い	01	4	6520	自動生成聖杯【レベル5】ローラン	0x40001978	0xB0001978	1	100	0	-1	
81430000	自動生成聖杯【レベル4】イズ	01	4	6530	自動生成聖杯【レベル5】イズ	0x40001982	0xB0001982	1	100	0	-1	
81431000	自動生成聖杯【レベル4】イズ_呪い	01	4	6530	自動生成聖杯【レベル5】イズ	0x40001982	0xB0001982	1	100	0	-1	
81432000	自動生成聖杯【レベル4】イズ_マルチ	01	4	6530	自動生成聖杯【レベル5】イズ	0x40001982	0xB0001982	1	100	0	-1	
81433000	自動生成聖杯【レベル4】イズ_ひどい呪い	01	4	6530	自動生成聖杯【レベル5】イズ	0x40001982	0xB0001982	1	100	0	-1	
81440000	自動生成聖杯【レベル4】補助	01	4	6540				1	100	0	-1	
81441000	自動生成聖杯【レベル4】補助_呪い	01	4	6540				1	100	0	-1	
81442000	自動生成聖杯【レベル4】補助_マルチ	01	4	6540				1	100	0	-1	
81443000	自動生成聖杯【レベル4】補助_ひどい呪い	01	4	6540				1	100	0	-1	
81450000	自動生成聖杯【レベル4】レア素材A	01	4	6550				1	100	0	-1	
81451000	自動生成聖杯【レベル4】レア素材A_呪い	01	4	6550				1	100	0	-1	
81452000	自動生成聖杯【レベル4】レア素材A	01	4	6550				1	100	0	-1	
81453000	自動生成聖杯【レベル4】レア素材A	01	4	6550				1	100	0	-1	
81460000	自動生成聖杯【レベル4】レア素材B	01	4	6560				1	100	0	-1	
81461000	自動生成聖杯【レベル4】レア素材B_呪い	01	4	6560				1	100	0	-1	
81462000	自動生成聖杯【レベル4】レア素材B	01	4	6560				1	100	0	-1	
81463000	自動生成聖杯【レベル4】レア素材B	01	4	6560				1	100	0	-1	
81500000	自動生成聖杯【レベル5】トゥメル	01	4	6600				1	100	0	-1	
81501000	自動生成聖杯【レベル5】トゥメル_呪い	01	4	6600				1	100	0	-1	
81502000	自動生成聖杯【レベル5】トゥメル_マルチ	01	4	6600				1	100	0	-1	
81503000	自動生成聖杯【レベル5】トゥメル_ひどい呪い	01	4	6600				1	100	0	-1	
81510000	自動生成聖杯【レベル5】僻墓	01	4	6610				1	100	0	-1	
81511000	自動生成聖杯【レベル5】僻墓_呪い	01	4	6610				1	100	0	-1	
81512000	自動生成聖杯【レベル5】僻墓_マルチ	01	4	6610				1	100	0	-1	
81513000	自動生成聖杯【レベル5】僻墓_ひどい呪い	01	4	6610				1	100	0	-1	
81520000	自動生成聖杯【レベル5】ローラン	01	4	6620				1	100	0	-1	
81521000	自動生成聖杯【レベル5】ローラン_呪い	01	4	6620				1	100	0	-1	
81522000	自動生成聖杯【レベル5】ローラン_マルチ	01	4	6620				1	100	0	-1	
81523000	自動生成聖杯【レベル5】ローラン_ひどい呪い	01	4	6620				1	100	0	-1	
81530000	自動生成聖杯【レベル5】イズ	01	4	6630				1	100	0	-1	
81531000	自動生成聖杯【レベル5】イズ_呪い	01	4	6630				1	100	0	-1	
81532000	自動生成聖杯【レベル5】イズ_マルチ	01	4	6630				1	100	0	-1	
81533000	自動生成聖杯【レベル5】イズ_ひどい呪い	01	4	6630				1	100	0	-1	
81540000	自動生成聖杯【レベル5】補助	01	4	6640				1	100	0	-1	
81541000	自動生成聖杯【レベル5】補助_呪い	01	4	6640				1	100	0	-1	
81542000	自動生成聖杯【レベル5】補助_マルチ	01	4	6640				1	100	0	-1	
81543000	自動生成聖杯【レベル5】補助_ひどい呪い	01	4	6640				1	100	0	-1	
81550000	自動生成聖杯【レベル5】レア素材A	01	4	6650				1	100	0	-1	
81551000	自動生成聖杯【レベル5】レア素材A_呪い	01	4	6650				1	100	0	-1	
81552000	自動生成聖杯【レベル5】レア素材A_マルチ	01	4	6650				1	100	0	-1	
81553000	自動生成聖杯【レベル5】レア素材A_ひどい呪い	01	4	6650				1	100	0	-1	
81560000	自動生成聖杯【レベル5】レア素材B	01	4	6660				1	100	0	-1	
81561000	自動生成聖杯【レベル5】レア素材B_呪い	01	4	6660				1	100	0	-1	
81562000	自動生成聖杯【レベル5】レア素材B_マルチ	01	4	6660				1	100	0	-1	
81563000	自動生成聖杯【レベル5】レア素材B_ひどい呪い	01	4	6660				1	100	0	-1	
81600000	自動生成聖杯【レベル6】トゥメル	01	4	6700				1	100	0	-1	
81601000	自動生成聖杯【レベル6】トゥメル_呪い	01	4	6700				1	100	0	-1	
81602000	自動生成聖杯【レベル6】トゥメル_マルチ	01	4	6700				1	100	0	-1	
81603000	自動生成聖杯【レベル6】トゥメル_ひどい呪い	01	4	6700				1	100	0	-1	
81610000	自動生成聖杯【レベル6】僻墓	01	4	6710				1	100	0	-1	
81611000	自動生成聖杯【レベル6】僻墓_呪い	01	4	6710				1	100	0	-1	
81612000	自動生成聖杯【レベル6】僻墓_マルチ	01	4	6710				1	100	0	-1	
81613000	自動生成聖杯【レベル6】僻墓_ひどい呪い	01	4	6710				1	100	0	-1	
81620000	自動生成聖杯【レベル6】ローラン	01	4	6720				1	100	0	-1	
81621000	自動生成聖杯【レベル6】ローラン_呪い	01	4	6720				1	100	0	-1	
81622000	自動生成聖杯【レベル6】ローラン_マルチ	01	4	6720				1	100	0	-1	
81623000	自動生成聖杯【レベル6】ローラン_ひどい呪い	01	4	6720				1	100	0	-1	
81630000	自動生成聖杯【レベル6】イズ	01	4	6730				1	100	0	-1	
81631000	自動生成聖杯【レベル6】イズ_呪い	01	4	6730				1	100	0	-1	
81632000	自動生成聖杯【レベル6】イズ_マルチ	01	4	6730				1	100	0	-1	
81633000	自動生成聖杯【レベル6】イズ_ひどい呪い	01	4	6730				1	100	0	-1	
81640000	自動生成聖杯【レベル6】補助	01	4	6740				1	100	0	-1	
81641000	自動生成聖杯【レベル6】補助_呪い	01	4	6740				1	100	0	-1	
81642000	自動生成聖杯【レベル6】補助_マルチ	01	4	6740				1	100	0	-1	
81643000	自動生成聖杯【レベル6】補助_ひどい呪い	01	4	6740				1	100	0	-1	
81650000	自動生成聖杯【レベル6】レア素材A	01	4	6750				1	100	0	-1	
81651000	自動生成聖杯【レベル6】レア素材A_呪い	01	4	6750				1	100	0	-1	
81652000	自動生成聖杯【レベル6】レア素材A_マルチ	01	4	6750				1	100	0	-1	
81653000	自動生成聖杯【レベル6】レア素材A_ひどい呪い	01	4	6750				1	100	0	-1	
81660000	自動生成聖杯【レベル6】レア素材B	01	4	6760				1	100	0	-1	
81661000	自動生成聖杯【レベル6】レア素材B_呪い	01	4	6760				1	100	0	-1	
81662000	自動生成聖杯【レベル6】レア素材B_マルチ	01	4	6760				1	100	0	-1	
81663000	自動生成聖杯【レベル6】レア素材B_ひどい呪い	01	4	6760				1	100	0	-1	
81700000	自動生成聖杯【レベル7】トゥメル	01	15	710100				2	40	0	-1	
81700000	自動生成聖杯【レベル7】トゥメル	02	15	711100				2	30	0	-1	
81700000	自動生成聖杯【レベル7】トゥメル	03	15	712100				2	30	0	-1	
81701000	自動生成聖杯【レベル7】トゥメル_呪い	01	15	710100				2	40	0	-1	
81701000	自動生成聖杯【レベル7】トゥメル_呪い	02	15	711100				2	30	0	-1	
81701000	自動生成聖杯【レベル7】トゥメル_呪い	03	15	712100				2	30	0	-1	
81702000	自動生成聖杯【レベル7】トゥメル_マルチ	01	15	710100				2	40	0	-1	
81702000	自動生成聖杯【レベル7】トゥメル_マルチ	02	15	711100				2	30	0	-1	
81702000	自動生成聖杯【レベル7】トゥメル_マルチ	03	15	712100				2	30	0	-1	
81703000	自動生成聖杯【レベル7】トゥメル_ひどい呪い	01	15	710100				2	40	0	-1	
81703000	自動生成聖杯【レベル7】トゥメル_ひどい呪い	02	15	711100				2	30	0	-1	
81703000	自動生成聖杯【レベル7】トゥメル_ひどい呪い	03	15	712100				2	30	0	-1	
81710000	自動生成聖杯【レベル7】僻墓	01	15	710100				2	40	0	-1	
81710000	自動生成聖杯【レベル7】僻墓	02	15	711100				2	30	0	-1	
81710000	自動生成聖杯【レベル7】僻墓	03	15	712100				2	30	0	-1	
81711000	自動生成聖杯【レベル7】僻墓_呪い	01	15	710100				2	40	0	-1	
81711000	自動生成聖杯【レベル7】僻墓_呪い	02	15	711100				2	30	0	-1	
81711000	自動生成聖杯【レベル7】僻墓_呪い	03	15	712100				2	30	0	-1	
81712000	自動生成聖杯【レベル7】僻墓_マルチ	01	15	710100				2	40	0	-1	
81712000	自動生成聖杯【レベル7】僻墓_マルチ	02	15	711100				2	30	0	-1	
81712000	自動生成聖杯【レベル7】僻墓_マルチ	03	15	712100				2	30	0	-1	
81713000	自動生成聖杯【レベル7】僻墓_ひどい呪い	01	15	710100				2	40	0	-1	
81713000	自動生成聖杯【レベル7】僻墓_ひどい呪い	02	15	711100				2	30	0	-1	
81713000	自動生成聖杯【レベル7】僻墓_ひどい呪い	03	15	712100				2	30	0	-1	
81720000	自動生成聖杯【レベル7】ローラン	01	15	710100				2	40	0	-1	
81720000	自動生成聖杯【レベル7】ローラン	02	15	711100				2	30	0	-1	
81720000	自動生成聖杯【レベル7】ローラン	03	15	712100				2	30	0	-1	
81721000	自動生成聖杯【レベル7】ローラン_呪い	01	15	710100				2	40	0	-1	
81721000	自動生成聖杯【レベル7】ローラン_呪い	02	15	711100				2	30	0	-1	
81721000	自動生成聖杯【レベル7】ローラン_呪い	03	15	712100				2	30	0	-1	
81722000	自動生成聖杯【レベル7】ローラン_マルチ	01	15	710100				2	40	0	-1	
81722000	自動生成聖杯【レベル7】ローラン_マルチ	02	15	711100				2	30	0	-1	
81722000	自動生成聖杯【レベル7】ローラン_マルチ	03	15	712100				2	30	0	-1	
81723000	自動生成聖杯【レベル7】ローラン_ひどい呪い	01	15	710100				2	40	0	-1	
81723000	自動生成聖杯【レベル7】ローラン_ひどい呪い	02	15	711100				2	30	0	-1	
81723000	自動生成聖杯【レベル7】ローラン_ひどい呪い	03	15	712100				2	30	0	-1	
81730000	自動生成聖杯【レベル7】イズ	01	15	710100				2	40	0	-1	
81730000	自動生成聖杯【レベル7】イズ	02	15	711100				2	30	0	-1	
81730000	自動生成聖杯【レベル7】イズ	03	15	712100				2	30	0	-1	
81731000	自動生成聖杯【レベル7】イズ_呪い	01	15	710100				2	40	0	-1	
81731000	自動生成聖杯【レベル7】イズ_呪い	02	15	711100				2	30	0	-1	
81731000	自動生成聖杯【レベル7】イズ_呪い	03	15	712100				2	30	0	-1	
81732000	自動生成聖杯【レベル7】イズ_マルチ	01	15	710100				2	40	0	-1	
81732000	自動生成聖杯【レベル7】イズ_マルチ	02	15	711100				2	30	0	-1	
81732000	自動生成聖杯【レベル7】イズ_マルチ	03	15	712100				2	30	0	-1	
81733000	自動生成聖杯【レベル7】イズ_ひどい呪い	01	15	710100				2	40	0	-1	
81733000	自動生成聖杯【レベル7】イズ_ひどい呪い	02	15	711100				2	30	0	-1	
81733000	自動生成聖杯【レベル7】イズ_ひどい呪い	03	15	712100				2	30	0	-1	
81740000	自動生成聖杯【レベル7】補助	01	15	710100				2	40	0	-1	
81740000	自動生成聖杯【レベル7】補助	02	15	711100				2	30	0	-1	
81740000	自動生成聖杯【レベル7】補助	03	15	712100				2	30	0	-1	
81741000	自動生成聖杯【レベル7】補助_呪い	01	15	710100				2	40	0	-1	
81741000	自動生成聖杯【レベル7】補助_呪い	02	15	711100				2	30	0	-1	
81741000	自動生成聖杯【レベル7】補助_呪い	03	15	712100				2	30	0	-1	
81742000	自動生成聖杯【レベル7】補助_マルチ	01	15	710100				2	40	0	-1	
81742000	自動生成聖杯【レベル7】補助_マルチ	02	15	711100				2	30	0	-1	
81742000	自動生成聖杯【レベル7】補助_マルチ	03	15	712100				2	30	0	-1	
81743000	自動生成聖杯【レベル7】補助_ひどい呪い	01	15	710100				2	40	0	-1	
81743000	自動生成聖杯【レベル7】補助_ひどい呪い	02	15	711100				2	30	0	-1	
81743000	自動生成聖杯【レベル7】補助_ひどい呪い	03	15	712100				2	30	0	-1	
81750000	自動生成聖杯【レベル7】レア素材A	01	15	710100				2	40	0	-1	
81750000	自動生成聖杯【レベル7】レア素材A	02	15	711100				2	30	0	-1	
81750000	自動生成聖杯【レベル7】レア素材A	03	15	712100				2	30	0	-1	
81751000	自動生成聖杯【レベル7】レア素材A_呪い	01	15	710100				2	40	0	-1	
81751000	自動生成聖杯【レベル7】レア素材A_呪い	02	15	711100				2	30	0	-1	
81751000	自動生成聖杯【レベル7】レア素材A_呪い	03	15	712100				2	30	0	-1	
81752000	自動生成聖杯【レベル7】レア素材A_マルチ	01	15	710100				2	40	0	-1	
81752000	自動生成聖杯【レベル7】レア素材A_マルチ	02	15	711100				2	30	0	-1	
81752000	自動生成聖杯【レベル7】レア素材A_マルチ	03	15	712100				2	30	0	-1	
81753000	自動生成聖杯【レベル7】レア素材A_ひどい呪い	01	15	710100				2	40	0	-1	
81753000	自動生成聖杯【レベル7】レア素材A_ひどい呪い	02	15	711100				2	30	0	-1	
81753000	自動生成聖杯【レベル7】レア素材A_ひどい呪い	03	15	712100				2	30	0	-1	
81760000	自動生成聖杯【レベル7】レア素材B	01	15	710100				2	40	0	-1	
81760000	自動生成聖杯【レベル7】レア素材B	02	15	711100				2	30	0	-1	
81760000	自動生成聖杯【レベル7】レア素材B	03	15	712100				2	30	0	-1	
81761000	自動生成聖杯【レベル7】レア素材B_呪い	01	15	710100				2	40	0	-1	
81761000	自動生成聖杯【レベル7】レア素材B_呪い	02	15	711100				2	30	0	-1	
81761000	自動生成聖杯【レベル7】レア素材B_呪い	03	15	712100				2	30	0	-1	
81762000	自動生成聖杯【レベル7】レア素材B_マルチ	01	15	710100				2	40	0	-1	
81762000	自動生成聖杯【レベル7】レア素材B_マルチ	02	15	711100				2	30	0	-1	
81762000	自動生成聖杯【レベル7】レア素材B_マルチ	03	15	712100				2	30	0	-1	
81763000	自動生成聖杯【レベル7】レア素材B_ひどい呪い	01	15	710100				2	40	0	-1	
81763000	自動生成聖杯【レベル7】レア素材B_ひどい呪い	02	15	711100				2	30	0	-1	
81763000	自動生成聖杯【レベル7】レア素材B_ひどい呪い	03	15	712100				2	30	0	-1	
82100000	自動生成聖杯【レベル1】トゥメル	01	8	31400				1	80	0	-1	
82100000	自動生成聖杯【レベル1】トゥメル	02	8	31400				1	20	0	-1	
82101000	自動生成聖杯【レベル1】トゥメル_呪い	01	8	31400				1	80	0	-1	
82101000	自動生成聖杯【レベル1】トゥメル_呪い	02	8	31400				1	20	0	-1	
82200000	自動生成聖杯【レベル2】トゥメル	01	8	31400				1	80	0	-1	
82200000	自動生成聖杯【レベル2】トゥメル	02	8	31400				1	20	0	-1	
82201000	自動生成聖杯【レベル2】トゥメル_呪い	01	8	31400				1	80	0	-1	
82201000	自動生成聖杯【レベル2】トゥメル_呪い	02	8	31400				1	20	0	-1	
82202000	自動生成聖杯【レベル2】トゥメル_マルチ	01	8	31400				1	80	0	-1	
82202000	自動生成聖杯【レベル2】トゥメル_マルチ	02	8	31400				1	20	0	-1	
82210000	自動生成聖杯【レベル2】僻墓	01	8	31400				1	80	0	-1	
82210000	自動生成聖杯【レベル2】僻墓	02	8	31400				1	20	0	-1	
82211000	自動生成聖杯【レベル2】僻墓_呪い	01	8	31400				1	80	0	-1	
82211000	自動生成聖杯【レベル2】僻墓_呪い	02	8	31400				1	20	0	-1	
82212000	自動生成聖杯【レベル2】僻墓_マルチ	01	8	31400				1	80	0	-1	
82212000	自動生成聖杯【レベル2】僻墓_マルチ	02	8	31400				1	20	0	-1	
82300000	自動生成聖杯【レベル3】トゥメル	01	8	31400				1	80	0	-1	
82300000	自動生成聖杯【レベル3】トゥメル	02	8	31400				1	20	0	-1	
82301000	自動生成聖杯【レベル3】トゥメル_呪い	01	8	31400				1	80	0	-1	
82301000	自動生成聖杯【レベル3】トゥメル_呪い	02	8	31400				1	20	0	-1	
82302000	自動生成聖杯【レベル3】トゥメル_マルチ	01	8	31400				1	80	0	-1	
82302000	自動生成聖杯【レベル3】トゥメル_マルチ	02	8	31400				1	20	0	-1	
82310000	自動生成聖杯【レベル3】僻墓	01	8	31400				1	80	0	-1	
82310000	自動生成聖杯【レベル3】僻墓	02	8	31400				1	20	0	-1	
82311000	自動生成聖杯【レベル3】僻墓_呪い	01	8	31400				1	80	0	-1	
82311000	自動生成聖杯【レベル3】僻墓_呪い	02	8	31400				1	20	0	-1	
82312000	自動生成聖杯【レベル3】僻墓_マルチ	01	8	31400				1	80	0	-1	
82312000	自動生成聖杯【レベル3】僻墓_マルチ	02	8	31400				1	20	0	-1	
82320000	自動生成聖杯【レベル3】ローラン	01	8	31400				1	80	0	-1	
82320000	自動生成聖杯【レベル3】ローラン	02	8	31400				1	20	0	-1	
82321000	自動生成聖杯【レベル3】ローラン_呪い	01	8	31400				1	80	0	-1	
82321000	自動生成聖杯【レベル3】ローラン_呪い	02	8	31400				1	20	0	-1	
82322000	自動生成聖杯【レベル3】ローラン_マルチ	01	8	31400				1	80	0	-1	
82322000	自動生成聖杯【レベル3】ローラン_マルチ	02	8	31400				1	20	0	-1	
82350000	自動生成聖杯【レベル3】レア素材A	01	15	151100				1	100	0	-1	
82350000	自動生成聖杯【レベル3】レア素材A	02	15	710100				2	40	0	-1	
82350000	自動生成聖杯【レベル3】レア素材A	03	15	711100				2	30	0	-1	
82350000	自動生成聖杯【レベル3】レア素材A	04	15	712100				2	30	0	-1	
82351000	自動生成聖杯【レベル3】レア素材A_呪い	01	15	151100				1	100	0	-1	
82351000	自動生成聖杯【レベル3】レア素材A_呪い	02	15	710100				2	40	0	-1	
82351000	自動生成聖杯【レベル3】レア素材A_呪い	03	15	711100				2	30	0	-1	
82351000	自動生成聖杯【レベル3】レア素材A_呪い	04	15	712100				2	30	0	-1	
82352000	自動生成聖杯【レベル3】レア素材A_マルチ	01	15	151100				1	100	0	-1	
82352000	自動生成聖杯【レベル3】レア素材A_マルチ	02	15	710100				2	40	0	-1	
82352000	自動生成聖杯【レベル3】レア素材A_マルチ	03	15	711100				2	30	0	-1	
82352000	自動生成聖杯【レベル3】レア素材A_マルチ	04	15	712100				2	30	0	-1	
82400000	自動生成聖杯【レベル4】トゥメル	01	8	31400				1	80	0	-1	
82400000	自動生成聖杯【レベル4】トゥメル	02	8	31400				1	20	0	-1	
82401000	自動生成聖杯【レベル4】トゥメル_呪い	01	8	31400				1	80	0	-1	
82401000	自動生成聖杯【レベル4】トゥメル_呪い	02	8	31400				1	20	0	-1	
82402000	自動生成聖杯【レベル4】トゥメル_マルチ	01	8	31400				1	80	0	-1	
82402000	自動生成聖杯【レベル4】トゥメル_マルチ	02	8	31400				1	20	0	-1	
82403000	自動生成聖杯【レベル4】トゥメル_ひどい呪い	01	8	31400				1	80	0	-1	
82403000	自動生成聖杯【レベル4】トゥメル_ひどい呪い	02	8	31400				1	20	0	-1	
82410000	自動生成聖杯【レベル4】僻墓	01	8	31400				1	80	0	-1	
82410000	自動生成聖杯【レベル4】僻墓	02	8	31400				1	20	0	-1	
82411000	自動生成聖杯【レベル4】僻墓_呪い	01	8	31400				1	80	0	-1	
82411000	自動生成聖杯【レベル4】僻墓_呪い	02	8	31400				1	20	0	-1	
82412000	自動生成聖杯【レベル4】僻墓_マルチ	01	8	31400				1	80	0	-1	
82412000	自動生成聖杯【レベル4】僻墓_マルチ	02	8	31400				1	20	0	-1	
82413000	自動生成聖杯【レベル4】僻墓_ひどい呪い	01	8	31400				1	80	0	-1	
82413000	自動生成聖杯【レベル4】僻墓_ひどい呪い	02	8	31400				1	20	0	-1	
82420000	自動生成聖杯【レベル4】ローラン	01	8	31400				1	80	0	-1	
82420000	自動生成聖杯【レベル4】ローラン	02	8	31400				1	20	0	-1	
82421000	自動生成聖杯【レベル4】ローラン_呪い	01	8	31400				1	80	0	-1	
82421000	自動生成聖杯【レベル4】ローラン_呪い	02	8	31400				1	20	0	-1	
82422000	自動生成聖杯【レベル4】ローラン_マルチ	01	8	31400				1	80	0	-1	
82422000	自動生成聖杯【レベル4】ローラン_マルチ	02	8	31400				1	20	0	-1	
82423000	自動生成聖杯【レベル4】ローラン_ひどい呪い	01	8	31400				1	80	0	-1	
82423000	自動生成聖杯【レベル4】ローラン_ひどい呪い	02	8	31400				1	20	0	-1	
82430000	自動生成聖杯【レベル4】イズ	01	8	31400				1	80	0	-1	
82430000	自動生成聖杯【レベル4】イズ	02	8	31400				1	20	0	-1	
82431000	自動生成聖杯【レベル4】イズ_呪い	01	8	31400				1	80	0	-1	
82431000	自動生成聖杯【レベル4】イズ_呪い	02	8	31400				1	20	0	-1	
82432000	自動生成聖杯【レベル4】イズ_マルチ	01	8	31400				1	80	0	-1	
82432000	自動生成聖杯【レベル4】イズ_マルチ	02	8	31400				1	20	0	-1	
82433000	自動生成聖杯【レベル4】イズ_ひどい呪い	01	8	31400				1	80	0	-1	
82433000	自動生成聖杯【レベル4】イズ_ひどい呪い	02	8	31400				1	20	0	-1	
82440000	自動生成聖杯【レベル4】補助	01	8	31400				1	80	0	-1	
82440000	自動生成聖杯【レベル4】補助	02	8	31400				1	20	0	-1	
82441000	自動生成聖杯【レベル4】補助_呪い	01	8	31400				1	80	0	-1	
82441000	自動生成聖杯【レベル4】補助_呪い	02	8	31400				1	20	0	-1	
82442000	自動生成聖杯【レベル4】補助_マルチ	01	8	31400				1	80	0	-1	
82442000	自動生成聖杯【レベル4】補助_マルチ	02	8	31400				1	20	0	-1	
82443000	自動生成聖杯【レベル4】補助_ひどい呪い	01	8	31400				1	80	0	-1	
82443000	自動生成聖杯【レベル4】補助_ひどい呪い	02	8	31400				1	20	0	-1	
82450000	自動生成聖杯【レベル4】レア素材A	01	15	151100				1	100	0	-1	
82450000	自動生成聖杯【レベル4】レア素材A	02	15	710100				2	40	0	-1	
82450000	自動生成聖杯【レベル4】レア素材A	03	15	711100				2	30	0	-1	
82450000	自動生成聖杯【レベル4】レア素材A	04	15	712100				2	30	0	-1	
82451000	自動生成聖杯【レベル4】レア素材A_呪い	01	15	151100				1	100	0	-1	
82451000	自動生成聖杯【レベル4】レア素材A_呪い	02	15	710100				2	40	0	-1	
82451000	自動生成聖杯【レベル4】レア素材A_呪い	03	15	711100				2	30	0	-1	
82451000	自動生成聖杯【レベル4】レア素材A_呪い	04	15	712100				2	30	0	-1	
82452000	自動生成聖杯【レベル4】レア素材A	01	15	151100				1	100	0	-1	
82452000	自動生成聖杯【レベル4】レア素材A	02	15	710100				2	40	0	-1	
82452000	自動生成聖杯【レベル4】レア素材A	03	15	711100				2	30	0	-1	
82452000	自動生成聖杯【レベル4】レア素材A	04	15	712100				2	30	0	-1	
82453000	自動生成聖杯【レベル4】レア素材A	01	15	151100				1	100	0	-1	
82453000	自動生成聖杯【レベル4】レア素材A	02	15	710100				2	40	0	-1	
82453000	自動生成聖杯【レベル4】レア素材A	03	15	711100				2	30	0	-1	
82453000	自動生成聖杯【レベル4】レア素材A	04	15	712100				2	30	0	-1	
82460000	自動生成聖杯【レベル4】レア素材B	01	15	151100				1	100	0	-1	
82460000	自動生成聖杯【レベル4】レア素材B	02	15	710100				2	40	0	-1	
82460000	自動生成聖杯【レベル4】レア素材B	03	15	713100				2	30	0	-1	
82460000	自動生成聖杯【レベル4】レア素材B	04	15	714100				2	30	0	-1	
82461000	自動生成聖杯【レベル4】レア素材B_呪い	01	15	151100				1	100	0	-1	
82461000	自動生成聖杯【レベル4】レア素材B_呪い	02	15	710100				2	40	0	-1	
82461000	自動生成聖杯【レベル4】レア素材B_呪い	03	15	713100				2	30	0	-1	
82461000	自動生成聖杯【レベル4】レア素材B_呪い	04	15	714100				2	30	0	-1	
82462000	自動生成聖杯【レベル4】レア素材B	01	15	151100				1	100	0	-1	
82462000	自動生成聖杯【レベル4】レア素材B	02	15	710100				2	40	0	-1	
82462000	自動生成聖杯【レベル4】レア素材B	03	15	713100				2	30	0	-1	
82462000	自動生成聖杯【レベル4】レア素材B	04	15	714100				2	30	0	-1	
82463000	自動生成聖杯【レベル4】レア素材B	01	15	151100				1	100	0	-1	
82463000	自動生成聖杯【レベル4】レア素材B	02	15	710100				2	40	0	-1	
82463000	自動生成聖杯【レベル4】レア素材B	03	15	713100				2	30	0	-1	
82463000	自動生成聖杯【レベル4】レア素材B	04	15	714100				2	30	0	-1	
82500000	自動生成聖杯【レベル5】トゥメル	01	8	31400				1	80	0	-1	
82500000	自動生成聖杯【レベル5】トゥメル	02	8	31400				1	20	0	-1	
82501000	自動生成聖杯【レベル5】トゥメル_呪い	01	8	31400				1	80	0	-1	
82501000	自動生成聖杯【レベル5】トゥメル_呪い	02	8	31400				1	20	0	-1	
82502000	自動生成聖杯【レベル5】トゥメル_マルチ	01	8	31400				1	80	0	-1	
82502000	自動生成聖杯【レベル5】トゥメル_マルチ	02	8	31400				1	20	0	-1	
82503000	自動生成聖杯【レベル5】トゥメル_ひどい呪い	01	8	31400				1	80	0	-1	
82503000	自動生成聖杯【レベル5】トゥメル_ひどい呪い	02	8	31400				1	20	0	-1	
82510000	自動生成聖杯【レベル5】僻墓	01	8	31400				1	80	0	-1	
82510000	自動生成聖杯【レベル5】僻墓	02	8	31400				1	20	0	-1	
82511000	自動生成聖杯【レベル5】僻墓_呪い	01	8	31400				1	80	0	-1	
82511000	自動生成聖杯【レベル5】僻墓_呪い	02	8	31400				1	20	0	-1	
82512000	自動生成聖杯【レベル5】僻墓_マルチ	01	8	31400				1	80	0	-1	
82512000	自動生成聖杯【レベル5】僻墓_マルチ	02	8	31400				1	20	0	-1	
82513000	自動生成聖杯【レベル5】僻墓_ひどい呪い	01	8	31400				1	80	0	-1	
82513000	自動生成聖杯【レベル5】僻墓_ひどい呪い	02	8	31400				1	20	0	-1	
82520000	自動生成聖杯【レベル5】ローラン	01	8	31400				1	80	0	-1	
82520000	自動生成聖杯【レベル5】ローラン	02	8	31400				1	20	0	-1	
82521000	自動生成聖杯【レベル5】ローラン_呪い	01	8	31400				1	80	0	-1	
82521000	自動生成聖杯【レベル5】ローラン_呪い	02	8	31400				1	20	0	-1	
82522000	自動生成聖杯【レベル5】ローラン_マルチ	01	8	31400				1	80	0	-1	
82522000	自動生成聖杯【レベル5】ローラン_マルチ	02	8	31400				1	20	0	-1	
82523000	自動生成聖杯【レベル5】ローラン_ひどい呪い	01	8	31400				1	80	0	-1	
82523000	自動生成聖杯【レベル5】ローラン_ひどい呪い	02	8	31400				1	20	0	-1	
82530000	自動生成聖杯【レベル5】イズ	01	8	31400				1	80	0	-1	
82530000	自動生成聖杯【レベル5】イズ	02	8	31400				1	20	0	-1	
82531000	自動生成聖杯【レベル5】イズ_呪い	01	8	31400				1	80	0	-1	
82531000	自動生成聖杯【レベル5】イズ_呪い	02	8	31400				1	20	0	-1	
82532000	自動生成聖杯【レベル5】イズ_マルチ	01	8	31400				1	80	0	-1	
82532000	自動生成聖杯【レベル5】イズ_マルチ	02	8	31400				1	20	0	-1	
82533000	自動生成聖杯【レベル5】イズ_ひどい呪い	01	8	31400				1	80	0	-1	
82533000	自動生成聖杯【レベル5】イズ_ひどい呪い	02	8	31400				1	20	0	-1	
82540000	自動生成聖杯【レベル5】補助	01	8	31400				1	80	0	-1	
82540000	自動生成聖杯【レベル5】補助	02	8	31400				1	20	0	-1	
82541000	自動生成聖杯【レベル5】補助_呪い	01	8	31400				1	80	0	-1	
82541000	自動生成聖杯【レベル5】補助_呪い	02	8	31400				1	20	0	-1	
82542000	自動生成聖杯【レベル5】補助_マルチ	01	8	31400				1	80	0	-1	
82542000	自動生成聖杯【レベル5】補助_マルチ	02	8	31400				1	20	0	-1	
82543000	自動生成聖杯【レベル5】補助_ひどい呪い	01	8	31400				1	80	0	-1	
82543000	自動生成聖杯【レベル5】補助_ひどい呪い	02	8	31400				1	20	0	-1	
82550000	自動生成聖杯【レベル5】レア素材A	01	15	151100				1	100	0	-1	
82550000	自動生成聖杯【レベル5】レア素材A	02	15	710100				2	40	0	-1	
82550000	自動生成聖杯【レベル5】レア素材A	03	15	711100				2	30	0	-1	
82550000	自動生成聖杯【レベル5】レア素材A	04	15	712100				2	30	0	-1	
82551000	自動生成聖杯【レベル5】レア素材A_呪い	01	15	151100				1	100	0	-1	
82551000	自動生成聖杯【レベル5】レア素材A_呪い	02	15	710100				2	40	0	-1	
82551000	自動生成聖杯【レベル5】レア素材A_呪い	03	15	711100				2	30	0	-1	
82551000	自動生成聖杯【レベル5】レア素材A_呪い	04	15	712100				2	30	0	-1	
82552000	自動生成聖杯【レベル5】レア素材A_マルチ	01	15	151100				1	100	0	-1	
82552000	自動生成聖杯【レベル5】レア素材A_マルチ	02	15	710100				2	40	0	-1	
82552000	自動生成聖杯【レベル5】レア素材A_マルチ	03	15	711100				2	30	0	-1	
82552000	自動生成聖杯【レベル5】レア素材A_マルチ	04	15	712100				2	30	0	-1	
82553000	自動生成聖杯【レベル5】レア素材A_ひどい呪い	01	15	151100				1	100	0	-1	
82553000	自動生成聖杯【レベル5】レア素材A_ひどい呪い	02	15	710100				2	40	0	-1	
82553000	自動生成聖杯【レベル5】レア素材A_ひどい呪い	03	15	711100				2	30	0	-1	
82553000	自動生成聖杯【レベル5】レア素材A_ひどい呪い	04	15	712100				2	30	0	-1	
82560000	自動生成聖杯【レベル5】レア素材B	01	15	151100				1	100	0	-1	
82560000	自動生成聖杯【レベル5】レア素材B	02	15	710100				2	40	0	-1	
82560000	自動生成聖杯【レベル5】レア素材B	03	15	713100				2	30	0	-1	
82560000	自動生成聖杯【レベル5】レア素材B	04	15	714100				2	30	0	-1	
82561000	自動生成聖杯【レベル5】レア素材B_呪い	01	15	151100				1	100	0	-1	
82561000	自動生成聖杯【レベル5】レア素材B_呪い	02	15	710100				2	40	0	-1	
82561000	自動生成聖杯【レベル5】レア素材B_呪い	03	15	713100				2	30	0	-1	
82561000	自動生成聖杯【レベル5】レア素材B_呪い	04	15	714100				2	30	0	-1	
82562000	自動生成聖杯【レベル5】レア素材B_マルチ	01	15	151100				1	100	0	-1	
82562000	自動生成聖杯【レベル5】レア素材B_マルチ	02	15	710100				2	40	0	-1	
82562000	自動生成聖杯【レベル5】レア素材B_マルチ	03	15	713100				2	30	0	-1	
82562000	自動生成聖杯【レベル5】レア素材B_マルチ	04	15	714100				2	30	0	-1	
82563000	自動生成聖杯【レベル5】レア素材B_ひどい呪い	01	15	151100				1	100	0	-1	
82563000	自動生成聖杯【レベル5】レア素材B_ひどい呪い	02	15	710100				2	40	0	-1	
82563000	自動生成聖杯【レベル5】レア素材B_ひどい呪い	03	15	713100				2	30	0	-1	
82563000	自動生成聖杯【レベル5】レア素材B_ひどい呪い	04	15	714100				2	30	0	-1	
82600000	自動生成聖杯【レベル6】トゥメル	01	8	31400				1	80	0	-1	
82600000	自動生成聖杯【レベル6】トゥメル	02	8	31400				1	20	0	-1	
82601000	自動生成聖杯【レベル6】トゥメル_呪い	01	8	31400				1	80	0	-1	
82601000	自動生成聖杯【レベル6】トゥメル_呪い	02	8	31400				1	20	0	-1	
82602000	自動生成聖杯【レベル6】トゥメル_マルチ	01	8	31400				1	80	0	-1	
82602000	自動生成聖杯【レベル6】トゥメル_マルチ	02	8	31400				1	20	0	-1	
82603000	自動生成聖杯【レベル6】トゥメル_ひどい呪い	01	8	31400				1	80	0	-1	
82603000	自動生成聖杯【レベル6】トゥメル_ひどい呪い	02	8	31400				1	20	0	-1	
82610000	自動生成聖杯【レベル6】僻墓	01	8	31400				1	80	0	-1	
82610000	自動生成聖杯【レベル6】僻墓	02	8	31400				1	20	0	-1	
82611000	自動生成聖杯【レベル6】僻墓_呪い	01	8	31400				1	80	0	-1	
82611000	自動生成聖杯【レベル6】僻墓_呪い	02	8	31400				1	20	0	-1	
82612000	自動生成聖杯【レベル6】僻墓_マルチ	01	8	31400				1	80	0	-1	
82612000	自動生成聖杯【レベル6】僻墓_マルチ	02	8	31400				1	20	0	-1	
82613000	自動生成聖杯【レベル6】僻墓_ひどい呪い	01	8	31400				1	80	0	-1	
82613000	自動生成聖杯【レベル6】僻墓_ひどい呪い	02	8	31400				1	20	0	-1	
82620000	自動生成聖杯【レベル6】ローラン	01	8	31400				1	80	0	-1	
82620000	自動生成聖杯【レベル6】ローラン	02	8	31400				1	20	0	-1	
82621000	自動生成聖杯【レベル6】ローラン_呪い	01	8	31400				1	80	0	-1	
82621000	自動生成聖杯【レベル6】ローラン_呪い	02	8	31400				1	20	0	-1	
82622000	自動生成聖杯【レベル6】ローラン_マルチ	01	8	31400				1	80	0	-1	
82622000	自動生成聖杯【レベル6】ローラン_マルチ	02	8	31400				1	20	0	-1	
82623000	自動生成聖杯【レベル6】ローラン_ひどい呪い	01	8	31400				1	80	0	-1	
82623000	自動生成聖杯【レベル6】ローラン_ひどい呪い	02	8	31400				1	20	0	-1	
82630000	自動生成聖杯【レベル6】イズ	01	8	31400				1	80	0	-1	
82630000	自動生成聖杯【レベル6】イズ	02	8	31400				1	20	0	-1	
82631000	自動生成聖杯【レベル6】イズ_呪い	01	8	31400				1	80	0	-1	
82631000	自動生成聖杯【レベル6】イズ_呪い	02	8	31400				1	20	0	-1	
82632000	自動生成聖杯【レベル6】イズ_マルチ	01	8	31400				1	80	0	-1	
82632000	自動生成聖杯【レベル6】イズ_マルチ	02	8	31400				1	20	0	-1	
82633000	自動生成聖杯【レベル6】イズ_ひどい呪い	01	8	31400				1	80	0	-1	
82633000	自動生成聖杯【レベル6】イズ_ひどい呪い	02	8	31400				1	20	0	-1	
82640000	自動生成聖杯【レベル6】補助	01	8	31400				1	80	0	-1	
82640000	自動生成聖杯【レベル6】補助	02	8	31400				1	20	0	-1	
82641000	自動生成聖杯【レベル6】補助_呪い	01	8	31400				1	80	0	-1	
82641000	自動生成聖杯【レベル6】補助_呪い	02	8	31400				1	20	0	-1	
82642000	自動生成聖杯【レベル6】補助_マルチ	01	8	31400				1	80	0	-1	
82642000	自動生成聖杯【レベル6】補助_マルチ	02	8	31400				1	20	0	-1	
82643000	自動生成聖杯【レベル6】補助_ひどい呪い	01	8	31400				1	80	0	-1	
82643000	自動生成聖杯【レベル6】補助_ひどい呪い	02	8	31400				1	20	0	-1	
82650000	自動生成聖杯【レベル6】レア素材A	01	15	151100				1	100	0	-1	
82650000	自動生成聖杯【レベル6】レア素材A	02	15	710100				2	40	0	-1	
82650000	自動生成聖杯【レベル6】レア素材A	03	15	711100				2	30	0	-1	
82650000	自動生成聖杯【レベル6】レア素材A	04	15	712100				2	30	0	-1	
82651000	自動生成聖杯【レベル6】レア素材A_呪い	01	15	151100				1	100	0	-1	
82651000	自動生成聖杯【レベル6】レア素材A_呪い	02	15	710100				2	40	0	-1	
82651000	自動生成聖杯【レベル6】レア素材A_呪い	03	15	711100				2	30	0	-1	
82651000	自動生成聖杯【レベル6】レア素材A_呪い	04	15	712100				2	30	0	-1	
82652000	自動生成聖杯【レベル6】レア素材A_マルチ	01	15	151100				1	100	0	-1	
82652000	自動生成聖杯【レベル6】レア素材A_マルチ	02	15	710100				2	40	0	-1	
82652000	自動生成聖杯【レベル6】レア素材A_マルチ	03	15	711100				2	30	0	-1	
82652000	自動生成聖杯【レベル6】レア素材A_マルチ	04	15	712100				2	30	0	-1	
82653000	自動生成聖杯【レベル6】レア素材A_ひどい呪い	01	15	151100				1	100	0	-1	
82653000	自動生成聖杯【レベル6】レア素材A_ひどい呪い	02	15	710100				2	40	0	-1	
82653000	自動生成聖杯【レベル6】レア素材A_ひどい呪い	03	15	711100				2	30	0	-1	
82653000	自動生成聖杯【レベル6】レア素材A_ひどい呪い	04	15	712100				2	30	0	-1	
82660000	自動生成聖杯【レベル6】レア素材B	01	15	151100				1	100	0	-1	
82660000	自動生成聖杯【レベル6】レア素材B	02	15	710100				2	40	0	-1	
82660000	自動生成聖杯【レベル6】レア素材B	03	15	713100				2	30	0	-1	
82660000	自動生成聖杯【レベル6】レア素材B	04	15	714100				2	30	0	-1	
82661000	自動生成聖杯【レベル6】レア素材B_呪い	01	15	151100				1	100	0	-1	
82661000	自動生成聖杯【レベル6】レア素材B_呪い	02	15	710100				2	40	0	-1	
82661000	自動生成聖杯【レベル6】レア素材B_呪い	03	15	713100				2	30	0	-1	
82661000	自動生成聖杯【レベル6】レア素材B_呪い	04	15	714100				2	30	0	-1	
82662000	自動生成聖杯【レベル6】レア素材B_マルチ	01	15	151100				1	100	0	-1	
82662000	自動生成聖杯【レベル6】レア素材B_マルチ	02	15	710100				2	40	0	-1	
82662000	自動生成聖杯【レベル6】レア素材B_マルチ	03	15	713100				2	30	0	-1	
82662000	自動生成聖杯【レベル6】レア素材B_マルチ	04	15	714100				2	30	0	-1	
82663000	自動生成聖杯【レベル6】レア素材B_ひどい呪い	01	15	151100				1	100	0	-1	
82663000	自動生成聖杯【レベル6】レア素材B_ひどい呪い	02	15	710100				2	40	0	-1	
82663000	自動生成聖杯【レベル6】レア素材B_ひどい呪い	03	15	713100				2	30	0	-1	
82663000	自動生成聖杯【レベル6】レア素材B_ひどい呪い	04	15	714100				2	30	0	-1	
82700000	自動生成聖杯【レベル7】トゥメル	01	8	31400				1	80	0	-1	
82700000	自動生成聖杯【レベル7】トゥメル	02	8	31400				1	20	0	-1	
82701000	自動生成聖杯【レベル7】トゥメル_呪い	01	8	31400				1	80	0	-1	
82701000	自動生成聖杯【レベル7】トゥメル_呪い	02	8	31400				1	20	0	-1	
82702000	自動生成聖杯【レベル7】トゥメル_マルチ	01	8	31400				1	80	0	-1	
82702000	自動生成聖杯【レベル7】トゥメル_マルチ	02	8	31400				1	20	0	-1	
82703000	自動生成聖杯【レベル7】トゥメル_ひどい呪い	01	8	31400				1	80	0	-1	
82703000	自動生成聖杯【レベル7】トゥメル_ひどい呪い	02	8	31400				1	20	0	-1	
82710000	自動生成聖杯【レベル7】僻墓	01	8	31400				1	80	0	-1	
82710000	自動生成聖杯【レベル7】僻墓	02	8	31400				1	20	0	-1	
82711000	自動生成聖杯【レベル7】僻墓_呪い	01	8	31400				1	80	0	-1	
82711000	自動生成聖杯【レベル7】僻墓_呪い	02	8	31400				1	20	0	-1	
82712000	自動生成聖杯【レベル7】僻墓_マルチ	01	8	31400				1	80	0	-1	
82712000	自動生成聖杯【レベル7】僻墓_マルチ	02	8	31400				1	20	0	-1	
82713000	自動生成聖杯【レベル7】僻墓_ひどい呪い	01	8	31400				1	80	0	-1	
82713000	自動生成聖杯【レベル7】僻墓_ひどい呪い	02	8	31400				1	20	0	-1	
82720000	自動生成聖杯【レベル7】ローラン	01	8	31400				1	80	0	-1	
82720000	自動生成聖杯【レベル7】ローラン	02	8	31400				1	20	0	-1	
82721000	自動生成聖杯【レベル7】ローラン_呪い	01	8	31400				1	80	0	-1	
82721000	自動生成聖杯【レベル7】ローラン_呪い	02	8	31400				1	20	0	-1	
82722000	自動生成聖杯【レベル7】ローラン_マルチ	01	8	31400				1	80	0	-1	
82722000	自動生成聖杯【レベル7】ローラン_マルチ	02	8	31400				1	20	0	-1	
82723000	自動生成聖杯【レベル7】ローラン_ひどい呪い	01	8	31400				1	80	0	-1	
82723000	自動生成聖杯【レベル7】ローラン_ひどい呪い	02	8	31400				1	20	0	-1	
82730000	自動生成聖杯【レベル7】イズ	01	8	31400				1	80	0	-1	
82730000	自動生成聖杯【レベル7】イズ	02	8	31400				1	20	0	-1	
82731000	自動生成聖杯【レベル7】イズ_呪い	01	8	31400				1	80	0	-1	
82731000	自動生成聖杯【レベル7】イズ_呪い	02	8	31400				1	20	0	-1	
82732000	自動生成聖杯【レベル7】イズ_マルチ	01	8	31400				1	80	0	-1	
82732000	自動生成聖杯【レベル7】イズ_マルチ	02	8	31400				1	20	0	-1	
82733000	自動生成聖杯【レベル7】イズ_ひどい呪い	01	8	31400				1	80	0	-1	
82733000	自動生成聖杯【レベル7】イズ_ひどい呪い	02	8	31400				1	20	0	-1	
82740000	自動生成聖杯【レベル7】補助	01	8	31400				1	80	0	-1	
82740000	自動生成聖杯【レベル7】補助	02	8	31400				1	20	0	-1	
82741000	自動生成聖杯【レベル7】補助_呪い	01	8	31400				1	80	0	-1	
82741000	自動生成聖杯【レベル7】補助_呪い	02	8	31400				1	20	0	-1	
82742000	自動生成聖杯【レベル7】補助_マルチ	01	8	31400				1	80	0	-1	
82742000	自動生成聖杯【レベル7】補助_マルチ	02	8	31400				1	20	0	-1	
82743000	自動生成聖杯【レベル7】補助_ひどい呪い	01	8	31400				1	80	0	-1	
82743000	自動生成聖杯【レベル7】補助_ひどい呪い	02	8	31400				1	20	0	-1	
82750000	自動生成聖杯【レベル7】レア素材A	01	15	151100				1	100	0	-1	
82750000	自動生成聖杯【レベル7】レア素材A	02	15	710100				2	40	0	-1	
82750000	自動生成聖杯【レベル7】レア素材A	03	15	711100				2	30	0	-1	
82750000	自動生成聖杯【レベル7】レア素材A	04	15	712100				2	30	0	-1	
82751000	自動生成聖杯【レベル7】レア素材A_呪い	01	15	151100				1	100	0	-1	
82751000	自動生成聖杯【レベル7】レア素材A_呪い	02	15	710100				2	40	0	-1	
82751000	自動生成聖杯【レベル7】レア素材A_呪い	03	15	711100				2	30	0	-1	
82751000	自動生成聖杯【レベル7】レア素材A_呪い	04	15	712100				2	30	0	-1	
82752000	自動生成聖杯【レベル7】レア素材A_マルチ	01	15	151100				1	100	0	-1	
82752000	自動生成聖杯【レベル7】レア素材A_マルチ	02	15	710100				2	40	0	-1	
82752000	自動生成聖杯【レベル7】レア素材A_マルチ	03	15	711100				2	30	0	-1	
82752000	自動生成聖杯【レベル7】レア素材A_マルチ	04	15	712100				2	30	0	-1	
82753000	自動生成聖杯【レベル7】レア素材A_ひどい呪い	01	15	151100				1	100	0	-1	
82753000	自動生成聖杯【レベル7】レア素材A_ひどい呪い	02	15	710100				2	40	0	-1	
82753000	自動生成聖杯【レベル7】レア素材A_ひどい呪い	03	15	711100				2	30	0	-1	
82753000	自動生成聖杯【レベル7】レア素材A_ひどい呪い	04	15	712100				2	30	0	-1	
82760000	自動生成聖杯【レベル7】レア素材B	01	15	151100				1	100	0	-1	
82760000	自動生成聖杯【レベル7】レア素材B	02	15	710100				2	40	0	-1	
82760000	自動生成聖杯【レベル7】レア素材B	03	15	713100				2	30	0	-1	
82760000	自動生成聖杯【レベル7】レア素材B	04	15	714100				2	30	0	-1	
82761000	自動生成聖杯【レベル7】レア素材B_呪い	01	15	151100				1	100	0	-1	
82761000	自動生成聖杯【レベル7】レア素材B_呪い	02	15	710100				2	40	0	-1	
82761000	自動生成聖杯【レベル7】レア素材B_呪い	03	15	713100				2	30	0	-1	
82761000	自動生成聖杯【レベル7】レア素材B_呪い	04	15	714100				2	30	0	-1	
82762000	自動生成聖杯【レベル7】レア素材B_マルチ	01	15	151100				1	100	0	-1	
82762000	自動生成聖杯【レベル7】レア素材B_マルチ	02	15	710100				2	40	0	-1	
82762000	自動生成聖杯【レベル7】レア素材B_マルチ	03	15	713100				2	30	0	-1	
82762000	自動生成聖杯【レベル7】レア素材B_マルチ	04	15	714100				2	30	0	-1	
82763000	自動生成聖杯【レベル7】レア素材B_ひどい呪い	01	15	151100				1	100	0	-1	
82763000	自動生成聖杯【レベル7】レア素材B_ひどい呪い	02	15	710100				2	40	0	-1	
82763000	自動生成聖杯【レベル7】レア素材B_ひどい呪い	03	15	713100				2	30	0	-1	
82763000	自動生成聖杯【レベル7】レア素材B_ひどい呪い	04	15	714100				2	30	0	-1	
99051000	レアリティ1	01	4	2000	触手召喚	0x400007D0	0xB00007D0	1	100	0	59905100	59905100
99051010	レアリティ2	01	4	2000	触手召喚	0x400007D0	0xB00007D0	1	100	0	59905110	59905110
99051020	レアリティ3	01	4	2000	触手召喚	0x400007D0	0xB00007D0	1	100	0	59905120	59905120
99051030	レアリティ4	01	4	2000	触手召喚	0x400007D0	0xB00007D0	1	100	0	59905130	59905130
99051040	レアリティ5	01	4	2000	触手召喚	0x400007D0	0xB00007D0	1	100	0	59905140	59905140
99051050	レアリティ6	01	4	2000	触手召喚	0x400007D0	0xB00007D0	1	100	0	59905150	59905150
99051060	レアリティ7	01	4	2000	触手召喚	0x400007D0	0xB00007D0	1	100	0	59905160	59905160
99051070	レアリティ8	01	4	2000	触手召喚	0x400007D0	0xB00007D0	1	100	0	59905170	59905170
99051080	レアリティ9	01	4	2000	触手召喚	0x400007D0	0xB00007D0	1	100	0	59905180	59905180
99051090	レアリティ10	01	4	2000	触手召喚	0x400007D0	0xB00007D0	1	100	0	59905190	59905190
99052000	レベル依存テスト	01	15	900000				1	100	0	59905200	59905200
99052010	レベル依存テスト-混在	01	15	900000				1	100	0	59905210	59905210
99052010	レベル依存テスト-混在	02	4	2000	触手召喚	0x400007D0	0xB00007D0	1	100	0	59905210	59905210
99052100	レベル依存テス2	01	15	900100				1	100	0	59905210	59905210
99052500	魔石ドロップテスト	01	8	10001				1	100	0	-1	
99052600	ユニークドロップテスト_1	01	4	1000	HP回復【PG直接指定】	0x400003E8	0xB00003E8	1	100	0	59905260	59905260
99052610	ユニークドロップテスト_2	01	4	2000	触手召喚	0x400007D0	0xB00007D0	1	100	0	59905270	59905270
101010000	ブロック宝箱【レベル1_トゥメル】1F　候補1	01	4	7000	儀式素材【コモンA】レベル1	0x40001B58	0xB0001B58	2	100	0	52901000	52901000
101010010	ブロック宝箱【レベル1_トゥメル】1F　候補2	01	4	7000	儀式素材【コモンA】レベル1	0x40001B58	0xB0001B58	2	100	0	52901000	52901000
101010020	ブロック宝箱【レベル1_トゥメル】1F　候補3	01	4	7000	儀式素材【コモンA】レベル1	0x40001B58	0xB0001B58	2	100	0	52901000	52901000
101010030	ブロック宝箱【レベル1_トゥメル】1F　候補4	01	4	7000	儀式素材【コモンA】レベル1	0x40001B58	0xB0001B58	1	100	0	52901000	52901000
101010040	ブロック宝箱【レベル1_トゥメル】1F　候補5	01	4	7000	儀式素材【コモンA】レベル1	0x40001B58	0xB0001B58	1	100	0	52901000	52901000
101010050	ブロック宝箱【レベル1_トゥメル】1F　候補6	01	4	7000	儀式素材【コモンA】レベル1	0x40001B58	0xB0001B58	1	100	0	52901000	52901000
101010060	ブロック宝箱【レベル1_トゥメル】1F　候補7	01	4	7000	儀式素材【コモンA】レベル1	0x40001B58	0xB0001B58	1	100	0	52901000	52901000
101010070	ブロック宝箱【レベル1_トゥメル】1F　候補8	01	4	7000	儀式素材【コモンA】レベル1	0x40001B58	0xB0001B58	1	100	0	52901000	52901000
101010080	ブロック宝箱【レベル1_トゥメル】1F　候補9	01	4	7000	儀式素材【コモンA】レベル1	0x40001B58	0xB0001B58	1	100	0	52901000	52901000
101010090	ブロック宝箱【レベル1_トゥメル】1F　候補10	01	8	81110				1	100	0	52901000	52901000
101010100	ブロック宝箱【レベル1_トゥメル】2F　候補1	01	4	7000	儀式素材【コモンA】レベル1	0x40001B58	0xB0001B58	4	100	0	52901000	52901000
101010110	ブロック宝箱【レベル1_トゥメル】2F　候補2	01	4	7001	儀式素材【コモンA】レベル2	0x40001B59	0xB0001B59	2	100	0	52901000	52901000
101010120	ブロック宝箱【レベル1_トゥメル】2F　候補3	01	4	7001	儀式素材【コモンA】レベル2	0x40001B59	0xB0001B59	2	100	0	52901000	52901000
101010130	ブロック宝箱【レベル1_トゥメル】2F　候補4	01	4	7001	儀式素材【コモンA】レベル2	0x40001B59	0xB0001B59	1	100	0	52901000	52901000
101010140	ブロック宝箱【レベル1_トゥメル】2F　候補5	01	4	7001	儀式素材【コモンA】レベル2	0x40001B59	0xB0001B59	1	100	0	52901000	52901000
101010150	ブロック宝箱【レベル1_トゥメル】2F　候補6	01	4	7020	儀式素材【コモンC】レベル1	0x40001B6C	0xB0001B6C	2	100	0	52901000	52901000
101010160	ブロック宝箱【レベル1_トゥメル】2F　候補7	01	4	7020	儀式素材【コモンC】レベル1	0x40001B6C	0xB0001B6C	2	100	0	52901000	52901000
101010170	ブロック宝箱【レベル1_トゥメル】2F　候補8	01	4	7020	儀式素材【コモンC】レベル1	0x40001B6C	0xB0001B6C	1	100	0	52901000	52901000
101010180	ブロック宝箱【レベル1_トゥメル】2F　候補9	01	4	7020	儀式素材【コモンC】レベル1	0x40001B6C	0xB0001B6C	1	100	0	52901000	52901000
101010190	ブロック宝箱【レベル1_トゥメル】2F　候補10	01	8	81120				1	100	0	52901000	52901000
101010200	ブロック宝箱【レベル1_トゥメル】3F　候補1	01	4	7000	儀式素材【コモンA】レベル1	0x40001B58	0xB0001B58	6	100	0	52901000	52901000
101010210	ブロック宝箱【レベル1_トゥメル】3F　候補2	01	4	7001	儀式素材【コモンA】レベル2	0x40001B59	0xB0001B59	4	100	0	52901000	52901000
101010220	ブロック宝箱【レベル1_トゥメル】3F　候補3	01	4	7001	儀式素材【コモンA】レベル2	0x40001B59	0xB0001B59	4	100	0	52901000	52901000
101010230	ブロック宝箱【レベル1_トゥメル】3F　候補4	01	4	7001	儀式素材【コモンA】レベル2	0x40001B59	0xB0001B59	3	100	0	52901000	52901000
101010240	ブロック宝箱【レベル1_トゥメル】3F　候補5	01	4	7001	儀式素材【コモンA】レベル2	0x40001B59	0xB0001B59	3	100	0	52901000	52901000
101010250	ブロック宝箱【レベル1_トゥメル】3F　候補6	01	4	7020	儀式素材【コモンC】レベル1	0x40001B6C	0xB0001B6C	4	100	0	52901000	52901000
101010260	ブロック宝箱【レベル1_トゥメル】3F　候補7	01	4	7020	儀式素材【コモンC】レベル1	0x40001B6C	0xB0001B6C	4	100	0	52901000	52901000
101010270	ブロック宝箱【レベル1_トゥメル】3F　候補8	01	4	7001	儀式素材【コモンA】レベル2	0x40001B59	0xB0001B59	4	100	0	52901000	52901000
101010280	ブロック宝箱【レベル1_トゥメル】3F　候補9	01	4	7020	儀式素材【コモンC】レベル1	0x40001B6C	0xB0001B6C	3	100	0	52901000	52901000
101010290	ブロック宝箱【レベル1_トゥメル】3F　候補10	01	8	81120				1	100	0	52901000	52901000
101010300	ブロック宝箱【レベル1_トゥメル】4F　候補1	01	4	7000	儀式素材【コモンA】レベル1	0x40001B58	0xB0001B58	8	100	0	52901000	52901000
101010310	ブロック宝箱【レベル1_トゥメル】4F　候補2	01	4	7001	儀式素材【コモンA】レベル2	0x40001B59	0xB0001B59	6	100	0	52901000	52901000
101010320	ブロック宝箱【レベル1_トゥメル】4F　候補3	01	4	7001	儀式素材【コモンA】レベル2	0x40001B59	0xB0001B59	6	100	0	52901000	52901000
101010330	ブロック宝箱【レベル1_トゥメル】4F　候補4	01	4	7001	儀式素材【コモンA】レベル2	0x40001B59	0xB0001B59	5	100	0	52901000	52901000
101010340	ブロック宝箱【レベル1_トゥメル】4F　候補5	01	4	7001	儀式素材【コモンA】レベル2	0x40001B59	0xB0001B59	5	100	0	52901000	52901000
101010350	ブロック宝箱【レベル1_トゥメル】4F　候補6	01	4	7020	儀式素材【コモンC】レベル1	0x40001B6C	0xB0001B6C	6	100	0	52901000	52901000
101010360	ブロック宝箱【レベル1_トゥメル】4F　候補7	01	4	7020	儀式素材【コモンC】レベル1	0x40001B6C	0xB0001B6C	6	100	0	52901000	52901000
101010370	ブロック宝箱【レベル1_トゥメル】4F　候補8	01	4	7020	儀式素材【コモンC】レベル1	0x40001B6C	0xB0001B6C	5	100	0	52901000	52901000
101010380	ブロック宝箱【レベル1_トゥメル】4F　候補9	01	4	7020	儀式素材【コモンC】レベル1	0x40001B6C	0xB0001B6C	5	100	0	52901000	52901000
101010390	ブロック宝箱【レベル1_トゥメル】4F　候補10	01	8	81140				1	100	0	52901000	52901000
101020000	ブロック宝箱【レベル2_トゥメル】1F　候補1	01	4	7001	儀式素材【コモンA】レベル2	0x40001B59	0xB0001B59	2	100	0	52901000	52901000
101020010	ブロック宝箱【レベル2_トゥメル】1F　候補2	01	4	7001	儀式素材【コモンA】レベル2	0x40001B59	0xB0001B59	2	100	0	52901000	52901000
101020020	ブロック宝箱【レベル2_トゥメル】1F　候補3	01	4	7001	儀式素材【コモンA】レベル2	0x40001B59	0xB0001B59	2	100	0	52901000	52901000
101020030	ブロック宝箱【レベル2_トゥメル】1F　候補4	01	4	7001	儀式素材【コモンA】レベル2	0x40001B59	0xB0001B59	1	100	0	52901000	52901000
101020040	ブロック宝箱【レベル2_トゥメル】1F　候補5	01	4	7001	儀式素材【コモンA】レベル2	0x40001B59	0xB0001B59	1	100	0	52901000	52901000
101020050	ブロック宝箱【レベル2_トゥメル】1F　候補6	01	4	7001	儀式素材【コモンA】レベル2	0x40001B59	0xB0001B59	1	100	0	52901000	52901000
101020060	ブロック宝箱【レベル2_トゥメル】1F　候補7	01	4	7001	儀式素材【コモンA】レベル2	0x40001B59	0xB0001B59	1	100	0	52901000	52901000
101020070	ブロック宝箱【レベル2_トゥメル】1F　候補8	01	4	7001	儀式素材【コモンA】レベル2	0x40001B59	0xB0001B59	1	100	0	52901000	52901000
101020080	ブロック宝箱【レベル2_トゥメル】1F　候補9	01	4	7001	儀式素材【コモンA】レベル2	0x40001B59	0xB0001B59	1	100	0	52901000	52901000
101020090	ブロック宝箱【レベル2_トゥメル】1F　候補10	01	8	81110				1	100	0	52901000	52901000
101020100	ブロック宝箱【レベル2_トゥメル】2F　候補1	01	4	7001	儀式素材【コモンA】レベル2	0x40001B59	0xB0001B59	4	100	0	52901000	52901000
101020110	ブロック宝箱【レベル2_トゥメル】2F　候補2	01	4	7002	儀式素材【コモンA】レベル3	0x40001B5A	0xB0001B5A	2	100	0	52901000	52901000
101020120	ブロック宝箱【レベル2_トゥメル】2F　候補3	01	4	7002	儀式素材【コモンA】レベル3	0x40001B5A	0xB0001B5A	2	100	0	52901000	52901000
101020130	ブロック宝箱【レベル2_トゥメル】2F　候補4	01	4	7002	儀式素材【コモンA】レベル3	0x40001B5A	0xB0001B5A	1	100	0	52901000	52901000
101020140	ブロック宝箱【レベル2_トゥメル】2F　候補5	01	4	7002	儀式素材【コモンA】レベル3	0x40001B5A	0xB0001B5A	1	100	0	52901000	52901000
101020150	ブロック宝箱【レベル2_トゥメル】2F　候補6	01	4	7021	儀式素材【コモンC】レベル2	0x40001B6D	0xB0001B6D	2	100	0	52901000	52901000
101020160	ブロック宝箱【レベル2_トゥメル】2F　候補7	01	4	7021	儀式素材【コモンC】レベル2	0x40001B6D	0xB0001B6D	2	100	0	52901000	52901000
101020170	ブロック宝箱【レベル2_トゥメル】2F　候補8	01	4	7021	儀式素材【コモンC】レベル2	0x40001B6D	0xB0001B6D	1	100	0	52901000	52901000
101020180	ブロック宝箱【レベル2_トゥメル】2F　候補9	01	4	7021	儀式素材【コモンC】レベル2	0x40001B6D	0xB0001B6D	1	100	0	52901000	52901000
101020190	ブロック宝箱【レベル2_トゥメル】2F　候補10	01	8	81120				1	100	0	52901000	52901000
101020200	ブロック宝箱【レベル2_トゥメル】3F　候補1	01	4	7001	儀式素材【コモンA】レベル2	0x40001B59	0xB0001B59	6	100	0	52901000	52901000
101020210	ブロック宝箱【レベル2_トゥメル】3F　候補2	01	4	7002	儀式素材【コモンA】レベル3	0x40001B5A	0xB0001B5A	4	100	0	52901000	52901000
101020220	ブロック宝箱【レベル2_トゥメル】3F　候補3	01	4	7002	儀式素材【コモンA】レベル3	0x40001B5A	0xB0001B5A	4	100	0	52901000	52901000
101020230	ブロック宝箱【レベル2_トゥメル】3F　候補4	01	4	7002	儀式素材【コモンA】レベル3	0x40001B5A	0xB0001B5A	3	100	0	52901000	52901000
101020240	ブロック宝箱【レベル2_トゥメル】3F　候補5	01	4	7002	儀式素材【コモンA】レベル3	0x40001B5A	0xB0001B5A	3	100	0	52901000	52901000
101020250	ブロック宝箱【レベル2_トゥメル】3F　候補6	01	4	7021	儀式素材【コモンC】レベル2	0x40001B6D	0xB0001B6D	4	100	0	52901000	52901000
101020260	ブロック宝箱【レベル2_トゥメル】3F　候補7	01	4	7021	儀式素材【コモンC】レベル2	0x40001B6D	0xB0001B6D	4	100	0	52901000	52901000
101020270	ブロック宝箱【レベル2_トゥメル】3F　候補8	01	4	7021	儀式素材【コモンC】レベル2	0x40001B6D	0xB0001B6D	3	100	0	52901000	52901000
101020280	ブロック宝箱【レベル2_トゥメル】3F　候補9	01	4	7021	儀式素材【コモンC】レベル2	0x40001B6D	0xB0001B6D	3	100	0	52901000	52901000
101020290	ブロック宝箱【レベル2_トゥメル】3F　候補10	01	8	81120				1	100	0	52901000	52901000
101020300	ブロック宝箱【レベル2_トゥメル】4F　候補1	01	4	7001	儀式素材【コモンA】レベル2	0x40001B59	0xB0001B59	8	100	0	52901000	52901000
101020310	ブロック宝箱【レベル2_トゥメル】4F　候補2	01	4	7002	儀式素材【コモンA】レベル3	0x40001B5A	0xB0001B5A	6	100	0	52901000	52901000
101020320	ブロック宝箱【レベル2_トゥメル】4F　候補3	01	4	7002	儀式素材【コモンA】レベル3	0x40001B5A	0xB0001B5A	6	100	0	52901000	52901000
101020330	ブロック宝箱【レベル2_トゥメル】4F　候補4	01	4	7002	儀式素材【コモンA】レベル3	0x40001B5A	0xB0001B5A	5	100	0	52901000	52901000
101020340	ブロック宝箱【レベル2_トゥメル】4F　候補5	01	4	7002	儀式素材【コモンA】レベル3	0x40001B5A	0xB0001B5A	5	100	0	52901000	52901000
101020350	ブロック宝箱【レベル2_トゥメル】4F　候補6	01	4	7021	儀式素材【コモンC】レベル2	0x40001B6D	0xB0001B6D	6	100	0	52901000	52901000
101020360	ブロック宝箱【レベル2_トゥメル】4F　候補7	01	4	7021	儀式素材【コモンC】レベル2	0x40001B6D	0xB0001B6D	6	100	0	52901000	52901000
101020370	ブロック宝箱【レベル2_トゥメル】4F　候補8	01	4	7021	儀式素材【コモンC】レベル2	0x40001B6D	0xB0001B6D	5	100	0	52901000	52901000
101020380	ブロック宝箱【レベル2_トゥメル】4F　候補9	01	4	7021	儀式素材【コモンC】レベル2	0x40001B6D	0xB0001B6D	5	100	0	52901000	52901000
101020390	ブロック宝箱【レベル2_トゥメル】4F　候補10	01	8	81140				1	100	0	52901000	52901000
101021000	ブロック宝箱【レベル2_僻墓】1F　候補1	01	4	7001	儀式素材【コモンA】レベル2	0x40001B59	0xB0001B59	2	100	0	52901000	52901000
101021010	ブロック宝箱【レベル2_僻墓】1F　候補2	01	4	7001	儀式素材【コモンA】レベル2	0x40001B59	0xB0001B59	1	100	0	52901000	52901000
101021020	ブロック宝箱【レベル2_僻墓】1F　候補3	01	4	7001	儀式素材【コモンA】レベル2	0x40001B59	0xB0001B59	2	100	0	52901000	52901000
101021030	ブロック宝箱【レベル2_僻墓】1F　候補4	01	4	7001	儀式素材【コモンA】レベル2	0x40001B59	0xB0001B59	1	100	0	52901000	52901000
101021040	ブロック宝箱【レベル2_僻墓】1F　候補5	01	4	7001	儀式素材【コモンA】レベル2	0x40001B59	0xB0001B59	1	100	0	52901000	52901000
101021050	ブロック宝箱【レベル2_僻墓】1F　候補6	01	4	7001	儀式素材【コモンA】レベル2	0x40001B59	0xB0001B59	1	100	0	52901000	52901000
101021060	ブロック宝箱【レベル2_僻墓】1F　候補7	01	4	7001	儀式素材【コモンA】レベル2	0x40001B59	0xB0001B59	1	100	0	52901000	52901000
101021070	ブロック宝箱【レベル2_僻墓】1F　候補8	01	4	7001	儀式素材【コモンA】レベル2	0x40001B59	0xB0001B59	1	100	0	52901000	52901000
101021080	ブロック宝箱【レベル2_僻墓】1F　候補9	01	4	7001	儀式素材【コモンA】レベル2	0x40001B59	0xB0001B59	1	100	0	52901000	52901000
101021090	ブロック宝箱【レベル2_僻墓】1F　候補10	01	8	81210				1	100	0	52901000	52901000
101021100	ブロック宝箱【レベル2_僻墓】2F　候補1	01	4	7001	儀式素材【コモンA】レベル2	0x40001B59	0xB0001B59	4	100	0	52901000	52901000
101021110	ブロック宝箱【レベル2_僻墓】2F　候補2	01	4	7002	儀式素材【コモンA】レベル3	0x40001B5A	0xB0001B5A	2	100	0	52901000	52901000
101021120	ブロック宝箱【レベル2_僻墓】2F　候補3	01	4	7021	儀式素材【コモンC】レベル2	0x40001B6D	0xB0001B6D	4	100	0	52901000	52901000
101021130	ブロック宝箱【レベル2_僻墓】2F　候補4	01	4	7021	儀式素材【コモンC】レベル2	0x40001B6D	0xB0001B6D	4	100	0	52901000	52901000
101021140	ブロック宝箱【レベル2_僻墓】2F　候補5	01	4	7021	儀式素材【コモンC】レベル2	0x40001B6D	0xB0001B6D	3	100	0	52901000	52901000
101021150	ブロック宝箱【レベル2_僻墓】2F　候補6	01	4	7150	儀式素材【アンコモンF】レベル1	0x40001BEE	0xB0001BEE	2	100	0	52901000	52901000
101021160	ブロック宝箱【レベル2_僻墓】2F　候補7	01	4	7150	儀式素材【アンコモンF】レベル1	0x40001BEE	0xB0001BEE	1	100	0	52901000	52901000
101021170	ブロック宝箱【レベル2_僻墓】2F　候補8	01	4	7150	儀式素材【アンコモンF】レベル1	0x40001BEE	0xB0001BEE	1	100	0	52901000	52901000
101021180	ブロック宝箱【レベル2_僻墓】2F　候補9	01	4	7120	儀式素材【アンコモンC】レベル1	0x40001BD0	0xB0001BD0	1	100	0	52901000	52901000
101021190	ブロック宝箱【レベル2_僻墓】2F　候補10	01	8	81220				1	100	0	52901000	52901000
101021200	ブロック宝箱【レベル2_僻墓】3F　候補1	01	4	7001	儀式素材【コモンA】レベル2	0x40001B59	0xB0001B59	6	100	0	52901000	52901000
101021210	ブロック宝箱【レベル2_僻墓】3F　候補2	01	4	7002	儀式素材【コモンA】レベル3	0x40001B5A	0xB0001B5A	3	100	0	52901000	52901000
101021220	ブロック宝箱【レベル2_僻墓】3F　候補3	01	4	7021	儀式素材【コモンC】レベル2	0x40001B6D	0xB0001B6D	6	100	0	52901000	52901000
101021230	ブロック宝箱【レベル2_僻墓】3F　候補4	01	4	7021	儀式素材【コモンC】レベル2	0x40001B6D	0xB0001B6D	6	100	0	52901000	52901000
101021240	ブロック宝箱【レベル2_僻墓】3F　候補5	01	4	7021	儀式素材【コモンC】レベル2	0x40001B6D	0xB0001B6D	5	100	0	52901000	52901000
101021250	ブロック宝箱【レベル2_僻墓】3F　候補6	01	4	7150	儀式素材【アンコモンF】レベル1	0x40001BEE	0xB0001BEE	4	100	0	52901000	52901000
101021260	ブロック宝箱【レベル2_僻墓】3F　候補7	01	4	7150	儀式素材【アンコモンF】レベル1	0x40001BEE	0xB0001BEE	3	100	0	52901000	52901000
101021270	ブロック宝箱【レベル2_僻墓】3F　候補8	01	4	7150	儀式素材【アンコモンF】レベル1	0x40001BEE	0xB0001BEE	3	100	0	52901000	52901000
101021280	ブロック宝箱【レベル2_僻墓】3F　候補9	01	4	7002	儀式素材【コモンA】レベル3	0x40001B5A	0xB0001B5A	3	100	0	52901000	52901000
101021290	ブロック宝箱【レベル2_僻墓】3F　候補10	01	8	81220				1	100	0	52901000	52901000
101021300	ブロック宝箱【レベル2_僻墓】4F　候補1	01	4	7001	儀式素材【コモンA】レベル2	0x40001B59	0xB0001B59	8	100	0	52901000	52901000
101021310	ブロック宝箱【レベル2_僻墓】4F　候補2	01	4	7002	儀式素材【コモンA】レベル3	0x40001B5A	0xB0001B5A	5	100	0	52901000	52901000
101021320	ブロック宝箱【レベル2_僻墓】4F　候補3	01	4	7021	儀式素材【コモンC】レベル2	0x40001B6D	0xB0001B6D	8	100	0	52901000	52901000
101021330	ブロック宝箱【レベル2_僻墓】4F　候補4	01	4	7021	儀式素材【コモンC】レベル2	0x40001B6D	0xB0001B6D	8	100	0	52901000	52901000
101021340	ブロック宝箱【レベル2_僻墓】4F　候補5	01	4	7021	儀式素材【コモンC】レベル2	0x40001B6D	0xB0001B6D	7	100	0	52901000	52901000
101021350	ブロック宝箱【レベル2_僻墓】4F　候補6	01	4	7150	儀式素材【アンコモンF】レベル1	0x40001BEE	0xB0001BEE	6	100	0	52901000	52901000
101021360	ブロック宝箱【レベル2_僻墓】4F　候補7	01	4	7150	儀式素材【アンコモンF】レベル1	0x40001BEE	0xB0001BEE	5	100	0	52901000	52901000
101021370	ブロック宝箱【レベル2_僻墓】4F　候補8	01	4	7150	儀式素材【アンコモンF】レベル1	0x40001BEE	0xB0001BEE	5	100	0	52901000	52901000
101021380	ブロック宝箱【レベル2_僻墓】4F　候補9	01	4	7120	儀式素材【アンコモンC】レベル1	0x40001BD0	0xB0001BD0	2	100	0	52901000	52901000
101021390	ブロック宝箱【レベル2_僻墓】4F　候補10	01	8	81240				1	100	0	52901000	52901000
101030000	ブロック宝箱【レベル3_トゥメル】1F　候補1	01	4	7002	儀式素材【コモンA】レベル3	0x40001B5A	0xB0001B5A	2	100	0	52901000	52901000
101030010	ブロック宝箱【レベル3_トゥメル】1F　候補2	01	4	7002	儀式素材【コモンA】レベル3	0x40001B5A	0xB0001B5A	2	100	0	52901000	52901000
101030020	ブロック宝箱【レベル3_トゥメル】1F　候補3	01	4	7002	儀式素材【コモンA】レベル3	0x40001B5A	0xB0001B5A	2	100	0	52901000	52901000
101030030	ブロック宝箱【レベル3_トゥメル】1F　候補4	01	4	7002	儀式素材【コモンA】レベル3	0x40001B5A	0xB0001B5A	1	100	0	52901000	52901000
101030040	ブロック宝箱【レベル3_トゥメル】1F　候補5	01	4	7002	儀式素材【コモンA】レベル3	0x40001B5A	0xB0001B5A	1	100	0	52901000	52901000
101030050	ブロック宝箱【レベル3_トゥメル】1F　候補6	01	4	7002	儀式素材【コモンA】レベル3	0x40001B5A	0xB0001B5A	1	100	0	52901000	52901000
101030060	ブロック宝箱【レベル3_トゥメル】1F　候補7	01	4	7002	儀式素材【コモンA】レベル3	0x40001B5A	0xB0001B5A	1	100	0	52901000	52901000
101030070	ブロック宝箱【レベル3_トゥメル】1F　候補8	01	4	7002	儀式素材【コモンA】レベル3	0x40001B5A	0xB0001B5A	1	100	0	52901000	52901000
101030080	ブロック宝箱【レベル3_トゥメル】1F　候補9	01	4	7002	儀式素材【コモンA】レベル3	0x40001B5A	0xB0001B5A	1	100	0	52901000	52901000
101030090	ブロック宝箱【レベル3_トゥメル】1F　候補10	01	8	81110				1	100	0	52901000	52901000
101030100	ブロック宝箱【レベル3_トゥメル】2F　候補1	01	4	7002	儀式素材【コモンA】レベル3	0x40001B5A	0xB0001B5A	4	100	0	52901000	52901000
101030110	ブロック宝箱【レベル3_トゥメル】2F　候補2	01	4	7003	儀式素材【コモンA】レベル4	0x40001B5B	0xB0001B5B	2	100	0	52901000	52901000
101030120	ブロック宝箱【レベル3_トゥメル】2F　候補3	01	4	7003	儀式素材【コモンA】レベル4	0x40001B5B	0xB0001B5B	2	100	0	52901000	52901000
101030130	ブロック宝箱【レベル3_トゥメル】2F　候補4	01	4	7003	儀式素材【コモンA】レベル4	0x40001B5B	0xB0001B5B	1	100	0	52901000	52901000
101030140	ブロック宝箱【レベル3_トゥメル】2F　候補5	01	4	7003	儀式素材【コモンA】レベル4	0x40001B5B	0xB0001B5B	1	100	0	52901000	52901000
101030150	ブロック宝箱【レベル3_トゥメル】2F　候補6	01	4	7022	儀式素材【コモンC】レベル3	0x40001B6E	0xB0001B6E	2	100	0	52901000	52901000
101030160	ブロック宝箱【レベル3_トゥメル】2F　候補7	01	4	7022	儀式素材【コモンC】レベル3	0x40001B6E	0xB0001B6E	2	100	0	52901000	52901000
101030170	ブロック宝箱【レベル3_トゥメル】2F　候補8	01	4	7022	儀式素材【コモンC】レベル3	0x40001B6E	0xB0001B6E	1	100	0	52901000	52901000
101030180	ブロック宝箱【レベル3_トゥメル】2F　候補9	01	4	7130	儀式素材【アンコモンD】レベル1	0x40001BDA	0xB0001BDA	1	100	0	52901000	52901000
101030190	ブロック宝箱【レベル3_トゥメル】2F　候補10	01	8	81120				1	100	0	52901000	52901000
101030200	ブロック宝箱【レベル3_トゥメル】3F　候補1	01	4	7002	儀式素材【コモンA】レベル3	0x40001B5A	0xB0001B5A	6	100	0	52901000	52901000
101030210	ブロック宝箱【レベル3_トゥメル】3F　候補2	01	4	7003	儀式素材【コモンA】レベル4	0x40001B5B	0xB0001B5B	4	100	0	52901000	52901000
101030220	ブロック宝箱【レベル3_トゥメル】3F　候補3	01	4	7003	儀式素材【コモンA】レベル4	0x40001B5B	0xB0001B5B	4	100	0	52901000	52901000
101030230	ブロック宝箱【レベル3_トゥメル】3F　候補4	01	4	7003	儀式素材【コモンA】レベル4	0x40001B5B	0xB0001B5B	3	100	0	52901000	52901000
101030240	ブロック宝箱【レベル3_トゥメル】3F　候補5	01	4	7022	儀式素材【コモンC】レベル3	0x40001B6E	0xB0001B6E	4	100	0	52901000	52901000
101030250	ブロック宝箱【レベル3_トゥメル】3F　候補6	01	4	7022	儀式素材【コモンC】レベル3	0x40001B6E	0xB0001B6E	4	100	0	52901000	52901000
101030260	ブロック宝箱【レベル3_トゥメル】3F　候補7	01	4	7022	儀式素材【コモンC】レベル3	0x40001B6E	0xB0001B6E	4	100	0	52901000	52901000
101030270	ブロック宝箱【レベル3_トゥメル】3F　候補8	01	4	7022	儀式素材【コモンC】レベル3	0x40001B6E	0xB0001B6E	3	100	0	52901000	52901000
101030280	ブロック宝箱【レベル3_トゥメル】3F　候補9	01	4	7130	儀式素材【アンコモンD】レベル1	0x40001BDA	0xB0001BDA	1	100	0	52901000	52901000
101030290	ブロック宝箱【レベル3_トゥメル】3F　候補10	01	8	81120				1	100	0	52901000	52901000
101030300	ブロック宝箱【レベル3_トゥメル】4F　候補1	01	4	7002	儀式素材【コモンA】レベル3	0x40001B5A	0xB0001B5A	8	100	0	52901000	52901000
101030310	ブロック宝箱【レベル3_トゥメル】4F　候補2	01	4	7120	儀式素材【アンコモンC】レベル1	0x40001BD0	0xB0001BD0	2	100	0	52901000	52901000
101030320	ブロック宝箱【レベル3_トゥメル】4F　候補3	01	4	7003	儀式素材【コモンA】レベル4	0x40001B5B	0xB0001B5B	6	100	0	52901000	52901000
101030330	ブロック宝箱【レベル3_トゥメル】4F　候補4	01	4	7003	儀式素材【コモンA】レベル4	0x40001B5B	0xB0001B5B	5	100	0	52901000	52901000
101030340	ブロック宝箱【レベル3_トゥメル】4F　候補5	01	4	7003	儀式素材【コモンA】レベル4	0x40001B5B	0xB0001B5B	5	100	0	52901000	52901000
101030350	ブロック宝箱【レベル3_トゥメル】4F　候補6	01	4	7022	儀式素材【コモンC】レベル3	0x40001B6E	0xB0001B6E	6	100	0	52901000	52901000
101030360	ブロック宝箱【レベル3_トゥメル】4F　候補7	01	4	7022	儀式素材【コモンC】レベル3	0x40001B6E	0xB0001B6E	6	100	0	52901000	52901000
101030370	ブロック宝箱【レベル3_トゥメル】4F　候補8	01	4	7022	儀式素材【コモンC】レベル3	0x40001B6E	0xB0001B6E	5	100	0	52901000	52901000
101030380	ブロック宝箱【レベル3_トゥメル】4F　候補9	01	4	7003	儀式素材【コモンA】レベル4	0x40001B5B	0xB0001B5B	3	100	0	52901000	52901000
101030390	ブロック宝箱【レベル3_トゥメル】4F　候補10	01	8	81140				1	100	0	52901000	52901000
101031000	ブロック宝箱【レベル3_僻墓】1F　候補1	01	4	7002	儀式素材【コモンA】レベル3	0x40001B5A	0xB0001B5A	2	100	0	52901000	52901000
101031010	ブロック宝箱【レベル3_僻墓】1F　候補2	01	4	7002	儀式素材【コモンA】レベル3	0x40001B5A	0xB0001B5A	2	100	0	52901000	52901000
101031020	ブロック宝箱【レベル3_僻墓】1F　候補3	01	4	7002	儀式素材【コモンA】レベル3	0x40001B5A	0xB0001B5A	2	100	0	52901000	52901000
101031030	ブロック宝箱【レベル3_僻墓】1F　候補4	01	4	7002	儀式素材【コモンA】レベル3	0x40001B5A	0xB0001B5A	1	100	0	52901000	52901000
101031040	ブロック宝箱【レベル3_僻墓】1F　候補5	01	4	7002	儀式素材【コモンA】レベル3	0x40001B5A	0xB0001B5A	1	100	0	52901000	52901000
101031050	ブロック宝箱【レベル3_僻墓】1F　候補6	01	4	7002	儀式素材【コモンA】レベル3	0x40001B5A	0xB0001B5A	1	100	0	52901000	52901000
101031060	ブロック宝箱【レベル3_僻墓】1F　候補7	01	4	7002	儀式素材【コモンA】レベル3	0x40001B5A	0xB0001B5A	1	100	0	52901000	52901000
101031070	ブロック宝箱【レベル3_僻墓】1F　候補8	01	4	7002	儀式素材【コモンA】レベル3	0x40001B5A	0xB0001B5A	1	100	0	52901000	52901000
101031080	ブロック宝箱【レベル3_僻墓】1F　候補9	01	4	7002	儀式素材【コモンA】レベル3	0x40001B5A	0xB0001B5A	2	100	0	52901000	52901000
101031090	ブロック宝箱【レベル3_僻墓】1F　候補10	01	8	81210				1	100	0	52901000	52901000
101031100	ブロック宝箱【レベル3_僻墓】2F　候補1	01	4	7002	儀式素材【コモンA】レベル3	0x40001B5A	0xB0001B5A	4	100	0	52901000	52901000
101031110	ブロック宝箱【レベル3_僻墓】2F　候補2	01	4	7003	儀式素材【コモンA】レベル4	0x40001B5B	0xB0001B5B	1	100	0	52901000	52901000
101031120	ブロック宝箱【レベル3_僻墓】2F　候補3	01	4	7022	儀式素材【コモンC】レベル3	0x40001B6E	0xB0001B6E	4	100	0	52901000	52901000
101031130	ブロック宝箱【レベル3_僻墓】2F　候補4	01	4	7022	儀式素材【コモンC】レベル3	0x40001B6E	0xB0001B6E	4	100	0	52901000	52901000
101031140	ブロック宝箱【レベル3_僻墓】2F　候補5	01	4	7022	儀式素材【コモンC】レベル3	0x40001B6E	0xB0001B6E	3	100	0	52901000	52901000
101031150	ブロック宝箱【レベル3_僻墓】2F　候補6	01	4	7150	儀式素材【アンコモンF】レベル1	0x40001BEE	0xB0001BEE	2	100	0	52901000	52901000
101031160	ブロック宝箱【レベル3_僻墓】2F　候補7	01	4	7150	儀式素材【アンコモンF】レベル1	0x40001BEE	0xB0001BEE	1	100	0	52901000	52901000
101031170	ブロック宝箱【レベル3_僻墓】2F　候補8	01	4	7150	儀式素材【アンコモンF】レベル1	0x40001BEE	0xB0001BEE	1	100	0	52901000	52901000
101031180	ブロック宝箱【レベル3_僻墓】2F　候補9	01	4	7120	儀式素材【アンコモンC】レベル1	0x40001BD0	0xB0001BD0	2	100	0	52901000	52901000
101031190	ブロック宝箱【レベル3_僻墓】2F　候補10	01	4	7150	儀式素材【アンコモンF】レベル1	0x40001BEE	0xB0001BEE	4	100	0	52901000	52901000
101031200	ブロック宝箱【レベル3_僻墓】3F　候補1	01	4	7002	儀式素材【コモンA】レベル3	0x40001B5A	0xB0001B5A	6	100	0	52901000	52901000
101031210	ブロック宝箱【レベル3_僻墓】3F　候補2	01	4	7003	儀式素材【コモンA】レベル4	0x40001B5B	0xB0001B5B	3	100	0	52901000	52901000
101031220	ブロック宝箱【レベル3_僻墓】3F　候補3	01	4	7022	儀式素材【コモンC】レベル3	0x40001B6E	0xB0001B6E	6	100	0	52901000	52901000
101031230	ブロック宝箱【レベル3_僻墓】3F　候補4	01	4	7003	儀式素材【コモンA】レベル4	0x40001B5B	0xB0001B5B	2	100	0	52901000	52901000
101031240	ブロック宝箱【レベル3_僻墓】3F　候補5	01	4	7022	儀式素材【コモンC】レベル3	0x40001B6E	0xB0001B6E	5	100	0	52901000	52901000
101031250	ブロック宝箱【レベル3_僻墓】3F　候補6	01	4	7150	儀式素材【アンコモンF】レベル1	0x40001BEE	0xB0001BEE	4	100	0	52901000	52901000
101031260	ブロック宝箱【レベル3_僻墓】3F　候補7	01	4	7150	儀式素材【アンコモンF】レベル1	0x40001BEE	0xB0001BEE	3	100	0	52901000	52901000
101031270	ブロック宝箱【レベル3_僻墓】3F　候補8	01	4	7130	儀式素材【アンコモンD】レベル1	0x40001BDA	0xB0001BDA	2	100	0	52901000	52901000
101031280	ブロック宝箱【レベル3_僻墓】3F　候補9	01	4	7120	儀式素材【アンコモンC】レベル1	0x40001BD0	0xB0001BD0	4	100	0	52901000	52901000
101031290	ブロック宝箱【レベル3_僻墓】3F　候補10	01	8	81220				1	100	0	52901000	52901000
101031300	ブロック宝箱【レベル3_僻墓】4F　候補1	01	4	7002	儀式素材【コモンA】レベル3	0x40001B5A	0xB0001B5A	8	100	0	52901000	52901000
101031310	ブロック宝箱【レベル3_僻墓】4F　候補2	01	4	7003	儀式素材【コモンA】レベル4	0x40001B5B	0xB0001B5B	5	100	0	52901000	52901000
101031320	ブロック宝箱【レベル3_僻墓】4F　候補3	01	4	7022	儀式素材【コモンC】レベル3	0x40001B6E	0xB0001B6E	8	100	0	52901000	52901000
101031330	ブロック宝箱【レベル3_僻墓】4F　候補4	01	4	7022	儀式素材【コモンC】レベル3	0x40001B6E	0xB0001B6E	8	100	0	52901000	52901000
101031340	ブロック宝箱【レベル3_僻墓】4F　候補5	01	4	7022	儀式素材【コモンC】レベル3	0x40001B6E	0xB0001B6E	7	100	0	52901000	52901000
101031350	ブロック宝箱【レベル3_僻墓】4F　候補6	01	4	7150	儀式素材【アンコモンF】レベル1	0x40001BEE	0xB0001BEE	6	100	0	52901000	52901000
101031360	ブロック宝箱【レベル3_僻墓】4F　候補7	01	4	7150	儀式素材【アンコモンF】レベル1	0x40001BEE	0xB0001BEE	5	100	0	52901000	52901000
101031370	ブロック宝箱【レベル3_僻墓】4F　候補8	01	4	7150	儀式素材【アンコモンF】レベル1	0x40001BEE	0xB0001BEE	5	100	0	52901000	52901000
101031380	ブロック宝箱【レベル3_僻墓】4F　候補9	01	4	7120	儀式素材【アンコモンC】レベル1	0x40001BD0	0xB0001BD0	6	100	0	52901000	52901000
101031390	ブロック宝箱【レベル3_僻墓】4F　候補10	01	8	81240				1	100	0	52901000	52901000
101040000	ブロック宝箱【レベル4_トゥメル】1F　候補1	01	4	7003	儀式素材【コモンA】レベル4	0x40001B5B	0xB0001B5B	2	100	0	52901000	52901000
101040010	ブロック宝箱【レベル4_トゥメル】1F　候補2	01	4	7003	儀式素材【コモンA】レベル4	0x40001B5B	0xB0001B5B	2	100	0	52901000	52901000
101040020	ブロック宝箱【レベル4_トゥメル】1F　候補3	01	4	7003	儀式素材【コモンA】レベル4	0x40001B5B	0xB0001B5B	2	100	0	52901000	52901000
101040030	ブロック宝箱【レベル4_トゥメル】1F　候補4	01	4	7003	儀式素材【コモンA】レベル4	0x40001B5B	0xB0001B5B	1	100	0	52901000	52901000
101040040	ブロック宝箱【レベル4_トゥメル】1F　候補5	01	4	7003	儀式素材【コモンA】レベル4	0x40001B5B	0xB0001B5B	1	100	0	52901000	52901000
101040050	ブロック宝箱【レベル4_トゥメル】1F　候補6	01	4	7003	儀式素材【コモンA】レベル4	0x40001B5B	0xB0001B5B	1	100	0	52901000	52901000
101040060	ブロック宝箱【レベル4_トゥメル】1F　候補7	01	4	7003	儀式素材【コモンA】レベル4	0x40001B5B	0xB0001B5B	1	100	0	52901000	52901000
101040070	ブロック宝箱【レベル4_トゥメル】1F　候補8	01	4	7003	儀式素材【コモンA】レベル4	0x40001B5B	0xB0001B5B	1	100	0	52901000	52901000
101040080	ブロック宝箱【レベル4_トゥメル】1F　候補9	01	4	7003	儀式素材【コモンA】レベル4	0x40001B5B	0xB0001B5B	1	100	0	52901000	52901000
101040090	ブロック宝箱【レベル4_トゥメル】1F　候補10	01	8	81110				1	100	0	52901000	52901000
101040100	ブロック宝箱【レベル4_トゥメル】2F　候補1	01	4	7003	儀式素材【コモンA】レベル4	0x40001B5B	0xB0001B5B	4	100	0	52901000	52901000
101040110	ブロック宝箱【レベル4_トゥメル】2F　候補2	01	4	7004	儀式素材【コモンA】レベル5	0x40001B5C	0xB0001B5C	2	100	0	52901000	52901000
101040120	ブロック宝箱【レベル4_トゥメル】2F　候補3	01	4	7004	儀式素材【コモンA】レベル5	0x40001B5C	0xB0001B5C	2	100	0	52901000	52901000
101040130	ブロック宝箱【レベル4_トゥメル】2F　候補4	01	4	7004	儀式素材【コモンA】レベル5	0x40001B5C	0xB0001B5C	1	100	0	52901000	52901000
101040140	ブロック宝箱【レベル4_トゥメル】2F　候補5	01	4	7004	儀式素材【コモンA】レベル5	0x40001B5C	0xB0001B5C	1	100	0	52901000	52901000
101040150	ブロック宝箱【レベル4_トゥメル】2F　候補6	01	4	7023	儀式素材【コモンC】レベル4	0x40001B6F	0xB0001B6F	2	100	0	52901000	52901000
101040160	ブロック宝箱【レベル4_トゥメル】2F　候補7	01	4	7023	儀式素材【コモンC】レベル4	0x40001B6F	0xB0001B6F	1	100	0	52901000	52901000
101040170	ブロック宝箱【レベル4_トゥメル】2F　候補8	01	4	7121	儀式素材【アンコモンC】レベル2	0x40001BD1	0xB0001BD1	1	100	0	52901000	52901000
101040180	ブロック宝箱【レベル4_トゥメル】2F　候補9	01	4	7130	儀式素材【アンコモンD】レベル1	0x40001BDA	0xB0001BDA	2	100	0	52901000	52901000
101040190	ブロック宝箱【レベル4_トゥメル】2F　候補10	01	8	81120				1	100	0	52901000	52901000
101040200	ブロック宝箱【レベル4_トゥメル】3F　候補1	01	4	7003	儀式素材【コモンA】レベル4	0x40001B5B	0xB0001B5B	6	100	0	52901000	52901000
101040210	ブロック宝箱【レベル4_トゥメル】3F　候補2	01	4	7004	儀式素材【コモンA】レベル5	0x40001B5C	0xB0001B5C	4	100	0	52901000	52901000
101040220	ブロック宝箱【レベル4_トゥメル】3F　候補3	01	4	7004	儀式素材【コモンA】レベル5	0x40001B5C	0xB0001B5C	4	100	0	52901000	52901000
101040230	ブロック宝箱【レベル4_トゥメル】3F　候補4	01	4	7004	儀式素材【コモンA】レベル5	0x40001B5C	0xB0001B5C	3	100	0	52901000	52901000
101040240	ブロック宝箱【レベル4_トゥメル】3F　候補5	01	4	7004	儀式素材【コモンA】レベル5	0x40001B5C	0xB0001B5C	3	100	0	52901000	52901000
101040250	ブロック宝箱【レベル4_トゥメル】3F　候補6	01	4	7023	儀式素材【コモンC】レベル4	0x40001B6F	0xB0001B6F	4	100	0	52901000	52901000
101040260	ブロック宝箱【レベル4_トゥメル】3F　候補7	01	4	7023	儀式素材【コモンC】レベル4	0x40001B6F	0xB0001B6F	3	100	0	52901000	52901000
101040270	ブロック宝箱【レベル4_トゥメル】3F　候補8	01	4	7121	儀式素材【アンコモンC】レベル2	0x40001BD1	0xB0001BD1	1	100	0	52901000	52901000
101040280	ブロック宝箱【レベル4_トゥメル】3F　候補9	01	4	7130	儀式素材【アンコモンD】レベル1	0x40001BDA	0xB0001BDA	4	100	0	52901000	52901000
101040290	ブロック宝箱【レベル4_トゥメル】3F　候補10	01	8	81120				1	100	0	52901000	52901000
101040300	ブロック宝箱【レベル4_トゥメル】4F　候補1	01	4	7003	儀式素材【コモンA】レベル4	0x40001B5B	0xB0001B5B	8	100	0	52901000	52901000
101040310	ブロック宝箱【レベル4_トゥメル】4F　候補2	01	4	7004	儀式素材【コモンA】レベル5	0x40001B5C	0xB0001B5C	6	100	0	52901000	52901000
101040320	ブロック宝箱【レベル4_トゥメル】4F　候補3	01	4	7004	儀式素材【コモンA】レベル5	0x40001B5C	0xB0001B5C	6	100	0	52901000	52901000
101040330	ブロック宝箱【レベル4_トゥメル】4F　候補4	01	4	7004	儀式素材【コモンA】レベル5	0x40001B5C	0xB0001B5C	5	100	0	52901000	52901000
101040340	ブロック宝箱【レベル4_トゥメル】4F　候補5	01	4	7004	儀式素材【コモンA】レベル5	0x40001B5C	0xB0001B5C	5	100	0	52901000	52901000
101040350	ブロック宝箱【レベル4_トゥメル】4F　候補6	01	4	7023	儀式素材【コモンC】レベル4	0x40001B6F	0xB0001B6F	6	100	0	52901000	52901000
101040360	ブロック宝箱【レベル4_トゥメル】4F　候補7	01	4	7023	儀式素材【コモンC】レベル4	0x40001B6F	0xB0001B6F	5	100	0	52901000	52901000
101040370	ブロック宝箱【レベル4_トゥメル】4F　候補8	01	4	7121	儀式素材【アンコモンC】レベル2	0x40001BD1	0xB0001BD1	2	100	0	52901000	52901000
101040380	ブロック宝箱【レベル4_トゥメル】4F　候補9	01	4	7130	儀式素材【アンコモンD】レベル1	0x40001BDA	0xB0001BDA	6	100	0	52901000	52901000
101040390	ブロック宝箱【レベル4_トゥメル】4F　候補10	01	8	81140				1	100	0	52901000	52901000
101042000	ブロック宝箱【レベル4_ローラン】1F　候補1	01	4	7003	儀式素材【コモンA】レベル4	0x40001B5B	0xB0001B5B	2	100	0	52901000	52901000
101042010	ブロック宝箱【レベル4_ローラン】1F　候補2	01	4	7003	儀式素材【コモンA】レベル4	0x40001B5B	0xB0001B5B	2	100	0	52901000	52901000
101042020	ブロック宝箱【レベル4_ローラン】1F　候補3	01	4	7003	儀式素材【コモンA】レベル4	0x40001B5B	0xB0001B5B	2	100	0	52901000	52901000
101042030	ブロック宝箱【レベル4_ローラン】1F　候補4	01	4	7003	儀式素材【コモンA】レベル4	0x40001B5B	0xB0001B5B	1	100	0	52901000	52901000
101042040	ブロック宝箱【レベル4_ローラン】1F　候補5	01	4	7003	儀式素材【コモンA】レベル4	0x40001B5B	0xB0001B5B	1	100	0	52901000	52901000
101042050	ブロック宝箱【レベル4_ローラン】1F　候補6	01	4	7003	儀式素材【コモンA】レベル4	0x40001B5B	0xB0001B5B	1	100	0	52901000	52901000
101042060	ブロック宝箱【レベル4_ローラン】1F　候補7	01	4	7003	儀式素材【コモンA】レベル4	0x40001B5B	0xB0001B5B	1	100	0	52901000	52901000
101042070	ブロック宝箱【レベル4_ローラン】1F　候補8	01	4	7003	儀式素材【コモンA】レベル4	0x40001B5B	0xB0001B5B	1	100	0	52901000	52901000
101042080	ブロック宝箱【レベル4_ローラン】1F　候補9	01	4	7003	儀式素材【コモンA】レベル4	0x40001B5B	0xB0001B5B	1	100	0	52901000	52901000
101042082	ブロック宝箱【レベル4_ローラン】1F　候補9	01	4	7003	儀式素材【コモンA】レベル4	0x40001B5B	0xB0001B5B	1	100	0	52901000	52901000
101042090	ブロック宝箱【レベル4_ローラン】1F　候補10	01	8	81310				1	100	0	52901000	52901000
101042100	ブロック宝箱【レベル4_ローラン】2F　候補1	01	4	7003	儀式素材【コモンA】レベル4	0x40001B5B	0xB0001B5B	4	100	0	52901000	52901000
101042110	ブロック宝箱【レベル4_ローラン】2F　候補2	01	4	7004	儀式素材【コモンA】レベル5	0x40001B5C	0xB0001B5C	1	100	0	52901000	52901000
101042120	ブロック宝箱【レベル4_ローラン】2F　候補3	01	4	7013	儀式素材【コモンB】レベル4	0x40001B65	0xB0001B65	4	100	0	52901000	52901000
101042130	ブロック宝箱【レベル4_ローラン】2F　候補4	01	4	7013	儀式素材【コモンB】レベル4	0x40001B65	0xB0001B65	3	100	0	52901000	52901000
101042140	ブロック宝箱【レベル4_ローラン】2F　候補5	01	4	7014	儀式素材【コモンB】レベル5	0x40001B66	0xB0001B66	2	100	0	52901000	52901000
101042150	ブロック宝箱【レベル4_ローラン】2F　候補6	01	4	7014	儀式素材【コモンB】レベル5	0x40001B66	0xB0001B66	1	100	0	52901000	52901000
101042160	ブロック宝箱【レベル4_ローラン】2F　候補7	01	4	7003	儀式素材【コモンA】レベル4	0x40001B5B	0xB0001B5B	4	100	0	52901000	52901000
101042170	ブロック宝箱【レベル4_ローラン】2F　候補8	01	4	7023	儀式素材【コモンC】レベル4	0x40001B6F	0xB0001B6F	3	100	0	52901000	52901000
101042180	ブロック宝箱【レベル4_ローラン】2F　候補9	01	4	7140	儀式素材【アンコモンE】レベル1	0x40001BE4	0xB0001BE4	1	100	0	52901000	52901000
101042190	ブロック宝箱【レベル4_ローラン】2F　候補10	01	8	81320				1	100	0	52901000	52901000
101042200	ブロック宝箱【レベル4_ローラン】3F　候補1	01	4	7003	儀式素材【コモンA】レベル4	0x40001B5B	0xB0001B5B	6	100	0	52901000	52901000
101042210	ブロック宝箱【レベル4_ローラン】3F　候補2	01	4	7004	儀式素材【コモンA】レベル5	0x40001B5C	0xB0001B5C	3	100	0	52901000	52901000
101042220	ブロック宝箱【レベル4_ローラン】3F　候補3	01	4	7013	儀式素材【コモンB】レベル4	0x40001B65	0xB0001B65	6	100	0	52901000	52901000
101042230	ブロック宝箱【レベル4_ローラン】3F　候補4	01	4	7013	儀式素材【コモンB】レベル4	0x40001B65	0xB0001B65	5	100	0	52901000	52901000
101042240	ブロック宝箱【レベル4_ローラン】3F　候補5	01	4	7014	儀式素材【コモンB】レベル5	0x40001B66	0xB0001B66	4	100	0	52901000	52901000
101042250	ブロック宝箱【レベル4_ローラン】3F　候補6	01	4	7014	儀式素材【コモンB】レベル5	0x40001B66	0xB0001B66	3	100	0	52901000	52901000
101042260	ブロック宝箱【レベル4_ローラン】3F　候補7	01	4	7014	儀式素材【コモンB】レベル5	0x40001B66	0xB0001B66	3	100	0	52901000	52901000
101042270	ブロック宝箱【レベル4_ローラン】3F　候補8	01	4	7023	儀式素材【コモンC】レベル4	0x40001B6F	0xB0001B6F	5	100	0	52901000	52901000
101042280	ブロック宝箱【レベル4_ローラン】3F　候補9	01	4	7140	儀式素材【アンコモンE】レベル1	0x40001BE4	0xB0001BE4	2	100	0	52901000	52901000
101042290	ブロック宝箱【レベル4_ローラン】3F　候補10	01	8	81321				1	100	0	52901000	52901000
101042300	ブロック宝箱【レベル4_ローラン】4F　候補1	01	4	7003	儀式素材【コモンA】レベル4	0x40001B5B	0xB0001B5B	8	100	0	52901000	52901000
101042310	ブロック宝箱【レベル4_ローラン】4F　候補2	01	4	7004	儀式素材【コモンA】レベル5	0x40001B5C	0xB0001B5C	5	100	0	52901000	52901000
101042320	ブロック宝箱【レベル4_ローラン】4F　候補3	01	4	7013	儀式素材【コモンB】レベル4	0x40001B65	0xB0001B65	8	100	0	52901000	52901000
101042330	ブロック宝箱【レベル4_ローラン】4F　候補4	01	4	7013	儀式素材【コモンB】レベル4	0x40001B65	0xB0001B65	7	100	0	52901000	52901000
101042340	ブロック宝箱【レベル4_ローラン】4F　候補5	01	4	7014	儀式素材【コモンB】レベル5	0x40001B66	0xB0001B66	6	100	0	52901000	52901000
101042350	ブロック宝箱【レベル4_ローラン】4F　候補6	01	4	7014	儀式素材【コモンB】レベル5	0x40001B66	0xB0001B66	5	100	0	52901000	52901000
101042360	ブロック宝箱【レベル4_ローラン】4F　候補7	01	4	7014	儀式素材【コモンB】レベル5	0x40001B66	0xB0001B66	5	100	0	52901000	52901000
101042370	ブロック宝箱【レベル4_ローラン】4F　候補8	01	4	7023	儀式素材【コモンC】レベル4	0x40001B6F	0xB0001B6F	7	100	0	52901000	52901000
101042380	ブロック宝箱【レベル4_ローラン】4F　候補9	01	4	7140	儀式素材【アンコモンE】レベル1	0x40001BE4	0xB0001BE4	2	100	0	52901000	52901000
101042390	ブロック宝箱【レベル4_ローラン】4F　候補10	01	8	81340				1	100	0	52901000	52901000
101050000	ブロック宝箱【レベル5_トゥメル】1F　候補1	01	4	7004	儀式素材【コモンA】レベル5	0x40001B5C	0xB0001B5C	2	100	0	52901000	52901000
101050010	ブロック宝箱【レベル5_トゥメル】1F　候補2	01	4	7004	儀式素材【コモンA】レベル5	0x40001B5C	0xB0001B5C	2	100	0	52901000	52901000
101050020	ブロック宝箱【レベル5_トゥメル】1F　候補3	01	4	7004	儀式素材【コモンA】レベル5	0x40001B5C	0xB0001B5C	2	100	0	52901000	52901000
101050030	ブロック宝箱【レベル5_トゥメル】1F　候補4	01	4	7004	儀式素材【コモンA】レベル5	0x40001B5C	0xB0001B5C	1	100	0	52901000	52901000
101050040	ブロック宝箱【レベル5_トゥメル】1F　候補5	01	4	7004	儀式素材【コモンA】レベル5	0x40001B5C	0xB0001B5C	1	100	0	52901000	52901000
101050050	ブロック宝箱【レベル5_トゥメル】1F　候補6	01	4	7004	儀式素材【コモンA】レベル5	0x40001B5C	0xB0001B5C	1	100	0	52901000	52901000
101050060	ブロック宝箱【レベル5_トゥメル】1F　候補7	01	4	7004	儀式素材【コモンA】レベル5	0x40001B5C	0xB0001B5C	1	100	0	52901000	52901000
101050070	ブロック宝箱【レベル5_トゥメル】1F　候補8	01	4	7004	儀式素材【コモンA】レベル5	0x40001B5C	0xB0001B5C	1	100	0	52901000	52901000
101050080	ブロック宝箱【レベル5_トゥメル】1F　候補9	01	4	7004	儀式素材【コモンA】レベル5	0x40001B5C	0xB0001B5C	1	100	0	52901000	52901000
101050090	ブロック宝箱【レベル5_トゥメル】1F　候補10	01	8	81110				1	100	0	52901000	52901000
101050100	ブロック宝箱【レベル5_トゥメル】2F　候補1	01	4	7004	儀式素材【コモンA】レベル5	0x40001B5C	0xB0001B5C	6	100	0	52901000	52901000
101050110	ブロック宝箱【レベル5_トゥメル】2F　候補2	01	4	7004	儀式素材【コモンA】レベル5	0x40001B5C	0xB0001B5C	5	100	0	52901000	52901000
101050120	ブロック宝箱【レベル5_トゥメル】2F　候補3	01	4	7004	儀式素材【コモンA】レベル5	0x40001B5C	0xB0001B5C	4	100	0	52901000	52901000
101050130	ブロック宝箱【レベル5_トゥメル】2F　候補4	01	4	7024	儀式素材【コモンC】レベル5	0x40001B70	0xB0001B70	5	100	0	52901000	52901000
101050140	ブロック宝箱【レベル5_トゥメル】2F　候補5	01	4	7024	儀式素材【コモンC】レベル5	0x40001B70	0xB0001B70	3	100	0	52901000	52901000
101050150	ブロック宝箱【レベル5_トゥメル】2F　候補6	01	4	7024	儀式素材【コモンC】レベル5	0x40001B70	0xB0001B70	2	100	0	52901000	52901000
101050160	ブロック宝箱【レベル5_トゥメル】2F　候補7	01	4	7121	儀式素材【アンコモンC】レベル2	0x40001BD1	0xB0001BD1	2	100	0	52901000	52901000
101050170	ブロック宝箱【レベル5_トゥメル】2F　候補8	01	4	7131	儀式素材【アンコモンD】レベル2	0x40001BDB	0xB0001BDB	1	100	0	52901000	52901000
101050180	ブロック宝箱【レベル5_トゥメル】2F　候補9	01	4	7131	儀式素材【アンコモンD】レベル2	0x40001BDB	0xB0001BDB	1	100	0	52901000	52901000
101050190	ブロック宝箱【レベル5_トゥメル】2F　候補10	01	8	81120				1	100	0	52901000	52901000
101050200	ブロック宝箱【レベル5_トゥメル】3F　候補1	01	4	7004	儀式素材【コモンA】レベル5	0x40001B5C	0xB0001B5C	9	100	0	52901000	52901000
101050210	ブロック宝箱【レベル5_トゥメル】3F　候補2	01	4	7004	儀式素材【コモンA】レベル5	0x40001B5C	0xB0001B5C	8	100	0	52901000	52901000
101050220	ブロック宝箱【レベル5_トゥメル】3F　候補3	01	4	7004	儀式素材【コモンA】レベル5	0x40001B5C	0xB0001B5C	6	100	0	52901000	52901000
101050230	ブロック宝箱【レベル5_トゥメル】3F　候補4	01	4	7004	儀式素材【コモンA】レベル5	0x40001B5C	0xB0001B5C	6	100	0	52901000	52901000
101050240	ブロック宝箱【レベル5_トゥメル】3F　候補5	01	4	7024	儀式素材【コモンC】レベル5	0x40001B70	0xB0001B70	5	100	0	52901000	52901000
101050250	ブロック宝箱【レベル5_トゥメル】3F　候補6	01	4	7024	儀式素材【コモンC】レベル5	0x40001B70	0xB0001B70	4	100	0	52901000	52901000
101050260	ブロック宝箱【レベル5_トゥメル】3F　候補7	01	4	7121	儀式素材【アンコモンC】レベル2	0x40001BD1	0xB0001BD1	3	100	0	52901000	52901000
101050270	ブロック宝箱【レベル5_トゥメル】3F　候補8	01	4	7131	儀式素材【アンコモンD】レベル2	0x40001BDB	0xB0001BDB	1	100	0	52901000	52901000
101050280	ブロック宝箱【レベル5_トゥメル】3F　候補9	01	4	7131	儀式素材【アンコモンD】レベル2	0x40001BDB	0xB0001BDB	1	100	0	52901000	52901000
101050290	ブロック宝箱【レベル5_トゥメル】3F　候補10	01	4	7131	儀式素材【アンコモンD】レベル2	0x40001BDB	0xB0001BDB	2	100	0	52901000	52901000
101050300	ブロック宝箱【レベル5_トゥメル】4F　候補1	01	4	7004	儀式素材【コモンA】レベル5	0x40001B5C	0xB0001B5C	12	100	0	52901000	52901000
101050310	ブロック宝箱【レベル5_トゥメル】4F　候補2	01	4	7004	儀式素材【コモンA】レベル5	0x40001B5C	0xB0001B5C	10	100	0	52901000	52901000
101050320	ブロック宝箱【レベル5_トゥメル】4F　候補3	01	4	7004	儀式素材【コモンA】レベル5	0x40001B5C	0xB0001B5C	8	100	0	52901000	52901000
101050330	ブロック宝箱【レベル5_トゥメル】4F　候補4	01	4	7004	儀式素材【コモンA】レベル5	0x40001B5C	0xB0001B5C	8	100	0	52901000	52901000
101050340	ブロック宝箱【レベル5_トゥメル】4F　候補5	01	4	7024	儀式素材【コモンC】レベル5	0x40001B70	0xB0001B70	7	100	0	52901000	52901000
101050350	ブロック宝箱【レベル5_トゥメル】4F　候補6	01	4	7024	儀式素材【コモンC】レベル5	0x40001B70	0xB0001B70	6	100	0	52901000	52901000
101050360	ブロック宝箱【レベル5_トゥメル】4F　候補7	01	4	7121	儀式素材【アンコモンC】レベル2	0x40001BD1	0xB0001BD1	5	100	0	52901000	52901000
101050370	ブロック宝箱【レベル5_トゥメル】4F　候補8	01	4	7131	儀式素材【アンコモンD】レベル2	0x40001BDB	0xB0001BDB	2	100	0	52901000	52901000
101050380	ブロック宝箱【レベル5_トゥメル】4F　候補9	01	4	7131	儀式素材【アンコモンD】レベル2	0x40001BDB	0xB0001BDB	2	100	0	52901000	52901000
101050390	ブロック宝箱【レベル5_トゥメル】4F　候補10	01	8	81140				1	100	0	52901000	52901000
101052000	ブロック宝箱【レベル5_ローラン】1F　候補1	01	4	7004	儀式素材【コモンA】レベル5	0x40001B5C	0xB0001B5C	2	100	0	52901000	52901000
101052010	ブロック宝箱【レベル5_ローラン】1F　候補2	01	4	7004	儀式素材【コモンA】レベル5	0x40001B5C	0xB0001B5C	2	100	0	52901000	52901000
101052020	ブロック宝箱【レベル5_ローラン】1F　候補3	01	4	7004	儀式素材【コモンA】レベル5	0x40001B5C	0xB0001B5C	2	100	0	52901000	52901000
101052030	ブロック宝箱【レベル5_ローラン】1F　候補4	01	4	7004	儀式素材【コモンA】レベル5	0x40001B5C	0xB0001B5C	1	100	0	52901000	52901000
101052040	ブロック宝箱【レベル5_ローラン】1F　候補5	01	4	7004	儀式素材【コモンA】レベル5	0x40001B5C	0xB0001B5C	1	100	0	52901000	52901000
101052050	ブロック宝箱【レベル5_ローラン】1F　候補6	01	4	7004	儀式素材【コモンA】レベル5	0x40001B5C	0xB0001B5C	1	100	0	52901000	52901000
101052060	ブロック宝箱【レベル5_ローラン】1F　候補7	01	4	7004	儀式素材【コモンA】レベル5	0x40001B5C	0xB0001B5C	1	100	0	52901000	52901000
101052070	ブロック宝箱【レベル5_ローラン】1F　候補8	01	4	7004	儀式素材【コモンA】レベル5	0x40001B5C	0xB0001B5C	1	100	0	52901000	52901000
101052080	ブロック宝箱【レベル5_ローラン】1F　候補9	01	4	7004	儀式素材【コモンA】レベル5	0x40001B5C	0xB0001B5C	1	100	0	52901000	52901000
101052090	ブロック宝箱【レベル5_ローラン】1F　候補10	01	8	81310				1	100	0	52901000	52901000
101052100	ブロック宝箱【レベル5_ローラン】2F　候補1	01	4	7004	儀式素材【コモンA】レベル5	0x40001B5C	0xB0001B5C	6	100	0	52901000	52901000
101052110	ブロック宝箱【レベル5_ローラン】2F　候補2	01	4	7004	儀式素材【コモンA】レベル5	0x40001B5C	0xB0001B5C	4	100	0	52901000	52901000
101052120	ブロック宝箱【レベル5_ローラン】2F　候補3	01	4	7014	儀式素材【コモンB】レベル5	0x40001B66	0xB0001B66	6	100	0	52901000	52901000
101052130	ブロック宝箱【レベル5_ローラン】2F　候補4	01	4	7014	儀式素材【コモンB】レベル5	0x40001B66	0xB0001B66	4	100	0	52901000	52901000
101052140	ブロック宝箱【レベル5_ローラン】2F　候補5	01	4	7014	儀式素材【コモンB】レベル5	0x40001B66	0xB0001B66	4	100	0	52901000	52901000
101052150	ブロック宝箱【レベル5_ローラン】2F　候補6	01	4	7014	儀式素材【コモンB】レベル5	0x40001B66	0xB0001B66	4	100	0	52901000	52901000
101052160	ブロック宝箱【レベル5_ローラン】2F　候補7	01	4	7024	儀式素材【コモンC】レベル5	0x40001B70	0xB0001B70	3	100	0	52901000	52901000
101052170	ブロック宝箱【レベル5_ローラン】2F　候補8	01	4	7140	儀式素材【アンコモンE】レベル1	0x40001BE4	0xB0001BE4	1	100	0	52901000	52901000
101052180	ブロック宝箱【レベル5_ローラン】2F　候補9	01	4	7140	儀式素材【アンコモンE】レベル1	0x40001BE4	0xB0001BE4	1	100	0	52901000	52901000
101052190	ブロック宝箱【レベル5_ローラン】2F　候補10	01	8	81320				1	100	0	52901000	52901000
101052200	ブロック宝箱【レベル5_ローラン】3F　候補1	01	4	7004	儀式素材【コモンA】レベル5	0x40001B5C	0xB0001B5C	9	100	0	52901000	52901000
101052210	ブロック宝箱【レベル5_ローラン】3F　候補2	01	4	7004	儀式素材【コモンA】レベル5	0x40001B5C	0xB0001B5C	6	100	0	52901000	52901000
101052220	ブロック宝箱【レベル5_ローラン】3F　候補3	01	4	7014	儀式素材【コモンB】レベル5	0x40001B66	0xB0001B66	9	100	0	52901000	52901000
101052230	ブロック宝箱【レベル5_ローラン】3F　候補4	01	4	7014	儀式素材【コモンB】レベル5	0x40001B66	0xB0001B66	6	100	0	52901000	52901000
101052240	ブロック宝箱【レベル5_ローラン】3F　候補5	01	4	7014	儀式素材【コモンB】レベル5	0x40001B66	0xB0001B66	6	100	0	52901000	52901000
101052250	ブロック宝箱【レベル5_ローラン】3F　候補6	01	4	7014	儀式素材【コモンB】レベル5	0x40001B66	0xB0001B66	5	100	0	52901000	52901000
101052260	ブロック宝箱【レベル5_ローラン】3F　候補7	01	4	7024	儀式素材【コモンC】レベル5	0x40001B70	0xB0001B70	5	100	0	52901000	52901000
101052270	ブロック宝箱【レベル5_ローラン】3F　候補8	01	4	7140	儀式素材【アンコモンE】レベル1	0x40001BE4	0xB0001BE4	1	100	0	52901000	52901000
101052280	ブロック宝箱【レベル5_ローラン】3F　候補9	01	4	7140	儀式素材【アンコモンE】レベル1	0x40001BE4	0xB0001BE4	1	100	0	52901000	52901000
101052290	ブロック宝箱【レベル5_ローラン】3F　候補10	01	4	7110	儀式素材【アンコモンB】レベル1	0x40001BC6	0xB0001BC6	1	100	0	52901000	52901000
101052300	ブロック宝箱【レベル5_ローラン】4F　候補1	01	4	7004	儀式素材【コモンA】レベル5	0x40001B5C	0xB0001B5C	12	100	0	52901000	52901000
101052310	ブロック宝箱【レベル5_ローラン】4F　候補2	01	4	7004	儀式素材【コモンA】レベル5	0x40001B5C	0xB0001B5C	8	100	0	52901000	52901000
101052320	ブロック宝箱【レベル5_ローラン】4F　候補3	01	4	7014	儀式素材【コモンB】レベル5	0x40001B66	0xB0001B66	12	100	0	52901000	52901000
101052330	ブロック宝箱【レベル5_ローラン】4F　候補4	01	4	7014	儀式素材【コモンB】レベル5	0x40001B66	0xB0001B66	8	100	0	52901000	52901000
101052340	ブロック宝箱【レベル5_ローラン】4F　候補5	01	4	7014	儀式素材【コモンB】レベル5	0x40001B66	0xB0001B66	8	100	0	52901000	52901000
101052350	ブロック宝箱【レベル5_ローラン】4F　候補6	01	4	7014	儀式素材【コモンB】レベル5	0x40001B66	0xB0001B66	7	100	0	52901000	52901000
101052360	ブロック宝箱【レベル5_ローラン】4F　候補7	01	4	7024	儀式素材【コモンC】レベル5	0x40001B70	0xB0001B70	7	100	0	52901000	52901000
101052370	ブロック宝箱【レベル5_ローラン】4F　候補8	01	4	7140	儀式素材【アンコモンE】レベル1	0x40001BE4	0xB0001BE4	2	100	0	52901000	52901000
101052380	ブロック宝箱【レベル5_ローラン】4F　候補9	01	4	7140	儀式素材【アンコモンE】レベル1	0x40001BE4	0xB0001BE4	2	100	0	52901000	52901000
101052390	ブロック宝箱【レベル5_ローラン】4F　候補10	01	8	81340				1	100	0	52901000	52901000
101053000	ブロック宝箱【レベル5_イズ】1F　候補1	01	4	7004	儀式素材【コモンA】レベル5	0x40001B5C	0xB0001B5C	2	100	0	52901000	52901000
101053010	ブロック宝箱【レベル5_イズ】1F　候補2	01	4	7004	儀式素材【コモンA】レベル5	0x40001B5C	0xB0001B5C	2	100	0	52901000	52901000
101053020	ブロック宝箱【レベル5_イズ】1F　候補3	01	4	7004	儀式素材【コモンA】レベル5	0x40001B5C	0xB0001B5C	2	100	0	52901000	52901000
101053030	ブロック宝箱【レベル5_イズ】1F　候補4	01	4	7004	儀式素材【コモンA】レベル5	0x40001B5C	0xB0001B5C	1	100	0	52901000	52901000
101053040	ブロック宝箱【レベル5_イズ】1F　候補5	01	4	7004	儀式素材【コモンA】レベル5	0x40001B5C	0xB0001B5C	1	100	0	52901000	52901000
101053050	ブロック宝箱【レベル5_イズ】1F　候補6	01	4	7004	儀式素材【コモンA】レベル5	0x40001B5C	0xB0001B5C	1	100	0	52901000	52901000
101053060	ブロック宝箱【レベル5_イズ】1F　候補7	01	4	7004	儀式素材【コモンA】レベル5	0x40001B5C	0xB0001B5C	1	100	0	52901000	52901000
101053070	ブロック宝箱【レベル5_イズ】1F　候補8	01	4	7004	儀式素材【コモンA】レベル5	0x40001B5C	0xB0001B5C	1	100	0	52901000	52901000
101053080	ブロック宝箱【レベル5_イズ】1F　候補9	01	4	7004	儀式素材【コモンA】レベル5	0x40001B5C	0xB0001B5C	1	100	0	52901000	52901000
101053090	ブロック宝箱【レベル5_イズ】1F　候補10	01	8	81410				1	100	0	52901000	52901000
101053100	ブロック宝箱【レベル5_イズ】2F　候補1	01	4	7004	儀式素材【コモンA】レベル5	0x40001B5C	0xB0001B5C	6	100	0	52901000	52901000
101053110	ブロック宝箱【レベル5_イズ】2F　候補2	01	4	7100	儀式素材【アンコモンA】レベル1	0x40001BBC	0xB0001BBC	6	100	0	52901000	52901000
101053120	ブロック宝箱【レベル5_イズ】2F　候補3	01	4	7100	儀式素材【アンコモンA】レベル1	0x40001BBC	0xB0001BBC	4	100	0	52901000	52901000
101053130	ブロック宝箱【レベル5_イズ】2F　候補4	01	4	7100	儀式素材【アンコモンA】レベル1	0x40001BBC	0xB0001BBC	4	100	0	52901000	52901000
101053140	ブロック宝箱【レベル5_イズ】2F　候補5	01	4	7100	儀式素材【アンコモンA】レベル1	0x40001BBC	0xB0001BBC	3	100	0	52901000	52901000
101053150	ブロック宝箱【レベル5_イズ】2F　候補6	01	4	7024	儀式素材【コモンC】レベル5	0x40001B70	0xB0001B70	3	100	0	52901000	52901000
101053160	ブロック宝箱【レベル5_イズ】2F　候補7	01	4	7131	儀式素材【アンコモンD】レベル2	0x40001BDB	0xB0001BDB	1	100	0	52901000	52901000
101053170	ブロック宝箱【レベル5_イズ】2F　候補8	01	4	7140	儀式素材【アンコモンE】レベル1	0x40001BE4	0xB0001BE4	1	100	0	52901000	52901000
101053180	ブロック宝箱【レベル5_イズ】2F　候補9	01	8	81420				1	100	0	52901000	52901000
101053190	ブロック宝箱【レベル5_イズ】2F　候補10	01	8	81420				1	100	0	52901000	52901000
101053200	ブロック宝箱【レベル5_イズ】3F　候補1	01	4	7004	儀式素材【コモンA】レベル5	0x40001B5C	0xB0001B5C	9	100	0	52901000	52901000
101053210	ブロック宝箱【レベル5_イズ】3F　候補2	01	4	7100	儀式素材【アンコモンA】レベル1	0x40001BBC	0xB0001BBC	9	100	0	52901000	52901000
101053220	ブロック宝箱【レベル5_イズ】3F　候補3	01	4	7100	儀式素材【アンコモンA】レベル1	0x40001BBC	0xB0001BBC	6	100	0	52901000	52901000
101053230	ブロック宝箱【レベル5_イズ】3F　候補4	01	4	7100	儀式素材【アンコモンA】レベル1	0x40001BBC	0xB0001BBC	6	100	0	52901000	52901000
101053240	ブロック宝箱【レベル5_イズ】3F　候補5	01	4	7100	儀式素材【アンコモンA】レベル1	0x40001BBC	0xB0001BBC	5	100	0	52901000	52901000
101053250	ブロック宝箱【レベル5_イズ】3F　候補6	01	4	7024	儀式素材【コモンC】レベル5	0x40001B70	0xB0001B70	5	100	0	52901000	52901000
101053260	ブロック宝箱【レベル5_イズ】3F　候補7	01	4	7131	儀式素材【アンコモンD】レベル2	0x40001BDB	0xB0001BDB	1	100	0	52901000	52901000
101053270	ブロック宝箱【レベル5_イズ】3F　候補8	01	4	7140	儀式素材【アンコモンE】レベル1	0x40001BE4	0xB0001BE4	1	100	0	52901000	52901000
101053280	ブロック宝箱【レベル5_イズ】3F　候補9	01	4	7110	儀式素材【アンコモンB】レベル1	0x40001BC6	0xB0001BC6	1	100	0	52901000	52901000
101053290	ブロック宝箱【レベル5_イズ】3F　候補10	01	8	81420				1	100	0	52901000	52901000
101053300	ブロック宝箱【レベル5_イズ】4F　候補1	01	4	7004	儀式素材【コモンA】レベル5	0x40001B5C	0xB0001B5C	12	100	0	52901000	52901000
101053310	ブロック宝箱【レベル5_イズ】4F　候補2	01	4	7100	儀式素材【アンコモンA】レベル1	0x40001BBC	0xB0001BBC	12	100	0	52901000	52901000
101053320	ブロック宝箱【レベル5_イズ】4F　候補3	01	4	7100	儀式素材【アンコモンA】レベル1	0x40001BBC	0xB0001BBC	8	100	0	52901000	52901000
101053330	ブロック宝箱【レベル5_イズ】4F　候補4	01	4	7100	儀式素材【アンコモンA】レベル1	0x40001BBC	0xB0001BBC	8	100	0	52901000	52901000
101053340	ブロック宝箱【レベル5_イズ】4F　候補5	01	4	7100	儀式素材【アンコモンA】レベル1	0x40001BBC	0xB0001BBC	7	100	0	52901000	52901000
101053350	ブロック宝箱【レベル5_イズ】4F　候補6	01	4	7024	儀式素材【コモンC】レベル5	0x40001B70	0xB0001B70	7	100	0	52901000	52901000
101053360	ブロック宝箱【レベル5_イズ】4F　候補7	01	4	7131	儀式素材【アンコモンD】レベル2	0x40001BDB	0xB0001BDB	2	100	0	52901000	52901000
101053370	ブロック宝箱【レベル5_イズ】4F　候補8	01	4	7140	儀式素材【アンコモンE】レベル1	0x40001BE4	0xB0001BE4	2	100	0	52901000	52901000
101053380	ブロック宝箱【レベル5_イズ】4F　候補9	01	4	7110	儀式素材【アンコモンB】レベル1	0x40001BC6	0xB0001BC6	2	100	0	52901000	52901000
101053390	ブロック宝箱【レベル5_イズ】4F　候補10	01	8	81440				1	100	0	52901000	52901000
101110000	黒い宝箱【レベル1_トゥメル】1F　候補1	01	4	7000	儀式素材【コモンA】レベル1	0x40001B58	0xB0001B58	2	100	0	52901100	52901100
101110010	黒い宝箱【レベル1_トゥメル】1F　候補2	01	4	7000	儀式素材【コモンA】レベル1	0x40001B58	0xB0001B58	2	100	0	52901100	52901100
101110020	黒い宝箱【レベル1_トゥメル】1F　候補3	01	4	7000	儀式素材【コモンA】レベル1	0x40001B58	0xB0001B58	2	100	0	52901100	52901100
101110030	黒い宝箱【レベル1_トゥメル】1F　候補4	01	4	7000	儀式素材【コモンA】レベル1	0x40001B58	0xB0001B58	2	100	0	52901100	52901100
101110040	黒い宝箱【レベル1_トゥメル】1F　候補5	01	4	7000	儀式素材【コモンA】レベル1	0x40001B58	0xB0001B58	2	100	0	52901100	52901100
101110050	黒い宝箱【レベル1_トゥメル】1F　候補6	01	4	7000	儀式素材【コモンA】レベル1	0x40001B58	0xB0001B58	2	100	0	52901100	52901100
101110060	黒い宝箱【レベル1_トゥメル】1F　候補7	01	4	1000	HP回復【PG直接指定】	0x400003E8	0xB00003E8	2	100	0	52901100	52901100
101110070	黒い宝箱【レベル1_トゥメル】1F　候補8	01	4	1000	HP回復【PG直接指定】	0x400003E8	0xB00003E8	2	100	0	52901100	52901100
101110080	黒い宝箱【レベル1_トゥメル】1F　候補9	01	4	900	弾丸【PG直接指定】	0x40000384	0xB0000384	2	100	0	52901100	52901100
101110090	黒い宝箱【レベル1_トゥメル】1F　候補10	01	4	900	弾丸【PG直接指定】	0x40000384	0xB0000384	2	100	0	52901100	52901100
101110100	黒い宝箱【レベル1_トゥメル】2F　候補1	01	4	7001	儀式素材【コモンA】レベル2	0x40001B59	0xB0001B59	3	100	0	52901100	52901100
101110110	黒い宝箱【レベル1_トゥメル】2F　候補2	01	4	7001	儀式素材【コモンA】レベル2	0x40001B59	0xB0001B59	3	100	0	52901100	52901100
101110120	黒い宝箱【レベル1_トゥメル】2F　候補3	01	4	7001	儀式素材【コモンA】レベル2	0x40001B59	0xB0001B59	3	100	0	52901100	52901100
101110130	黒い宝箱【レベル1_トゥメル】2F　候補4	01	4	7001	儀式素材【コモンA】レベル2	0x40001B59	0xB0001B59	2	100	0	52901100	52901100
101110140	黒い宝箱【レベル1_トゥメル】2F　候補5	01	4	7001	儀式素材【コモンA】レベル2	0x40001B59	0xB0001B59	2	100	0	52901100	52901100
101110150	黒い宝箱【レベル1_トゥメル】2F　候補6	01	4	7020	儀式素材【コモンC】レベル1	0x40001B6C	0xB0001B6C	4	100	0	52901100	52901100
101110160	黒い宝箱【レベル1_トゥメル】2F　候補7	01	4	7020	儀式素材【コモンC】レベル1	0x40001B6C	0xB0001B6C	4	100	0	52901100	52901100
101110170	黒い宝箱【レベル1_トゥメル】2F　候補8	01	4	7020	儀式素材【コモンC】レベル1	0x40001B6C	0xB0001B6C	4	100	0	52901100	52901100
101110180	黒い宝箱【レベル1_トゥメル】2F　候補9	01	4	7020	儀式素材【コモンC】レベル1	0x40001B6C	0xB0001B6C	3	100	0	52901100	52901100
101110190	黒い宝箱【レベル1_トゥメル】2F　候補10	01	4	1500	SAN値回復＋1	0x400005DC	0xB00005DC	1	100	0	52901100	52901100
101110200	黒い宝箱【レベル1_トゥメル】3F　候補1	01	4	7001	儀式素材【コモンA】レベル2	0x40001B59	0xB0001B59	5	100	0	52901100	52901100
101110210	黒い宝箱【レベル1_トゥメル】3F　候補2	01	4	7001	儀式素材【コモンA】レベル2	0x40001B59	0xB0001B59	5	100	0	52901100	52901100
101110220	黒い宝箱【レベル1_トゥメル】3F　候補3	01	4	7001	儀式素材【コモンA】レベル2	0x40001B59	0xB0001B59	5	100	0	52901100	52901100
101110230	黒い宝箱【レベル1_トゥメル】3F　候補4	01	4	7001	儀式素材【コモンA】レベル2	0x40001B59	0xB0001B59	4	100	0	52901100	52901100
101110240	黒い宝箱【レベル1_トゥメル】3F　候補5	01	4	7001	儀式素材【コモンA】レベル2	0x40001B59	0xB0001B59	4	100	0	52901100	52901100
101110250	黒い宝箱【レベル1_トゥメル】3F　候補6	01	4	7020	儀式素材【コモンC】レベル1	0x40001B6C	0xB0001B6C	6	100	0	52901100	52901100
101110260	黒い宝箱【レベル1_トゥメル】3F　候補7	01	4	7020	儀式素材【コモンC】レベル1	0x40001B6C	0xB0001B6C	6	100	0	52901100	52901100
101110270	黒い宝箱【レベル1_トゥメル】3F　候補8	01	4	7020	儀式素材【コモンC】レベル1	0x40001B6C	0xB0001B6C	6	100	0	52901100	52901100
101110280	黒い宝箱【レベル1_トゥメル】3F　候補9	01	4	7020	儀式素材【コモンC】レベル1	0x40001B6C	0xB0001B6C	5	100	0	52901100	52901100
101110290	黒い宝箱【レベル1_トゥメル】3F　候補10	01	4	1501	SAN値回復＋2	0x400005DD	0xB00005DD	1	100	0	52901100	52901100
101110300	黒い宝箱【レベル1_トゥメル】4F　候補1	01	4	7001	儀式素材【コモンA】レベル2	0x40001B59	0xB0001B59	7	100	0	52901100	52901100
101110310	黒い宝箱【レベル1_トゥメル】4F　候補2	01	4	7001	儀式素材【コモンA】レベル2	0x40001B59	0xB0001B59	7	100	0	52901100	52901100
101110320	黒い宝箱【レベル1_トゥメル】4F　候補3	01	4	7001	儀式素材【コモンA】レベル2	0x40001B59	0xB0001B59	7	100	0	52901100	52901100
101110330	黒い宝箱【レベル1_トゥメル】4F　候補4	01	4	7001	儀式素材【コモンA】レベル2	0x40001B59	0xB0001B59	6	100	0	52901100	52901100
101110340	黒い宝箱【レベル1_トゥメル】4F　候補5	01	4	7001	儀式素材【コモンA】レベル2	0x40001B59	0xB0001B59	6	100	0	52901100	52901100
101110350	黒い宝箱【レベル1_トゥメル】4F　候補6	01	4	7020	儀式素材【コモンC】レベル1	0x40001B6C	0xB0001B6C	8	100	0	52901100	52901100
101110360	黒い宝箱【レベル1_トゥメル】4F　候補7	01	4	7020	儀式素材【コモンC】レベル1	0x40001B6C	0xB0001B6C	8	100	0	52901100	52901100
101110370	黒い宝箱【レベル1_トゥメル】4F　候補8	01	4	7020	儀式素材【コモンC】レベル1	0x40001B6C	0xB0001B6C	8	100	0	52901100	52901100
101110380	黒い宝箱【レベル1_トゥメル】4F　候補9	01	4	7020	儀式素材【コモンC】レベル1	0x40001B6C	0xB0001B6C	7	100	0	52901100	52901100
101110390	黒い宝箱【レベル1_トゥメル】4F　候補10	01	4	1501	SAN値回復＋2	0x400005DD	0xB00005DD	1	100	0	52901100	52901100
101120000	黒い宝箱【レベル2_トゥメル】1F　候補1	01	4	7001	儀式素材【コモンA】レベル2	0x40001B59	0xB0001B59	2	100	0	52901100	52901100
101120010	黒い宝箱【レベル2_トゥメル】1F　候補2	01	4	7001	儀式素材【コモンA】レベル2	0x40001B59	0xB0001B59	2	100	0	52901100	52901100
101120020	黒い宝箱【レベル2_トゥメル】1F　候補3	01	4	7001	儀式素材【コモンA】レベル2	0x40001B59	0xB0001B59	2	100	0	52901100	52901100
101120030	黒い宝箱【レベル2_トゥメル】1F　候補4	01	4	7001	儀式素材【コモンA】レベル2	0x40001B59	0xB0001B59	2	100	0	52901100	52901100
101120040	黒い宝箱【レベル2_トゥメル】1F　候補5	01	4	7001	儀式素材【コモンA】レベル2	0x40001B59	0xB0001B59	2	100	0	52901100	52901100
101120050	黒い宝箱【レベル2_トゥメル】1F　候補6	01	4	7001	儀式素材【コモンA】レベル2	0x40001B59	0xB0001B59	2	100	0	52901100	52901100
101120060	黒い宝箱【レベル2_トゥメル】1F　候補7	01	4	1000	HP回復【PG直接指定】	0x400003E8	0xB00003E8	2	100	0	52901100	52901100
101120070	黒い宝箱【レベル2_トゥメル】1F　候補8	01	4	1000	HP回復【PG直接指定】	0x400003E8	0xB00003E8	2	100	0	52901100	52901100
101120080	黒い宝箱【レベル2_トゥメル】1F　候補9	01	4	900	弾丸【PG直接指定】	0x40000384	0xB0000384	2	100	0	52901100	52901100
101120090	黒い宝箱【レベル2_トゥメル】1F　候補10	01	4	900	弾丸【PG直接指定】	0x40000384	0xB0000384	2	100	0	52901100	52901100
101120100	黒い宝箱【レベル2_トゥメル】2F　候補1	01	4	7120	儀式素材【アンコモンC】レベル1	0x40001BD0	0xB0001BD0	3	100	0	52901100	52901100
101120110	黒い宝箱【レベル2_トゥメル】2F　候補2	01	4	7120	儀式素材【アンコモンC】レベル1	0x40001BD0	0xB0001BD0	2	100	0	52901100	52901100
101120120	黒い宝箱【レベル2_トゥメル】2F　候補3	01	4	7120	儀式素材【アンコモンC】レベル1	0x40001BD0	0xB0001BD0	2	100	0	52901100	52901100
101120130	黒い宝箱【レベル2_トゥメル】2F　候補4	01	4	7120	儀式素材【アンコモンC】レベル1	0x40001BD0	0xB0001BD0	2	100	0	52901100	52901100
101120140	黒い宝箱【レベル2_トゥメル】2F　候補5	01	4	7120	儀式素材【アンコモンC】レベル1	0x40001BD0	0xB0001BD0	1	100	0	52901100	52901100
101120150	黒い宝箱【レベル2_トゥメル】2F　候補6	01	4	7120	儀式素材【アンコモンC】レベル1	0x40001BD0	0xB0001BD0	1	100	0	52901100	52901100
101120160	黒い宝箱【レベル2_トゥメル】2F　候補7	01	4	7120	儀式素材【アンコモンC】レベル1	0x40001BD0	0xB0001BD0	1	100	0	52901100	52901100
101120170	黒い宝箱【レベル2_トゥメル】2F　候補8	01	4	7120	儀式素材【アンコモンC】レベル1	0x40001BD0	0xB0001BD0	1	100	0	52901100	52901100
101120180	黒い宝箱【レベル2_トゥメル】2F　候補9	01	4	7120	儀式素材【アンコモンC】レベル1	0x40001BD0	0xB0001BD0	1	100	0	52901100	52901100
101120190	黒い宝箱【レベル2_トゥメル】2F　候補10	01	4	1500	SAN値回復＋1	0x400005DC	0xB00005DC	1	100	0	52901100	52901100
101120200	黒い宝箱【レベル2_トゥメル】3F　候補1	01	4	7120	儀式素材【アンコモンC】レベル1	0x40001BD0	0xB0001BD0	4	100	0	52901100	52901100
101120210	黒い宝箱【レベル2_トゥメル】3F　候補2	01	4	7120	儀式素材【アンコモンC】レベル1	0x40001BD0	0xB0001BD0	2	100	0	52901100	52901100
101120220	黒い宝箱【レベル2_トゥメル】3F　候補3	01	4	7120	儀式素材【アンコモンC】レベル1	0x40001BD0	0xB0001BD0	2	100	0	52901100	52901100
101120230	黒い宝箱【レベル2_トゥメル】3F　候補4	01	4	7120	儀式素材【アンコモンC】レベル1	0x40001BD0	0xB0001BD0	2	100	0	52901100	52901100
101120240	黒い宝箱【レベル2_トゥメル】3F　候補5	01	4	7120	儀式素材【アンコモンC】レベル1	0x40001BD0	0xB0001BD0	1	100	0	52901100	52901100
101120250	黒い宝箱【レベル2_トゥメル】3F　候補6	01	4	7120	儀式素材【アンコモンC】レベル1	0x40001BD0	0xB0001BD0	1	100	0	52901100	52901100
101120260	黒い宝箱【レベル2_トゥメル】3F　候補7	01	4	7120	儀式素材【アンコモンC】レベル1	0x40001BD0	0xB0001BD0	1	100	0	52901100	52901100
101120270	黒い宝箱【レベル2_トゥメル】3F　候補8	01	4	7120	儀式素材【アンコモンC】レベル1	0x40001BD0	0xB0001BD0	1	100	0	52901100	52901100
101120280	黒い宝箱【レベル2_トゥメル】3F　候補9	01	4	7120	儀式素材【アンコモンC】レベル1	0x40001BD0	0xB0001BD0	1	100	0	52901100	52901100
101120290	黒い宝箱【レベル2_トゥメル】3F　候補10	01	4	1501	SAN値回復＋2	0x400005DD	0xB00005DD	1	100	0	52901100	52901100
101120300	黒い宝箱【レベル2_トゥメル】4F　候補1	01	4	7120	儀式素材【アンコモンC】レベル1	0x40001BD0	0xB0001BD0	5	100	0	52901100	52901100
101120310	黒い宝箱【レベル2_トゥメル】4F　候補2	01	4	7120	儀式素材【アンコモンC】レベル1	0x40001BD0	0xB0001BD0	3	100	0	52901100	52901100
101120320	黒い宝箱【レベル2_トゥメル】4F　候補3	01	4	7120	儀式素材【アンコモンC】レベル1	0x40001BD0	0xB0001BD0	3	100	0	52901100	52901100
101120330	黒い宝箱【レベル2_トゥメル】4F　候補4	01	4	7120	儀式素材【アンコモンC】レベル1	0x40001BD0	0xB0001BD0	3	100	0	52901100	52901100
101120340	黒い宝箱【レベル2_トゥメル】4F　候補5	01	4	7120	儀式素材【アンコモンC】レベル1	0x40001BD0	0xB0001BD0	2	100	0	52901100	52901100
101120350	黒い宝箱【レベル2_トゥメル】4F　候補6	01	4	7120	儀式素材【アンコモンC】レベル1	0x40001BD0	0xB0001BD0	2	100	0	52901100	52901100
101120360	黒い宝箱【レベル2_トゥメル】4F　候補7	01	4	7120	儀式素材【アンコモンC】レベル1	0x40001BD0	0xB0001BD0	2	100	0	52901100	52901100
101120370	黒い宝箱【レベル2_トゥメル】4F　候補8	01	4	7120	儀式素材【アンコモンC】レベル1	0x40001BD0	0xB0001BD0	2	100	0	52901100	52901100
101120380	黒い宝箱【レベル2_トゥメル】4F　候補9	01	4	7120	儀式素材【アンコモンC】レベル1	0x40001BD0	0xB0001BD0	2	100	0	52901100	52901100
101120390	黒い宝箱【レベル2_トゥメル】4F　候補10	01	4	1501	SAN値回復＋2	0x400005DD	0xB00005DD	1	100	0	52901100	52901100
101121000	黒い宝箱【レベル2_僻墓】1F　候補1	01	4	7001	儀式素材【コモンA】レベル2	0x40001B59	0xB0001B59	2	100	0	52901100	52901100
101121010	黒い宝箱【レベル2_僻墓】1F　候補2	01	4	7001	儀式素材【コモンA】レベル2	0x40001B59	0xB0001B59	2	100	0	52901100	52901100
101121020	黒い宝箱【レベル2_僻墓】1F　候補3	01	4	7001	儀式素材【コモンA】レベル2	0x40001B59	0xB0001B59	2	100	0	52901100	52901100
101121030	黒い宝箱【レベル2_僻墓】1F　候補4	01	4	7001	儀式素材【コモンA】レベル2	0x40001B59	0xB0001B59	2	100	0	52901100	52901100
101121040	黒い宝箱【レベル2_僻墓】1F　候補5	01	4	7001	儀式素材【コモンA】レベル2	0x40001B59	0xB0001B59	2	100	0	52901100	52901100
101121050	黒い宝箱【レベル2_僻墓】1F　候補6	01	4	7001	儀式素材【コモンA】レベル2	0x40001B59	0xB0001B59	2	100	0	52901100	52901100
101121060	黒い宝箱【レベル2_僻墓】1F　候補7	01	4	1000	HP回復【PG直接指定】	0x400003E8	0xB00003E8	2	100	0	52901100	52901100
101121070	黒い宝箱【レベル2_僻墓】1F　候補8	01	4	1000	HP回復【PG直接指定】	0x400003E8	0xB00003E8	2	100	0	52901100	52901100
101121080	黒い宝箱【レベル2_僻墓】1F　候補9	01	4	1000	HP回復【PG直接指定】	0x400003E8	0xB00003E8	2	100	0	52901100	52901100
101121090	黒い宝箱【レベル2_僻墓】1F　候補10	01	4	900	弾丸【PG直接指定】	0x40000384	0xB0000384	2	100	0	52901100	52901100
101121100	黒い宝箱【レベル2_僻墓】2F　候補1	01	4	7120	儀式素材【アンコモンC】レベル1	0x40001BD0	0xB0001BD0	3	100	0	52901100	52901100
101121110	黒い宝箱【レベル2_僻墓】2F　候補2	01	4	7120	儀式素材【アンコモンC】レベル1	0x40001BD0	0xB0001BD0	2	100	0	52901100	52901100
101121120	黒い宝箱【レベル2_僻墓】2F　候補3	01	4	7120	儀式素材【アンコモンC】レベル1	0x40001BD0	0xB0001BD0	2	100	0	52901100	52901100
101121130	黒い宝箱【レベル2_僻墓】2F　候補4	01	4	7120	儀式素材【アンコモンC】レベル1	0x40001BD0	0xB0001BD0	2	100	0	52901100	52901100
101121140	黒い宝箱【レベル2_僻墓】2F　候補5	01	4	7120	儀式素材【アンコモンC】レベル1	0x40001BD0	0xB0001BD0	1	100	0	52901100	52901100
101121150	黒い宝箱【レベル2_僻墓】2F　候補6	01	4	7120	儀式素材【アンコモンC】レベル1	0x40001BD0	0xB0001BD0	1	100	0	52901100	52901100
101121160	黒い宝箱【レベル2_僻墓】2F　候補7	01	4	7120	儀式素材【アンコモンC】レベル1	0x40001BD0	0xB0001BD0	1	100	0	52901100	52901100
101121170	黒い宝箱【レベル2_僻墓】2F　候補8	01	4	7120	儀式素材【アンコモンC】レベル1	0x40001BD0	0xB0001BD0	1	100	0	52901100	52901100
101121180	黒い宝箱【レベル2_僻墓】2F　候補9	01	4	7120	儀式素材【アンコモンC】レベル1	0x40001BD0	0xB0001BD0	1	100	0	52901100	52901100
101121190	黒い宝箱【レベル2_僻墓】2F　候補10	01	4	1500	SAN値回復＋1	0x400005DC	0xB00005DC	1	100	0	52901100	52901100
101121200	黒い宝箱【レベル2_僻墓】3F　候補1	01	4	7120	儀式素材【アンコモンC】レベル1	0x40001BD0	0xB0001BD0	4	100	0	52901100	52901100
101121210	黒い宝箱【レベル2_僻墓】3F　候補2	01	4	7120	儀式素材【アンコモンC】レベル1	0x40001BD0	0xB0001BD0	2	100	0	52901100	52901100
101121220	黒い宝箱【レベル2_僻墓】3F　候補3	01	4	7120	儀式素材【アンコモンC】レベル1	0x40001BD0	0xB0001BD0	2	100	0	52901100	52901100
101121230	黒い宝箱【レベル2_僻墓】3F　候補4	01	4	7120	儀式素材【アンコモンC】レベル1	0x40001BD0	0xB0001BD0	2	100	0	52901100	52901100
101121240	黒い宝箱【レベル2_僻墓】3F　候補5	01	4	7120	儀式素材【アンコモンC】レベル1	0x40001BD0	0xB0001BD0	1	100	0	52901100	52901100
101121250	黒い宝箱【レベル2_僻墓】3F　候補6	01	4	7120	儀式素材【アンコモンC】レベル1	0x40001BD0	0xB0001BD0	1	100	0	52901100	52901100
101121260	黒い宝箱【レベル2_僻墓】3F　候補7	01	4	7120	儀式素材【アンコモンC】レベル1	0x40001BD0	0xB0001BD0	1	100	0	52901100	52901100
101121270	黒い宝箱【レベル2_僻墓】3F　候補8	01	4	7120	儀式素材【アンコモンC】レベル1	0x40001BD0	0xB0001BD0	1	100	0	52901100	52901100
101121280	黒い宝箱【レベル2_僻墓】3F　候補9	01	4	7120	儀式素材【アンコモンC】レベル1	0x40001BD0	0xB0001BD0	1	100	0	52901100	52901100
101121290	黒い宝箱【レベル2_僻墓】3F　候補10	01	4	1501	SAN値回復＋2	0x400005DD	0xB00005DD	1	100	0	52901100	52901100
101121300	黒い宝箱【レベル2_僻墓】4F　候補1	01	4	7120	儀式素材【アンコモンC】レベル1	0x40001BD0	0xB0001BD0	5	100	0	52901100	52901100
101121310	黒い宝箱【レベル2_僻墓】4F　候補2	01	4	7120	儀式素材【アンコモンC】レベル1	0x40001BD0	0xB0001BD0	3	100	0	52901100	52901100
101121320	黒い宝箱【レベル2_僻墓】4F　候補3	01	4	7120	儀式素材【アンコモンC】レベル1	0x40001BD0	0xB0001BD0	3	100	0	52901100	52901100
101121330	黒い宝箱【レベル2_僻墓】4F　候補4	01	4	7120	儀式素材【アンコモンC】レベル1	0x40001BD0	0xB0001BD0	3	100	0	52901100	52901100
101121340	黒い宝箱【レベル2_僻墓】4F　候補5	01	4	7120	儀式素材【アンコモンC】レベル1	0x40001BD0	0xB0001BD0	2	100	0	52901100	52901100
101121350	黒い宝箱【レベル2_僻墓】4F　候補6	01	4	7120	儀式素材【アンコモンC】レベル1	0x40001BD0	0xB0001BD0	2	100	0	52901100	52901100
101121360	黒い宝箱【レベル2_僻墓】4F　候補7	01	4	7120	儀式素材【アンコモンC】レベル1	0x40001BD0	0xB0001BD0	2	100	0	52901100	52901100
101121370	黒い宝箱【レベル2_僻墓】4F　候補8	01	4	7120	儀式素材【アンコモンC】レベル1	0x40001BD0	0xB0001BD0	2	100	0	52901100	52901100
101121380	黒い宝箱【レベル2_僻墓】4F　候補9	01	4	7120	儀式素材【アンコモンC】レベル1	0x40001BD0	0xB0001BD0	2	100	0	52901100	52901100
101121390	黒い宝箱【レベル2_僻墓】4F　候補10	01	4	1501	SAN値回復＋2	0x400005DD	0xB00005DD	1	100	0	52901100	52901100
101130000	黒い宝箱【レベル3_トゥメル】1F　候補1	01	4	7002	儀式素材【コモンA】レベル3	0x40001B5A	0xB0001B5A	2	100	0	52901100	52901100
101130010	黒い宝箱【レベル3_トゥメル】1F　候補2	01	4	7002	儀式素材【コモンA】レベル3	0x40001B5A	0xB0001B5A	2	100	0	52901100	52901100
101130020	黒い宝箱【レベル3_トゥメル】1F　候補3	01	4	7002	儀式素材【コモンA】レベル3	0x40001B5A	0xB0001B5A	2	100	0	52901100	52901100
101130030	黒い宝箱【レベル3_トゥメル】1F　候補4	01	4	7002	儀式素材【コモンA】レベル3	0x40001B5A	0xB0001B5A	2	100	0	52901100	52901100
101130040	黒い宝箱【レベル3_トゥメル】1F　候補5	01	4	7002	儀式素材【コモンA】レベル3	0x40001B5A	0xB0001B5A	2	100	0	52901100	52901100
101130050	黒い宝箱【レベル3_トゥメル】1F　候補6	01	4	7002	儀式素材【コモンA】レベル3	0x40001B5A	0xB0001B5A	2	100	0	52901100	52901100
101130060	黒い宝箱【レベル3_トゥメル】1F　候補7	01	4	1000	HP回復【PG直接指定】	0x400003E8	0xB00003E8	2	100	0	52901100	52901100
101130070	黒い宝箱【レベル3_トゥメル】1F　候補8	01	4	1000	HP回復【PG直接指定】	0x400003E8	0xB00003E8	2	100	0	52901100	52901100
101130080	黒い宝箱【レベル3_トゥメル】1F　候補9	01	4	900	弾丸【PG直接指定】	0x40000384	0xB0000384	2	100	0	52901100	52901100
101130090	黒い宝箱【レベル3_トゥメル】1F　候補10	01	4	900	弾丸【PG直接指定】	0x40000384	0xB0000384	2	100	0	52901100	52901100
101130100	黒い宝箱【レベル3_トゥメル】2F　候補1	01	4	7130	儀式素材【アンコモンD】レベル1	0x40001BDA	0xB0001BDA	3	100	0	52901100	52901100
101130110	黒い宝箱【レベル3_トゥメル】2F　候補2	01	4	7130	儀式素材【アンコモンD】レベル1	0x40001BDA	0xB0001BDA	2	100	0	52901100	52901100
101130120	黒い宝箱【レベル3_トゥメル】2F　候補3	01	4	7130	儀式素材【アンコモンD】レベル1	0x40001BDA	0xB0001BDA	2	100	0	52901100	52901100
101130130	黒い宝箱【レベル3_トゥメル】2F　候補4	01	4	7130	儀式素材【アンコモンD】レベル1	0x40001BDA	0xB0001BDA	2	100	0	52901100	52901100
101130140	黒い宝箱【レベル3_トゥメル】2F　候補5	01	4	7130	儀式素材【アンコモンD】レベル1	0x40001BDA	0xB0001BDA	1	100	0	52901100	52901100
101130150	黒い宝箱【レベル3_トゥメル】2F　候補6	01	4	7130	儀式素材【アンコモンD】レベル1	0x40001BDA	0xB0001BDA	1	100	0	52901100	52901100
101130160	黒い宝箱【レベル3_トゥメル】2F　候補7	01	4	7130	儀式素材【アンコモンD】レベル1	0x40001BDA	0xB0001BDA	1	100	0	52901100	52901100
101130170	黒い宝箱【レベル3_トゥメル】2F　候補8	01	4	7130	儀式素材【アンコモンD】レベル1	0x40001BDA	0xB0001BDA	1	100	0	52901100	52901100
101130180	黒い宝箱【レベル3_トゥメル】2F　候補9	01	4	7130	儀式素材【アンコモンD】レベル1	0x40001BDA	0xB0001BDA	1	100	0	52901100	52901100
101130190	黒い宝箱【レベル3_トゥメル】2F　候補10	01	4	1500	SAN値回復＋1	0x400005DC	0xB00005DC	1	100	0	52901100	52901100
101130200	黒い宝箱【レベル3_トゥメル】3F　候補1	01	4	7130	儀式素材【アンコモンD】レベル1	0x40001BDA	0xB0001BDA	4	100	0	52901100	52901100
101130210	黒い宝箱【レベル3_トゥメル】3F　候補2	01	4	7130	儀式素材【アンコモンD】レベル1	0x40001BDA	0xB0001BDA	2	100	0	52901100	52901100
101130220	黒い宝箱【レベル3_トゥメル】3F　候補3	01	4	7130	儀式素材【アンコモンD】レベル1	0x40001BDA	0xB0001BDA	2	100	0	52901100	52901100
101130230	黒い宝箱【レベル3_トゥメル】3F　候補4	01	4	7130	儀式素材【アンコモンD】レベル1	0x40001BDA	0xB0001BDA	2	100	0	52901100	52901100
101130240	黒い宝箱【レベル3_トゥメル】3F　候補5	01	4	7130	儀式素材【アンコモンD】レベル1	0x40001BDA	0xB0001BDA	1	100	0	52901100	52901100
101130250	黒い宝箱【レベル3_トゥメル】3F　候補6	01	4	7130	儀式素材【アンコモンD】レベル1	0x40001BDA	0xB0001BDA	1	100	0	52901100	52901100
101130260	黒い宝箱【レベル3_トゥメル】3F　候補7	01	4	7130	儀式素材【アンコモンD】レベル1	0x40001BDA	0xB0001BDA	1	100	0	52901100	52901100
101130270	黒い宝箱【レベル3_トゥメル】3F　候補8	01	4	7130	儀式素材【アンコモンD】レベル1	0x40001BDA	0xB0001BDA	1	100	0	52901100	52901100
101130280	黒い宝箱【レベル3_トゥメル】3F　候補9	01	4	7130	儀式素材【アンコモンD】レベル1	0x40001BDA	0xB0001BDA	1	100	0	52901100	52901100
101130290	黒い宝箱【レベル3_トゥメル】3F　候補10	01	4	1501	SAN値回復＋2	0x400005DD	0xB00005DD	1	100	0	52901100	52901100
101130300	黒い宝箱【レベル3_トゥメル】4F　候補1	01	4	7130	儀式素材【アンコモンD】レベル1	0x40001BDA	0xB0001BDA	5	100	0	52901100	52901100
101130310	黒い宝箱【レベル3_トゥメル】4F　候補2	01	4	7130	儀式素材【アンコモンD】レベル1	0x40001BDA	0xB0001BDA	3	100	0	52901100	52901100
101130320	黒い宝箱【レベル3_トゥメル】4F　候補3	01	4	7130	儀式素材【アンコモンD】レベル1	0x40001BDA	0xB0001BDA	3	100	0	52901100	52901100
101130330	黒い宝箱【レベル3_トゥメル】4F　候補4	01	4	7130	儀式素材【アンコモンD】レベル1	0x40001BDA	0xB0001BDA	3	100	0	52901100	52901100
101130340	黒い宝箱【レベル3_トゥメル】4F　候補5	01	4	7130	儀式素材【アンコモンD】レベル1	0x40001BDA	0xB0001BDA	2	100	0	52901100	52901100
101130350	黒い宝箱【レベル3_トゥメル】4F　候補6	01	4	7130	儀式素材【アンコモンD】レベル1	0x40001BDA	0xB0001BDA	2	100	0	52901100	52901100
101130360	黒い宝箱【レベル3_トゥメル】4F　候補7	01	4	7130	儀式素材【アンコモンD】レベル1	0x40001BDA	0xB0001BDA	2	100	0	52901100	52901100
101130370	黒い宝箱【レベル3_トゥメル】4F　候補8	01	4	7130	儀式素材【アンコモンD】レベル1	0x40001BDA	0xB0001BDA	2	100	0	52901100	52901100
101130380	黒い宝箱【レベル3_トゥメル】4F　候補9	01	4	7130	儀式素材【アンコモンD】レベル1	0x40001BDA	0xB0001BDA	2	100	0	52901100	52901100
101130390	黒い宝箱【レベル3_トゥメル】4F　候補10	01	4	1501	SAN値回復＋2	0x400005DD	0xB00005DD	1	100	0	52901100	52901100
101131000	黒い宝箱【レベル3_僻墓】1F　候補1	01	4	7002	儀式素材【コモンA】レベル3	0x40001B5A	0xB0001B5A	2	100	0	52901100	52901100
101131010	黒い宝箱【レベル3_僻墓】1F　候補2	01	4	7002	儀式素材【コモンA】レベル3	0x40001B5A	0xB0001B5A	2	100	0	52901100	52901100
101131020	黒い宝箱【レベル3_僻墓】1F　候補3	01	4	7002	儀式素材【コモンA】レベル3	0x40001B5A	0xB0001B5A	2	100	0	52901100	52901100
101131030	黒い宝箱【レベル3_僻墓】1F　候補4	01	4	7002	儀式素材【コモンA】レベル3	0x40001B5A	0xB0001B5A	2	100	0	52901100	52901100
101131040	黒い宝箱【レベル3_僻墓】1F　候補5	01	4	7002	儀式素材【コモンA】レベル3	0x40001B5A	0xB0001B5A	2	100	0	52901100	52901100
101131050	黒い宝箱【レベル3_僻墓】1F　候補6	01	4	7002	儀式素材【コモンA】レベル3	0x40001B5A	0xB0001B5A	2	100	0	52901100	52901100
101131060	黒い宝箱【レベル3_僻墓】1F　候補7	01	4	1000	HP回復【PG直接指定】	0x400003E8	0xB00003E8	2	100	0	52901100	52901100
101131070	黒い宝箱【レベル3_僻墓】1F　候補8	01	4	1000	HP回復【PG直接指定】	0x400003E8	0xB00003E8	2	100	0	52901100	52901100
101131080	黒い宝箱【レベル3_僻墓】1F　候補9	01	4	1000	HP回復【PG直接指定】	0x400003E8	0xB00003E8	2	100	0	52901100	52901100
101131090	黒い宝箱【レベル3_僻墓】1F　候補10	01	4	900	弾丸【PG直接指定】	0x40000384	0xB0000384	2	100	0	52901100	52901100
101131100	黒い宝箱【レベル3_僻墓】2F　候補1	01	4	7120	儀式素材【アンコモンC】レベル1	0x40001BD0	0xB0001BD0	5	100	0	52901100	52901100
101131110	黒い宝箱【レベル3_僻墓】2F　候補2	01	4	7120	儀式素材【アンコモンC】レベル1	0x40001BD0	0xB0001BD0	3	100	0	52901100	52901100
101131120	黒い宝箱【レベル3_僻墓】2F　候補3	01	4	7120	儀式素材【アンコモンC】レベル1	0x40001BD0	0xB0001BD0	3	100	0	52901100	52901100
101131130	黒い宝箱【レベル3_僻墓】2F　候補4	01	4	7120	儀式素材【アンコモンC】レベル1	0x40001BD0	0xB0001BD0	3	100	0	52901100	52901100
101131140	黒い宝箱【レベル3_僻墓】2F　候補5	01	4	7120	儀式素材【アンコモンC】レベル1	0x40001BD0	0xB0001BD0	2	100	0	52901100	52901100
101131150	黒い宝箱【レベル3_僻墓】2F　候補6	01	4	7120	儀式素材【アンコモンC】レベル1	0x40001BD0	0xB0001BD0	2	100	0	52901100	52901100
101131160	黒い宝箱【レベル3_僻墓】2F　候補7	01	4	7120	儀式素材【アンコモンC】レベル1	0x40001BD0	0xB0001BD0	2	100	0	52901100	52901100
101131170	黒い宝箱【レベル3_僻墓】2F　候補8	01	4	7120	儀式素材【アンコモンC】レベル1	0x40001BD0	0xB0001BD0	2	100	0	52901100	52901100
101131180	黒い宝箱【レベル3_僻墓】2F　候補9	01	4	7120	儀式素材【アンコモンC】レベル1	0x40001BD0	0xB0001BD0	2	100	0	52901100	52901100
101131190	黒い宝箱【レベル3_僻墓】2F　候補10	01	4	1500	SAN値回復＋1	0x400005DC	0xB00005DC	1	100	0	52901100	52901100
101131200	黒い宝箱【レベル3_僻墓】3F　候補1	01	4	7120	儀式素材【アンコモンC】レベル1	0x40001BD0	0xB0001BD0	8	100	0	52901100	52901100
101131210	黒い宝箱【レベル3_僻墓】3F　候補2	01	4	7120	儀式素材【アンコモンC】レベル1	0x40001BD0	0xB0001BD0	4	100	0	52901100	52901100
101131220	黒い宝箱【レベル3_僻墓】3F　候補3	01	4	7120	儀式素材【アンコモンC】レベル1	0x40001BD0	0xB0001BD0	4	100	0	52901100	52901100
101131230	黒い宝箱【レベル3_僻墓】3F　候補4	01	4	7120	儀式素材【アンコモンC】レベル1	0x40001BD0	0xB0001BD0	4	100	0	52901100	52901100
101131240	黒い宝箱【レベル3_僻墓】3F　候補5	01	4	7120	儀式素材【アンコモンC】レベル1	0x40001BD0	0xB0001BD0	4	100	0	52901100	52901100
101131250	黒い宝箱【レベル3_僻墓】3F　候補6	01	4	7120	儀式素材【アンコモンC】レベル1	0x40001BD0	0xB0001BD0	4	100	0	52901100	52901100
101131260	黒い宝箱【レベル3_僻墓】3F　候補7	01	4	7120	儀式素材【アンコモンC】レベル1	0x40001BD0	0xB0001BD0	4	100	0	52901100	52901100
101131270	黒い宝箱【レベル3_僻墓】3F　候補8	01	4	7120	儀式素材【アンコモンC】レベル1	0x40001BD0	0xB0001BD0	4	100	0	52901100	52901100
101131280	黒い宝箱【レベル3_僻墓】3F　候補9	01	4	7120	儀式素材【アンコモンC】レベル1	0x40001BD0	0xB0001BD0	4	100	0	52901100	52901100
101131290	黒い宝箱【レベル3_僻墓】3F　候補10	01	4	1501	SAN値回復＋2	0x400005DD	0xB00005DD	1	100	0	52901100	52901100
101131300	黒い宝箱【レベル3_僻墓】4F　候補1	01	4	7120	儀式素材【アンコモンC】レベル1	0x40001BD0	0xB0001BD0	10	100	0	52901100	52901100
101131310	黒い宝箱【レベル3_僻墓】4F　候補2	01	4	7120	儀式素材【アンコモンC】レベル1	0x40001BD0	0xB0001BD0	8	100	0	52901100	52901100
101131320	黒い宝箱【レベル3_僻墓】4F　候補3	01	4	7120	儀式素材【アンコモンC】レベル1	0x40001BD0	0xB0001BD0	8	100	0	52901100	52901100
101131330	黒い宝箱【レベル3_僻墓】4F　候補4	01	4	7120	儀式素材【アンコモンC】レベル1	0x40001BD0	0xB0001BD0	8	100	0	52901100	52901100
101131340	黒い宝箱【レベル3_僻墓】4F　候補5	01	4	7120	儀式素材【アンコモンC】レベル1	0x40001BD0	0xB0001BD0	6	100	0	52901100	52901100
101131350	黒い宝箱【レベル3_僻墓】4F　候補6	01	4	7120	儀式素材【アンコモンC】レベル1	0x40001BD0	0xB0001BD0	6	100	0	52901100	52901100
101131360	黒い宝箱【レベル3_僻墓】4F　候補7	01	4	7120	儀式素材【アンコモンC】レベル1	0x40001BD0	0xB0001BD0	6	100	0	52901100	52901100
101131370	黒い宝箱【レベル3_僻墓】4F　候補8	01	4	7120	儀式素材【アンコモンC】レベル1	0x40001BD0	0xB0001BD0	6	100	0	52901100	52901100
101131380	黒い宝箱【レベル3_僻墓】4F　候補9	01	4	7120	儀式素材【アンコモンC】レベル1	0x40001BD0	0xB0001BD0	6	100	0	52901100	52901100
101131390	黒い宝箱【レベル3_僻墓】4F　候補10	01	4	1501	SAN値回復＋2	0x400005DD	0xB00005DD	1	100	0	52901100	52901100
101140000	黒い宝箱【レベル4_トゥメル】1F　候補1	01	4	7003	儀式素材【コモンA】レベル4	0x40001B5B	0xB0001B5B	2	100	0	52901100	52901100
101140010	黒い宝箱【レベル4_トゥメル】1F　候補2	01	4	7003	儀式素材【コモンA】レベル4	0x40001B5B	0xB0001B5B	2	100	0	52901100	52901100
101140020	黒い宝箱【レベル4_トゥメル】1F　候補3	01	4	7003	儀式素材【コモンA】レベル4	0x40001B5B	0xB0001B5B	2	100	0	52901100	52901100
101140030	黒い宝箱【レベル4_トゥメル】1F　候補4	01	4	7003	儀式素材【コモンA】レベル4	0x40001B5B	0xB0001B5B	2	100	0	52901100	52901100
101140040	黒い宝箱【レベル4_トゥメル】1F　候補5	01	4	7003	儀式素材【コモンA】レベル4	0x40001B5B	0xB0001B5B	2	100	0	52901100	52901100
101140050	黒い宝箱【レベル4_トゥメル】1F　候補6	01	4	7003	儀式素材【コモンA】レベル4	0x40001B5B	0xB0001B5B	2	100	0	52901100	52901100
101140060	黒い宝箱【レベル4_トゥメル】1F　候補7	01	4	1000	HP回復【PG直接指定】	0x400003E8	0xB00003E8	2	100	0	52901100	52901100
101140070	黒い宝箱【レベル4_トゥメル】1F　候補8	01	4	1000	HP回復【PG直接指定】	0x400003E8	0xB00003E8	2	100	0	52901100	52901100
101140080	黒い宝箱【レベル4_トゥメル】1F　候補9	01	4	900	弾丸【PG直接指定】	0x40000384	0xB0000384	2	100	0	52901100	52901100
101140090	黒い宝箱【レベル4_トゥメル】1F　候補10	01	4	900	弾丸【PG直接指定】	0x40000384	0xB0000384	2	100	0	52901100	52901100
101140100	黒い宝箱【レベル4_トゥメル】2F　候補1	01	4	7130	儀式素材【アンコモンD】レベル1	0x40001BDA	0xB0001BDA	5	100	0	52901100	52901100
101140110	黒い宝箱【レベル4_トゥメル】2F　候補2	01	4	7130	儀式素材【アンコモンD】レベル1	0x40001BDA	0xB0001BDA	3	100	0	52901100	52901100
101140120	黒い宝箱【レベル4_トゥメル】2F　候補3	01	4	7130	儀式素材【アンコモンD】レベル1	0x40001BDA	0xB0001BDA	3	100	0	52901100	52901100
101140130	黒い宝箱【レベル4_トゥメル】2F　候補4	01	4	7130	儀式素材【アンコモンD】レベル1	0x40001BDA	0xB0001BDA	3	100	0	52901100	52901100
101140140	黒い宝箱【レベル4_トゥメル】2F　候補5	01	4	7130	儀式素材【アンコモンD】レベル1	0x40001BDA	0xB0001BDA	2	100	0	52901100	52901100
101140150	黒い宝箱【レベル4_トゥメル】2F　候補6	01	4	7130	儀式素材【アンコモンD】レベル1	0x40001BDA	0xB0001BDA	2	100	0	52901100	52901100
101140160	黒い宝箱【レベル4_トゥメル】2F　候補7	01	4	7121	儀式素材【アンコモンC】レベル2	0x40001BD1	0xB0001BD1	3	100	0	52901100	52901100
101140170	黒い宝箱【レベル4_トゥメル】2F　候補8	01	4	7121	儀式素材【アンコモンC】レベル2	0x40001BD1	0xB0001BD1	2	100	0	52901100	52901100
101140180	黒い宝箱【レベル4_トゥメル】2F　候補9	01	4	7121	儀式素材【アンコモンC】レベル2	0x40001BD1	0xB0001BD1	2	100	0	52901100	52901100
101140190	黒い宝箱【レベル4_トゥメル】2F　候補10	01	4	1500	SAN値回復＋1	0x400005DC	0xB00005DC	1	100	0	52901100	52901100
101140200	黒い宝箱【レベル4_トゥメル】3F　候補1	01	4	7130	儀式素材【アンコモンD】レベル1	0x40001BDA	0xB0001BDA	8	100	0	52901100	52901100
101140210	黒い宝箱【レベル4_トゥメル】3F　候補2	01	4	7130	儀式素材【アンコモンD】レベル1	0x40001BDA	0xB0001BDA	4	100	0	52901100	52901100
101140220	黒い宝箱【レベル4_トゥメル】3F　候補3	01	4	7130	儀式素材【アンコモンD】レベル1	0x40001BDA	0xB0001BDA	4	100	0	52901100	52901100
101140230	黒い宝箱【レベル4_トゥメル】3F　候補4	01	4	7130	儀式素材【アンコモンD】レベル1	0x40001BDA	0xB0001BDA	4	100	0	52901100	52901100
101140240	黒い宝箱【レベル4_トゥメル】3F　候補5	01	4	7130	儀式素材【アンコモンD】レベル1	0x40001BDA	0xB0001BDA	4	100	0	52901100	52901100
101140250	黒い宝箱【レベル4_トゥメル】3F　候補6	01	4	7130	儀式素材【アンコモンD】レベル1	0x40001BDA	0xB0001BDA	4	100	0	52901100	52901100
101140260	黒い宝箱【レベル4_トゥメル】3F　候補7	01	4	7121	儀式素材【アンコモンC】レベル2	0x40001BD1	0xB0001BD1	4	100	0	52901100	52901100
101140270	黒い宝箱【レベル4_トゥメル】3F　候補8	01	4	7121	儀式素材【アンコモンC】レベル2	0x40001BD1	0xB0001BD1	2	100	0	52901100	52901100
101140280	黒い宝箱【レベル4_トゥメル】3F　候補9	01	4	7121	儀式素材【アンコモンC】レベル2	0x40001BD1	0xB0001BD1	2	100	0	52901100	52901100
101140290	黒い宝箱【レベル4_トゥメル】3F　候補10	01	4	1501	SAN値回復＋2	0x400005DD	0xB00005DD	1	100	0	52901100	52901100
101140300	黒い宝箱【レベル4_トゥメル】4F　候補1	01	4	7130	儀式素材【アンコモンD】レベル1	0x40001BDA	0xB0001BDA	10	100	0	52901100	52901100
101140310	黒い宝箱【レベル4_トゥメル】4F　候補2	01	4	7130	儀式素材【アンコモンD】レベル1	0x40001BDA	0xB0001BDA	8	100	0	52901100	52901100
101140320	黒い宝箱【レベル4_トゥメル】4F　候補3	01	4	7130	儀式素材【アンコモンD】レベル1	0x40001BDA	0xB0001BDA	8	100	0	52901100	52901100
101140330	黒い宝箱【レベル4_トゥメル】4F　候補4	01	4	7130	儀式素材【アンコモンD】レベル1	0x40001BDA	0xB0001BDA	8	100	0	52901100	52901100
101140340	黒い宝箱【レベル4_トゥメル】4F　候補5	01	4	7130	儀式素材【アンコモンD】レベル1	0x40001BDA	0xB0001BDA	6	100	0	52901100	52901100
101140350	黒い宝箱【レベル4_トゥメル】4F　候補6	01	4	7130	儀式素材【アンコモンD】レベル1	0x40001BDA	0xB0001BDA	6	100	0	52901100	52901100
101140360	黒い宝箱【レベル4_トゥメル】4F　候補7	01	4	7121	儀式素材【アンコモンC】レベル2	0x40001BD1	0xB0001BD1	5	100	0	52901100	52901100
101140370	黒い宝箱【レベル4_トゥメル】4F　候補8	01	4	7121	儀式素材【アンコモンC】レベル2	0x40001BD1	0xB0001BD1	3	100	0	52901100	52901100
101140380	黒い宝箱【レベル4_トゥメル】4F　候補9	01	4	7121	儀式素材【アンコモンC】レベル2	0x40001BD1	0xB0001BD1	3	100	0	52901100	52901100
101140390	黒い宝箱【レベル4_トゥメル】4F　候補10	01	4	1501	SAN値回復＋2	0x400005DD	0xB00005DD	1	100	0	52901100	52901100
101142000	黒い宝箱【レベル4_ローラン】1F　候補1	01	4	7003	儀式素材【コモンA】レベル4	0x40001B5B	0xB0001B5B	2	100	0	52901100	52901100
101142010	黒い宝箱【レベル4_ローラン】1F　候補2	01	4	7003	儀式素材【コモンA】レベル4	0x40001B5B	0xB0001B5B	2	100	0	52901100	52901100
101142020	黒い宝箱【レベル4_ローラン】1F　候補3	01	4	7003	儀式素材【コモンA】レベル4	0x40001B5B	0xB0001B5B	2	100	0	52901100	52901100
101142030	黒い宝箱【レベル4_ローラン】1F　候補4	01	4	7003	儀式素材【コモンA】レベル4	0x40001B5B	0xB0001B5B	2	100	0	52901100	52901100
101142040	黒い宝箱【レベル4_ローラン】1F　候補5	01	4	7003	儀式素材【コモンA】レベル4	0x40001B5B	0xB0001B5B	2	100	0	52901100	52901100
101142050	黒い宝箱【レベル4_ローラン】1F　候補6	01	4	7003	儀式素材【コモンA】レベル4	0x40001B5B	0xB0001B5B	2	100	0	52901100	52901100
101142060	黒い宝箱【レベル4_ローラン】1F　候補7	01	4	1000	HP回復【PG直接指定】	0x400003E8	0xB00003E8	2	100	0	52901100	52901100
101142070	黒い宝箱【レベル4_ローラン】1F　候補8	01	4	900	弾丸【PG直接指定】	0x40000384	0xB0000384	2	100	0	52901100	52901100
101142080	黒い宝箱【レベル4_ローラン】1F　候補9	01	4	900	弾丸【PG直接指定】	0x40000384	0xB0000384	2	100	0	52901100	52901100
101142090	黒い宝箱【レベル4_ローラン】1F　候補10	01	4	900	弾丸【PG直接指定】	0x40000384	0xB0000384	2	100	0	52901100	52901100
101142100	黒い宝箱【レベル4_ローラン】2F　候補1	01	4	7140	儀式素材【アンコモンE】レベル1	0x40001BE4	0xB0001BE4	3	100	0	52901100	52901100
101142110	黒い宝箱【レベル4_ローラン】2F　候補2	01	4	7140	儀式素材【アンコモンE】レベル1	0x40001BE4	0xB0001BE4	2	100	0	52901100	52901100
101142120	黒い宝箱【レベル4_ローラン】2F　候補3	01	4	7140	儀式素材【アンコモンE】レベル1	0x40001BE4	0xB0001BE4	2	100	0	52901100	52901100
101142130	黒い宝箱【レベル4_ローラン】2F　候補4	01	4	7140	儀式素材【アンコモンE】レベル1	0x40001BE4	0xB0001BE4	2	100	0	52901100	52901100
101142140	黒い宝箱【レベル4_ローラン】2F　候補5	01	4	7140	儀式素材【アンコモンE】レベル1	0x40001BE4	0xB0001BE4	1	100	0	52901100	52901100
101142150	黒い宝箱【レベル4_ローラン】2F　候補6	01	4	7140	儀式素材【アンコモンE】レベル1	0x40001BE4	0xB0001BE4	1	100	0	52901100	52901100
101142160	黒い宝箱【レベル4_ローラン】2F　候補7	01	4	7121	儀式素材【アンコモンC】レベル2	0x40001BD1	0xB0001BD1	3	100	0	52901100	52901100
101142170	黒い宝箱【レベル4_ローラン】2F　候補8	01	4	7121	儀式素材【アンコモンC】レベル2	0x40001BD1	0xB0001BD1	2	100	0	52901100	52901100
101142180	黒い宝箱【レベル4_ローラン】2F　候補9	01	4	7121	儀式素材【アンコモンC】レベル2	0x40001BD1	0xB0001BD1	2	100	0	52901100	52901100
101142190	黒い宝箱【レベル4_ローラン】2F　候補10	01	4	1500	SAN値回復＋1	0x400005DC	0xB00005DC	1	100	0	52901100	52901100
101142200	黒い宝箱【レベル4_ローラン】3F　候補1	01	4	7140	儀式素材【アンコモンE】レベル1	0x40001BE4	0xB0001BE4	4	100	0	52901100	52901100
101142210	黒い宝箱【レベル4_ローラン】3F　候補2	01	4	7140	儀式素材【アンコモンE】レベル1	0x40001BE4	0xB0001BE4	2	100	0	52901100	52901100
101142220	黒い宝箱【レベル4_ローラン】3F　候補3	01	4	7140	儀式素材【アンコモンE】レベル1	0x40001BE4	0xB0001BE4	2	100	0	52901100	52901100
101142230	黒い宝箱【レベル4_ローラン】3F　候補4	01	4	7140	儀式素材【アンコモンE】レベル1	0x40001BE4	0xB0001BE4	2	100	0	52901100	52901100
101142240	黒い宝箱【レベル4_ローラン】3F　候補5	01	4	7140	儀式素材【アンコモンE】レベル1	0x40001BE4	0xB0001BE4	1	100	0	52901100	52901100
101142250	黒い宝箱【レベル4_ローラン】3F　候補6	01	4	7140	儀式素材【アンコモンE】レベル1	0x40001BE4	0xB0001BE4	1	100	0	52901100	52901100
101142260	黒い宝箱【レベル4_ローラン】3F　候補7	01	4	7121	儀式素材【アンコモンC】レベル2	0x40001BD1	0xB0001BD1	4	100	0	52901100	52901100
101142270	黒い宝箱【レベル4_ローラン】3F　候補8	01	4	7121	儀式素材【アンコモンC】レベル2	0x40001BD1	0xB0001BD1	2	100	0	52901100	52901100
101142280	黒い宝箱【レベル4_ローラン】3F　候補9	01	4	7121	儀式素材【アンコモンC】レベル2	0x40001BD1	0xB0001BD1	2	100	0	52901100	52901100
101142290	黒い宝箱【レベル4_ローラン】3F　候補10	01	4	1501	SAN値回復＋2	0x400005DD	0xB00005DD	1	100	0	52901100	52901100
101142300	黒い宝箱【レベル4_ローラン】4F　候補1	01	4	7140	儀式素材【アンコモンE】レベル1	0x40001BE4	0xB0001BE4	5	100	0	52901100	52901100
101142310	黒い宝箱【レベル4_ローラン】4F　候補2	01	4	7140	儀式素材【アンコモンE】レベル1	0x40001BE4	0xB0001BE4	3	100	0	52901100	52901100
101142320	黒い宝箱【レベル4_ローラン】4F　候補3	01	4	7140	儀式素材【アンコモンE】レベル1	0x40001BE4	0xB0001BE4	3	100	0	52901100	52901100
101142330	黒い宝箱【レベル4_ローラン】4F　候補4	01	4	7140	儀式素材【アンコモンE】レベル1	0x40001BE4	0xB0001BE4	3	100	0	52901100	52901100
101142340	黒い宝箱【レベル4_ローラン】4F　候補5	01	4	7140	儀式素材【アンコモンE】レベル1	0x40001BE4	0xB0001BE4	2	100	0	52901100	52901100
101142350	黒い宝箱【レベル4_ローラン】4F　候補6	01	4	7140	儀式素材【アンコモンE】レベル1	0x40001BE4	0xB0001BE4	2	100	0	52901100	52901100
101142360	黒い宝箱【レベル4_ローラン】4F　候補7	01	4	7121	儀式素材【アンコモンC】レベル2	0x40001BD1	0xB0001BD1	5	100	0	52901100	52901100
101142370	黒い宝箱【レベル4_ローラン】4F　候補8	01	4	7121	儀式素材【アンコモンC】レベル2	0x40001BD1	0xB0001BD1	3	100	0	52901100	52901100
101142380	黒い宝箱【レベル4_ローラン】4F　候補9	01	4	7121	儀式素材【アンコモンC】レベル2	0x40001BD1	0xB0001BD1	3	100	0	52901100	52901100
101142390	黒い宝箱【レベル4_ローラン】4F　候補10	01	4	1501	SAN値回復＋2	0x400005DD	0xB00005DD	1	100	0	52901100	52901100
101150000	黒い宝箱【レベル5_トゥメル】1F　候補1	01	4	7004	儀式素材【コモンA】レベル5	0x40001B5C	0xB0001B5C	2	100	0	52901100	52901100
101150010	黒い宝箱【レベル5_トゥメル】1F　候補2	01	4	7004	儀式素材【コモンA】レベル5	0x40001B5C	0xB0001B5C	2	100	0	52901100	52901100
101150020	黒い宝箱【レベル5_トゥメル】1F　候補3	01	4	7004	儀式素材【コモンA】レベル5	0x40001B5C	0xB0001B5C	2	100	0	52901100	52901100
101150030	黒い宝箱【レベル5_トゥメル】1F　候補4	01	4	7004	儀式素材【コモンA】レベル5	0x40001B5C	0xB0001B5C	2	100	0	52901100	52901100
101150040	黒い宝箱【レベル5_トゥメル】1F　候補5	01	4	7004	儀式素材【コモンA】レベル5	0x40001B5C	0xB0001B5C	2	100	0	52901100	52901100
101150050	黒い宝箱【レベル5_トゥメル】1F　候補6	01	4	7004	儀式素材【コモンA】レベル5	0x40001B5C	0xB0001B5C	2	100	0	52901100	52901100
101150060	黒い宝箱【レベル5_トゥメル】1F　候補7	01	4	1000	HP回復【PG直接指定】	0x400003E8	0xB00003E8	2	100	0	52901100	52901100
101150070	黒い宝箱【レベル5_トゥメル】1F　候補8	01	4	1000	HP回復【PG直接指定】	0x400003E8	0xB00003E8	2	100	0	52901100	52901100
101150080	黒い宝箱【レベル5_トゥメル】1F　候補9	01	4	900	弾丸【PG直接指定】	0x40000384	0xB0000384	2	100	0	52901100	52901100
101150090	黒い宝箱【レベル5_トゥメル】1F　候補10	01	4	900	弾丸【PG直接指定】	0x40000384	0xB0000384	2	100	0	52901100	52901100
101150100	黒い宝箱【レベル5_トゥメル】2F　候補1	01	4	7131	儀式素材【アンコモンD】レベル2	0x40001BDB	0xB0001BDB	3	100	0	52901100	52901100
101150110	黒い宝箱【レベル5_トゥメル】2F　候補2	01	4	7131	儀式素材【アンコモンD】レベル2	0x40001BDB	0xB0001BDB	2	100	0	52901100	52901100
101150120	黒い宝箱【レベル5_トゥメル】2F　候補3	01	4	7131	儀式素材【アンコモンD】レベル2	0x40001BDB	0xB0001BDB	2	100	0	52901100	52901100
101150130	黒い宝箱【レベル5_トゥメル】2F　候補4	01	4	7131	儀式素材【アンコモンD】レベル2	0x40001BDB	0xB0001BDB	2	100	0	52901100	52901100
101150140	黒い宝箱【レベル5_トゥメル】2F　候補5	01	4	7110	儀式素材【アンコモンB】レベル1	0x40001BC6	0xB0001BC6	2	100	0	52901100	52901100
101150150	黒い宝箱【レベル5_トゥメル】2F　候補6	01	4	7110	儀式素材【アンコモンB】レベル1	0x40001BC6	0xB0001BC6	1	100	0	52901100	52901100
101150160	黒い宝箱【レベル5_トゥメル】2F　候補7	01	4	7121	儀式素材【アンコモンC】レベル2	0x40001BD1	0xB0001BD1	5	100	0	52901100	52901100
101150170	黒い宝箱【レベル5_トゥメル】2F　候補8	01	4	7121	儀式素材【アンコモンC】レベル2	0x40001BD1	0xB0001BD1	3	100	0	52901100	52901100
101150180	黒い宝箱【レベル5_トゥメル】2F　候補9	01	4	7121	儀式素材【アンコモンC】レベル2	0x40001BD1	0xB0001BD1	3	100	0	52901100	52901100
101150190	黒い宝箱【レベル5_トゥメル】2F　候補10	01	4	1500	SAN値回復＋1	0x400005DC	0xB00005DC	1	100	0	52901100	52901100
101150200	黒い宝箱【レベル5_トゥメル】3F　候補1	01	4	7131	儀式素材【アンコモンD】レベル2	0x40001BDB	0xB0001BDB	4	100	0	52901100	52901100
101150210	黒い宝箱【レベル5_トゥメル】3F　候補2	01	4	7131	儀式素材【アンコモンD】レベル2	0x40001BDB	0xB0001BDB	2	100	0	52901100	52901100
101150220	黒い宝箱【レベル5_トゥメル】3F　候補3	01	4	7131	儀式素材【アンコモンD】レベル2	0x40001BDB	0xB0001BDB	2	100	0	52901100	52901100
101150230	黒い宝箱【レベル5_トゥメル】3F　候補4	01	4	7131	儀式素材【アンコモンD】レベル2	0x40001BDB	0xB0001BDB	2	100	0	52901100	52901100
101150240	黒い宝箱【レベル5_トゥメル】3F　候補5	01	4	7110	儀式素材【アンコモンB】レベル1	0x40001BC6	0xB0001BC6	2	100	0	52901100	52901100
101150250	黒い宝箱【レベル5_トゥメル】3F　候補6	01	4	7110	儀式素材【アンコモンB】レベル1	0x40001BC6	0xB0001BC6	1	100	0	52901100	52901100
101150260	黒い宝箱【レベル5_トゥメル】3F　候補7	01	4	7121	儀式素材【アンコモンC】レベル2	0x40001BD1	0xB0001BD1	8	100	0	52901100	52901100
101150270	黒い宝箱【レベル5_トゥメル】3F　候補8	01	4	7121	儀式素材【アンコモンC】レベル2	0x40001BD1	0xB0001BD1	4	100	0	52901100	52901100
101150280	黒い宝箱【レベル5_トゥメル】3F　候補9	01	4	7121	儀式素材【アンコモンC】レベル2	0x40001BD1	0xB0001BD1	4	100	0	52901100	52901100
101150290	黒い宝箱【レベル5_トゥメル】3F　候補10	01	4	1501	SAN値回復＋2	0x400005DD	0xB00005DD	1	100	0	52901100	52901100
101150300	黒い宝箱【レベル5_トゥメル】4F　候補1	01	4	7131	儀式素材【アンコモンD】レベル2	0x40001BDB	0xB0001BDB	5	100	0	52901100	52901100
101150310	黒い宝箱【レベル5_トゥメル】4F　候補2	01	4	7131	儀式素材【アンコモンD】レベル2	0x40001BDB	0xB0001BDB	3	100	0	52901100	52901100
101150320	黒い宝箱【レベル5_トゥメル】4F　候補3	01	4	7131	儀式素材【アンコモンD】レベル2	0x40001BDB	0xB0001BDB	3	100	0	52901100	52901100
101150330	黒い宝箱【レベル5_トゥメル】4F　候補4	01	4	7131	儀式素材【アンコモンD】レベル2	0x40001BDB	0xB0001BDB	3	100	0	52901100	52901100
101150340	黒い宝箱【レベル5_トゥメル】4F　候補5	01	4	7110	儀式素材【アンコモンB】レベル1	0x40001BC6	0xB0001BC6	3	100	0	52901100	52901100
101150350	黒い宝箱【レベル5_トゥメル】4F　候補6	01	4	7110	儀式素材【アンコモンB】レベル1	0x40001BC6	0xB0001BC6	2	100	0	52901100	52901100
101150360	黒い宝箱【レベル5_トゥメル】4F　候補7	01	4	7121	儀式素材【アンコモンC】レベル2	0x40001BD1	0xB0001BD1	10	100	0	52901100	52901100
101150370	黒い宝箱【レベル5_トゥメル】4F　候補8	01	4	7121	儀式素材【アンコモンC】レベル2	0x40001BD1	0xB0001BD1	8	100	0	52901100	52901100
101150380	黒い宝箱【レベル5_トゥメル】4F　候補9	01	4	7121	儀式素材【アンコモンC】レベル2	0x40001BD1	0xB0001BD1	8	100	0	52901100	52901100
101150390	黒い宝箱【レベル5_トゥメル】4F　候補10	01	4	1501	SAN値回復＋2	0x400005DD	0xB00005DD	1	100	0	52901100	52901100
101152000	黒い宝箱【レベル5_ローラン】1F　候補1	01	4	7004	儀式素材【コモンA】レベル5	0x40001B5C	0xB0001B5C	2	100	0	52901100	52901100
101152010	黒い宝箱【レベル5_ローラン】1F　候補2	01	4	7004	儀式素材【コモンA】レベル5	0x40001B5C	0xB0001B5C	2	100	0	52901100	52901100
101152020	黒い宝箱【レベル5_ローラン】1F　候補3	01	4	7004	儀式素材【コモンA】レベル5	0x40001B5C	0xB0001B5C	2	100	0	52901100	52901100
101152030	黒い宝箱【レベル5_ローラン】1F　候補4	01	4	7004	儀式素材【コモンA】レベル5	0x40001B5C	0xB0001B5C	2	100	0	52901100	52901100
101152040	黒い宝箱【レベル5_ローラン】1F　候補5	01	4	7004	儀式素材【コモンA】レベル5	0x40001B5C	0xB0001B5C	2	100	0	52901100	52901100
101152050	黒い宝箱【レベル5_ローラン】1F　候補6	01	4	7004	儀式素材【コモンA】レベル5	0x40001B5C	0xB0001B5C	2	100	0	52901100	52901100
101152060	黒い宝箱【レベル5_ローラン】1F　候補7	01	4	1000	HP回復【PG直接指定】	0x400003E8	0xB00003E8	2	100	0	52901100	52901100
101152070	黒い宝箱【レベル5_ローラン】1F　候補8	01	4	900	弾丸【PG直接指定】	0x40000384	0xB0000384	2	100	0	52901100	52901100
101152080	黒い宝箱【レベル5_ローラン】1F　候補9	01	4	900	弾丸【PG直接指定】	0x40000384	0xB0000384	2	100	0	52901100	52901100
101152090	黒い宝箱【レベル5_ローラン】1F　候補10	01	4	900	弾丸【PG直接指定】	0x40000384	0xB0000384	2	100	0	52901100	52901100
101152100	黒い宝箱【レベル5_ローラン】2F　候補1	01	4	7140	儀式素材【アンコモンE】レベル1	0x40001BE4	0xB0001BE4	3	100	0	52901100	52901100
101152110	黒い宝箱【レベル5_ローラン】2F　候補2	01	4	7140	儀式素材【アンコモンE】レベル1	0x40001BE4	0xB0001BE4	2	100	0	52901100	52901100
101152120	黒い宝箱【レベル5_ローラン】2F　候補3	01	4	7140	儀式素材【アンコモンE】レベル1	0x40001BE4	0xB0001BE4	2	100	0	52901100	52901100
101152130	黒い宝箱【レベル5_ローラン】2F　候補4	01	4	7140	儀式素材【アンコモンE】レベル1	0x40001BE4	0xB0001BE4	2	100	0	52901100	52901100
101152140	黒い宝箱【レベル5_ローラン】2F　候補5	01	4	7110	儀式素材【アンコモンB】レベル1	0x40001BC6	0xB0001BC6	2	100	0	52901100	52901100
101152150	黒い宝箱【レベル5_ローラン】2F　候補6	01	4	7110	儀式素材【アンコモンB】レベル1	0x40001BC6	0xB0001BC6	1	100	0	52901100	52901100
101152160	黒い宝箱【レベル5_ローラン】2F　候補7	01	4	7121	儀式素材【アンコモンC】レベル2	0x40001BD1	0xB0001BD1	5	100	0	52901100	52901100
101152170	黒い宝箱【レベル5_ローラン】2F　候補8	01	4	7121	儀式素材【アンコモンC】レベル2	0x40001BD1	0xB0001BD1	3	100	0	52901100	52901100
101152180	黒い宝箱【レベル5_ローラン】2F　候補9	01	4	7121	儀式素材【アンコモンC】レベル2	0x40001BD1	0xB0001BD1	3	100	0	52901100	52901100
101152190	黒い宝箱【レベル5_ローラン】2F　候補10	01	4	1500	SAN値回復＋1	0x400005DC	0xB00005DC	1	100	0	52901100	52901100
101152200	黒い宝箱【レベル5_ローラン】3F　候補1	01	4	7140	儀式素材【アンコモンE】レベル1	0x40001BE4	0xB0001BE4	4	100	0	52901100	52901100
101152210	黒い宝箱【レベル5_ローラン】3F　候補2	01	4	7140	儀式素材【アンコモンE】レベル1	0x40001BE4	0xB0001BE4	2	100	0	52901100	52901100
101152220	黒い宝箱【レベル5_ローラン】3F　候補3	01	4	7140	儀式素材【アンコモンE】レベル1	0x40001BE4	0xB0001BE4	2	100	0	52901100	52901100
101152230	黒い宝箱【レベル5_ローラン】3F　候補4	01	4	7140	儀式素材【アンコモンE】レベル1	0x40001BE4	0xB0001BE4	2	100	0	52901100	52901100
101152240	黒い宝箱【レベル5_ローラン】3F　候補5	01	4	7110	儀式素材【アンコモンB】レベル1	0x40001BC6	0xB0001BC6	2	100	0	52901100	52901100
101152250	黒い宝箱【レベル5_ローラン】3F　候補6	01	4	7110	儀式素材【アンコモンB】レベル1	0x40001BC6	0xB0001BC6	1	100	0	52901100	52901100
101152260	黒い宝箱【レベル5_ローラン】3F　候補7	01	4	7121	儀式素材【アンコモンC】レベル2	0x40001BD1	0xB0001BD1	8	100	0	52901100	52901100
101152270	黒い宝箱【レベル5_ローラン】3F　候補8	01	4	7121	儀式素材【アンコモンC】レベル2	0x40001BD1	0xB0001BD1	4	100	0	52901100	52901100
101152280	黒い宝箱【レベル5_ローラン】3F　候補9	01	4	7121	儀式素材【アンコモンC】レベル2	0x40001BD1	0xB0001BD1	4	100	0	52901100	52901100
101152290	黒い宝箱【レベル5_ローラン】3F　候補10	01	4	1501	SAN値回復＋2	0x400005DD	0xB00005DD	1	100	0	52901100	52901100
101152300	黒い宝箱【レベル5_ローラン】4F　候補1	01	4	7140	儀式素材【アンコモンE】レベル1	0x40001BE4	0xB0001BE4	5	100	0	52901100	52901100
101152310	黒い宝箱【レベル5_ローラン】4F　候補2	01	4	7140	儀式素材【アンコモンE】レベル1	0x40001BE4	0xB0001BE4	3	100	0	52901100	52901100
101152320	黒い宝箱【レベル5_ローラン】4F　候補3	01	4	7140	儀式素材【アンコモンE】レベル1	0x40001BE4	0xB0001BE4	3	100	0	52901100	52901100
101152330	黒い宝箱【レベル5_ローラン】4F　候補4	01	4	7140	儀式素材【アンコモンE】レベル1	0x40001BE4	0xB0001BE4	3	100	0	52901100	52901100
101152340	黒い宝箱【レベル5_ローラン】4F　候補5	01	4	7110	儀式素材【アンコモンB】レベル1	0x40001BC6	0xB0001BC6	3	100	0	52901100	52901100
101152350	黒い宝箱【レベル5_ローラン】4F　候補6	01	4	7110	儀式素材【アンコモンB】レベル1	0x40001BC6	0xB0001BC6	2	100	0	52901100	52901100
101152360	黒い宝箱【レベル5_ローラン】4F　候補7	01	4	7121	儀式素材【アンコモンC】レベル2	0x40001BD1	0xB0001BD1	10	100	0	52901100	52901100
101152370	黒い宝箱【レベル5_ローラン】4F　候補8	01	4	7121	儀式素材【アンコモンC】レベル2	0x40001BD1	0xB0001BD1	8	100	0	52901100	52901100
101152380	黒い宝箱【レベル5_ローラン】4F　候補9	01	4	7121	儀式素材【アンコモンC】レベル2	0x40001BD1	0xB0001BD1	8	100	0	52901100	52901100
101152390	黒い宝箱【レベル5_ローラン】4F　候補10	01	4	1501	SAN値回復＋2	0x400005DD	0xB00005DD	1	100	0	52901100	52901100
101153000	黒い宝箱【レベル5_イズ】1F　候補1	01	4	7002	儀式素材【コモンA】レベル3	0x40001B5A	0xB0001B5A	2	100	0	52901100	52901100
101153010	黒い宝箱【レベル5_イズ】1F　候補2	01	4	7002	儀式素材【コモンA】レベル3	0x40001B5A	0xB0001B5A	2	100	0	52901100	52901100
101153020	黒い宝箱【レベル5_イズ】1F　候補3	01	4	7002	儀式素材【コモンA】レベル3	0x40001B5A	0xB0001B5A	2	100	0	52901100	52901100
101153030	黒い宝箱【レベル5_イズ】1F　候補4	01	4	7002	儀式素材【コモンA】レベル3	0x40001B5A	0xB0001B5A	2	100	0	52901100	52901100
101153040	黒い宝箱【レベル5_イズ】1F　候補5	01	4	7002	儀式素材【コモンA】レベル3	0x40001B5A	0xB0001B5A	2	100	0	52901100	52901100
101153050	黒い宝箱【レベル5_イズ】1F　候補6	01	4	7002	儀式素材【コモンA】レベル3	0x40001B5A	0xB0001B5A	2	100	0	52901100	52901100
101153060	黒い宝箱【レベル5_イズ】1F　候補7	01	4	1000	HP回復【PG直接指定】	0x400003E8	0xB00003E8	2	100	0	52901100	52901100
101153070	黒い宝箱【レベル5_イズ】1F　候補8	01	4	1000	HP回復【PG直接指定】	0x400003E8	0xB00003E8	2	100	0	52901100	52901100
101153080	黒い宝箱【レベル5_イズ】1F　候補9	01	4	1000	HP回復【PG直接指定】	0x400003E8	0xB00003E8	2	100	0	52901100	52901100
101153090	黒い宝箱【レベル5_イズ】1F　候補10	01	4	900	弾丸【PG直接指定】	0x40000384	0xB0000384	2	100	0	52901100	52901100
101153100	黒い宝箱【レベル5_イズ】2F　候補1	01	4	7121	儀式素材【アンコモンC】レベル2	0x40001BD1	0xB0001BD1	5	100	0	52901100	52901100
101153110	黒い宝箱【レベル5_イズ】2F　候補2	01	4	7121	儀式素材【アンコモンC】レベル2	0x40001BD1	0xB0001BD1	3	100	0	52901100	52901100
101153120	黒い宝箱【レベル5_イズ】2F　候補3	01	4	7121	儀式素材【アンコモンC】レベル2	0x40001BD1	0xB0001BD1	3	100	0	52901100	52901100
101153130	黒い宝箱【レベル5_イズ】2F　候補4	01	4	7131	儀式素材【アンコモンD】レベル2	0x40001BDB	0xB0001BDB	2	100	0	52901100	52901100
101153140	黒い宝箱【レベル5_イズ】2F　候補5	01	4	7131	儀式素材【アンコモンD】レベル2	0x40001BDB	0xB0001BDB	1	100	0	52901100	52901100
101153150	黒い宝箱【レベル5_イズ】2F　候補6	01	4	7140	儀式素材【アンコモンE】レベル1	0x40001BE4	0xB0001BE4	2	100	0	52901100	52901100
101153160	黒い宝箱【レベル5_イズ】2F　候補7	01	4	7140	儀式素材【アンコモンE】レベル1	0x40001BE4	0xB0001BE4	1	100	0	52901100	52901100
101153170	黒い宝箱【レベル5_イズ】2F　候補8	01	4	7110	儀式素材【アンコモンB】レベル1	0x40001BC6	0xB0001BC6	2	100	0	52901100	52901100
101153180	黒い宝箱【レベル5_イズ】2F　候補9	01	4	7110	儀式素材【アンコモンB】レベル1	0x40001BC6	0xB0001BC6	1	100	0	52901100	52901100
101153190	黒い宝箱【レベル5_イズ】2F　候補10	01	4	1500	SAN値回復＋1	0x400005DC	0xB00005DC	1	100	0	52901100	52901100
101153200	黒い宝箱【レベル5_イズ】3F　候補1	01	4	7121	儀式素材【アンコモンC】レベル2	0x40001BD1	0xB0001BD1	8	100	0	52901100	52901100
101153210	黒い宝箱【レベル5_イズ】3F　候補2	01	4	7121	儀式素材【アンコモンC】レベル2	0x40001BD1	0xB0001BD1	4	100	0	52901100	52901100
101153220	黒い宝箱【レベル5_イズ】3F　候補3	01	4	7121	儀式素材【アンコモンC】レベル2	0x40001BD1	0xB0001BD1	4	100	0	52901100	52901100
101153230	黒い宝箱【レベル5_イズ】3F　候補4	01	4	7131	儀式素材【アンコモンD】レベル2	0x40001BDB	0xB0001BDB	2	100	0	52901100	52901100
101153240	黒い宝箱【レベル5_イズ】3F　候補5	01	4	7131	儀式素材【アンコモンD】レベル2	0x40001BDB	0xB0001BDB	1	100	0	52901100	52901100
101153250	黒い宝箱【レベル5_イズ】3F　候補6	01	4	7140	儀式素材【アンコモンE】レベル1	0x40001BE4	0xB0001BE4	2	100	0	52901100	52901100
101153260	黒い宝箱【レベル5_イズ】3F　候補7	01	4	7140	儀式素材【アンコモンE】レベル1	0x40001BE4	0xB0001BE4	1	100	0	52901100	52901100
101153270	黒い宝箱【レベル5_イズ】3F　候補8	01	4	7110	儀式素材【アンコモンB】レベル1	0x40001BC6	0xB0001BC6	2	100	0	52901100	52901100
101153280	黒い宝箱【レベル5_イズ】3F　候補9	01	4	7110	儀式素材【アンコモンB】レベル1	0x40001BC6	0xB0001BC6	1	100	0	52901100	52901100
101153290	黒い宝箱【レベル5_イズ】3F　候補10	01	4	1501	SAN値回復＋2	0x400005DD	0xB00005DD	1	100	0	52901100	52901100
101153300	黒い宝箱【レベル5_イズ】4F　候補1	01	4	7121	儀式素材【アンコモンC】レベル2	0x40001BD1	0xB0001BD1	10	100	0	52901100	52901100
101153310	黒い宝箱【レベル5_イズ】4F　候補2	01	4	7121	儀式素材【アンコモンC】レベル2	0x40001BD1	0xB0001BD1	8	100	0	52901100	52901100
101153320	黒い宝箱【レベル5_イズ】4F　候補3	01	4	7121	儀式素材【アンコモンC】レベル2	0x40001BD1	0xB0001BD1	8	100	0	52901100	52901100
101153330	黒い宝箱【レベル5_イズ】4F　候補4	01	4	7131	儀式素材【アンコモンD】レベル2	0x40001BDB	0xB0001BDB	3	100	0	52901100	52901100
101153340	黒い宝箱【レベル5_イズ】4F　候補5	01	4	7131	儀式素材【アンコモンD】レベル2	0x40001BDB	0xB0001BDB	2	100	0	52901100	52901100
101153350	黒い宝箱【レベル5_イズ】4F　候補6	01	4	7140	儀式素材【アンコモンE】レベル1	0x40001BE4	0xB0001BE4	3	100	0	52901100	52901100
101153360	黒い宝箱【レベル5_イズ】4F　候補7	01	4	7140	儀式素材【アンコモンE】レベル1	0x40001BE4	0xB0001BE4	2	100	0	52901100	52901100
101153370	黒い宝箱【レベル5_イズ】4F　候補8	01	4	7110	儀式素材【アンコモンB】レベル1	0x40001BC6	0xB0001BC6	3	100	0	52901100	52901100
101153380	黒い宝箱【レベル5_イズ】4F　候補9	01	4	7110	儀式素材【アンコモンB】レベル1	0x40001BC6	0xB0001BC6	2	100	0	52901100	52901100
101153390	黒い宝箱【レベル5_イズ】4F　候補10	01	4	1501	SAN値回復＋2	0x400005DD	0xB00005DD	1	100	0	52901100	52901100
101210000	宝箱（大）【レベル1_トゥメル】1F　候補1	01	4	7000	儀式素材【コモンA】レベル1	0x40001B58	0xB0001B58	2	100	0	52901200	52901200
101210010	宝箱（大）【レベル1_トゥメル】1F　候補2	01	4	7000	儀式素材【コモンA】レベル1	0x40001B58	0xB0001B58	2	100	0	52901200	52901200
101210020	宝箱（大）【レベル1_トゥメル】1F　候補3	01	4	7000	儀式素材【コモンA】レベル1	0x40001B58	0xB0001B58	2	100	0	52901200	52901200
101210030	宝箱（大）【レベル1_トゥメル】1F　候補4	01	4	7000	儀式素材【コモンA】レベル1	0x40001B58	0xB0001B58	2	100	0	52901200	52901200
101210040	宝箱（大）【レベル1_トゥメル】1F　候補5	01	4	7000	儀式素材【コモンA】レベル1	0x40001B58	0xB0001B58	2	100	0	52901200	52901200
101210050	宝箱（大）【レベル1_トゥメル】1F　候補6	01	4	7000	儀式素材【コモンA】レベル1	0x40001B58	0xB0001B58	2	100	0	52901200	52901200
101210060	宝箱（大）【レベル1_トゥメル】1F　候補7	01	4	7000	儀式素材【コモンA】レベル1	0x40001B58	0xB0001B58	1	100	0	52901200	52901200
101210070	宝箱（大）【レベル1_トゥメル】1F　候補8	01	4	7000	儀式素材【コモンA】レベル1	0x40001B58	0xB0001B58	1	100	0	52901200	52901200
101210080	宝箱（大）【レベル1_トゥメル】1F　候補9	01	8	80110				1	100	0	52901200	52901200
101210090	宝箱（大）【レベル1_トゥメル】1F　候補10	01	8	80110				1	100	0	52901200	52901200
101210100	宝箱（大）【レベル1_トゥメル】2F　候補1	01	4	7001	儀式素材【コモンA】レベル2	0x40001B59	0xB0001B59	2	100	0	52901200	52901200
101210110	宝箱（大）【レベル1_トゥメル】2F　候補2	01	4	7001	儀式素材【コモンA】レベル2	0x40001B59	0xB0001B59	2	100	0	52901200	52901200
101210120	宝箱（大）【レベル1_トゥメル】2F　候補3	01	4	7001	儀式素材【コモンA】レベル2	0x40001B59	0xB0001B59	2	100	0	52901200	52901200
101210130	宝箱（大）【レベル1_トゥメル】2F　候補4	01	4	7001	儀式素材【コモンA】レベル2	0x40001B59	0xB0001B59	1	100	0	52901200	52901200
101210140	宝箱（大）【レベル1_トゥメル】2F　候補5	01	4	7020	儀式素材【コモンC】レベル1	0x40001B6C	0xB0001B6C	4	100	0	52901200	52901200
101210150	宝箱（大）【レベル1_トゥメル】2F　候補6	01	4	7020	儀式素材【コモンC】レベル1	0x40001B6C	0xB0001B6C	4	100	0	52901200	52901200
101210160	宝箱（大）【レベル1_トゥメル】2F　候補7	01	4	7020	儀式素材【コモンC】レベル1	0x40001B6C	0xB0001B6C	3	100	0	52901200	52901200
101210170	宝箱（大）【レベル1_トゥメル】2F　候補8	01	4	7020	儀式素材【コモンC】レベル1	0x40001B6C	0xB0001B6C	3	100	0	52901200	52901200
101210180	宝箱（大）【レベル1_トゥメル】2F　候補9	01	8	80120				1	100	0	52901200	52901200
101210190	宝箱（大）【レベル1_トゥメル】2F　候補10	01	8	80120				1	100	0	52901200	52901200
101210200	宝箱（大）【レベル1_トゥメル】3F　候補1	01	4	7001	儀式素材【コモンA】レベル2	0x40001B59	0xB0001B59	4	100	0	52901200	52901200
101210210	宝箱（大）【レベル1_トゥメル】3F　候補2	01	4	7001	儀式素材【コモンA】レベル2	0x40001B59	0xB0001B59	4	100	0	52901200	52901200
101210220	宝箱（大）【レベル1_トゥメル】3F　候補3	01	4	7001	儀式素材【コモンA】レベル2	0x40001B59	0xB0001B59	4	100	0	52901200	52901200
101210230	宝箱（大）【レベル1_トゥメル】3F　候補4	01	4	7001	儀式素材【コモンA】レベル2	0x40001B59	0xB0001B59	3	100	0	52901200	52901200
101210240	宝箱（大）【レベル1_トゥメル】3F　候補5	01	4	7020	儀式素材【コモンC】レベル1	0x40001B6C	0xB0001B6C	6	100	0	52901200	52901200
101210250	宝箱（大）【レベル1_トゥメル】3F　候補6	01	4	7020	儀式素材【コモンC】レベル1	0x40001B6C	0xB0001B6C	6	100	0	52901200	52901200
101210260	宝箱（大）【レベル1_トゥメル】3F　候補7	01	4	7020	儀式素材【コモンC】レベル1	0x40001B6C	0xB0001B6C	5	100	0	52901200	52901200
101210270	宝箱（大）【レベル1_トゥメル】3F　候補8	01	4	7020	儀式素材【コモンC】レベル1	0x40001B6C	0xB0001B6C	5	100	0	52901200	52901200
101210280	宝箱（大）【レベル1_トゥメル】3F　候補9	01	8	80120				1	100	0	52901200	52901200
101210290	宝箱（大）【レベル1_トゥメル】3F　候補10	01	8	80120				1	100	0	52901200	52901200
101210300	宝箱（大）【レベル1_トゥメル】4F　候補1	01	4	7001	儀式素材【コモンA】レベル2	0x40001B59	0xB0001B59	6	100	0	52901200	52901200
101210310	宝箱（大）【レベル1_トゥメル】4F　候補2	01	4	7001	儀式素材【コモンA】レベル2	0x40001B59	0xB0001B59	6	100	0	52901200	52901200
101210320	宝箱（大）【レベル1_トゥメル】4F　候補3	01	4	7001	儀式素材【コモンA】レベル2	0x40001B59	0xB0001B59	6	100	0	52901200	52901200
101210330	宝箱（大）【レベル1_トゥメル】4F　候補4	01	4	7001	儀式素材【コモンA】レベル2	0x40001B59	0xB0001B59	5	100	0	52901200	52901200
101210340	宝箱（大）【レベル1_トゥメル】4F　候補5	01	4	7020	儀式素材【コモンC】レベル1	0x40001B6C	0xB0001B6C	8	100	0	52901200	52901200
101210350	宝箱（大）【レベル1_トゥメル】4F　候補6	01	4	7020	儀式素材【コモンC】レベル1	0x40001B6C	0xB0001B6C	8	100	0	52901200	52901200
101210360	宝箱（大）【レベル1_トゥメル】4F　候補7	01	4	7020	儀式素材【コモンC】レベル1	0x40001B6C	0xB0001B6C	7	100	0	52901200	52901200
101210370	宝箱（大）【レベル1_トゥメル】4F　候補8	01	4	7020	儀式素材【コモンC】レベル1	0x40001B6C	0xB0001B6C	7	100	0	52901200	52901200
101210380	宝箱（大）【レベル1_トゥメル】4F　候補9	01	8	80140				1	100	0	52901200	52901200
101210390	宝箱（大）【レベル1_トゥメル】4F　候補10	01	8	80141				1	100	0	52901200	52901200
101220000	宝箱（大）【レベル2_トゥメル】1F　候補1	01	4	7001	儀式素材【コモンA】レベル2	0x40001B59	0xB0001B59	2	100	0	52901200	52901200
101220010	宝箱（大）【レベル2_トゥメル】1F　候補2	01	4	7001	儀式素材【コモンA】レベル2	0x40001B59	0xB0001B59	2	100	0	52901200	52901200
101220020	宝箱（大）【レベル2_トゥメル】1F　候補3	01	4	7001	儀式素材【コモンA】レベル2	0x40001B59	0xB0001B59	2	100	0	52901200	52901200
101220030	宝箱（大）【レベル2_トゥメル】1F　候補4	01	4	7001	儀式素材【コモンA】レベル2	0x40001B59	0xB0001B59	2	100	0	52901200	52901200
101220040	宝箱（大）【レベル2_トゥメル】1F　候補5	01	4	7001	儀式素材【コモンA】レベル2	0x40001B59	0xB0001B59	2	100	0	52901200	52901200
101220050	宝箱（大）【レベル2_トゥメル】1F　候補6	01	4	7001	儀式素材【コモンA】レベル2	0x40001B59	0xB0001B59	2	100	0	52901200	52901200
101220060	宝箱（大）【レベル2_トゥメル】1F　候補7	01	4	7001	儀式素材【コモンA】レベル2	0x40001B59	0xB0001B59	1	100	0	52901200	52901200
101220070	宝箱（大）【レベル2_トゥメル】1F　候補8	01	4	7001	儀式素材【コモンA】レベル2	0x40001B59	0xB0001B59	1	100	0	52901200	52901200
101220080	宝箱（大）【レベル2_トゥメル】1F　候補9	01	8	80110				1	100	0	52901200	52901200
101220090	宝箱（大）【レベル2_トゥメル】1F　候補10	01	8	80110				1	100	0	52901200	52901200
101220100	宝箱（大）【レベル2_トゥメル】2F　候補1	01	4	7002	儀式素材【コモンA】レベル3	0x40001B5A	0xB0001B5A	2	100	0	52901200	52901200
101220110	宝箱（大）【レベル2_トゥメル】2F　候補2	01	4	7002	儀式素材【コモンA】レベル3	0x40001B5A	0xB0001B5A	2	100	0	52901200	52901200
101220120	宝箱（大）【レベル2_トゥメル】2F　候補3	01	4	7002	儀式素材【コモンA】レベル3	0x40001B5A	0xB0001B5A	2	100	0	52901200	52901200
101220130	宝箱（大）【レベル2_トゥメル】2F　候補4	01	4	7002	儀式素材【コモンA】レベル3	0x40001B5A	0xB0001B5A	3	100	0	52901200	52901200
101220140	宝箱（大）【レベル2_トゥメル】2F　候補5	01	4	7002	儀式素材【コモンA】レベル3	0x40001B5A	0xB0001B5A	1	100	0	52901200	52901200
101220150	宝箱（大）【レベル2_トゥメル】2F　候補6	01	4	7021	儀式素材【コモンC】レベル2	0x40001B6D	0xB0001B6D	4	100	0	52901200	52901200
101220160	宝箱（大）【レベル2_トゥメル】2F　候補7	01	4	7021	儀式素材【コモンC】レベル2	0x40001B6D	0xB0001B6D	3	100	0	52901200	52901200
101220170	宝箱（大）【レベル2_トゥメル】2F　候補8	01	4	7120	儀式素材【アンコモンC】レベル1	0x40001BD0	0xB0001BD0	1	100	0	52901200	52901200
101220180	宝箱（大）【レベル2_トゥメル】2F　候補9	01	8	80120				1	100	0	52901200	52901200
101220190	宝箱（大）【レベル2_トゥメル】2F　候補10	01	8	80120				1	100	0	52901200	52901200
101220200	宝箱（大）【レベル2_トゥメル】3F　候補1	01	4	7002	儀式素材【コモンA】レベル3	0x40001B5A	0xB0001B5A	4	100	0	52901200	52901200
101220202	宝箱（大）【レベル2_トゥメル】3F　候補1	01	4	7120	儀式素材【アンコモンC】レベル1	0x40001BD0	0xB0001BD0	1	100	0	52901200	52901200
101220210	宝箱（大）【レベル2_トゥメル】3F　候補2	01	4	7002	儀式素材【コモンA】レベル3	0x40001B5A	0xB0001B5A	4	100	0	52901200	52901200
101220220	宝箱（大）【レベル2_トゥメル】3F　候補3	01	4	7002	儀式素材【コモンA】レベル3	0x40001B5A	0xB0001B5A	4	100	0	52901200	52901200
101220230	宝箱（大）【レベル2_トゥメル】3F　候補4	01	4	7002	儀式素材【コモンA】レベル3	0x40001B5A	0xB0001B5A	3	100	0	52901200	52901200
101220240	宝箱（大）【レベル2_トゥメル】3F　候補5	01	4	7002	儀式素材【コモンA】レベル3	0x40001B5A	0xB0001B5A	3	100	0	52901200	52901200
101220250	宝箱（大）【レベル2_トゥメル】3F　候補6	01	4	7120	儀式素材【アンコモンC】レベル1	0x40001BD0	0xB0001BD0	2	100	0	52901200	52901200
101220260	宝箱（大）【レベル2_トゥメル】3F　候補7	01	4	7021	儀式素材【コモンC】レベル2	0x40001B6D	0xB0001B6D	5	100	0	52901200	52901200
101220270	宝箱（大）【レベル2_トゥメル】3F　候補8	01	4	7120	儀式素材【アンコモンC】レベル1	0x40001BD0	0xB0001BD0	3	100	0	52901200	52901200
101220280	宝箱（大）【レベル2_トゥメル】3F　候補9	01	8	80120				1	100	0	52901200	52901200
101220290	宝箱（大）【レベル2_トゥメル】3F　候補10	01	8	80120				1	100	0	52901200	52901200
101220300	宝箱（大）【レベル2_トゥメル】4F　候補1	01	4	7002	儀式素材【コモンA】レベル3	0x40001B5A	0xB0001B5A	6	100	0	52901200	52901200
101220310	宝箱（大）【レベル2_トゥメル】4F　候補2	01	4	7002	儀式素材【コモンA】レベル3	0x40001B5A	0xB0001B5A	6	100	0	52901200	52901200
101220320	宝箱（大）【レベル2_トゥメル】4F　候補3	01	4	7002	儀式素材【コモンA】レベル3	0x40001B5A	0xB0001B5A	6	100	0	52901200	52901200
101220330	宝箱（大）【レベル2_トゥメル】4F　候補4	01	4	7002	儀式素材【コモンA】レベル3	0x40001B5A	0xB0001B5A	5	100	0	52901200	52901200
101220340	宝箱（大）【レベル2_トゥメル】4F　候補5	01	4	7002	儀式素材【コモンA】レベル3	0x40001B5A	0xB0001B5A	5	100	0	52901200	52901200
101220350	宝箱（大）【レベル2_トゥメル】4F　候補6	01	4	7021	儀式素材【コモンC】レベル2	0x40001B6D	0xB0001B6D	8	100	0	52901200	52901200
101220360	宝箱（大）【レベル2_トゥメル】4F　候補7	01	4	7021	儀式素材【コモンC】レベル2	0x40001B6D	0xB0001B6D	7	100	0	52901200	52901200
101220370	宝箱（大）【レベル2_トゥメル】4F　候補8	01	4	7120	儀式素材【アンコモンC】レベル1	0x40001BD0	0xB0001BD0	5	100	0	52901200	52901200
101220380	宝箱（大）【レベル2_トゥメル】4F　候補9	01	8	80140				1	100	0	52901200	52901200
101220390	宝箱（大）【レベル2_トゥメル】4F　候補10	01	8	80141				1	100	0	52901200	52901200
101221000	宝箱（大）【レベル2_僻墓】1F　候補1	01	4	7001	儀式素材【コモンA】レベル2	0x40001B59	0xB0001B59	2	100	0	52901200	52901200
101221010	宝箱（大）【レベル2_僻墓】1F　候補2	01	4	7001	儀式素材【コモンA】レベル2	0x40001B59	0xB0001B59	2	100	0	52901200	52901200
101221020	宝箱（大）【レベル2_僻墓】1F　候補3	01	4	7001	儀式素材【コモンA】レベル2	0x40001B59	0xB0001B59	2	100	0	52901200	52901200
101221030	宝箱（大）【レベル2_僻墓】1F　候補4	01	4	7001	儀式素材【コモンA】レベル2	0x40001B59	0xB0001B59	2	100	0	52901200	52901200
101221040	宝箱（大）【レベル2_僻墓】1F　候補5	01	4	7001	儀式素材【コモンA】レベル2	0x40001B59	0xB0001B59	2	100	0	52901200	52901200
101221050	宝箱（大）【レベル2_僻墓】1F　候補6	01	4	7001	儀式素材【コモンA】レベル2	0x40001B59	0xB0001B59	2	100	0	52901200	52901200
101221060	宝箱（大）【レベル2_僻墓】1F　候補7	01	4	7001	儀式素材【コモンA】レベル2	0x40001B59	0xB0001B59	1	100	0	52901200	52901200
101221070	宝箱（大）【レベル2_僻墓】1F　候補8	01	4	7001	儀式素材【コモンA】レベル2	0x40001B59	0xB0001B59	1	100	0	52901200	52901200
101221080	宝箱（大）【レベル2_僻墓】1F　候補9	01	8	80210				1	100	0	52901200	52901200
101221090	宝箱（大）【レベル2_僻墓】1F　候補10	01	8	80210				1	100	0	52901200	52901200
101221100	宝箱（大）【レベル2_僻墓】2F　候補1	01	4	7002	儀式素材【コモンA】レベル3	0x40001B5A	0xB0001B5A	2	100	0	52901200	52901200
101221110	宝箱（大）【レベル2_僻墓】2F　候補2	01	4	7021	儀式素材【コモンC】レベル2	0x40001B6D	0xB0001B6D	5	100	0	52901200	52901200
101221120	宝箱（大）【レベル2_僻墓】2F　候補3	01	4	7021	儀式素材【コモンC】レベル2	0x40001B6D	0xB0001B6D	4	100	0	52901200	52901200
101221130	宝箱（大）【レベル2_僻墓】2F　候補4	01	4	7150	儀式素材【アンコモンF】レベル1	0x40001BEE	0xB0001BEE	2	100	0	52901200	52901200
101221140	宝箱（大）【レベル2_僻墓】2F　候補5	01	4	7150	儀式素材【アンコモンF】レベル1	0x40001BEE	0xB0001BEE	1	100	0	52901200	52901200
101221150	宝箱（大）【レベル2_僻墓】2F　候補6	01	4	7120	儀式素材【アンコモンC】レベル1	0x40001BD0	0xB0001BD0	2	100	0	52901200	52901200
101221160	宝箱（大）【レベル2_僻墓】2F　候補7	01	4	7120	儀式素材【アンコモンC】レベル1	0x40001BD0	0xB0001BD0	1	100	0	52901200	52901200
101221170	宝箱（大）【レベル2_僻墓】2F　候補8	01	4	7021	儀式素材【コモンC】レベル2	0x40001B6D	0xB0001B6D	4	100	0	52901200	52901200
101221180	宝箱（大）【レベル2_僻墓】2F　候補9	01	8	80220				1	100	0	52901200	52901200
101221190	宝箱（大）【レベル2_僻墓】2F　候補10	01	8	80220				1	100	0	52901200	52901200
101221200	宝箱（大）【レベル2_僻墓】3F　候補1	01	4	7002	儀式素材【コモンA】レベル3	0x40001B5A	0xB0001B5A	2	100	0	52901200	52901200
101221202	宝箱（大）【レベル2_僻墓】3F　候補1	01	4	7021	儀式素材【コモンC】レベル2	0x40001B6D	0xB0001B6D	4	100	0	52901200	52901200
101221210	宝箱（大）【レベル2_僻墓】3F　候補2	01	4	7021	儀式素材【コモンC】レベル2	0x40001B6D	0xB0001B6D	7	100	0	52901200	52901200
101221220	宝箱（大）【レベル2_僻墓】3F　候補3	01	4	7021	儀式素材【コモンC】レベル2	0x40001B6D	0xB0001B6D	6	100	0	52901200	52901200
101221230	宝箱（大）【レベル2_僻墓】3F　候補4	01	4	7150	儀式素材【アンコモンF】レベル1	0x40001BEE	0xB0001BEE	4	100	0	52901200	52901200
101221240	宝箱（大）【レベル2_僻墓】3F　候補5	01	4	7150	儀式素材【アンコモンF】レベル1	0x40001BEE	0xB0001BEE	3	100	0	52901200	52901200
101221250	宝箱（大）【レベル2_僻墓】3F　候補6	01	4	7120	儀式素材【アンコモンC】レベル1	0x40001BD0	0xB0001BD0	4	100	0	52901200	52901200
101221260	宝箱（大）【レベル2_僻墓】3F　候補7	01	4	7120	儀式素材【アンコモンC】レベル1	0x40001BD0	0xB0001BD0	3	100	0	52901200	52901200
101221270	宝箱（大）【レベル2_僻墓】3F　候補8	01	4	7120	儀式素材【アンコモンC】レベル1	0x40001BD0	0xB0001BD0	3	100	0	52901200	52901200
101221280	宝箱（大）【レベル2_僻墓】3F　候補9	01	8	80220				1	100	0	52901200	52901200
101221290	宝箱（大）【レベル2_僻墓】3F　候補10	01	8	80220				1	100	0	52901200	52901200
101221300	宝箱（大）【レベル2_僻墓】4F　候補1	01	4	7002	儀式素材【コモンA】レベル3	0x40001B5A	0xB0001B5A	6	100	0	52901200	52901200
101221310	宝箱（大）【レベル2_僻墓】4F　候補2	01	4	7021	儀式素材【コモンC】レベル2	0x40001B6D	0xB0001B6D	9	100	0	52901200	52901200
101221320	宝箱（大）【レベル2_僻墓】4F　候補3	01	4	7021	儀式素材【コモンC】レベル2	0x40001B6D	0xB0001B6D	8	100	0	52901200	52901200
101221330	宝箱（大）【レベル2_僻墓】4F　候補4	01	4	7150	儀式素材【アンコモンF】レベル1	0x40001BEE	0xB0001BEE	6	100	0	52901200	52901200
101221340	宝箱（大）【レベル2_僻墓】4F　候補5	01	4	7150	儀式素材【アンコモンF】レベル1	0x40001BEE	0xB0001BEE	5	100	0	52901200	52901200
101221350	宝箱（大）【レベル2_僻墓】4F　候補6	01	4	7120	儀式素材【アンコモンC】レベル1	0x40001BD0	0xB0001BD0	6	100	0	52901200	52901200
101221360	宝箱（大）【レベル2_僻墓】4F　候補7	01	4	7120	儀式素材【アンコモンC】レベル1	0x40001BD0	0xB0001BD0	5	100	0	52901200	52901200
101221370	宝箱（大）【レベル2_僻墓】4F　候補8	01	4	7120	儀式素材【アンコモンC】レベル1	0x40001BD0	0xB0001BD0	5	100	0	52901200	52901200
101221380	宝箱（大）【レベル2_僻墓】4F　候補9	01	8	80240				1	100	0	52901200	52901200
101221390	宝箱（大）【レベル2_僻墓】4F　候補10	01	8	80241				1	100	0	52901200	52901200
101230000	宝箱（大）【レベル3_トゥメル】1F　候補1	01	4	7002	儀式素材【コモンA】レベル3	0x40001B5A	0xB0001B5A	2	100	0	52901200	52901200
101230010	宝箱（大）【レベル3_トゥメル】1F　候補2	01	4	7002	儀式素材【コモンA】レベル3	0x40001B5A	0xB0001B5A	2	100	0	52901200	52901200
101230020	宝箱（大）【レベル3_トゥメル】1F　候補3	01	4	7002	儀式素材【コモンA】レベル3	0x40001B5A	0xB0001B5A	2	100	0	52901200	52901200
101230030	宝箱（大）【レベル3_トゥメル】1F　候補4	01	4	7002	儀式素材【コモンA】レベル3	0x40001B5A	0xB0001B5A	2	100	0	52901200	52901200
101230040	宝箱（大）【レベル3_トゥメル】1F　候補5	01	4	7002	儀式素材【コモンA】レベル3	0x40001B5A	0xB0001B5A	2	100	0	52901200	52901200
101230050	宝箱（大）【レベル3_トゥメル】1F　候補6	01	4	7002	儀式素材【コモンA】レベル3	0x40001B5A	0xB0001B5A	2	100	0	52901200	52901200
101230060	宝箱（大）【レベル3_トゥメル】1F　候補7	01	4	7002	儀式素材【コモンA】レベル3	0x40001B5A	0xB0001B5A	1	100	0	52901200	52901200
101230070	宝箱（大）【レベル3_トゥメル】1F　候補8	01	4	7002	儀式素材【コモンA】レベル3	0x40001B5A	0xB0001B5A	1	100	0	52901200	52901200
101230080	宝箱（大）【レベル3_トゥメル】1F　候補9	01	8	80110				1	100	0	52901200	52901200
101230090	宝箱（大）【レベル3_トゥメル】1F　候補10	01	8	80110				1	100	0	52901200	52901200
101230100	宝箱（大）【レベル3_トゥメル】2F　候補1	01	8	81120				1	100	0	52901200	52901200
101230110	宝箱（大）【レベル3_トゥメル】2F　候補2	01	4	7003	儀式素材【コモンA】レベル4	0x40001B5B	0xB0001B5B	2	100	0	52901200	52901200
101230120	宝箱（大）【レベル3_トゥメル】2F　候補3	01	4	7003	儀式素材【コモンA】レベル4	0x40001B5B	0xB0001B5B	1	100	0	52901200	52901200
101230130	宝箱（大）【レベル3_トゥメル】2F　候補4	01	4	7022	儀式素材【コモンC】レベル3	0x40001B6E	0xB0001B6E	4	100	0	52901200	52901200
101230140	宝箱（大）【レベル3_トゥメル】2F　候補5	01	4	7003	儀式素材【コモンA】レベル4	0x40001B5B	0xB0001B5B	2	100	0	52901200	52901200
101230150	宝箱（大）【レベル3_トゥメル】2F　候補6	01	4	7130	儀式素材【アンコモンD】レベル1	0x40001BDA	0xB0001BDA	2	100	0	52901200	52901200
101230160	宝箱（大）【レベル3_トゥメル】2F　候補7	01	4	7130	儀式素材【アンコモンD】レベル1	0x40001BDA	0xB0001BDA	1	100	0	52901200	52901200
101230170	宝箱（大）【レベル3_トゥメル】2F　候補8	01	4	7120	儀式素材【アンコモンC】レベル1	0x40001BD0	0xB0001BD0	2	100	0	52901200	52901200
101230180	宝箱（大）【レベル3_トゥメル】2F　候補9	01	8	80120				1	100	0	52901200	52901200
101230190	宝箱（大）【レベル3_トゥメル】2F　候補10	01	4	7022	儀式素材【コモンC】レベル3	0x40001B6E	0xB0001B6E	4	100	0	52901200	52901200
101230200	宝箱（大）【レベル3_トゥメル】3F　候補1	01	4	7003	儀式素材【コモンA】レベル4	0x40001B5B	0xB0001B5B	4	100	0	52901200	52901200
101230210	宝箱（大）【レベル3_トゥメル】3F　候補2	01	4	7120	儀式素材【アンコモンC】レベル1	0x40001BD0	0xB0001BD0	2	100	0	52901200	52901200
101230220	宝箱（大）【レベル3_トゥメル】3F　候補3	01	4	7002	儀式素材【コモンA】レベル3	0x40001B5A	0xB0001B5A	6	100	0	52901200	52901200
101230230	宝箱（大）【レベル3_トゥメル】3F　候補4	01	4	7022	儀式素材【コモンC】レベル3	0x40001B6E	0xB0001B6E	6	100	0	52901200	52901200
101230240	宝箱（大）【レベル3_トゥメル】3F　候補5	01	4	7130	儀式素材【アンコモンD】レベル1	0x40001BDA	0xB0001BDA	4	100	0	52901200	52901200
101230250	宝箱（大）【レベル3_トゥメル】3F　候補6	01	4	7130	儀式素材【アンコモンD】レベル1	0x40001BDA	0xB0001BDA	4	100	0	52901200	52901200
101230260	宝箱（大）【レベル3_トゥメル】3F　候補7	01	4	7130	儀式素材【アンコモンD】レベル1	0x40001BDA	0xB0001BDA	3	100	0	52901200	52901200
101230270	宝箱（大）【レベル3_トゥメル】3F　候補8	01	4	7120	儀式素材【アンコモンC】レベル1	0x40001BD0	0xB0001BD0	5	100	0	52901200	52901200
101230280	宝箱（大）【レベル3_トゥメル】3F　候補9	01	8	80120				1	100	0	52901200	52901200
101230290	宝箱（大）【レベル3_トゥメル】3F　候補10	01	8	80120				1	100	0	52901200	52901200
101230300	宝箱（大）【レベル3_トゥメル】4F　候補1	01	4	7003	儀式素材【コモンA】レベル4	0x40001B5B	0xB0001B5B	6	100	0	52901200	52901200
101230310	宝箱（大）【レベル3_トゥメル】4F　候補2	01	4	7003	儀式素材【コモンA】レベル4	0x40001B5B	0xB0001B5B	6	100	0	52901200	52901200
101230320	宝箱（大）【レベル3_トゥメル】4F　候補3	01	4	7003	儀式素材【コモンA】レベル4	0x40001B5B	0xB0001B5B	5	100	0	52901200	52901200
101230330	宝箱（大）【レベル3_トゥメル】4F　候補4	01	4	7022	儀式素材【コモンC】レベル3	0x40001B6E	0xB0001B6E	8	100	0	52901200	52901200
101230340	宝箱（大）【レベル3_トゥメル】4F　候補5	01	4	7130	儀式素材【アンコモンD】レベル1	0x40001BDA	0xB0001BDA	6	100	0	52901200	52901200
101230350	宝箱（大）【レベル3_トゥメル】4F　候補6	01	4	7130	儀式素材【アンコモンD】レベル1	0x40001BDA	0xB0001BDA	6	100	0	52901200	52901200
101230360	宝箱（大）【レベル3_トゥメル】4F　候補7	01	4	7130	儀式素材【アンコモンD】レベル1	0x40001BDA	0xB0001BDA	5	100	0	52901200	52901200
101230370	宝箱（大）【レベル3_トゥメル】4F　候補8	01	4	7120	儀式素材【アンコモンC】レベル1	0x40001BD0	0xB0001BD0	8	100	0	52901200	52901200
101230380	宝箱（大）【レベル3_トゥメル】4F　候補9	01	8	80140				1	100	0	52901200	52901200
101230390	宝箱（大）【レベル3_トゥメル】4F　候補10	01	8	80141				1	100	0	52901200	52901200
101231000	宝箱（大）【レベル3_僻墓】1F　候補1	01	4	7002	儀式素材【コモンA】レベル3	0x40001B5A	0xB0001B5A	2	100	0	52901200	52901200
101231010	宝箱（大）【レベル3_僻墓】1F　候補2	01	4	7002	儀式素材【コモンA】レベル3	0x40001B5A	0xB0001B5A	2	100	0	52901200	52901200
101231020	宝箱（大）【レベル3_僻墓】1F　候補3	01	4	7002	儀式素材【コモンA】レベル3	0x40001B5A	0xB0001B5A	2	100	0	52901200	52901200
101231030	宝箱（大）【レベル3_僻墓】1F　候補4	01	4	7002	儀式素材【コモンA】レベル3	0x40001B5A	0xB0001B5A	2	100	0	52901200	52901200
101231040	宝箱（大）【レベル3_僻墓】1F　候補5	01	4	7002	儀式素材【コモンA】レベル3	0x40001B5A	0xB0001B5A	2	100	0	52901200	52901200
101231050	宝箱（大）【レベル3_僻墓】1F　候補6	01	4	7002	儀式素材【コモンA】レベル3	0x40001B5A	0xB0001B5A	2	100	0	52901200	52901200
101231060	宝箱（大）【レベル3_僻墓】1F　候補7	01	4	7002	儀式素材【コモンA】レベル3	0x40001B5A	0xB0001B5A	1	100	0	52901200	52901200
101231070	宝箱（大）【レベル3_僻墓】1F　候補8	01	4	7002	儀式素材【コモンA】レベル3	0x40001B5A	0xB0001B5A	1	100	0	52901200	52901200
101231080	宝箱（大）【レベル3_僻墓】1F　候補9	01	8	80210				1	100	0	52901200	52901200
101231090	宝箱（大）【レベル3_僻墓】1F　候補10	01	8	80210				1	100	0	52901200	52901200
101231100	宝箱（大）【レベル3_僻墓】2F　候補1	01	4	7003	儀式素材【コモンA】レベル4	0x40001B5B	0xB0001B5B	2	100	0	52901200	52901200
101231110	宝箱（大）【レベル3_僻墓】2F　候補2	01	4	7130	儀式素材【アンコモンD】レベル1	0x40001BDA	0xB0001BDA	1	100	0	52901200	52901200
101231120	宝箱（大）【レベル3_僻墓】2F　候補3	01	4	7022	儀式素材【コモンC】レベル3	0x40001B6E	0xB0001B6E	4	100	0	52901200	52901200
101231130	宝箱（大）【レベル3_僻墓】2F　候補4	01	4	7150	儀式素材【アンコモンF】レベル1	0x40001BEE	0xB0001BEE	2	100	0	52901200	52901200
101231140	宝箱（大）【レベル3_僻墓】2F　候補5	01	4	7150	儀式素材【アンコモンF】レベル1	0x40001BEE	0xB0001BEE	1	100	0	52901200	52901200
101231150	宝箱（大）【レベル3_僻墓】2F　候補6	01	4	7120	儀式素材【アンコモンC】レベル1	0x40001BD0	0xB0001BD0	2	100	0	52901200	52901200
101231160	宝箱（大）【レベル3_僻墓】2F　候補7	01	4	7120	儀式素材【アンコモンC】レベル1	0x40001BD0	0xB0001BD0	2	100	0	52901200	52901200
101231170	宝箱（大）【レベル3_僻墓】2F　候補8	01	4	7120	儀式素材【アンコモンC】レベル1	0x40001BD0	0xB0001BD0	2	100	0	52901200	52901200
101231180	宝箱（大）【レベル3_僻墓】2F　候補9	01	8	80220				1	100	0	52901200	52901200
101231190	宝箱（大）【レベル3_僻墓】2F　候補10	01	8	80220				1	100	0	52901200	52901200
101231200	宝箱（大）【レベル3_僻墓】3F　候補1	01	4	7003	儀式素材【コモンA】レベル4	0x40001B5B	0xB0001B5B	4	100	0	52901200	52901200
101231210	宝箱（大）【レベル3_僻墓】3F　候補2	01	4	7022	儀式素材【コモンC】レベル3	0x40001B6E	0xB0001B6E	7	100	0	52901200	52901200
101231220	宝箱（大）【レベル3_僻墓】3F　候補3	01	4	7022	儀式素材【コモンC】レベル3	0x40001B6E	0xB0001B6E	6	100	0	52901200	52901200
101231230	宝箱（大）【レベル3_僻墓】3F　候補4	01	4	7150	儀式素材【アンコモンF】レベル1	0x40001BEE	0xB0001BEE	4	100	0	52901200	52901200
101231240	宝箱（大）【レベル3_僻墓】3F　候補5	01	4	7150	儀式素材【アンコモンF】レベル1	0x40001BEE	0xB0001BEE	3	100	0	52901200	52901200
101231250	宝箱（大）【レベル3_僻墓】3F　候補6	01	4	7120	儀式素材【アンコモンC】レベル1	0x40001BD0	0xB0001BD0	4	100	0	52901200	52901200
101231260	宝箱（大）【レベル3_僻墓】3F　候補7	01	4	7120	儀式素材【アンコモンC】レベル1	0x40001BD0	0xB0001BD0	5	100	0	52901200	52901200
101231270	宝箱（大）【レベル3_僻墓】3F　候補8	01	4	7120	儀式素材【アンコモンC】レベル1	0x40001BD0	0xB0001BD0	5	100	0	52901200	52901200
101231280	宝箱（大）【レベル3_僻墓】3F　候補9	01	8	80220				1	100	0	52901200	52901200
101231290	宝箱（大）【レベル3_僻墓】3F　候補10	01	8	80220				1	100	0	52901200	52901200
101231300	宝箱（大）【レベル3_僻墓】4F　候補1	01	4	7003	儀式素材【コモンA】レベル4	0x40001B5B	0xB0001B5B	6	100	0	52901200	52901200
101231310	宝箱（大）【レベル3_僻墓】4F　候補2	01	4	7022	儀式素材【コモンC】レベル3	0x40001B6E	0xB0001B6E	9	100	0	52901200	52901200
101231320	宝箱（大）【レベル3_僻墓】4F　候補3	01	4	7022	儀式素材【コモンC】レベル3	0x40001B6E	0xB0001B6E	8	100	0	52901200	52901200
101231330	宝箱（大）【レベル3_僻墓】4F　候補4	01	4	7150	儀式素材【アンコモンF】レベル1	0x40001BEE	0xB0001BEE	6	100	0	52901200	52901200
101231340	宝箱（大）【レベル3_僻墓】4F　候補5	01	4	7150	儀式素材【アンコモンF】レベル1	0x40001BEE	0xB0001BEE	5	100	0	52901200	52901200
101231350	宝箱（大）【レベル3_僻墓】4F　候補6	01	4	7120	儀式素材【アンコモンC】レベル1	0x40001BD0	0xB0001BD0	6	100	0	52901200	52901200
101231360	宝箱（大）【レベル3_僻墓】4F　候補7	01	4	7120	儀式素材【アンコモンC】レベル1	0x40001BD0	0xB0001BD0	8	100	0	52901200	52901200
101231370	宝箱（大）【レベル3_僻墓】4F　候補8	01	4	7120	儀式素材【アンコモンC】レベル1	0x40001BD0	0xB0001BD0	8	100	0	52901200	52901200
101231380	宝箱（大）【レベル3_僻墓】4F　候補9	01	8	80240				1	100	0	52901200	52901200
101231390	宝箱（大）【レベル3_僻墓】4F　候補10	01	8	80241				1	100	0	52901200	52901200
101240000	宝箱（大）【レベル4_トゥメル】1F　候補1	01	4	7003	儀式素材【コモンA】レベル4	0x40001B5B	0xB0001B5B	2	100	0	52901200	52901200
101240010	宝箱（大）【レベル4_トゥメル】1F　候補2	01	4	7003	儀式素材【コモンA】レベル4	0x40001B5B	0xB0001B5B	2	100	0	52901200	52901200
101240020	宝箱（大）【レベル4_トゥメル】1F　候補3	01	4	7003	儀式素材【コモンA】レベル4	0x40001B5B	0xB0001B5B	2	100	0	52901200	52901200
101240030	宝箱（大）【レベル4_トゥメル】1F　候補4	01	4	7003	儀式素材【コモンA】レベル4	0x40001B5B	0xB0001B5B	2	100	0	52901200	52901200
101240040	宝箱（大）【レベル4_トゥメル】1F　候補5	01	4	7003	儀式素材【コモンA】レベル4	0x40001B5B	0xB0001B5B	2	100	0	52901200	52901200
101240050	宝箱（大）【レベル4_トゥメル】1F　候補6	01	4	7003	儀式素材【コモンA】レベル4	0x40001B5B	0xB0001B5B	2	100	0	52901200	52901200
101240060	宝箱（大）【レベル4_トゥメル】1F　候補7	01	4	7003	儀式素材【コモンA】レベル4	0x40001B5B	0xB0001B5B	1	100	0	52901200	52901200
101240070	宝箱（大）【レベル4_トゥメル】1F　候補8	01	4	7003	儀式素材【コモンA】レベル4	0x40001B5B	0xB0001B5B	1	100	0	52901200	52901200
101240080	宝箱（大）【レベル4_トゥメル】1F　候補9	01	8	80110				1	100	0	52901200	52901200
101240090	宝箱（大）【レベル4_トゥメル】1F　候補10	01	8	80110				1	100	0	52901200	52901200
101240100	宝箱（大）【レベル4_トゥメル】2F　候補1	01	4	7004	儀式素材【コモンA】レベル5	0x40001B5C	0xB0001B5C	2	100	0	52901200	52901200
101240110	宝箱（大）【レベル4_トゥメル】2F　候補2	01	4	7004	儀式素材【コモンA】レベル5	0x40001B5C	0xB0001B5C	2	100	0	52901200	52901200
101240120	宝箱（大）【レベル4_トゥメル】2F　候補3	01	4	7004	儀式素材【コモンA】レベル5	0x40001B5C	0xB0001B5C	1	100	0	52901200	52901200
101240130	宝箱（大）【レベル4_トゥメル】2F　候補4	01	4	7023	儀式素材【コモンC】レベル4	0x40001B6F	0xB0001B6F	4	100	0	52901200	52901200
101240140	宝箱（大）【レベル4_トゥメル】2F　候補5	01	4	7130	儀式素材【アンコモンD】レベル1	0x40001BDA	0xB0001BDA	3	100	0	52901200	52901200
101240150	宝箱（大）【レベル4_トゥメル】2F　候補6	01	4	7130	儀式素材【アンコモンD】レベル1	0x40001BDA	0xB0001BDA	3	100	0	52901200	52901200
101240160	宝箱（大）【レベル4_トゥメル】2F　候補7	01	4	7130	儀式素材【アンコモンD】レベル1	0x40001BDA	0xB0001BDA	2	100	0	52901200	52901200
101240170	宝箱（大）【レベル4_トゥメル】2F　候補8	01	4	7121	儀式素材【アンコモンC】レベル2	0x40001BD1	0xB0001BD1	2	100	0	52901200	52901200
101240180	宝箱（大）【レベル4_トゥメル】2F　候補9	01	4	7121	儀式素材【アンコモンC】レベル2	0x40001BD1	0xB0001BD1	1	100	0	52901200	52901200
101240190	宝箱（大）【レベル4_トゥメル】2F　候補10	01	4	7004	儀式素材【コモンA】レベル5	0x40001B5C	0xB0001B5C	3	100	0	52901200	52901200
101240200	宝箱（大）【レベル4_トゥメル】3F　候補1	01	4	7004	儀式素材【コモンA】レベル5	0x40001B5C	0xB0001B5C	4	100	0	52901200	52901200
101240210	宝箱（大）【レベル4_トゥメル】3F　候補2	01	4	7004	儀式素材【コモンA】レベル5	0x40001B5C	0xB0001B5C	4	100	0	52901200	52901200
101240220	宝箱（大）【レベル4_トゥメル】3F　候補3	01	4	7004	儀式素材【コモンA】レベル5	0x40001B5C	0xB0001B5C	3	100	0	52901200	52901200
101240230	宝箱（大）【レベル4_トゥメル】3F　候補4	01	4	7023	儀式素材【コモンC】レベル4	0x40001B6F	0xB0001B6F	6	100	0	52901200	52901200
101240240	宝箱（大）【レベル4_トゥメル】3F　候補5	01	4	7130	儀式素材【アンコモンD】レベル1	0x40001BDA	0xB0001BDA	6	100	0	52901200	52901200
101240250	宝箱（大）【レベル4_トゥメル】3F　候補6	01	4	7130	儀式素材【アンコモンD】レベル1	0x40001BDA	0xB0001BDA	3	100	0	52901200	52901200
101240260	宝箱（大）【レベル4_トゥメル】3F　候補7	01	4	7130	儀式素材【アンコモンD】レベル1	0x40001BDA	0xB0001BDA	5	100	0	52901200	52901200
101240270	宝箱（大）【レベル4_トゥメル】3F　候補8	01	4	7121	儀式素材【アンコモンC】レベル2	0x40001BD1	0xB0001BD1	4	100	0	52901200	52901200
101240280	宝箱（大）【レベル4_トゥメル】3F　候補9	01	4	7121	儀式素材【アンコモンC】レベル2	0x40001BD1	0xB0001BD1	3	100	0	52901200	52901200
101240290	宝箱（大）【レベル4_トゥメル】3F　候補10	01	4	7121	儀式素材【アンコモンC】レベル2	0x40001BD1	0xB0001BD1	2	100	0	52901200	52901200
101240300	宝箱（大）【レベル4_トゥメル】4F　候補1	01	4	7004	儀式素材【コモンA】レベル5	0x40001B5C	0xB0001B5C	6	100	0	52901200	52901200
101240310	宝箱（大）【レベル4_トゥメル】4F　候補2	01	4	7004	儀式素材【コモンA】レベル5	0x40001B5C	0xB0001B5C	6	100	0	52901200	52901200
101240320	宝箱（大）【レベル4_トゥメル】4F　候補3	01	4	7004	儀式素材【コモンA】レベル5	0x40001B5C	0xB0001B5C	5	100	0	52901200	52901200
101240330	宝箱（大）【レベル4_トゥメル】4F　候補4	01	4	7023	儀式素材【コモンC】レベル4	0x40001B6F	0xB0001B6F	8	100	0	52901200	52901200
101240340	宝箱（大）【レベル4_トゥメル】4F　候補5	01	4	7130	儀式素材【アンコモンD】レベル1	0x40001BDA	0xB0001BDA	9	100	0	52901200	52901200
101240350	宝箱（大）【レベル4_トゥメル】4F　候補6	01	4	7130	儀式素材【アンコモンD】レベル1	0x40001BDA	0xB0001BDA	9	100	0	52901200	52901200
101240360	宝箱（大）【レベル4_トゥメル】4F　候補7	01	4	7130	儀式素材【アンコモンD】レベル1	0x40001BDA	0xB0001BDA	8	100	0	52901200	52901200
101240370	宝箱（大）【レベル4_トゥメル】4F　候補8	01	4	7121	儀式素材【アンコモンC】レベル2	0x40001BD1	0xB0001BD1	6	100	0	52901200	52901200
101240380	宝箱（大）【レベル4_トゥメル】4F　候補9	01	4	7121	儀式素材【アンコモンC】レベル2	0x40001BD1	0xB0001BD1	5	100	0	52901200	52901200
101240390	宝箱（大）【レベル4_トゥメル】4F　候補10	01	8	80140				1	100	0	52901200	52901200
101242000	宝箱（大）【レベル4_ローラン】1F　候補1	01	4	7003	儀式素材【コモンA】レベル4	0x40001B5B	0xB0001B5B	2	100	0	52901200	52901200
101242010	宝箱（大）【レベル4_ローラン】1F　候補2	01	4	7003	儀式素材【コモンA】レベル4	0x40001B5B	0xB0001B5B	2	100	0	52901200	52901200
101242020	宝箱（大）【レベル4_ローラン】1F　候補3	01	4	7003	儀式素材【コモンA】レベル4	0x40001B5B	0xB0001B5B	2	100	0	52901200	52901200
101242030	宝箱（大）【レベル4_ローラン】1F　候補4	01	4	7003	儀式素材【コモンA】レベル4	0x40001B5B	0xB0001B5B	2	100	0	52901200	52901200
101242040	宝箱（大）【レベル4_ローラン】1F　候補5	01	4	7003	儀式素材【コモンA】レベル4	0x40001B5B	0xB0001B5B	2	100	0	52901200	52901200
101242050	宝箱（大）【レベル4_ローラン】1F　候補6	01	4	7003	儀式素材【コモンA】レベル4	0x40001B5B	0xB0001B5B	2	100	0	52901200	52901200
101242060	宝箱（大）【レベル4_ローラン】1F　候補7	01	4	7003	儀式素材【コモンA】レベル4	0x40001B5B	0xB0001B5B	1	100	0	52901200	52901200
101242070	宝箱（大）【レベル4_ローラン】1F　候補8	01	4	7003	儀式素材【コモンA】レベル4	0x40001B5B	0xB0001B5B	1	100	0	52901200	52901200
101242080	宝箱（大）【レベル4_ローラン】1F　候補9	01	8	80310				1	100	0	52901200	52901200
101242090	宝箱（大）【レベル4_ローラン】1F　候補10	01	8	80311				1	100	0	52901200	52901200
101242100	宝箱（大）【レベル4_ローラン】2F　候補1	01	4	7004	儀式素材【コモンA】レベル5	0x40001B5C	0xB0001B5C	2	100	0	52901200	52901200
101242110	宝箱（大）【レベル4_ローラン】2F　候補2	01	4	7014	儀式素材【コモンB】レベル5	0x40001B66	0xB0001B66	2	100	0	52901200	52901200
101242120	宝箱（大）【レベル4_ローラン】2F　候補3	01	4	7014	儀式素材【コモンB】レベル5	0x40001B66	0xB0001B66	1	100	0	52901200	52901200
101242130	宝箱（大）【レベル4_ローラン】2F　候補4	01	4	7023	儀式素材【コモンC】レベル4	0x40001B6F	0xB0001B6F	4	100	0	52901200	52901200
101242140	宝箱（大）【レベル4_ローラン】2F　候補5	01	4	7140	儀式素材【アンコモンE】レベル1	0x40001BE4	0xB0001BE4	2	100	0	52901200	52901200
101242150	宝箱（大）【レベル4_ローラン】2F　候補6	01	4	7140	儀式素材【アンコモンE】レベル1	0x40001BE4	0xB0001BE4	2	100	0	52901200	52901200
101242160	宝箱（大）【レベル4_ローラン】2F　候補7	01	4	7140	儀式素材【アンコモンE】レベル1	0x40001BE4	0xB0001BE4	1	100	0	52901200	52901200
101242170	宝箱（大）【レベル4_ローラン】2F　候補8	01	4	7121	儀式素材【アンコモンC】レベル2	0x40001BD1	0xB0001BD1	2	100	0	52901200	52901200
101242180	宝箱（大）【レベル4_ローラン】2F　候補9	01	4	7121	儀式素材【アンコモンC】レベル2	0x40001BD1	0xB0001BD1	1	100	0	52901200	52901200
101242190	宝箱（大）【レベル4_ローラン】2F　候補10	01	8	80320				1	100	0	52901200	52901200
101242200	宝箱（大）【レベル4_ローラン】3F　候補1	01	4	7004	儀式素材【コモンA】レベル5	0x40001B5C	0xB0001B5C	4	100	0	52901200	52901200
101242210	宝箱（大）【レベル4_ローラン】3F　候補2	01	4	7014	儀式素材【コモンB】レベル5	0x40001B66	0xB0001B66	4	100	0	52901200	52901200
101242220	宝箱（大）【レベル4_ローラン】3F　候補3	01	4	7014	儀式素材【コモンB】レベル5	0x40001B66	0xB0001B66	3	100	0	52901200	52901200
101242230	宝箱（大）【レベル4_ローラン】3F　候補4	01	4	7023	儀式素材【コモンC】レベル4	0x40001B6F	0xB0001B6F	6	100	0	52901200	52901200
101242240	宝箱（大）【レベル4_ローラン】3F　候補5	01	4	7140	儀式素材【アンコモンE】レベル1	0x40001BE4	0xB0001BE4	2	100	0	52901200	52901200
101242250	宝箱（大）【レベル4_ローラン】3F　候補6	01	4	7140	儀式素材【アンコモンE】レベル1	0x40001BE4	0xB0001BE4	4	100	0	52901200	52901200
101242260	宝箱（大）【レベル4_ローラン】3F　候補7	01	4	7140	儀式素材【アンコモンE】レベル1	0x40001BE4	0xB0001BE4	3	100	0	52901200	52901200
101242270	宝箱（大）【レベル4_ローラン】3F　候補8	01	4	7121	儀式素材【アンコモンC】レベル2	0x40001BD1	0xB0001BD1	4	100	0	52901200	52901200
101242280	宝箱（大）【レベル4_ローラン】3F　候補9	01	4	7121	儀式素材【アンコモンC】レベル2	0x40001BD1	0xB0001BD1	3	100	0	52901200	52901200
101242290	宝箱（大）【レベル4_ローラン】3F　候補10	01	8	80321				1	100	0	52901200	52901200
101242300	宝箱（大）【レベル4_ローラン】4F　候補1	01	4	7004	儀式素材【コモンA】レベル5	0x40001B5C	0xB0001B5C	6	100	0	52901200	52901200
101242310	宝箱（大）【レベル4_ローラン】4F　候補2	01	4	7014	儀式素材【コモンB】レベル5	0x40001B66	0xB0001B66	6	100	0	52901200	52901200
101242320	宝箱（大）【レベル4_ローラン】4F　候補3	01	4	7014	儀式素材【コモンB】レベル5	0x40001B66	0xB0001B66	5	100	0	52901200	52901200
101242330	宝箱（大）【レベル4_ローラン】4F　候補4	01	4	7023	儀式素材【コモンC】レベル4	0x40001B6F	0xB0001B6F	8	100	0	52901200	52901200
101242340	宝箱（大）【レベル4_ローラン】4F　候補5	01	4	7140	儀式素材【アンコモンE】レベル1	0x40001BE4	0xB0001BE4	6	100	0	52901200	52901200
101242350	宝箱（大）【レベル4_ローラン】4F　候補6	01	4	7140	儀式素材【アンコモンE】レベル1	0x40001BE4	0xB0001BE4	6	100	0	52901200	52901200
101242360	宝箱（大）【レベル4_ローラン】4F　候補7	01	4	7140	儀式素材【アンコモンE】レベル1	0x40001BE4	0xB0001BE4	5	100	0	52901200	52901200
101242370	宝箱（大）【レベル4_ローラン】4F　候補8	01	4	7121	儀式素材【アンコモンC】レベル2	0x40001BD1	0xB0001BD1	6	100	0	52901200	52901200
101242380	宝箱（大）【レベル4_ローラン】4F　候補9	01	4	7121	儀式素材【アンコモンC】レベル2	0x40001BD1	0xB0001BD1	5	100	0	52901200	52901200
101242390	宝箱（大）【レベル4_ローラン】4F　候補10	01	8	80340				1	100	0	52901200	52901200
101250000	宝箱（大）【レベル5_トゥメル】1F　候補1	01	4	7004	儀式素材【コモンA】レベル5	0x40001B5C	0xB0001B5C	2	100	0	52901200	52901200
101250010	宝箱（大）【レベル5_トゥメル】1F　候補2	01	4	7004	儀式素材【コモンA】レベル5	0x40001B5C	0xB0001B5C	2	100	0	52901200	52901200
101250020	宝箱（大）【レベル5_トゥメル】1F　候補3	01	4	7004	儀式素材【コモンA】レベル5	0x40001B5C	0xB0001B5C	2	100	0	52901200	52901200
101250030	宝箱（大）【レベル5_トゥメル】1F　候補4	01	4	7004	儀式素材【コモンA】レベル5	0x40001B5C	0xB0001B5C	2	100	0	52901200	52901200
101250040	宝箱（大）【レベル5_トゥメル】1F　候補5	01	4	7004	儀式素材【コモンA】レベル5	0x40001B5C	0xB0001B5C	2	100	0	52901200	52901200
101250050	宝箱（大）【レベル5_トゥメル】1F　候補6	01	4	7004	儀式素材【コモンA】レベル5	0x40001B5C	0xB0001B5C	2	100	0	52901200	52901200
101250060	宝箱（大）【レベル5_トゥメル】1F　候補7	01	4	7004	儀式素材【コモンA】レベル5	0x40001B5C	0xB0001B5C	1	100	0	52901200	52901200
101250070	宝箱（大）【レベル5_トゥメル】1F　候補8	01	4	7004	儀式素材【コモンA】レベル5	0x40001B5C	0xB0001B5C	1	100	0	52901200	52901200
101250080	宝箱（大）【レベル5_トゥメル】1F　候補9	01	8	80110				1	100	0	52901200	52901200
101250090	宝箱（大）【レベル5_トゥメル】1F　候補10	01	8	80110				1	100	0	52901200	52901200
101250100	宝箱（大）【レベル5_トゥメル】2F　候補1	01	4	7004	儀式素材【コモンA】レベル5	0x40001B5C	0xB0001B5C	6	100	0	52901200	52901200
101250110	宝箱（大）【レベル5_トゥメル】2F　候補2	01	4	7024	儀式素材【コモンC】レベル5	0x40001B70	0xB0001B70	4	100	0	52901200	52901200
101250120	宝箱（大）【レベル5_トゥメル】2F　候補3	01	4	7131	儀式素材【アンコモンD】レベル2	0x40001BDB	0xB0001BDB	2	100	0	52901200	52901200
101250130	宝箱（大）【レベル5_トゥメル】2F　候補4	01	4	7131	儀式素材【アンコモンD】レベル2	0x40001BDB	0xB0001BDB	2	100	0	52901200	52901200
101250140	宝箱（大）【レベル5_トゥメル】2F　候補5	01	4	7131	儀式素材【アンコモンD】レベル2	0x40001BDB	0xB0001BDB	1	100	0	52901200	52901200
101250150	宝箱（大）【レベル5_トゥメル】2F　候補6	01	4	7131	儀式素材【アンコモンD】レベル2	0x40001BDB	0xB0001BDB	1	100	0	52901200	52901200
101250160	宝箱（大）【レベル5_トゥメル】2F　候補7	01	4	7121	儀式素材【アンコモンC】レベル2	0x40001BD1	0xB0001BD1	3	100	0	52901200	52901200
101250170	宝箱（大）【レベル5_トゥメル】2F　候補8	01	4	7121	儀式素材【アンコモンC】レベル2	0x40001BD1	0xB0001BD1	2	100	0	52901200	52901200
101250180	宝箱（大）【レベル5_トゥメル】2F　候補9	01	8	80120				1	100	0	52901200	52901200
101250190	宝箱（大）【レベル5_トゥメル】2F　候補10	01	8	80120				1	100	0	52901200	52901200
101250200	宝箱（大）【レベル5_トゥメル】3F　候補1	01	4	7004	儀式素材【コモンA】レベル5	0x40001B5C	0xB0001B5C	9	100	0	52901200	52901200
101250210	宝箱（大）【レベル5_トゥメル】3F　候補2	01	4	7024	儀式素材【コモンC】レベル5	0x40001B70	0xB0001B70	6	100	0	52901200	52901200
101250220	宝箱（大）【レベル5_トゥメル】3F　候補3	01	4	7131	儀式素材【アンコモンD】レベル2	0x40001BDB	0xB0001BDB	4	100	0	52901200	52901200
101250230	宝箱（大）【レベル5_トゥメル】3F　候補4	01	4	7131	儀式素材【アンコモンD】レベル2	0x40001BDB	0xB0001BDB	4	100	0	52901200	52901200
101250240	宝箱（大）【レベル5_トゥメル】3F　候補5	01	4	7131	儀式素材【アンコモンD】レベル2	0x40001BDB	0xB0001BDB	3	100	0	52901200	52901200
101250250	宝箱（大）【レベル5_トゥメル】3F　候補6	01	4	7131	儀式素材【アンコモンD】レベル2	0x40001BDB	0xB0001BDB	3	100	0	52901200	52901200
101250260	宝箱（大）【レベル5_トゥメル】3F　候補7	01	4	7121	儀式素材【アンコモンC】レベル2	0x40001BD1	0xB0001BD1	6	100	0	52901200	52901200
101250270	宝箱（大）【レベル5_トゥメル】3F　候補8	01	4	7121	儀式素材【アンコモンC】レベル2	0x40001BD1	0xB0001BD1	5	100	0	52901200	52901200
101250280	宝箱（大）【レベル5_トゥメル】3F　候補9	01	4	7110	儀式素材【アンコモンB】レベル1	0x40001BC6	0xB0001BC6	1	100	0	52901200	52901200
101250290	宝箱（大）【レベル5_トゥメル】3F　候補10	01	8	80120				1	100	0	52901200	52901200
101250300	宝箱（大）【レベル5_トゥメル】4F　候補1	01	4	7004	儀式素材【コモンA】レベル5	0x40001B5C	0xB0001B5C	12	100	0	52901200	52901200
101250310	宝箱（大）【レベル5_トゥメル】4F　候補2	01	4	7024	儀式素材【コモンC】レベル5	0x40001B70	0xB0001B70	8	100	0	52901200	52901200
101250320	宝箱（大）【レベル5_トゥメル】4F　候補3	01	4	7131	儀式素材【アンコモンD】レベル2	0x40001BDB	0xB0001BDB	6	100	0	52901200	52901200
101250330	宝箱（大）【レベル5_トゥメル】4F　候補4	01	4	7131	儀式素材【アンコモンD】レベル2	0x40001BDB	0xB0001BDB	6	100	0	52901200	52901200
101250340	宝箱（大）【レベル5_トゥメル】4F　候補5	01	4	7131	儀式素材【アンコモンD】レベル2	0x40001BDB	0xB0001BDB	5	100	0	52901200	52901200
101250350	宝箱（大）【レベル5_トゥメル】4F　候補6	01	4	7131	儀式素材【アンコモンD】レベル2	0x40001BDB	0xB0001BDB	5	100	0	52901200	52901200
101250360	宝箱（大）【レベル5_トゥメル】4F　候補7	01	4	7121	儀式素材【アンコモンC】レベル2	0x40001BD1	0xB0001BD1	9	100	0	52901200	52901200
101250370	宝箱（大）【レベル5_トゥメル】4F　候補8	01	4	7121	儀式素材【アンコモンC】レベル2	0x40001BD1	0xB0001BD1	8	100	0	52901200	52901200
101250380	宝箱（大）【レベル5_トゥメル】4F　候補9	01	4	7110	儀式素材【アンコモンB】レベル1	0x40001BC6	0xB0001BC6	2	100	0	52901200	52901200
101250390	宝箱（大）【レベル5_トゥメル】4F　候補10	01	8	80140				1	100	0	52901200	52901200
101252000	宝箱（大）【レベル5_ローラン】1F　候補1	01	4	7004	儀式素材【コモンA】レベル5	0x40001B5C	0xB0001B5C	1	100	0	52901200	52901200
101252010	宝箱（大）【レベル5_ローラン】1F　候補2	01	4	7004	儀式素材【コモンA】レベル5	0x40001B5C	0xB0001B5C	2	100	0	52901200	52901200
101252020	宝箱（大）【レベル5_ローラン】1F　候補3	01	4	7004	儀式素材【コモンA】レベル5	0x40001B5C	0xB0001B5C	2	100	0	52901200	52901200
101252030	宝箱（大）【レベル5_ローラン】1F　候補4	01	4	7004	儀式素材【コモンA】レベル5	0x40001B5C	0xB0001B5C	2	100	0	52901200	52901200
101252040	宝箱（大）【レベル5_ローラン】1F　候補5	01	4	7004	儀式素材【コモンA】レベル5	0x40001B5C	0xB0001B5C	2	100	0	52901200	52901200
101252050	宝箱（大）【レベル5_ローラン】1F　候補6	01	4	7004	儀式素材【コモンA】レベル5	0x40001B5C	0xB0001B5C	1	100	0	52901200	52901200
101252060	宝箱（大）【レベル5_ローラン】1F　候補7	01	4	7004	儀式素材【コモンA】レベル5	0x40001B5C	0xB0001B5C	1	100	0	52901200	52901200
101252070	宝箱（大）【レベル5_ローラン】1F　候補8	01	4	7004	儀式素材【コモンA】レベル5	0x40001B5C	0xB0001B5C	1	100	0	52901200	52901200
101252080	宝箱（大）【レベル5_ローラン】1F　候補9	01	8	80310				1	100	0	52901200	52901200
101252090	宝箱（大）【レベル5_ローラン】1F　候補10	01	8	80311				1	100	0	52901200	52901200
101252100	宝箱（大）【レベル5_ローラン】2F　候補1	01	4	7004	儀式素材【コモンA】レベル5	0x40001B5C	0xB0001B5C	6	100	0	52901200	52901200
101252110	宝箱（大）【レベル5_ローラン】2F　候補2	01	4	7014	儀式素材【コモンB】レベル5	0x40001B66	0xB0001B66	6	100	0	52901200	52901200
101252120	宝箱（大）【レベル5_ローラン】2F　候補3	01	4	7140	儀式素材【アンコモンE】レベル1	0x40001BE4	0xB0001BE4	2	100	0	52901200	52901200
101252130	宝箱（大）【レベル5_ローラン】2F　候補4	01	4	7140	儀式素材【アンコモンE】レベル1	0x40001BE4	0xB0001BE4	2	100	0	52901200	52901200
101252140	宝箱（大）【レベル5_ローラン】2F　候補5	01	4	7140	儀式素材【アンコモンE】レベル1	0x40001BE4	0xB0001BE4	1	100	0	52901200	52901200
101252150	宝箱（大）【レベル5_ローラン】2F　候補6	01	4	7140	儀式素材【アンコモンE】レベル1	0x40001BE4	0xB0001BE4	1	100	0	52901200	52901200
101252160	宝箱（大）【レベル5_ローラン】2F　候補7	01	4	7121	儀式素材【アンコモンC】レベル2	0x40001BD1	0xB0001BD1	3	100	0	52901200	52901200
101252170	宝箱（大）【レベル5_ローラン】2F　候補8	01	4	7121	儀式素材【アンコモンC】レベル2	0x40001BD1	0xB0001BD1	2	100	0	52901200	52901200
101252180	宝箱（大）【レベル5_ローラン】2F　候補9	01	8	80320				1	100	0	52901200	52901200
101252190	宝箱（大）【レベル5_ローラン】2F　候補10	01	4	7110	儀式素材【アンコモンB】レベル1	0x40001BC6	0xB0001BC6	1	100	0	52901200	52901200
101252200	宝箱（大）【レベル5_ローラン】3F　候補1	01	4	7004	儀式素材【コモンA】レベル5	0x40001B5C	0xB0001B5C	9	100	0	52901200	52901200
101252210	宝箱（大）【レベル5_ローラン】3F　候補2	01	4	7014	儀式素材【コモンB】レベル5	0x40001B66	0xB0001B66	9	100	0	52901200	52901200
101252220	宝箱（大）【レベル5_ローラン】3F　候補3	01	4	7140	儀式素材【アンコモンE】レベル1	0x40001BE4	0xB0001BE4	4	100	0	52901200	52901200
101252230	宝箱（大）【レベル5_ローラン】3F　候補4	01	4	7140	儀式素材【アンコモンE】レベル1	0x40001BE4	0xB0001BE4	4	100	0	52901200	52901200
101252240	宝箱（大）【レベル5_ローラン】3F　候補5	01	4	7140	儀式素材【アンコモンE】レベル1	0x40001BE4	0xB0001BE4	3	100	0	52901200	52901200
101252250	宝箱（大）【レベル5_ローラン】3F　候補6	01	4	7140	儀式素材【アンコモンE】レベル1	0x40001BE4	0xB0001BE4	3	100	0	52901200	52901200
101252260	宝箱（大）【レベル5_ローラン】3F　候補7	01	4	7121	儀式素材【アンコモンC】レベル2	0x40001BD1	0xB0001BD1	6	100	0	52901200	52901200
101252270	宝箱（大）【レベル5_ローラン】3F　候補8	01	4	7121	儀式素材【アンコモンC】レベル2	0x40001BD1	0xB0001BD1	5	100	0	52901200	52901200
101252280	宝箱（大）【レベル5_ローラン】3F　候補9	01	4	7110	儀式素材【アンコモンB】レベル1	0x40001BC6	0xB0001BC6	1	100	0	52901200	52901200
101252290	宝箱（大）【レベル5_ローラン】3F　候補10	01	8	80320				1	100	0	52901200	52901200
101252300	宝箱（大）【レベル5_ローラン】4F　候補1	01	4	7004	儀式素材【コモンA】レベル5	0x40001B5C	0xB0001B5C	12	100	0	52901200	52901200
101252310	宝箱（大）【レベル5_ローラン】4F　候補2	01	4	7014	儀式素材【コモンB】レベル5	0x40001B66	0xB0001B66	12	100	0	52901200	52901200
101252320	宝箱（大）【レベル5_ローラン】4F　候補3	01	4	7140	儀式素材【アンコモンE】レベル1	0x40001BE4	0xB0001BE4	6	100	0	52901200	52901200
101252330	宝箱（大）【レベル5_ローラン】4F　候補4	01	4	7140	儀式素材【アンコモンE】レベル1	0x40001BE4	0xB0001BE4	6	100	0	52901200	52901200
101252340	宝箱（大）【レベル5_ローラン】4F　候補5	01	4	7140	儀式素材【アンコモンE】レベル1	0x40001BE4	0xB0001BE4	5	100	0	52901200	52901200
101252350	宝箱（大）【レベル5_ローラン】4F　候補6	01	4	7140	儀式素材【アンコモンE】レベル1	0x40001BE4	0xB0001BE4	5	100	0	52901200	52901200
101252360	宝箱（大）【レベル5_ローラン】4F　候補7	01	4	7121	儀式素材【アンコモンC】レベル2	0x40001BD1	0xB0001BD1	9	100	0	52901200	52901200
101252370	宝箱（大）【レベル5_ローラン】4F　候補8	01	4	7121	儀式素材【アンコモンC】レベル2	0x40001BD1	0xB0001BD1	8	100	0	52901200	52901200
101252380	宝箱（大）【レベル5_ローラン】4F　候補9	01	4	7110	儀式素材【アンコモンB】レベル1	0x40001BC6	0xB0001BC6	2	100	0	52901200	52901200
101252390	宝箱（大）【レベル5_ローラン】4F　候補10	01	8	80340				1	100	0	52901200	52901200
101253000	宝箱（大）【レベル5_イズ】1F　候補1	01	4	7004	儀式素材【コモンA】レベル5	0x40001B5C	0xB0001B5C	2	100	0	52901200	52901200
101253010	宝箱（大）【レベル5_イズ】1F　候補2	01	4	7004	儀式素材【コモンA】レベル5	0x40001B5C	0xB0001B5C	2	100	0	52901200	52901200
101253020	宝箱（大）【レベル5_イズ】1F　候補3	01	4	7004	儀式素材【コモンA】レベル5	0x40001B5C	0xB0001B5C	2	100	0	52901200	52901200
101253030	宝箱（大）【レベル5_イズ】1F　候補4	01	4	7004	儀式素材【コモンA】レベル5	0x40001B5C	0xB0001B5C	2	100	0	52901200	52901200
101253040	宝箱（大）【レベル5_イズ】1F　候補5	01	4	7004	儀式素材【コモンA】レベル5	0x40001B5C	0xB0001B5C	2	100	0	52901200	52901200
101253050	宝箱（大）【レベル5_イズ】1F　候補6	01	4	7004	儀式素材【コモンA】レベル5	0x40001B5C	0xB0001B5C	2	100	0	52901200	52901200
101253060	宝箱（大）【レベル5_イズ】1F　候補7	01	4	7004	儀式素材【コモンA】レベル5	0x40001B5C	0xB0001B5C	1	100	0	52901200	52901200
101253070	宝箱（大）【レベル5_イズ】1F　候補8	01	4	7004	儀式素材【コモンA】レベル5	0x40001B5C	0xB0001B5C	1	100	0	52901200	52901200
101253080	宝箱（大）【レベル5_イズ】1F　候補9	01	8	80410				1	100	0	52901200	52901200
101253090	宝箱（大）【レベル5_イズ】1F　候補10	01	8	80410				1	100	0	52901200	52901200
101253100	宝箱（大）【レベル5_イズ】2F　候補1	01	4	7004	儀式素材【コモンA】レベル5	0x40001B5C	0xB0001B5C	6	100	0	52901200	52901200
101253110	宝箱（大）【レベル5_イズ】2F　候補2	01	4	7100	儀式素材【アンコモンA】レベル1	0x40001BBC	0xB0001BBC	6	100	0	52901200	52901200
101253120	宝箱（大）【レベル5_イズ】2F　候補3	01	4	7100	儀式素材【アンコモンA】レベル1	0x40001BBC	0xB0001BBC	6	100	0	52901200	52901200
101253130	宝箱（大）【レベル5_イズ】2F　候補4	01	4	7024	儀式素材【コモンC】レベル5	0x40001B70	0xB0001B70	4	100	0	52901200	52901200
101253140	宝箱（大）【レベル5_イズ】2F　候補5	01	4	7004	儀式素材【コモンA】レベル5	0x40001B5C	0xB0001B5C	4	100	0	52901200	52901200
101253150	宝箱（大）【レベル5_イズ】2F　候補6	01	4	7140	儀式素材【アンコモンE】レベル1	0x40001BE4	0xB0001BE4	2	100	0	52901200	52901200
101253160	宝箱（大）【レベル5_イズ】2F　候補7	01	4	7121	儀式素材【アンコモンC】レベル2	0x40001BD1	0xB0001BD1	3	100	0	52901200	52901200
101253170	宝箱（大）【レベル5_イズ】2F　候補8	01	4	7131	儀式素材【アンコモンD】レベル2	0x40001BDB	0xB0001BDB	3	100	0	52901200	52901200
101253180	宝箱（大）【レベル5_イズ】2F　候補9	01	8	80420				1	100	0	52901200	52901200
101253190	宝箱（大）【レベル5_イズ】2F　候補10	01	8	80420				1	100	0	52901200	52901200
101253200	宝箱（大）【レベル5_イズ】3F　候補1	01	4	7004	儀式素材【コモンA】レベル5	0x40001B5C	0xB0001B5C	9	100	0	52901200	52901200
101253210	宝箱（大）【レベル5_イズ】3F　候補2	01	4	7100	儀式素材【アンコモンA】レベル1	0x40001BBC	0xB0001BBC	9	100	0	52901200	52901200
101253220	宝箱（大）【レベル5_イズ】3F　候補3	01	4	7100	儀式素材【アンコモンA】レベル1	0x40001BBC	0xB0001BBC	9	100	0	52901200	52901200
101253230	宝箱（大）【レベル5_イズ】3F　候補4	01	4	7024	儀式素材【コモンC】レベル5	0x40001B70	0xB0001B70	6	100	0	52901200	52901200
101253240	宝箱（大）【レベル5_イズ】3F　候補5	01	4	7131	儀式素材【アンコモンD】レベル2	0x40001BDB	0xB0001BDB	4	100	0	52901200	52901200
101253250	宝箱（大）【レベル5_イズ】3F　候補6	01	4	7140	儀式素材【アンコモンE】レベル1	0x40001BE4	0xB0001BE4	4	100	0	52901200	52901200
101253260	宝箱（大）【レベル5_イズ】3F　候補7	01	4	7121	儀式素材【アンコモンC】レベル2	0x40001BD1	0xB0001BD1	6	100	0	52901200	52901200
101253270	宝箱（大）【レベル5_イズ】3F　候補8	01	4	7131	儀式素材【アンコモンD】レベル2	0x40001BDB	0xB0001BDB	3	100	0	52901200	52901200
101253280	宝箱（大）【レベル5_イズ】3F　候補9	01	4	7110	儀式素材【アンコモンB】レベル1	0x40001BC6	0xB0001BC6	1	100	0	52901200	52901200
101253290	宝箱（大）【レベル5_イズ】3F　候補10	01	8	80420				1	100	0	52901200	52901200
101253300	宝箱（大）【レベル5_イズ】4F　候補1	01	4	7004	儀式素材【コモンA】レベル5	0x40001B5C	0xB0001B5C	12	100	0	52901200	52901200
101253310	宝箱（大）【レベル5_イズ】4F　候補2	01	4	7100	儀式素材【アンコモンA】レベル1	0x40001BBC	0xB0001BBC	12	100	0	52901200	52901200
101253320	宝箱（大）【レベル5_イズ】4F　候補3	01	4	7100	儀式素材【アンコモンA】レベル1	0x40001BBC	0xB0001BBC	12	100	0	52901200	52901200
101253330	宝箱（大）【レベル5_イズ】4F　候補4	01	4	7024	儀式素材【コモンC】レベル5	0x40001B70	0xB0001B70	8	100	0	52901200	52901200
101253340	宝箱（大）【レベル5_イズ】4F　候補5	01	4	7131	儀式素材【アンコモンD】レベル2	0x40001BDB	0xB0001BDB	6	100	0	52901200	52901200
101253350	宝箱（大）【レベル5_イズ】4F　候補6	01	4	7140	儀式素材【アンコモンE】レベル1	0x40001BE4	0xB0001BE4	6	100	0	52901200	52901200
101253360	宝箱（大）【レベル5_イズ】4F　候補7	01	4	7121	儀式素材【アンコモンC】レベル2	0x40001BD1	0xB0001BD1	9	100	0	52901200	52901200
101253370	宝箱（大）【レベル5_イズ】4F　候補8	01	4	7121	儀式素材【アンコモンC】レベル2	0x40001BD1	0xB0001BD1	8	100	0	52901200	52901200
101253380	宝箱（大）【レベル5_イズ】4F　候補9	01	4	7110	儀式素材【アンコモンB】レベル1	0x40001BC6	0xB0001BC6	2	100	0	52901200	52901200
101253390	宝箱（大）【レベル5_イズ】4F　候補10	01	8	80440				1	100	0	52901200	52901200
101310000	宝箱（中）【レベル1_トゥメル】1F　候補1	01	4	7000	儀式素材【コモンA】レベル1	0x40001B58	0xB0001B58	2	100	0	52901300	52901300
101310010	宝箱（中）【レベル1_トゥメル】1F　候補2	01	4	7000	儀式素材【コモンA】レベル1	0x40001B58	0xB0001B58	2	100	0	52901300	52901300
101310020	宝箱（中）【レベル1_トゥメル】1F　候補3	01	4	7000	儀式素材【コモンA】レベル1	0x40001B58	0xB0001B58	2	100	0	52901300	52901300
101310030	宝箱（中）【レベル1_トゥメル】1F　候補4	01	4	7000	儀式素材【コモンA】レベル1	0x40001B58	0xB0001B58	1	100	0	52901300	52901300
101310040	宝箱（中）【レベル1_トゥメル】1F　候補5	01	4	7000	儀式素材【コモンA】レベル1	0x40001B58	0xB0001B58	1	100	0	52901300	52901300
101310050	宝箱（中）【レベル1_トゥメル】1F　候補6	01	4	7000	儀式素材【コモンA】レベル1	0x40001B58	0xB0001B58	1	100	0	52901300	52901300
101310060	宝箱（中）【レベル1_トゥメル】1F　候補7	01	4	7000	儀式素材【コモンA】レベル1	0x40001B58	0xB0001B58	1	100	0	52901300	52901300
101310070	宝箱（中）【レベル1_トゥメル】1F　候補8	01	4	7000	儀式素材【コモンA】レベル1	0x40001B58	0xB0001B58	1	100	0	52901300	52901300
101310080	宝箱（中）【レベル1_トゥメル】1F　候補9	01	4	7000	儀式素材【コモンA】レベル1	0x40001B58	0xB0001B58	1	100	0	52901300	52901300
101310090	宝箱（中）【レベル1_トゥメル】1F　候補10	01	8	81110				1	100	0	52901300	52901300
101310100	宝箱（中）【レベル1_トゥメル】2F　候補1	01	4	7000	儀式素材【コモンA】レベル1	0x40001B58	0xB0001B58	4	100	0	52901300	52901300
101310110	宝箱（中）【レベル1_トゥメル】2F　候補2	01	4	7001	儀式素材【コモンA】レベル2	0x40001B59	0xB0001B59	2	100	0	52901300	52901300
101310120	宝箱（中）【レベル1_トゥメル】2F　候補3	01	4	7001	儀式素材【コモンA】レベル2	0x40001B59	0xB0001B59	2	100	0	52901300	52901300
101310130	宝箱（中）【レベル1_トゥメル】2F　候補4	01	4	7001	儀式素材【コモンA】レベル2	0x40001B59	0xB0001B59	1	100	0	52901300	52901300
101310140	宝箱（中）【レベル1_トゥメル】2F　候補5	01	4	7001	儀式素材【コモンA】レベル2	0x40001B59	0xB0001B59	1	100	0	52901300	52901300
101310150	宝箱（中）【レベル1_トゥメル】2F　候補6	01	4	7020	儀式素材【コモンC】レベル1	0x40001B6C	0xB0001B6C	2	100	0	52901300	52901300
101310160	宝箱（中）【レベル1_トゥメル】2F　候補7	01	4	7020	儀式素材【コモンC】レベル1	0x40001B6C	0xB0001B6C	2	100	0	52901300	52901300
101310170	宝箱（中）【レベル1_トゥメル】2F　候補8	01	4	7020	儀式素材【コモンC】レベル1	0x40001B6C	0xB0001B6C	1	100	0	52901300	52901300
101310180	宝箱（中）【レベル1_トゥメル】2F　候補9	01	4	7020	儀式素材【コモンC】レベル1	0x40001B6C	0xB0001B6C	1	100	0	52901300	52901300
101310190	宝箱（中）【レベル1_トゥメル】2F　候補10	01	8	81120				1	100	0	52901300	52901300
101310200	宝箱（中）【レベル1_トゥメル】3F　候補1	01	4	7000	儀式素材【コモンA】レベル1	0x40001B58	0xB0001B58	6	100	0	52901300	52901300
101310210	宝箱（中）【レベル1_トゥメル】3F　候補2	01	4	7001	儀式素材【コモンA】レベル2	0x40001B59	0xB0001B59	4	100	0	52901300	52901300
101310220	宝箱（中）【レベル1_トゥメル】3F　候補3	01	4	7020	儀式素材【コモンC】レベル1	0x40001B6C	0xB0001B6C	3	100	0	52901300	52901300
101310230	宝箱（中）【レベル1_トゥメル】3F　候補4	01	4	7001	儀式素材【コモンA】レベル2	0x40001B59	0xB0001B59	3	100	0	52901300	52901300
101310240	宝箱（中）【レベル1_トゥメル】3F　候補5	01	4	7001	儀式素材【コモンA】レベル2	0x40001B59	0xB0001B59	3	100	0	52901300	52901300
101310250	宝箱（中）【レベル1_トゥメル】3F　候補6	01	4	7020	儀式素材【コモンC】レベル1	0x40001B6C	0xB0001B6C	4	100	0	52901300	52901300
101310260	宝箱（中）【レベル1_トゥメル】3F　候補7	01	4	7020	儀式素材【コモンC】レベル1	0x40001B6C	0xB0001B6C	4	100	0	52901300	52901300
101310270	宝箱（中）【レベル1_トゥメル】3F　候補8	01	4	7020	儀式素材【コモンC】レベル1	0x40001B6C	0xB0001B6C	3	100	0	52901300	52901300
101310280	宝箱（中）【レベル1_トゥメル】3F　候補9	01	4	7020	儀式素材【コモンC】レベル1	0x40001B6C	0xB0001B6C	3	100	0	52901300	52901300
101310290	宝箱（中）【レベル1_トゥメル】3F　候補10	01	8	81120				1	100	0	52901300	52901300
101310300	宝箱（中）【レベル1_トゥメル】4F　候補1	01	4	7000	儀式素材【コモンA】レベル1	0x40001B58	0xB0001B58	8	100	0	52901300	52901300
101310310	宝箱（中）【レベル1_トゥメル】4F　候補2	01	4	7001	儀式素材【コモンA】レベル2	0x40001B59	0xB0001B59	6	100	0	52901300	52901300
101310320	宝箱（中）【レベル1_トゥメル】4F　候補3	01	4	7001	儀式素材【コモンA】レベル2	0x40001B59	0xB0001B59	6	100	0	52901300	52901300
101310330	宝箱（中）【レベル1_トゥメル】4F　候補4	01	4	7001	儀式素材【コモンA】レベル2	0x40001B59	0xB0001B59	5	100	0	52901300	52901300
101310340	宝箱（中）【レベル1_トゥメル】4F　候補5	01	4	7001	儀式素材【コモンA】レベル2	0x40001B59	0xB0001B59	5	100	0	52901300	52901300
101310350	宝箱（中）【レベル1_トゥメル】4F　候補6	01	4	7020	儀式素材【コモンC】レベル1	0x40001B6C	0xB0001B6C	6	100	0	52901300	52901300
101310360	宝箱（中）【レベル1_トゥメル】4F　候補7	01	4	7020	儀式素材【コモンC】レベル1	0x40001B6C	0xB0001B6C	6	100	0	52901300	52901300
101310370	宝箱（中）【レベル1_トゥメル】4F　候補8	01	4	7020	儀式素材【コモンC】レベル1	0x40001B6C	0xB0001B6C	5	100	0	52901300	52901300
101310380	宝箱（中）【レベル1_トゥメル】4F　候補9	01	4	7020	儀式素材【コモンC】レベル1	0x40001B6C	0xB0001B6C	5	100	0	52901300	52901300
101310390	宝箱（中）【レベル1_トゥメル】4F　候補10	01	8	81140				1	100	0	52901300	52901300
101320000	宝箱（中）【レベル2_トゥメル】1F　候補1	01	4	7001	儀式素材【コモンA】レベル2	0x40001B59	0xB0001B59	2	100	0	52901300	52901300
101320010	宝箱（中）【レベル2_トゥメル】1F　候補2	01	4	7001	儀式素材【コモンA】レベル2	0x40001B59	0xB0001B59	2	100	0	52901300	52901300
101320020	宝箱（中）【レベル2_トゥメル】1F　候補3	01	4	7001	儀式素材【コモンA】レベル2	0x40001B59	0xB0001B59	2	100	0	52901300	52901300
101320030	宝箱（中）【レベル2_トゥメル】1F　候補4	01	4	7001	儀式素材【コモンA】レベル2	0x40001B59	0xB0001B59	1	100	0	52901300	52901300
101320040	宝箱（中）【レベル2_トゥメル】1F　候補5	01	4	7001	儀式素材【コモンA】レベル2	0x40001B59	0xB0001B59	1	100	0	52901300	52901300
101320050	宝箱（中）【レベル2_トゥメル】1F　候補6	01	4	7001	儀式素材【コモンA】レベル2	0x40001B59	0xB0001B59	1	100	0	52901300	52901300
101320060	宝箱（中）【レベル2_トゥメル】1F　候補7	01	4	7001	儀式素材【コモンA】レベル2	0x40001B59	0xB0001B59	1	100	0	52901300	52901300
101320070	宝箱（中）【レベル2_トゥメル】1F　候補8	01	4	7001	儀式素材【コモンA】レベル2	0x40001B59	0xB0001B59	1	100	0	52901300	52901300
101320080	宝箱（中）【レベル2_トゥメル】1F　候補9	01	4	7001	儀式素材【コモンA】レベル2	0x40001B59	0xB0001B59	1	100	0	52901300	52901300
101320090	宝箱（中）【レベル2_トゥメル】1F　候補10	01	8	81110				1	100	0	52901300	52901300
101320100	宝箱（中）【レベル2_トゥメル】2F　候補1	01	4	7001	儀式素材【コモンA】レベル2	0x40001B59	0xB0001B59	4	100	0	52901300	52901300
101320110	宝箱（中）【レベル2_トゥメル】2F　候補2	01	4	7002	儀式素材【コモンA】レベル3	0x40001B5A	0xB0001B5A	2	100	0	52901300	52901300
101320120	宝箱（中）【レベル2_トゥメル】2F　候補3	01	4	7002	儀式素材【コモンA】レベル3	0x40001B5A	0xB0001B5A	2	100	0	52901300	52901300
101320130	宝箱（中）【レベル2_トゥメル】2F　候補4	01	4	7002	儀式素材【コモンA】レベル3	0x40001B5A	0xB0001B5A	1	100	0	52901300	52901300
101320140	宝箱（中）【レベル2_トゥメル】2F　候補5	01	4	7002	儀式素材【コモンA】レベル3	0x40001B5A	0xB0001B5A	1	100	0	52901300	52901300
101320150	宝箱（中）【レベル2_トゥメル】2F　候補6	01	4	7021	儀式素材【コモンC】レベル2	0x40001B6D	0xB0001B6D	2	100	0	52901300	52901300
101320160	宝箱（中）【レベル2_トゥメル】2F　候補7	01	4	7021	儀式素材【コモンC】レベル2	0x40001B6D	0xB0001B6D	2	100	0	52901300	52901300
101320170	宝箱（中）【レベル2_トゥメル】2F　候補8	01	4	7021	儀式素材【コモンC】レベル2	0x40001B6D	0xB0001B6D	1	100	0	52901300	52901300
101320180	宝箱（中）【レベル2_トゥメル】2F　候補9	01	4	7021	儀式素材【コモンC】レベル2	0x40001B6D	0xB0001B6D	1	100	0	52901300	52901300
101320190	宝箱（中）【レベル2_トゥメル】2F　候補10	01	8	81120				1	100	0	52901300	52901300
101320200	宝箱（中）【レベル2_トゥメル】3F　候補1	01	4	7002	儀式素材【コモンA】レベル3	0x40001B5A	0xB0001B5A	2	100	0	52901300	52901300
101320210	宝箱（中）【レベル2_トゥメル】3F　候補2	01	4	7002	儀式素材【コモンA】レベル3	0x40001B5A	0xB0001B5A	4	100	0	52901300	52901300
101320220	宝箱（中）【レベル2_トゥメル】3F　候補3	01	4	7002	儀式素材【コモンA】レベル3	0x40001B5A	0xB0001B5A	4	100	0	52901300	52901300
101320230	宝箱（中）【レベル2_トゥメル】3F　候補4	01	4	7002	儀式素材【コモンA】レベル3	0x40001B5A	0xB0001B5A	3	100	0	52901300	52901300
101320240	宝箱（中）【レベル2_トゥメル】3F　候補5	01	4	7002	儀式素材【コモンA】レベル3	0x40001B5A	0xB0001B5A	3	100	0	52901300	52901300
101320250	宝箱（中）【レベル2_トゥメル】3F　候補6	01	4	7021	儀式素材【コモンC】レベル2	0x40001B6D	0xB0001B6D	4	100	0	52901300	52901300
101320260	宝箱（中）【レベル2_トゥメル】3F　候補7	01	4	7021	儀式素材【コモンC】レベル2	0x40001B6D	0xB0001B6D	4	100	0	52901300	52901300
101320270	宝箱（中）【レベル2_トゥメル】3F　候補8	01	4	7021	儀式素材【コモンC】レベル2	0x40001B6D	0xB0001B6D	3	100	0	52901300	52901300
101320280	宝箱（中）【レベル2_トゥメル】3F　候補9	01	4	7021	儀式素材【コモンC】レベル2	0x40001B6D	0xB0001B6D	3	100	0	52901300	52901300
101320290	宝箱（中）【レベル2_トゥメル】3F　候補10	01	8	81120				1	100	0	52901300	52901300
101320300	宝箱（中）【レベル2_トゥメル】4F　候補1	01	4	7001	儀式素材【コモンA】レベル2	0x40001B59	0xB0001B59	8	100	0	52901300	52901300
101320310	宝箱（中）【レベル2_トゥメル】4F　候補2	01	4	7002	儀式素材【コモンA】レベル3	0x40001B5A	0xB0001B5A	6	100	0	52901300	52901300
101320320	宝箱（中）【レベル2_トゥメル】4F　候補3	01	4	7002	儀式素材【コモンA】レベル3	0x40001B5A	0xB0001B5A	6	100	0	52901300	52901300
101320330	宝箱（中）【レベル2_トゥメル】4F　候補4	01	4	7002	儀式素材【コモンA】レベル3	0x40001B5A	0xB0001B5A	5	100	0	52901300	52901300
101320340	宝箱（中）【レベル2_トゥメル】4F　候補5	01	4	7002	儀式素材【コモンA】レベル3	0x40001B5A	0xB0001B5A	5	100	0	52901300	52901300
101320350	宝箱（中）【レベル2_トゥメル】4F　候補6	01	4	7021	儀式素材【コモンC】レベル2	0x40001B6D	0xB0001B6D	6	100	0	52901300	52901300
101320360	宝箱（中）【レベル2_トゥメル】4F　候補7	01	4	7021	儀式素材【コモンC】レベル2	0x40001B6D	0xB0001B6D	6	100	0	52901300	52901300
101320370	宝箱（中）【レベル2_トゥメル】4F　候補8	01	4	7021	儀式素材【コモンC】レベル2	0x40001B6D	0xB0001B6D	5	100	0	52901300	52901300
101320380	宝箱（中）【レベル2_トゥメル】4F　候補9	01	4	7021	儀式素材【コモンC】レベル2	0x40001B6D	0xB0001B6D	5	100	0	52901300	52901300
101320390	宝箱（中）【レベル2_トゥメル】4F　候補10	01	8	81140				1	100	0	52901300	52901300
101321000	宝箱（中）【レベル2_僻墓】1F　候補1	01	4	7001	儀式素材【コモンA】レベル2	0x40001B59	0xB0001B59	2	100	0	52901300	52901300
101321010	宝箱（中）【レベル2_僻墓】1F　候補2	01	4	7001	儀式素材【コモンA】レベル2	0x40001B59	0xB0001B59	2	100	0	52901300	52901300
101321020	宝箱（中）【レベル2_僻墓】1F　候補3	01	4	7001	儀式素材【コモンA】レベル2	0x40001B59	0xB0001B59	2	100	0	52901300	52901300
101321030	宝箱（中）【レベル2_僻墓】1F　候補4	01	4	7001	儀式素材【コモンA】レベル2	0x40001B59	0xB0001B59	1	100	0	52901300	52901300
101321040	宝箱（中）【レベル2_僻墓】1F　候補5	01	4	7001	儀式素材【コモンA】レベル2	0x40001B59	0xB0001B59	1	100	0	52901300	52901300
101321050	宝箱（中）【レベル2_僻墓】1F　候補6	01	4	7001	儀式素材【コモンA】レベル2	0x40001B59	0xB0001B59	1	100	0	52901300	52901300
101321060	宝箱（中）【レベル2_僻墓】1F　候補7	01	4	7001	儀式素材【コモンA】レベル2	0x40001B59	0xB0001B59	1	100	0	52901300	52901300
101321070	宝箱（中）【レベル2_僻墓】1F　候補8	01	4	7001	儀式素材【コモンA】レベル2	0x40001B59	0xB0001B59	1	100	0	52901300	52901300
101321080	宝箱（中）【レベル2_僻墓】1F　候補9	01	4	7001	儀式素材【コモンA】レベル2	0x40001B59	0xB0001B59	1	100	0	52901300	52901300
101321090	宝箱（中）【レベル2_僻墓】1F　候補10	01	8	81210				1	100	0	52901300	52901300
101321100	宝箱（中）【レベル2_僻墓】2F　候補1	01	4	7001	儀式素材【コモンA】レベル2	0x40001B59	0xB0001B59	4	100	0	52901300	52901300
101321110	宝箱（中）【レベル2_僻墓】2F　候補2	01	4	7002	儀式素材【コモンA】レベル3	0x40001B5A	0xB0001B5A	1	100	0	52901300	52901300
101321120	宝箱（中）【レベル2_僻墓】2F　候補3	01	4	7021	儀式素材【コモンC】レベル2	0x40001B6D	0xB0001B6D	4	100	0	52901300	52901300
101321130	宝箱（中）【レベル2_僻墓】2F　候補4	01	4	7001	儀式素材【コモンA】レベル2	0x40001B59	0xB0001B59	2	100	0	52901300	52901300
101321140	宝箱（中）【レベル2_僻墓】2F　候補5	01	4	7021	儀式素材【コモンC】レベル2	0x40001B6D	0xB0001B6D	3	100	0	52901300	52901300
101321150	宝箱（中）【レベル2_僻墓】2F　候補6	01	4	7150	儀式素材【アンコモンF】レベル1	0x40001BEE	0xB0001BEE	2	100	0	52901300	52901300
101321160	宝箱（中）【レベル2_僻墓】2F　候補7	01	4	7150	儀式素材【アンコモンF】レベル1	0x40001BEE	0xB0001BEE	1	100	0	52901300	52901300
101321170	宝箱（中）【レベル2_僻墓】2F　候補8	01	4	7150	儀式素材【アンコモンF】レベル1	0x40001BEE	0xB0001BEE	1	100	0	52901300	52901300
101321180	宝箱（中）【レベル2_僻墓】2F　候補9	01	4	7120	儀式素材【アンコモンC】レベル1	0x40001BD0	0xB0001BD0	1	100	0	52901300	52901300
101321190	宝箱（中）【レベル2_僻墓】2F　候補10	01	8	81220				1	100	0	52901300	52901300
101321200	宝箱（中）【レベル2_僻墓】3F　候補1	01	4	7001	儀式素材【コモンA】レベル2	0x40001B59	0xB0001B59	6	100	0	52901300	52901300
101321210	宝箱（中）【レベル2_僻墓】3F　候補2	01	4	7002	儀式素材【コモンA】レベル3	0x40001B5A	0xB0001B5A	1	100	0	52901300	52901300
101321220	宝箱（中）【レベル2_僻墓】3F　候補3	01	4	7021	儀式素材【コモンC】レベル2	0x40001B6D	0xB0001B6D	6	100	0	52901300	52901300
101321230	宝箱（中）【レベル2_僻墓】3F　候補4	01	4	7021	儀式素材【コモンC】レベル2	0x40001B6D	0xB0001B6D	6	100	0	52901300	52901300
101321240	宝箱（中）【レベル2_僻墓】3F　候補5	01	4	7021	儀式素材【コモンC】レベル2	0x40001B6D	0xB0001B6D	5	100	0	52901300	52901300
101321250	宝箱（中）【レベル2_僻墓】3F　候補6	01	4	7150	儀式素材【アンコモンF】レベル1	0x40001BEE	0xB0001BEE	2	100	0	52901300	52901300
101321260	宝箱（中）【レベル2_僻墓】3F　候補7	01	4	7150	儀式素材【アンコモンF】レベル1	0x40001BEE	0xB0001BEE	3	100	0	52901300	52901300
101321270	宝箱（中）【レベル2_僻墓】3F　候補8	01	4	7150	儀式素材【アンコモンF】レベル1	0x40001BEE	0xB0001BEE	3	100	0	52901300	52901300
101321280	宝箱（中）【レベル2_僻墓】3F　候補9	01	4	7001	儀式素材【コモンA】レベル2	0x40001B59	0xB0001B59	1	100	0	52901300	52901300
101321290	宝箱（中）【レベル2_僻墓】3F　候補10	01	8	81220				1	100	0	52901300	52901300
101321300	宝箱（中）【レベル2_僻墓】4F　候補1	01	4	7001	儀式素材【コモンA】レベル2	0x40001B59	0xB0001B59	8	100	0	52901300	52901300
101321310	宝箱（中）【レベル2_僻墓】4F　候補2	01	4	7002	儀式素材【コモンA】レベル3	0x40001B5A	0xB0001B5A	5	100	0	52901300	52901300
101321320	宝箱（中）【レベル2_僻墓】4F　候補3	01	4	7021	儀式素材【コモンC】レベル2	0x40001B6D	0xB0001B6D	8	100	0	52901300	52901300
101321330	宝箱（中）【レベル2_僻墓】4F　候補4	01	4	7021	儀式素材【コモンC】レベル2	0x40001B6D	0xB0001B6D	8	100	0	52901300	52901300
101321340	宝箱（中）【レベル2_僻墓】4F　候補5	01	4	7021	儀式素材【コモンC】レベル2	0x40001B6D	0xB0001B6D	7	100	0	52901300	52901300
101321350	宝箱（中）【レベル2_僻墓】4F　候補6	01	4	7150	儀式素材【アンコモンF】レベル1	0x40001BEE	0xB0001BEE	6	100	0	52901300	52901300
101321360	宝箱（中）【レベル2_僻墓】4F　候補7	01	4	7150	儀式素材【アンコモンF】レベル1	0x40001BEE	0xB0001BEE	5	100	0	52901300	52901300
101321370	宝箱（中）【レベル2_僻墓】4F　候補8	01	4	7150	儀式素材【アンコモンF】レベル1	0x40001BEE	0xB0001BEE	5	100	0	52901300	52901300
101321380	宝箱（中）【レベル2_僻墓】4F　候補9	01	4	7120	儀式素材【アンコモンC】レベル1	0x40001BD0	0xB0001BD0	2	100	0	52901300	52901300
101321390	宝箱（中）【レベル2_僻墓】4F　候補10	01	8	81240				1	100	0	52901300	52901300
101330000	宝箱（中）【レベル3_トゥメル】1F　候補1	01	4	7002	儀式素材【コモンA】レベル3	0x40001B5A	0xB0001B5A	2	100	0	52901300	52901300
101330010	宝箱（中）【レベル3_トゥメル】1F　候補2	01	4	7002	儀式素材【コモンA】レベル3	0x40001B5A	0xB0001B5A	2	100	0	52901300	52901300
101330020	宝箱（中）【レベル3_トゥメル】1F　候補3	01	4	7002	儀式素材【コモンA】レベル3	0x40001B5A	0xB0001B5A	2	100	0	52901300	52901300
101330030	宝箱（中）【レベル3_トゥメル】1F　候補4	01	4	7002	儀式素材【コモンA】レベル3	0x40001B5A	0xB0001B5A	1	100	0	52901300	52901300
101330040	宝箱（中）【レベル3_トゥメル】1F　候補5	01	4	7002	儀式素材【コモンA】レベル3	0x40001B5A	0xB0001B5A	1	100	0	52901300	52901300
101330050	宝箱（中）【レベル3_トゥメル】1F　候補6	01	4	7002	儀式素材【コモンA】レベル3	0x40001B5A	0xB0001B5A	1	100	0	52901300	52901300
101330060	宝箱（中）【レベル3_トゥメル】1F　候補7	01	4	7002	儀式素材【コモンA】レベル3	0x40001B5A	0xB0001B5A	1	100	0	52901300	52901300
101330070	宝箱（中）【レベル3_トゥメル】1F　候補8	01	4	7002	儀式素材【コモンA】レベル3	0x40001B5A	0xB0001B5A	1	100	0	52901300	52901300
101330080	宝箱（中）【レベル3_トゥメル】1F　候補9	01	4	7002	儀式素材【コモンA】レベル3	0x40001B5A	0xB0001B5A	1	100	0	52901300	52901300
101330090	宝箱（中）【レベル3_トゥメル】1F　候補10	01	8	81110				1	100	0	52901300	52901300
101330100	宝箱（中）【レベル3_トゥメル】2F　候補1	01	4	7002	儀式素材【コモンA】レベル3	0x40001B5A	0xB0001B5A	4	100	0	52901300	52901300
101330110	宝箱（中）【レベル3_トゥメル】2F　候補2	01	4	7003	儀式素材【コモンA】レベル4	0x40001B5B	0xB0001B5B	2	100	0	52901300	52901300
101330120	宝箱（中）【レベル3_トゥメル】2F　候補3	01	4	7002	儀式素材【コモンA】レベル3	0x40001B5A	0xB0001B5A	3	100	0	52901300	52901300
101330130	宝箱（中）【レベル3_トゥメル】2F　候補4	01	4	7003	儀式素材【コモンA】レベル4	0x40001B5B	0xB0001B5B	1	100	0	52901300	52901300
101330140	宝箱（中）【レベル3_トゥメル】2F　候補5	01	4	7003	儀式素材【コモンA】レベル4	0x40001B5B	0xB0001B5B	1	100	0	52901300	52901300
101330150	宝箱（中）【レベル3_トゥメル】2F　候補6	01	4	7022	儀式素材【コモンC】レベル3	0x40001B6E	0xB0001B6E	2	100	0	52901300	52901300
101330160	宝箱（中）【レベル3_トゥメル】2F　候補7	01	4	7022	儀式素材【コモンC】レベル3	0x40001B6E	0xB0001B6E	2	100	0	52901300	52901300
101330170	宝箱（中）【レベル3_トゥメル】2F　候補8	01	4	7022	儀式素材【コモンC】レベル3	0x40001B6E	0xB0001B6E	1	100	0	52901300	52901300
101330180	宝箱（中）【レベル3_トゥメル】2F　候補9	01	4	7130	儀式素材【アンコモンD】レベル1	0x40001BDA	0xB0001BDA	1	100	0	52901300	52901300
101330190	宝箱（中）【レベル3_トゥメル】2F　候補10	01	4	7022	儀式素材【コモンC】レベル3	0x40001B6E	0xB0001B6E	4	100	0	52901300	52901300
101330200	宝箱（中）【レベル3_トゥメル】3F　候補1	01	4	7002	儀式素材【コモンA】レベル3	0x40001B5A	0xB0001B5A	6	100	0	52901300	52901300
101330210	宝箱（中）【レベル3_トゥメル】3F　候補2	01	4	7003	儀式素材【コモンA】レベル4	0x40001B5B	0xB0001B5B	4	100	0	52901300	52901300
101330220	宝箱（中）【レベル3_トゥメル】3F　候補3	01	4	7120	儀式素材【アンコモンC】レベル1	0x40001BD0	0xB0001BD0	1	100	0	52901300	52901300
101330230	宝箱（中）【レベル3_トゥメル】3F　候補4	01	4	7003	儀式素材【コモンA】レベル4	0x40001B5B	0xB0001B5B	3	100	0	52901300	52901300
101330240	宝箱（中）【レベル3_トゥメル】3F　候補5	01	4	7003	儀式素材【コモンA】レベル4	0x40001B5B	0xB0001B5B	3	100	0	52901300	52901300
101330250	宝箱（中）【レベル3_トゥメル】3F　候補6	01	4	7022	儀式素材【コモンC】レベル3	0x40001B6E	0xB0001B6E	4	100	0	52901300	52901300
101330260	宝箱（中）【レベル3_トゥメル】3F　候補7	01	4	7022	儀式素材【コモンC】レベル3	0x40001B6E	0xB0001B6E	4	100	0	52901300	52901300
101330270	宝箱（中）【レベル3_トゥメル】3F　候補8	01	4	7022	儀式素材【コモンC】レベル3	0x40001B6E	0xB0001B6E	3	100	0	52901300	52901300
101330280	宝箱（中）【レベル3_トゥメル】3F　候補9	01	4	7130	儀式素材【アンコモンD】レベル1	0x40001BDA	0xB0001BDA	1	100	0	52901300	52901300
101330290	宝箱（中）【レベル3_トゥメル】3F　候補10	01	8	81120				1	100	0	52901300	52901300
101330300	宝箱（中）【レベル3_トゥメル】4F　候補1	01	4	7002	儀式素材【コモンA】レベル3	0x40001B5A	0xB0001B5A	8	100	0	52901300	52901300
101330310	宝箱（中）【レベル3_トゥメル】4F　候補2	01	4	7003	儀式素材【コモンA】レベル4	0x40001B5B	0xB0001B5B	6	100	0	52901300	52901300
101330320	宝箱（中）【レベル3_トゥメル】4F　候補3	01	4	7120	儀式素材【アンコモンC】レベル1	0x40001BD0	0xB0001BD0	1	100	0	52901300	52901300
101330330	宝箱（中）【レベル3_トゥメル】4F　候補4	01	4	7003	儀式素材【コモンA】レベル4	0x40001B5B	0xB0001B5B	1	100	0	52901300	52901300
101330340	宝箱（中）【レベル3_トゥメル】4F　候補5	01	4	7003	儀式素材【コモンA】レベル4	0x40001B5B	0xB0001B5B	5	100	0	52901300	52901300
101330350	宝箱（中）【レベル3_トゥメル】4F　候補6	01	4	7022	儀式素材【コモンC】レベル3	0x40001B6E	0xB0001B6E	6	100	0	52901300	52901300
101330360	宝箱（中）【レベル3_トゥメル】4F　候補7	01	8	81120				1	100	0	52901300	52901300
101330370	宝箱（中）【レベル3_トゥメル】4F　候補8	01	4	7120	儀式素材【アンコモンC】レベル1	0x40001BD0	0xB0001BD0	1	100	0	52901300	52901300
101330380	宝箱（中）【レベル3_トゥメル】4F　候補9	01	4	7003	儀式素材【コモンA】レベル4	0x40001B5B	0xB0001B5B	1	100	0	52901300	52901300
101330390	宝箱（中）【レベル3_トゥメル】4F　候補10	01	8	81140				1	100	0	52901300	52901300
101331000	宝箱（中）【レベル3_僻墓】1F　候補1	01	4	7002	儀式素材【コモンA】レベル3	0x40001B5A	0xB0001B5A	2	100	0	52901300	52901300
101331010	宝箱（中）【レベル3_僻墓】1F　候補2	01	4	7002	儀式素材【コモンA】レベル3	0x40001B5A	0xB0001B5A	2	100	0	52901300	52901300
101331020	宝箱（中）【レベル3_僻墓】1F　候補3	01	4	7002	儀式素材【コモンA】レベル3	0x40001B5A	0xB0001B5A	2	100	0	52901300	52901300
101331030	宝箱（中）【レベル3_僻墓】1F　候補4	01	4	7002	儀式素材【コモンA】レベル3	0x40001B5A	0xB0001B5A	1	100	0	52901300	52901300
101331040	宝箱（中）【レベル3_僻墓】1F　候補5	01	4	7002	儀式素材【コモンA】レベル3	0x40001B5A	0xB0001B5A	1	100	0	52901300	52901300
101331050	宝箱（中）【レベル3_僻墓】1F　候補6	01	4	7002	儀式素材【コモンA】レベル3	0x40001B5A	0xB0001B5A	1	100	0	52901300	52901300
101331060	宝箱（中）【レベル3_僻墓】1F　候補7	01	4	7002	儀式素材【コモンA】レベル3	0x40001B5A	0xB0001B5A	1	100	0	52901300	52901300
101331070	宝箱（中）【レベル3_僻墓】1F　候補8	01	4	7002	儀式素材【コモンA】レベル3	0x40001B5A	0xB0001B5A	1	100	0	52901300	52901300
101331080	宝箱（中）【レベル3_僻墓】1F　候補9	01	4	7002	儀式素材【コモンA】レベル3	0x40001B5A	0xB0001B5A	1	100	0	52901300	52901300
101331090	宝箱（中）【レベル3_僻墓】1F　候補10	01	8	81210				1	100	0	52901300	52901300
101331100	宝箱（中）【レベル3_僻墓】2F　候補1	01	4	7002	儀式素材【コモンA】レベル3	0x40001B5A	0xB0001B5A	4	100	0	52901300	52901300
101331110	宝箱（中）【レベル3_僻墓】2F　候補2	01	4	7003	儀式素材【コモンA】レベル4	0x40001B5B	0xB0001B5B	1	100	0	52901300	52901300
101331120	宝箱（中）【レベル3_僻墓】2F　候補3	01	4	7022	儀式素材【コモンC】レベル3	0x40001B6E	0xB0001B6E	4	100	0	52901300	52901300
101331130	宝箱（中）【レベル3_僻墓】2F　候補4	01	4	7022	儀式素材【コモンC】レベル3	0x40001B6E	0xB0001B6E	4	100	0	52901300	52901300
101331140	宝箱（中）【レベル3_僻墓】2F　候補5	01	4	7022	儀式素材【コモンC】レベル3	0x40001B6E	0xB0001B6E	3	100	0	52901300	52901300
101331150	宝箱（中）【レベル3_僻墓】2F　候補6	01	4	7150	儀式素材【アンコモンF】レベル1	0x40001BEE	0xB0001BEE	2	100	0	52901300	52901300
101331160	宝箱（中）【レベル3_僻墓】2F　候補7	01	4	7150	儀式素材【アンコモンF】レベル1	0x40001BEE	0xB0001BEE	1	100	0	52901300	52901300
101331170	宝箱（中）【レベル3_僻墓】2F　候補8	01	4	7150	儀式素材【アンコモンF】レベル1	0x40001BEE	0xB0001BEE	1	100	0	52901300	52901300
101331180	宝箱（中）【レベル3_僻墓】2F　候補9	01	4	7120	儀式素材【アンコモンC】レベル1	0x40001BD0	0xB0001BD0	2	100	0	52901300	52901300
101331190	宝箱（中）【レベル3_僻墓】2F　候補10	01	8	81220				1	100	0	52901300	52901300
101331200	宝箱（中）【レベル3_僻墓】3F　候補1	01	4	7002	儀式素材【コモンA】レベル3	0x40001B5A	0xB0001B5A	6	100	0	52901300	52901300
101331210	宝箱（中）【レベル3_僻墓】3F　候補2	01	4	7003	儀式素材【コモンA】レベル4	0x40001B5B	0xB0001B5B	3	100	0	52901300	52901300
101331220	宝箱（中）【レベル3_僻墓】3F　候補3	01	4	7022	儀式素材【コモンC】レベル3	0x40001B6E	0xB0001B6E	6	100	0	52901300	52901300
101331230	宝箱（中）【レベル3_僻墓】3F　候補4	01	4	7022	儀式素材【コモンC】レベル3	0x40001B6E	0xB0001B6E	6	100	0	52901300	52901300
101331240	宝箱（中）【レベル3_僻墓】3F　候補5	01	4	7022	儀式素材【コモンC】レベル3	0x40001B6E	0xB0001B6E	5	100	0	52901300	52901300
101331250	宝箱（中）【レベル3_僻墓】3F　候補6	01	4	7150	儀式素材【アンコモンF】レベル1	0x40001BEE	0xB0001BEE	4	100	0	52901300	52901300
101331260	宝箱（中）【レベル3_僻墓】3F　候補7	01	4	7150	儀式素材【アンコモンF】レベル1	0x40001BEE	0xB0001BEE	3	100	0	52901300	52901300
101331270	宝箱（中）【レベル3_僻墓】3F　候補8	01	4	7150	儀式素材【アンコモンF】レベル1	0x40001BEE	0xB0001BEE	3	100	0	52901300	52901300
101331280	宝箱（中）【レベル3_僻墓】3F　候補9	01	4	7120	儀式素材【アンコモンC】レベル1	0x40001BD0	0xB0001BD0	4	100	0	52901300	52901300
101331290	宝箱（中）【レベル3_僻墓】3F　候補10	01	8	81220				1	100	0	52901300	52901300
101331300	宝箱（中）【レベル3_僻墓】4F　候補1	01	4	7002	儀式素材【コモンA】レベル3	0x40001B5A	0xB0001B5A	8	100	0	52901300	52901300
101331310	宝箱（中）【レベル3_僻墓】4F　候補2	01	4	7003	儀式素材【コモンA】レベル4	0x40001B5B	0xB0001B5B	5	100	0	52901300	52901300
101331320	宝箱（中）【レベル3_僻墓】4F　候補3	01	4	7022	儀式素材【コモンC】レベル3	0x40001B6E	0xB0001B6E	8	100	0	52901300	52901300
101331330	宝箱（中）【レベル3_僻墓】4F　候補4	01	4	7022	儀式素材【コモンC】レベル3	0x40001B6E	0xB0001B6E	8	100	0	52901300	52901300
101331340	宝箱（中）【レベル3_僻墓】4F　候補5	01	4	7022	儀式素材【コモンC】レベル3	0x40001B6E	0xB0001B6E	7	100	0	52901300	52901300
101331350	宝箱（中）【レベル3_僻墓】4F　候補6	01	4	7150	儀式素材【アンコモンF】レベル1	0x40001BEE	0xB0001BEE	6	100	0	52901300	52901300
101331360	宝箱（中）【レベル3_僻墓】4F　候補7	01	4	7150	儀式素材【アンコモンF】レベル1	0x40001BEE	0xB0001BEE	5	100	0	52901300	52901300
101331370	宝箱（中）【レベル3_僻墓】4F　候補8	01	4	7150	儀式素材【アンコモンF】レベル1	0x40001BEE	0xB0001BEE	5	100	0	52901300	52901300
101331380	宝箱（中）【レベル3_僻墓】4F　候補9	01	4	7120	儀式素材【アンコモンC】レベル1	0x40001BD0	0xB0001BD0	6	100	0	52901300	52901300
101331390	宝箱（中）【レベル3_僻墓】4F　候補10	01	8	81240				1	100	0	52901300	52901300
101340000	宝箱（中）【レベル4_トゥメル】1F　候補1	01	4	7003	儀式素材【コモンA】レベル4	0x40001B5B	0xB0001B5B	2	100	0	52901300	52901300
101340010	宝箱（中）【レベル4_トゥメル】1F　候補2	01	4	7003	儀式素材【コモンA】レベル4	0x40001B5B	0xB0001B5B	2	100	0	52901300	52901300
101340020	宝箱（中）【レベル4_トゥメル】1F　候補3	01	4	7003	儀式素材【コモンA】レベル4	0x40001B5B	0xB0001B5B	2	100	0	52901300	52901300
101340030	宝箱（中）【レベル4_トゥメル】1F　候補4	01	4	7003	儀式素材【コモンA】レベル4	0x40001B5B	0xB0001B5B	1	100	0	52901300	52901300
101340040	宝箱（中）【レベル4_トゥメル】1F　候補5	01	4	7003	儀式素材【コモンA】レベル4	0x40001B5B	0xB0001B5B	1	100	0	52901300	52901300
101340050	宝箱（中）【レベル4_トゥメル】1F　候補6	01	4	7003	儀式素材【コモンA】レベル4	0x40001B5B	0xB0001B5B	1	100	0	52901300	52901300
101340060	宝箱（中）【レベル4_トゥメル】1F　候補7	01	4	7003	儀式素材【コモンA】レベル4	0x40001B5B	0xB0001B5B	1	100	0	52901300	52901300
101340070	宝箱（中）【レベル4_トゥメル】1F　候補8	01	4	7003	儀式素材【コモンA】レベル4	0x40001B5B	0xB0001B5B	1	100	0	52901300	52901300
101340080	宝箱（中）【レベル4_トゥメル】1F　候補9	01	4	7003	儀式素材【コモンA】レベル4	0x40001B5B	0xB0001B5B	1	100	0	52901300	52901300
101340090	宝箱（中）【レベル4_トゥメル】1F　候補10	01	8	81110				1	100	0	52901300	52901300
101340100	宝箱（中）【レベル4_トゥメル】2F　候補1	01	4	7003	儀式素材【コモンA】レベル4	0x40001B5B	0xB0001B5B	4	100	0	52901300	52901300
101340110	宝箱（中）【レベル4_トゥメル】2F　候補2	01	4	7004	儀式素材【コモンA】レベル5	0x40001B5C	0xB0001B5C	2	100	0	52901300	52901300
101340120	宝箱（中）【レベル4_トゥメル】2F　候補3	01	4	7004	儀式素材【コモンA】レベル5	0x40001B5C	0xB0001B5C	2	100	0	52901300	52901300
101340130	宝箱（中）【レベル4_トゥメル】2F　候補4	01	4	7023	儀式素材【コモンC】レベル4	0x40001B6F	0xB0001B6F	3	100	0	52901300	52901300
101340140	宝箱（中）【レベル4_トゥメル】2F　候補5	01	4	7004	儀式素材【コモンA】レベル5	0x40001B5C	0xB0001B5C	1	100	0	52901300	52901300
101340150	宝箱（中）【レベル4_トゥメル】2F　候補6	01	8	80120				1	100	0	52901300	52901300
101340160	宝箱（中）【レベル4_トゥメル】2F　候補7	01	4	7023	儀式素材【コモンC】レベル4	0x40001B6F	0xB0001B6F	1	100	0	52901300	52901300
101340170	宝箱（中）【レベル4_トゥメル】2F　候補8	01	4	7121	儀式素材【アンコモンC】レベル2	0x40001BD1	0xB0001BD1	1	100	0	52901300	52901300
101340180	宝箱（中）【レベル4_トゥメル】2F　候補9	01	4	7023	儀式素材【コモンC】レベル4	0x40001B6F	0xB0001B6F	1	100	0	52901300	52901300
101340190	宝箱（中）【レベル4_トゥメル】2F　候補10	01	8	81120				1	100	0	52901300	52901300
101340200	宝箱（中）【レベル4_トゥメル】3F　候補1	01	4	7003	儀式素材【コモンA】レベル4	0x40001B5B	0xB0001B5B	6	100	0	52901300	52901300
101340210	宝箱（中）【レベル4_トゥメル】3F　候補2	01	4	7004	儀式素材【コモンA】レベル5	0x40001B5C	0xB0001B5C	4	100	0	52901300	52901300
101340220	宝箱（中）【レベル4_トゥメル】3F　候補3	01	4	7004	儀式素材【コモンA】レベル5	0x40001B5C	0xB0001B5C	4	100	0	52901300	52901300
101340230	宝箱（中）【レベル4_トゥメル】3F　候補4	01	4	7004	儀式素材【コモンA】レベル5	0x40001B5C	0xB0001B5C	3	100	0	52901300	52901300
101340240	宝箱（中）【レベル4_トゥメル】3F　候補5	01	4	7004	儀式素材【コモンA】レベル5	0x40001B5C	0xB0001B5C	3	100	0	52901300	52901300
101340250	宝箱（中）【レベル4_トゥメル】3F　候補6	01	4	7023	儀式素材【コモンC】レベル4	0x40001B6F	0xB0001B6F	4	100	0	52901300	52901300
101340260	宝箱（中）【レベル4_トゥメル】3F　候補7	01	4	7023	儀式素材【コモンC】レベル4	0x40001B6F	0xB0001B6F	3	100	0	52901300	52901300
101340270	宝箱（中）【レベル4_トゥメル】3F　候補8	01	4	7121	儀式素材【アンコモンC】レベル2	0x40001BD1	0xB0001BD1	1	100	0	52901300	52901300
101340280	宝箱（中）【レベル4_トゥメル】3F　候補9	01	4	7130	儀式素材【アンコモンD】レベル1	0x40001BDA	0xB0001BDA	4	100	0	52901300	52901300
101340290	宝箱（中）【レベル4_トゥメル】3F　候補10	01	8	81120				1	100	0	52901300	52901300
101340300	宝箱（中）【レベル4_トゥメル】4F　候補1	01	4	7003	儀式素材【コモンA】レベル4	0x40001B5B	0xB0001B5B	8	100	0	52901300	52901300
101340310	宝箱（中）【レベル4_トゥメル】4F　候補2	01	4	7004	儀式素材【コモンA】レベル5	0x40001B5C	0xB0001B5C	6	100	0	52901300	52901300
101340320	宝箱（中）【レベル4_トゥメル】4F　候補3	01	4	7004	儀式素材【コモンA】レベル5	0x40001B5C	0xB0001B5C	6	100	0	52901300	52901300
101340330	宝箱（中）【レベル4_トゥメル】4F　候補4	01	4	7004	儀式素材【コモンA】レベル5	0x40001B5C	0xB0001B5C	5	100	0	52901300	52901300
101340340	宝箱（中）【レベル4_トゥメル】4F　候補5	01	4	7004	儀式素材【コモンA】レベル5	0x40001B5C	0xB0001B5C	5	100	0	52901300	52901300
101340350	宝箱（中）【レベル4_トゥメル】4F　候補6	01	4	7023	儀式素材【コモンC】レベル4	0x40001B6F	0xB0001B6F	6	100	0	52901300	52901300
101340360	宝箱（中）【レベル4_トゥメル】4F　候補7	01	4	7023	儀式素材【コモンC】レベル4	0x40001B6F	0xB0001B6F	5	100	0	52901300	52901300
101340370	宝箱（中）【レベル4_トゥメル】4F　候補8	01	4	7121	儀式素材【アンコモンC】レベル2	0x40001BD1	0xB0001BD1	2	100	0	52901300	52901300
101340380	宝箱（中）【レベル4_トゥメル】4F　候補9	01	4	7130	儀式素材【アンコモンD】レベル1	0x40001BDA	0xB0001BDA	6	100	0	52901300	52901300
101340390	宝箱（中）【レベル4_トゥメル】4F　候補10	01	8	81140				1	100	0	52901300	52901300
101342000	宝箱（中）【レベル4_ローラン】1F　候補1	01	4	7003	儀式素材【コモンA】レベル4	0x40001B5B	0xB0001B5B	2	100	0	52901300	52901300
101342010	宝箱（中）【レベル4_ローラン】1F　候補2	01	4	7003	儀式素材【コモンA】レベル4	0x40001B5B	0xB0001B5B	2	100	0	52901300	52901300
101342020	宝箱（中）【レベル4_ローラン】1F　候補3	01	4	7003	儀式素材【コモンA】レベル4	0x40001B5B	0xB0001B5B	2	100	0	52901300	52901300
101342030	宝箱（中）【レベル4_ローラン】1F　候補4	01	4	7003	儀式素材【コモンA】レベル4	0x40001B5B	0xB0001B5B	1	100	0	52901300	52901300
101342032	宝箱（中）【レベル4_ローラン】1F　候補4	01	4	7023	儀式素材【コモンC】レベル4	0x40001B6F	0xB0001B6F	1	100	0	52901300	52901300
101342040	宝箱（中）【レベル4_ローラン】1F　候補5	01	4	7003	儀式素材【コモンA】レベル4	0x40001B5B	0xB0001B5B	1	100	0	52901300	52901300
101342050	宝箱（中）【レベル4_ローラン】1F　候補6	01	4	7003	儀式素材【コモンA】レベル4	0x40001B5B	0xB0001B5B	1	100	0	52901300	52901300
101342060	宝箱（中）【レベル4_ローラン】1F　候補7	01	4	7023	儀式素材【コモンC】レベル4	0x40001B6F	0xB0001B6F	2	100	0	52901300	52901300
101342070	宝箱（中）【レベル4_ローラン】1F　候補8	01	4	7003	儀式素材【コモンA】レベル4	0x40001B5B	0xB0001B5B	1	100	0	52901300	52901300
101342080	宝箱（中）【レベル4_ローラン】1F　候補9	01	4	7003	儀式素材【コモンA】レベル4	0x40001B5B	0xB0001B5B	1	100	0	52901300	52901300
101342090	宝箱（中）【レベル4_ローラン】1F　候補10	01	8	81310				1	100	0	52901300	52901300
101342100	宝箱（中）【レベル4_ローラン】2F　候補1	01	4	7013	儀式素材【コモンB】レベル4	0x40001B65	0xB0001B65	3	100	0	52901300	52901300
101342110	宝箱（中）【レベル4_ローラン】2F　候補2	01	4	7004	儀式素材【コモンA】レベル5	0x40001B5C	0xB0001B5C	3	100	0	52901300	52901300
101342120	宝箱（中）【レベル4_ローラン】2F　候補3	01	4	7013	儀式素材【コモンB】レベル4	0x40001B65	0xB0001B65	4	100	0	52901300	52901300
101342130	宝箱（中）【レベル4_ローラン】2F　候補4	01	4	7013	儀式素材【コモンB】レベル4	0x40001B65	0xB0001B65	3	100	0	52901300	52901300
101342140	宝箱（中）【レベル4_ローラン】2F　候補5	01	4	7014	儀式素材【コモンB】レベル5	0x40001B66	0xB0001B66	2	100	0	52901300	52901300
101342150	宝箱（中）【レベル4_ローラン】2F　候補6	01	4	7014	儀式素材【コモンB】レベル5	0x40001B66	0xB0001B66	1	100	0	52901300	52901300
101342160	宝箱（中）【レベル4_ローラン】2F　候補7	01	4	7014	儀式素材【コモンB】レベル5	0x40001B66	0xB0001B66	1	100	0	52901300	52901300
101342170	宝箱（中）【レベル4_ローラン】2F　候補8	01	4	7023	儀式素材【コモンC】レベル4	0x40001B6F	0xB0001B6F	3	100	0	52901300	52901300
101342180	宝箱（中）【レベル4_ローラン】2F　候補9	01	4	7140	儀式素材【アンコモンE】レベル1	0x40001BE4	0xB0001BE4	1	100	0	52901300	52901300
101342190	宝箱（中）【レベル4_ローラン】2F　候補10	01	8	81320				1	100	0	52901300	52901300
101342200	宝箱（中）【レベル4_ローラン】3F　候補1	01	4	7003	儀式素材【コモンA】レベル4	0x40001B5B	0xB0001B5B	6	100	0	52901300	52901300
101342210	宝箱（中）【レベル4_ローラン】3F　候補2	01	4	7004	儀式素材【コモンA】レベル5	0x40001B5C	0xB0001B5C	3	100	0	52901300	52901300
101342220	宝箱（中）【レベル4_ローラン】3F　候補3	01	4	7013	儀式素材【コモンB】レベル4	0x40001B65	0xB0001B65	6	100	0	52901300	52901300
101342230	宝箱（中）【レベル4_ローラン】3F　候補4	01	4	7013	儀式素材【コモンB】レベル4	0x40001B65	0xB0001B65	5	100	0	52901300	52901300
101342240	宝箱（中）【レベル4_ローラン】3F　候補5	01	4	7014	儀式素材【コモンB】レベル5	0x40001B66	0xB0001B66	3	100	0	52901300	52901300
101342250	宝箱（中）【レベル4_ローラン】3F　候補6	01	4	7014	儀式素材【コモンB】レベル5	0x40001B66	0xB0001B66	3	100	0	52901300	52901300
101342260	宝箱（中）【レベル4_ローラン】3F　候補7	01	4	7014	儀式素材【コモンB】レベル5	0x40001B66	0xB0001B66	3	100	0	52901300	52901300
101342270	宝箱（中）【レベル4_ローラン】3F　候補8	01	4	7023	儀式素材【コモンC】レベル4	0x40001B6F	0xB0001B6F	5	100	0	52901300	52901300
101342280	宝箱（中）【レベル4_ローラン】3F　候補9	01	4	7140	儀式素材【アンコモンE】レベル1	0x40001BE4	0xB0001BE4	1	100	0	52901300	52901300
101342290	宝箱（中）【レベル4_ローラン】3F　候補10	01	8	81321				1	100	0	52901300	52901300
101342300	宝箱（中）【レベル4_ローラン】4F　候補1	01	4	7003	儀式素材【コモンA】レベル4	0x40001B5B	0xB0001B5B	8	100	0	52901300	52901300
101342310	宝箱（中）【レベル4_ローラン】4F　候補2	01	4	7004	儀式素材【コモンA】レベル5	0x40001B5C	0xB0001B5C	5	100	0	52901300	52901300
101342320	宝箱（中）【レベル4_ローラン】4F　候補3	01	4	7013	儀式素材【コモンB】レベル4	0x40001B65	0xB0001B65	8	100	0	52901300	52901300
101342330	宝箱（中）【レベル4_ローラン】4F　候補4	01	4	7013	儀式素材【コモンB】レベル4	0x40001B65	0xB0001B65	7	100	0	52901300	52901300
101342340	宝箱（中）【レベル4_ローラン】4F　候補5	01	4	7014	儀式素材【コモンB】レベル5	0x40001B66	0xB0001B66	6	100	0	52901300	52901300
101342350	宝箱（中）【レベル4_ローラン】4F　候補6	01	4	7014	儀式素材【コモンB】レベル5	0x40001B66	0xB0001B66	5	100	0	52901300	52901300
101342360	宝箱（中）【レベル4_ローラン】4F　候補7	01	4	7014	儀式素材【コモンB】レベル5	0x40001B66	0xB0001B66	5	100	0	52901300	52901300
101342370	宝箱（中）【レベル4_ローラン】4F　候補8	01	4	7023	儀式素材【コモンC】レベル4	0x40001B6F	0xB0001B6F	7	100	0	52901300	52901300
101342380	宝箱（中）【レベル4_ローラン】4F　候補9	01	4	7140	儀式素材【アンコモンE】レベル1	0x40001BE4	0xB0001BE4	2	100	0	52901300	52901300
101342390	宝箱（中）【レベル4_ローラン】4F　候補10	01	8	81340				1	100	0	52901300	52901300
101350000	宝箱（中）【レベル5_トゥメル】1F　候補1	01	4	7004	儀式素材【コモンA】レベル5	0x40001B5C	0xB0001B5C	2	100	0	52901300	52901300
101350010	宝箱（中）【レベル5_トゥメル】1F　候補2	01	4	7004	儀式素材【コモンA】レベル5	0x40001B5C	0xB0001B5C	2	100	0	52901300	52901300
101350020	宝箱（中）【レベル5_トゥメル】1F　候補3	01	4	7004	儀式素材【コモンA】レベル5	0x40001B5C	0xB0001B5C	2	100	0	52901300	52901300
101350030	宝箱（中）【レベル5_トゥメル】1F　候補4	01	4	7004	儀式素材【コモンA】レベル5	0x40001B5C	0xB0001B5C	1	100	0	52901300	52901300
101350040	宝箱（中）【レベル5_トゥメル】1F　候補5	01	4	7004	儀式素材【コモンA】レベル5	0x40001B5C	0xB0001B5C	1	100	0	52901300	52901300
101350050	宝箱（中）【レベル5_トゥメル】1F　候補6	01	4	7004	儀式素材【コモンA】レベル5	0x40001B5C	0xB0001B5C	1	100	0	52901300	52901300
101350060	宝箱（中）【レベル5_トゥメル】1F　候補7	01	4	7004	儀式素材【コモンA】レベル5	0x40001B5C	0xB0001B5C	1	100	0	52901300	52901300
101350070	宝箱（中）【レベル5_トゥメル】1F　候補8	01	4	7004	儀式素材【コモンA】レベル5	0x40001B5C	0xB0001B5C	1	100	0	52901300	52901300
101350080	宝箱（中）【レベル5_トゥメル】1F　候補9	01	4	7004	儀式素材【コモンA】レベル5	0x40001B5C	0xB0001B5C	1	100	0	52901300	52901300
101350090	宝箱（中）【レベル5_トゥメル】1F　候補10	01	8	81110				1	100	0	52901300	52901300
101350100	宝箱（中）【レベル5_トゥメル】2F　候補1	01	4	7004	儀式素材【コモンA】レベル5	0x40001B5C	0xB0001B5C	6	100	0	52901300	52901300
101350110	宝箱（中）【レベル5_トゥメル】2F　候補2	01	4	7004	儀式素材【コモンA】レベル5	0x40001B5C	0xB0001B5C	4	100	0	52901300	52901300
101350120	宝箱（中）【レベル5_トゥメル】2F　候補3	01	4	7004	儀式素材【コモンA】レベル5	0x40001B5C	0xB0001B5C	4	100	0	52901300	52901300
101350130	宝箱（中）【レベル5_トゥメル】2F　候補4	01	4	7004	儀式素材【コモンA】レベル5	0x40001B5C	0xB0001B5C	4	100	0	52901300	52901300
101350140	宝箱（中）【レベル5_トゥメル】2F　候補5	01	4	7110	儀式素材【アンコモンB】レベル1	0x40001BC6	0xB0001BC6	1	100	0	52901300	52901300
101350150	宝箱（中）【レベル5_トゥメル】2F　候補6	01	4	7024	儀式素材【コモンC】レベル5	0x40001B70	0xB0001B70	2	100	0	52901300	52901300
101350160	宝箱（中）【レベル5_トゥメル】2F　候補7	01	4	7121	儀式素材【アンコモンC】レベル2	0x40001BD1	0xB0001BD1	2	100	0	52901300	52901300
101350170	宝箱（中）【レベル5_トゥメル】2F　候補8	01	4	7131	儀式素材【アンコモンD】レベル2	0x40001BDB	0xB0001BDB	1	100	0	52901300	52901300
101350180	宝箱（中）【レベル5_トゥメル】2F　候補9	01	4	7131	儀式素材【アンコモンD】レベル2	0x40001BDB	0xB0001BDB	1	100	0	52901300	52901300
101350190	宝箱（中）【レベル5_トゥメル】2F　候補10	01	8	81120				1	100	0	52901300	52901300
101350200	宝箱（中）【レベル5_トゥメル】3F　候補1	01	4	7004	儀式素材【コモンA】レベル5	0x40001B5C	0xB0001B5C	9	100	0	52901300	52901300
101350210	宝箱（中）【レベル5_トゥメル】3F　候補2	01	4	7004	儀式素材【コモンA】レベル5	0x40001B5C	0xB0001B5C	8	100	0	52901300	52901300
101350220	宝箱（中）【レベル5_トゥメル】3F　候補3	01	4	7004	儀式素材【コモンA】レベル5	0x40001B5C	0xB0001B5C	6	100	0	52901300	52901300
101350230	宝箱（中）【レベル5_トゥメル】3F　候補4	01	4	7004	儀式素材【コモンA】レベル5	0x40001B5C	0xB0001B5C	6	100	0	52901300	52901300
101350240	宝箱（中）【レベル5_トゥメル】3F　候補5	01	4	7024	儀式素材【コモンC】レベル5	0x40001B70	0xB0001B70	5	100	0	52901300	52901300
101350250	宝箱（中）【レベル5_トゥメル】3F　候補6	01	4	7024	儀式素材【コモンC】レベル5	0x40001B70	0xB0001B70	4	100	0	52901300	52901300
101350260	宝箱（中）【レベル5_トゥメル】3F　候補7	01	4	7121	儀式素材【アンコモンC】レベル2	0x40001BD1	0xB0001BD1	3	100	0	52901300	52901300
101350270	宝箱（中）【レベル5_トゥメル】3F　候補8	01	4	7131	儀式素材【アンコモンD】レベル2	0x40001BDB	0xB0001BDB	1	100	0	52901300	52901300
101350280	宝箱（中）【レベル5_トゥメル】3F　候補9	01	4	7131	儀式素材【アンコモンD】レベル2	0x40001BDB	0xB0001BDB	1	100	0	52901300	52901300
101350290	宝箱（中）【レベル5_トゥメル】3F　候補10	01	8	81120				1	100	0	52901300	52901300
101350300	宝箱（中）【レベル5_トゥメル】4F　候補1	01	4	7004	儀式素材【コモンA】レベル5	0x40001B5C	0xB0001B5C	12	100	0	52901300	52901300
101350310	宝箱（中）【レベル5_トゥメル】4F　候補2	01	4	7004	儀式素材【コモンA】レベル5	0x40001B5C	0xB0001B5C	10	100	0	52901300	52901300
101350320	宝箱（中）【レベル5_トゥメル】4F　候補3	01	4	7004	儀式素材【コモンA】レベル5	0x40001B5C	0xB0001B5C	8	100	0	52901300	52901300
101350330	宝箱（中）【レベル5_トゥメル】4F　候補4	01	4	7004	儀式素材【コモンA】レベル5	0x40001B5C	0xB0001B5C	8	100	0	52901300	52901300
101350340	宝箱（中）【レベル5_トゥメル】4F　候補5	01	4	7024	儀式素材【コモンC】レベル5	0x40001B70	0xB0001B70	7	100	0	52901300	52901300
101350350	宝箱（中）【レベル5_トゥメル】4F　候補6	01	4	7024	儀式素材【コモンC】レベル5	0x40001B70	0xB0001B70	6	100	0	52901300	52901300
101350360	宝箱（中）【レベル5_トゥメル】4F　候補7	01	4	7121	儀式素材【アンコモンC】レベル2	0x40001BD1	0xB0001BD1	5	100	0	52901300	52901300
101350370	宝箱（中）【レベル5_トゥメル】4F　候補8	01	4	7131	儀式素材【アンコモンD】レベル2	0x40001BDB	0xB0001BDB	2	100	0	52901300	52901300
101350380	宝箱（中）【レベル5_トゥメル】4F　候補9	01	4	7131	儀式素材【アンコモンD】レベル2	0x40001BDB	0xB0001BDB	2	100	0	52901300	52901300
101350390	宝箱（中）【レベル5_トゥメル】4F　候補10	01	8	81140				1	100	0	52901300	52901300
101352000	宝箱（中）【レベル5_ローラン】1F　候補1	01	4	7004	儀式素材【コモンA】レベル5	0x40001B5C	0xB0001B5C	2	100	0	52901300	52901300
101352010	宝箱（中）【レベル5_ローラン】1F　候補2	01	4	7004	儀式素材【コモンA】レベル5	0x40001B5C	0xB0001B5C	2	100	0	52901300	52901300
101352020	宝箱（中）【レベル5_ローラン】1F　候補3	01	4	7004	儀式素材【コモンA】レベル5	0x40001B5C	0xB0001B5C	2	100	0	52901300	52901300
101352030	宝箱（中）【レベル5_ローラン】1F　候補4	01	4	7004	儀式素材【コモンA】レベル5	0x40001B5C	0xB0001B5C	1	100	0	52901300	52901300
101352040	宝箱（中）【レベル5_ローラン】1F　候補5	01	4	7004	儀式素材【コモンA】レベル5	0x40001B5C	0xB0001B5C	1	100	0	52901300	52901300
101352050	宝箱（中）【レベル5_ローラン】1F　候補6	01	4	7004	儀式素材【コモンA】レベル5	0x40001B5C	0xB0001B5C	1	100	0	52901300	52901300
101352060	宝箱（中）【レベル5_ローラン】1F　候補7	01	4	7004	儀式素材【コモンA】レベル5	0x40001B5C	0xB0001B5C	1	100	0	52901300	52901300
101352070	宝箱（中）【レベル5_ローラン】1F　候補8	01	4	7004	儀式素材【コモンA】レベル5	0x40001B5C	0xB0001B5C	1	100	0	52901300	52901300
101352080	宝箱（中）【レベル5_ローラン】1F　候補9	01	4	7004	儀式素材【コモンA】レベル5	0x40001B5C	0xB0001B5C	1	100	0	52901300	52901300
101352090	宝箱（中）【レベル5_ローラン】1F　候補10	01	8	81310				1	100	0	52901300	52901300
101352100	宝箱（中）【レベル5_ローラン】2F　候補1	01	4	7004	儀式素材【コモンA】レベル5	0x40001B5C	0xB0001B5C	6	100	0	52901300	52901300
101352110	宝箱（中）【レベル5_ローラン】2F　候補2	01	4	7004	儀式素材【コモンA】レベル5	0x40001B5C	0xB0001B5C	3	100	0	52901300	52901300
101352120	宝箱（中）【レベル5_ローラン】2F　候補3	01	4	7014	儀式素材【コモンB】レベル5	0x40001B66	0xB0001B66	6	100	0	52901300	52901300
101352130	宝箱（中）【レベル5_ローラン】2F　候補4	01	4	7014	儀式素材【コモンB】レベル5	0x40001B66	0xB0001B66	4	100	0	52901300	52901300
101352140	宝箱（中）【レベル5_ローラン】2F　候補5	01	4	7014	儀式素材【コモンB】レベル5	0x40001B66	0xB0001B66	4	100	0	52901300	52901300
101352150	宝箱（中）【レベル5_ローラン】2F　候補6	01	4	7014	儀式素材【コモンB】レベル5	0x40001B66	0xB0001B66	3	100	0	52901300	52901300
101352160	宝箱（中）【レベル5_ローラン】2F　候補7	01	4	7024	儀式素材【コモンC】レベル5	0x40001B70	0xB0001B70	3	100	0	52901300	52901300
101352170	宝箱（中）【レベル5_ローラン】2F　候補8	01	4	7140	儀式素材【アンコモンE】レベル1	0x40001BE4	0xB0001BE4	1	100	0	52901300	52901300
101352180	宝箱（中）【レベル5_ローラン】2F　候補9	01	4	7140	儀式素材【アンコモンE】レベル1	0x40001BE4	0xB0001BE4	1	100	0	52901300	52901300
101352190	宝箱（中）【レベル5_ローラン】2F　候補10	01	8	81320				1	100	0	52901300	52901300
101352200	宝箱（中）【レベル5_ローラン】3F　候補1	01	4	7004	儀式素材【コモンA】レベル5	0x40001B5C	0xB0001B5C	9	100	0	52901300	52901300
101352210	宝箱（中）【レベル5_ローラン】3F　候補2	01	4	7004	儀式素材【コモンA】レベル5	0x40001B5C	0xB0001B5C	6	100	0	52901300	52901300
101352220	宝箱（中）【レベル5_ローラン】3F　候補3	01	4	7014	儀式素材【コモンB】レベル5	0x40001B66	0xB0001B66	9	100	0	52901300	52901300
101352230	宝箱（中）【レベル5_ローラン】3F　候補4	01	4	7014	儀式素材【コモンB】レベル5	0x40001B66	0xB0001B66	6	100	0	52901300	52901300
101352240	宝箱（中）【レベル5_ローラン】3F　候補5	01	4	7014	儀式素材【コモンB】レベル5	0x40001B66	0xB0001B66	6	100	0	52901300	52901300
101352250	宝箱（中）【レベル5_ローラン】3F　候補6	01	4	7014	儀式素材【コモンB】レベル5	0x40001B66	0xB0001B66	5	100	0	52901300	52901300
101352260	宝箱（中）【レベル5_ローラン】3F　候補7	01	4	7024	儀式素材【コモンC】レベル5	0x40001B70	0xB0001B70	5	100	0	52901300	52901300
101352270	宝箱（中）【レベル5_ローラン】3F　候補8	01	4	7140	儀式素材【アンコモンE】レベル1	0x40001BE4	0xB0001BE4	1	100	0	52901300	52901300
101352280	宝箱（中）【レベル5_ローラン】3F　候補9	01	4	7140	儀式素材【アンコモンE】レベル1	0x40001BE4	0xB0001BE4	1	100	0	52901300	52901300
101352290	宝箱（中）【レベル5_ローラン】3F　候補10	01	8	81321				1	100	0	52901300	52901300
101352300	宝箱（中）【レベル5_ローラン】4F　候補1	01	4	7004	儀式素材【コモンA】レベル5	0x40001B5C	0xB0001B5C	12	100	0	52901300	52901300
101352310	宝箱（中）【レベル5_ローラン】4F　候補2	01	4	7004	儀式素材【コモンA】レベル5	0x40001B5C	0xB0001B5C	8	100	0	52901300	52901300
101352320	宝箱（中）【レベル5_ローラン】4F　候補3	01	4	7014	儀式素材【コモンB】レベル5	0x40001B66	0xB0001B66	12	100	0	52901300	52901300
101352330	宝箱（中）【レベル5_ローラン】4F　候補4	01	4	7014	儀式素材【コモンB】レベル5	0x40001B66	0xB0001B66	8	100	0	52901300	52901300
101352340	宝箱（中）【レベル5_ローラン】4F　候補5	01	4	7014	儀式素材【コモンB】レベル5	0x40001B66	0xB0001B66	8	100	0	52901300	52901300
101352350	宝箱（中）【レベル5_ローラン】4F　候補6	01	4	7014	儀式素材【コモンB】レベル5	0x40001B66	0xB0001B66	7	100	0	52901300	52901300
101352360	宝箱（中）【レベル5_ローラン】4F　候補7	01	4	7024	儀式素材【コモンC】レベル5	0x40001B70	0xB0001B70	7	100	0	52901300	52901300
101352370	宝箱（中）【レベル5_ローラン】4F　候補8	01	4	7140	儀式素材【アンコモンE】レベル1	0x40001BE4	0xB0001BE4	2	100	0	52901300	52901300
101352380	宝箱（中）【レベル5_ローラン】4F　候補9	01	4	7140	儀式素材【アンコモンE】レベル1	0x40001BE4	0xB0001BE4	2	100	0	52901300	52901300
101352390	宝箱（中）【レベル5_ローラン】4F　候補10	01	8	81340				1	100	0	52901300	52901300
101353000	宝箱（中）【レベル5_イズ】1F　候補1	01	4	7004	儀式素材【コモンA】レベル5	0x40001B5C	0xB0001B5C	2	100	0	52901300	52901300
101353010	宝箱（中）【レベル5_イズ】1F　候補2	01	4	7004	儀式素材【コモンA】レベル5	0x40001B5C	0xB0001B5C	2	100	0	52901300	52901300
101353020	宝箱（中）【レベル5_イズ】1F　候補3	01	4	7004	儀式素材【コモンA】レベル5	0x40001B5C	0xB0001B5C	2	100	0	52901300	52901300
101353030	宝箱（中）【レベル5_イズ】1F　候補4	01	4	7004	儀式素材【コモンA】レベル5	0x40001B5C	0xB0001B5C	1	100	0	52901300	52901300
101353040	宝箱（中）【レベル5_イズ】1F　候補5	01	4	7004	儀式素材【コモンA】レベル5	0x40001B5C	0xB0001B5C	1	100	0	52901300	52901300
101353050	宝箱（中）【レベル5_イズ】1F　候補6	01	4	7004	儀式素材【コモンA】レベル5	0x40001B5C	0xB0001B5C	1	100	0	52901300	52901300
101353060	宝箱（中）【レベル5_イズ】1F　候補7	01	4	7004	儀式素材【コモンA】レベル5	0x40001B5C	0xB0001B5C	1	100	0	52901300	52901300
101353070	宝箱（中）【レベル5_イズ】1F　候補8	01	4	7004	儀式素材【コモンA】レベル5	0x40001B5C	0xB0001B5C	1	100	0	52901300	52901300
101353080	宝箱（中）【レベル5_イズ】1F　候補9	01	4	7004	儀式素材【コモンA】レベル5	0x40001B5C	0xB0001B5C	1	100	0	52901300	52901300
101353090	宝箱（中）【レベル5_イズ】1F　候補10	01	8	81410				1	100	0	52901300	52901300
101353100	宝箱（中）【レベル5_イズ】2F　候補1	01	4	7004	儀式素材【コモンA】レベル5	0x40001B5C	0xB0001B5C	6	100	0	52901300	52901300
101353110	宝箱（中）【レベル5_イズ】2F　候補2	01	4	7100	儀式素材【アンコモンA】レベル1	0x40001BBC	0xB0001BBC	6	100	0	52901300	52901300
101353120	宝箱（中）【レベル5_イズ】2F　候補3	01	4	7100	儀式素材【アンコモンA】レベル1	0x40001BBC	0xB0001BBC	4	100	0	52901300	52901300
101353130	宝箱（中）【レベル5_イズ】2F　候補4	01	4	7100	儀式素材【アンコモンA】レベル1	0x40001BBC	0xB0001BBC	4	100	0	52901300	52901300
101353140	宝箱（中）【レベル5_イズ】2F　候補5	01	4	7100	儀式素材【アンコモンA】レベル1	0x40001BBC	0xB0001BBC	3	100	0	52901300	52901300
101353150	宝箱（中）【レベル5_イズ】2F　候補6	01	4	7024	儀式素材【コモンC】レベル5	0x40001B70	0xB0001B70	3	100	0	52901300	52901300
101353160	宝箱（中）【レベル5_イズ】2F　候補7	01	4	7131	儀式素材【アンコモンD】レベル2	0x40001BDB	0xB0001BDB	1	100	0	52901300	52901300
101353170	宝箱（中）【レベル5_イズ】2F　候補8	01	4	7140	儀式素材【アンコモンE】レベル1	0x40001BE4	0xB0001BE4	1	100	0	52901300	52901300
101353180	宝箱（中）【レベル5_イズ】2F　候補9	01	8	81420				1	100	0	52901300	52901300
101353190	宝箱（中）【レベル5_イズ】2F　候補10	01	8	81420				1	100	0	52901300	52901300
101353200	宝箱（中）【レベル5_イズ】3F　候補1	01	4	7004	儀式素材【コモンA】レベル5	0x40001B5C	0xB0001B5C	9	100	0	52901300	52901300
101353210	宝箱（中）【レベル5_イズ】3F　候補2	01	4	7100	儀式素材【アンコモンA】レベル1	0x40001BBC	0xB0001BBC	9	100	0	52901300	52901300
101353220	宝箱（中）【レベル5_イズ】3F　候補3	01	4	7100	儀式素材【アンコモンA】レベル1	0x40001BBC	0xB0001BBC	6	100	0	52901300	52901300
101353230	宝箱（中）【レベル5_イズ】3F　候補4	01	4	7110	儀式素材【アンコモンB】レベル1	0x40001BC6	0xB0001BC6	1	100	0	52901300	52901300
101353240	宝箱（中）【レベル5_イズ】3F　候補5	01	4	7100	儀式素材【アンコモンA】レベル1	0x40001BBC	0xB0001BBC	5	100	0	52901300	52901300
101353250	宝箱（中）【レベル5_イズ】3F　候補6	01	4	7024	儀式素材【コモンC】レベル5	0x40001B70	0xB0001B70	5	100	0	52901300	52901300
101353260	宝箱（中）【レベル5_イズ】3F　候補7	01	4	7131	儀式素材【アンコモンD】レベル2	0x40001BDB	0xB0001BDB	1	100	0	52901300	52901300
101353270	宝箱（中）【レベル5_イズ】3F　候補8	01	4	7140	儀式素材【アンコモンE】レベル1	0x40001BE4	0xB0001BE4	1	100	0	52901300	52901300
101353280	宝箱（中）【レベル5_イズ】3F　候補9	01	4	7110	儀式素材【アンコモンB】レベル1	0x40001BC6	0xB0001BC6	1	100	0	52901300	52901300
101353290	宝箱（中）【レベル5_イズ】3F　候補10	01	8	81420				1	100	0	52901300	52901300
101353300	宝箱（中）【レベル5_イズ】4F　候補1	01	4	7004	儀式素材【コモンA】レベル5	0x40001B5C	0xB0001B5C	12	100	0	52901300	52901300
101353310	宝箱（中）【レベル5_イズ】4F　候補2	01	4	7100	儀式素材【アンコモンA】レベル1	0x40001BBC	0xB0001BBC	12	100	0	52901300	52901300
101353320	宝箱（中）【レベル5_イズ】4F　候補3	01	4	7100	儀式素材【アンコモンA】レベル1	0x40001BBC	0xB0001BBC	8	100	0	52901300	52901300
101353330	宝箱（中）【レベル5_イズ】4F　候補4	01	4	7100	儀式素材【アンコモンA】レベル1	0x40001BBC	0xB0001BBC	8	100	0	52901300	52901300
101353340	宝箱（中）【レベル5_イズ】4F　候補5	01	4	7100	儀式素材【アンコモンA】レベル1	0x40001BBC	0xB0001BBC	7	100	0	52901300	52901300
101353350	宝箱（中）【レベル5_イズ】4F　候補6	01	4	7024	儀式素材【コモンC】レベル5	0x40001B70	0xB0001B70	7	100	0	52901300	52901300
101353360	宝箱（中）【レベル5_イズ】4F　候補7	01	4	7131	儀式素材【アンコモンD】レベル2	0x40001BDB	0xB0001BDB	2	100	0	52901300	52901300
101353370	宝箱（中）【レベル5_イズ】4F　候補8	01	4	7140	儀式素材【アンコモンE】レベル1	0x40001BE4	0xB0001BE4	2	100	0	52901300	52901300
101353380	宝箱（中）【レベル5_イズ】4F　候補9	01	4	7110	儀式素材【アンコモンB】レベル1	0x40001BC6	0xB0001BC6	2	100	0	52901300	52901300
101353390	宝箱（中）【レベル5_イズ】4F　候補10	01	8	81440				1	100	0	52901300	52901300
101410000	宝箱（小）【レベル1_トゥメル】1F　候補1	01	4	7000	儀式素材【コモンA】レベル1	0x40001B58	0xB0001B58	1	100	0	52901400	52901400
101410010	宝箱（小）【レベル1_トゥメル】1F　候補2	01	4	7000	儀式素材【コモンA】レベル1	0x40001B58	0xB0001B58	1	100	0	52901400	52901400
101410020	宝箱（小）【レベル1_トゥメル】1F　候補3	01	4	7000	儀式素材【コモンA】レベル1	0x40001B58	0xB0001B58	1	100	0	52901400	52901400
101410030	宝箱（小）【レベル1_トゥメル】1F　候補4	01	4	7000	儀式素材【コモンA】レベル1	0x40001B58	0xB0001B58	1	100	0	52901400	52901400
101410040	宝箱（小）【レベル1_トゥメル】1F　候補5	01	4	7000	儀式素材【コモンA】レベル1	0x40001B58	0xB0001B58	1	100	0	52901400	52901400
101410050	宝箱（小）【レベル1_トゥメル】1F　候補6	01	4	7000	儀式素材【コモンA】レベル1	0x40001B58	0xB0001B58	1	100	0	52901400	52901400
101410060	宝箱（小）【レベル1_トゥメル】1F　候補7	01	4	1000	HP回復【PG直接指定】	0x400003E8	0xB00003E8	2	100	0	52901400	52901400
101410070	宝箱（小）【レベル1_トゥメル】1F　候補8	01	4	1000	HP回復【PG直接指定】	0x400003E8	0xB00003E8	2	100	0	52901400	52901400
101410080	宝箱（小）【レベル1_トゥメル】1F　候補9	01	4	900	弾丸【PG直接指定】	0x40000384	0xB0000384	2	100	0	52901400	52901400
101410090	宝箱（小）【レベル1_トゥメル】1F　候補10	01	4	900	弾丸【PG直接指定】	0x40000384	0xB0000384	2	100	0	52901400	52901400
101410100	宝箱（小）【レベル1_トゥメル】2F　候補1	01	4	7000	儀式素材【コモンA】レベル1	0x40001B58	0xB0001B58	3	100	0	52901400	52901400
101410110	宝箱（小）【レベル1_トゥメル】2F　候補2	01	4	7000	儀式素材【コモンA】レベル1	0x40001B58	0xB0001B58	3	100	0	52901400	52901400
101410120	宝箱（小）【レベル1_トゥメル】2F　候補3	01	4	7000	儀式素材【コモンA】レベル1	0x40001B58	0xB0001B58	2	100	0	52901400	52901400
101410130	宝箱（小）【レベル1_トゥメル】2F　候補4	01	4	7000	儀式素材【コモンA】レベル1	0x40001B58	0xB0001B58	2	100	0	52901400	52901400
101410140	宝箱（小）【レベル1_トゥメル】2F　候補5	01	4	7020	儀式素材【コモンC】レベル1	0x40001B6C	0xB0001B6C	3	100	0	52901400	52901400
101410150	宝箱（小）【レベル1_トゥメル】2F　候補6	01	4	7020	儀式素材【コモンC】レベル1	0x40001B6C	0xB0001B6C	3	100	0	52901400	52901400
101410160	宝箱（小）【レベル1_トゥメル】2F　候補7	01	4	7020	儀式素材【コモンC】レベル1	0x40001B6C	0xB0001B6C	2	100	0	52901400	52901400
101410170	宝箱（小）【レベル1_トゥメル】2F　候補8	01	4	7020	儀式素材【コモンC】レベル1	0x40001B6C	0xB0001B6C	2	100	0	52901400	52901400
101410180	宝箱（小）【レベル1_トゥメル】2F　候補9	01	4	1000	HP回復【PG直接指定】	0x400003E8	0xB00003E8	4	100	0	52901400	52901400
101410190	宝箱（小）【レベル1_トゥメル】2F　候補10	01	4	900	弾丸【PG直接指定】	0x40000384	0xB0000384	4	100	0	52901400	52901400
101410200	宝箱（小）【レベル1_トゥメル】3F　候補1	01	4	7000	儀式素材【コモンA】レベル1	0x40001B58	0xB0001B58	5	100	0	52901400	52901400
101410210	宝箱（小）【レベル1_トゥメル】3F　候補2	01	4	7000	儀式素材【コモンA】レベル1	0x40001B58	0xB0001B58	5	100	0	52901400	52901400
101410220	宝箱（小）【レベル1_トゥメル】3F　候補3	01	4	7000	儀式素材【コモンA】レベル1	0x40001B58	0xB0001B58	4	100	0	52901400	52901400
101410230	宝箱（小）【レベル1_トゥメル】3F　候補4	01	4	7000	儀式素材【コモンA】レベル1	0x40001B58	0xB0001B58	4	100	0	52901400	52901400
101410240	宝箱（小）【レベル1_トゥメル】3F　候補5	01	4	7020	儀式素材【コモンC】レベル1	0x40001B6C	0xB0001B6C	5	100	0	52901400	52901400
101410250	宝箱（小）【レベル1_トゥメル】3F　候補6	01	4	7020	儀式素材【コモンC】レベル1	0x40001B6C	0xB0001B6C	5	100	0	52901400	52901400
101410260	宝箱（小）【レベル1_トゥメル】3F　候補7	01	4	7020	儀式素材【コモンC】レベル1	0x40001B6C	0xB0001B6C	4	100	0	52901400	52901400
101410270	宝箱（小）【レベル1_トゥメル】3F　候補8	01	4	7020	儀式素材【コモンC】レベル1	0x40001B6C	0xB0001B6C	4	100	0	52901400	52901400
101410280	宝箱（小）【レベル1_トゥメル】3F　候補9	01	4	1000	HP回復【PG直接指定】	0x400003E8	0xB00003E8	4	100	0	52901400	52901400
101410290	宝箱（小）【レベル1_トゥメル】3F　候補10	01	4	900	弾丸【PG直接指定】	0x40000384	0xB0000384	4	100	0	52901400	52901400
101410300	宝箱（小）【レベル1_トゥメル】4F　候補1	01	4	7000	儀式素材【コモンA】レベル1	0x40001B58	0xB0001B58	7	100	0	52901400	52901400
101410310	宝箱（小）【レベル1_トゥメル】4F　候補2	01	4	7000	儀式素材【コモンA】レベル1	0x40001B58	0xB0001B58	7	100	0	52901400	52901400
101410320	宝箱（小）【レベル1_トゥメル】4F　候補3	01	4	7000	儀式素材【コモンA】レベル1	0x40001B58	0xB0001B58	6	100	0	52901400	52901400
101410330	宝箱（小）【レベル1_トゥメル】4F　候補4	01	4	7000	儀式素材【コモンA】レベル1	0x40001B58	0xB0001B58	6	100	0	52901400	52901400
101410340	宝箱（小）【レベル1_トゥメル】4F　候補5	01	4	7020	儀式素材【コモンC】レベル1	0x40001B6C	0xB0001B6C	7	100	0	52901400	52901400
101410350	宝箱（小）【レベル1_トゥメル】4F　候補6	01	4	7020	儀式素材【コモンC】レベル1	0x40001B6C	0xB0001B6C	7	100	0	52901400	52901400
101410360	宝箱（小）【レベル1_トゥメル】4F　候補7	01	4	7020	儀式素材【コモンC】レベル1	0x40001B6C	0xB0001B6C	6	100	0	52901400	52901400
101410370	宝箱（小）【レベル1_トゥメル】4F　候補8	01	4	7020	儀式素材【コモンC】レベル1	0x40001B6C	0xB0001B6C	6	100	0	52901400	52901400
101410380	宝箱（小）【レベル1_トゥメル】4F　候補9	01	4	1000	HP回復【PG直接指定】	0x400003E8	0xB00003E8	4	100	0	52901400	52901400
101410390	宝箱（小）【レベル1_トゥメル】4F　候補10	01	4	900	弾丸【PG直接指定】	0x40000384	0xB0000384	4	100	0	52901400	52901400
101420000	宝箱（小）【レベル2_トゥメル】1F　候補1	01	4	7001	儀式素材【コモンA】レベル2	0x40001B59	0xB0001B59	1	100	0	52901400	52901400
101420010	宝箱（小）【レベル2_トゥメル】1F　候補2	01	4	7001	儀式素材【コモンA】レベル2	0x40001B59	0xB0001B59	1	100	0	52901400	52901400
101420020	宝箱（小）【レベル2_トゥメル】1F　候補3	01	4	7001	儀式素材【コモンA】レベル2	0x40001B59	0xB0001B59	1	100	0	52901400	52901400
101420030	宝箱（小）【レベル2_トゥメル】1F　候補4	01	4	7001	儀式素材【コモンA】レベル2	0x40001B59	0xB0001B59	1	100	0	52901400	52901400
101420040	宝箱（小）【レベル2_トゥメル】1F　候補5	01	4	7001	儀式素材【コモンA】レベル2	0x40001B59	0xB0001B59	1	100	0	52901400	52901400
101420050	宝箱（小）【レベル2_トゥメル】1F　候補6	01	4	7001	儀式素材【コモンA】レベル2	0x40001B59	0xB0001B59	1	100	0	52901400	52901400
101420060	宝箱（小）【レベル2_トゥメル】1F　候補7	01	4	1000	HP回復【PG直接指定】	0x400003E8	0xB00003E8	2	100	0	52901400	52901400
101420070	宝箱（小）【レベル2_トゥメル】1F　候補8	01	4	1000	HP回復【PG直接指定】	0x400003E8	0xB00003E8	2	100	0	52901400	52901400
101420080	宝箱（小）【レベル2_トゥメル】1F　候補9	01	4	900	弾丸【PG直接指定】	0x40000384	0xB0000384	2	100	0	52901400	52901400
101420090	宝箱（小）【レベル2_トゥメル】1F　候補10	01	4	900	弾丸【PG直接指定】	0x40000384	0xB0000384	2	100	0	52901400	52901400
101420100	宝箱（小）【レベル2_トゥメル】2F　候補1	01	4	7001	儀式素材【コモンA】レベル2	0x40001B59	0xB0001B59	3	100	0	52901400	52901400
101420110	宝箱（小）【レベル2_トゥメル】2F　候補2	01	4	7001	儀式素材【コモンA】レベル2	0x40001B59	0xB0001B59	3	100	0	52901400	52901400
101420120	宝箱（小）【レベル2_トゥメル】2F　候補3	01	4	7001	儀式素材【コモンA】レベル2	0x40001B59	0xB0001B59	2	100	0	52901400	52901400
101420130	宝箱（小）【レベル2_トゥメル】2F　候補4	01	4	7001	儀式素材【コモンA】レベル2	0x40001B59	0xB0001B59	2	100	0	52901400	52901400
101420140	宝箱（小）【レベル2_トゥメル】2F　候補5	01	4	7021	儀式素材【コモンC】レベル2	0x40001B6D	0xB0001B6D	3	100	0	52901400	52901400
101420150	宝箱（小）【レベル2_トゥメル】2F　候補6	01	4	7021	儀式素材【コモンC】レベル2	0x40001B6D	0xB0001B6D	3	100	0	52901400	52901400
101420160	宝箱（小）【レベル2_トゥメル】2F　候補7	01	4	7021	儀式素材【コモンC】レベル2	0x40001B6D	0xB0001B6D	2	100	0	52901400	52901400
101420170	宝箱（小）【レベル2_トゥメル】2F　候補8	01	4	7021	儀式素材【コモンC】レベル2	0x40001B6D	0xB0001B6D	2	100	0	52901400	52901400
101420180	宝箱（小）【レベル2_トゥメル】2F　候補9	01	4	1000	HP回復【PG直接指定】	0x400003E8	0xB00003E8	4	100	0	52901400	52901400
101420190	宝箱（小）【レベル2_トゥメル】2F　候補10	01	4	900	弾丸【PG直接指定】	0x40000384	0xB0000384	4	100	0	52901400	52901400
101420200	宝箱（小）【レベル2_トゥメル】3F　候補1	01	4	7001	儀式素材【コモンA】レベル2	0x40001B59	0xB0001B59	5	100	0	52901400	52901400
101420210	宝箱（小）【レベル2_トゥメル】3F　候補2	01	4	7001	儀式素材【コモンA】レベル2	0x40001B59	0xB0001B59	5	100	0	52901400	52901400
101420220	宝箱（小）【レベル2_トゥメル】3F　候補3	01	4	7001	儀式素材【コモンA】レベル2	0x40001B59	0xB0001B59	3	100	0	52901400	52901400
101420230	宝箱（小）【レベル2_トゥメル】3F　候補4	01	4	7001	儀式素材【コモンA】レベル2	0x40001B59	0xB0001B59	4	100	0	52901400	52901400
101420240	宝箱（小）【レベル2_トゥメル】3F　候補5	01	4	7002	儀式素材【コモンA】レベル3	0x40001B5A	0xB0001B5A	1	100	0	52901400	52901400
101420250	宝箱（小）【レベル2_トゥメル】3F　候補6	01	4	7021	儀式素材【コモンC】レベル2	0x40001B6D	0xB0001B6D	5	100	0	52901400	52901400
101420252	宝箱（小）【レベル2_トゥメル】3F　候補6	01	4	7001	儀式素材【コモンA】レベル2	0x40001B59	0xB0001B59	2	100	0	52901400	52901400
101420260	宝箱（小）【レベル2_トゥメル】3F　候補7	01	4	7021	儀式素材【コモンC】レベル2	0x40001B6D	0xB0001B6D	4	100	0	52901400	52901400
101420270	宝箱（小）【レベル2_トゥメル】3F　候補8	01	4	7021	儀式素材【コモンC】レベル2	0x40001B6D	0xB0001B6D	4	100	0	52901400	52901400
101420280	宝箱（小）【レベル2_トゥメル】3F　候補9	01	4	1000	HP回復【PG直接指定】	0x400003E8	0xB00003E8	4	100	0	52901400	52901400
101420290	宝箱（小）【レベル2_トゥメル】3F　候補10	01	4	900	弾丸【PG直接指定】	0x40000384	0xB0000384	4	100	0	52901400	52901400
101420300	宝箱（小）【レベル2_トゥメル】4F　候補1	01	4	7001	儀式素材【コモンA】レベル2	0x40001B59	0xB0001B59	7	100	0	52901400	52901400
101420310	宝箱（小）【レベル2_トゥメル】4F　候補2	01	4	7001	儀式素材【コモンA】レベル2	0x40001B59	0xB0001B59	7	100	0	52901400	52901400
101420320	宝箱（小）【レベル2_トゥメル】4F　候補3	01	4	7001	儀式素材【コモンA】レベル2	0x40001B59	0xB0001B59	6	100	0	52901400	52901400
101420330	宝箱（小）【レベル2_トゥメル】4F　候補4	01	4	7001	儀式素材【コモンA】レベル2	0x40001B59	0xB0001B59	6	100	0	52901400	52901400
101420340	宝箱（小）【レベル2_トゥメル】4F　候補5	01	4	7021	儀式素材【コモンC】レベル2	0x40001B6D	0xB0001B6D	7	100	0	52901400	52901400
101420350	宝箱（小）【レベル2_トゥメル】4F　候補6	01	4	7021	儀式素材【コモンC】レベル2	0x40001B6D	0xB0001B6D	7	100	0	52901400	52901400
101420360	宝箱（小）【レベル2_トゥメル】4F　候補7	01	4	7021	儀式素材【コモンC】レベル2	0x40001B6D	0xB0001B6D	6	100	0	52901400	52901400
101420370	宝箱（小）【レベル2_トゥメル】4F　候補8	01	4	7021	儀式素材【コモンC】レベル2	0x40001B6D	0xB0001B6D	6	100	0	52901400	52901400
101420380	宝箱（小）【レベル2_トゥメル】4F　候補9	01	4	1000	HP回復【PG直接指定】	0x400003E8	0xB00003E8	4	100	0	52901400	52901400
101420390	宝箱（小）【レベル2_トゥメル】4F　候補10	01	4	900	弾丸【PG直接指定】	0x40000384	0xB0000384	4	100	0	52901400	52901400
101421000	宝箱（小）【レベル2_僻墓】1F　候補1	01	4	7001	儀式素材【コモンA】レベル2	0x40001B59	0xB0001B59	1	100	0	52901400	52901400
101421010	宝箱（小）【レベル2_僻墓】1F　候補2	01	4	7001	儀式素材【コモンA】レベル2	0x40001B59	0xB0001B59	1	100	0	52901400	52901400
101421020	宝箱（小）【レベル2_僻墓】1F　候補3	01	4	7001	儀式素材【コモンA】レベル2	0x40001B59	0xB0001B59	1	100	0	52901400	52901400
101421030	宝箱（小）【レベル2_僻墓】1F　候補4	01	4	7001	儀式素材【コモンA】レベル2	0x40001B59	0xB0001B59	1	100	0	52901400	52901400
101421040	宝箱（小）【レベル2_僻墓】1F　候補5	01	4	7001	儀式素材【コモンA】レベル2	0x40001B59	0xB0001B59	1	100	0	52901400	52901400
101421050	宝箱（小）【レベル2_僻墓】1F　候補6	01	4	7001	儀式素材【コモンA】レベル2	0x40001B59	0xB0001B59	1	100	0	52901400	52901400
101421060	宝箱（小）【レベル2_僻墓】1F　候補7	01	4	1000	HP回復【PG直接指定】	0x400003E8	0xB00003E8	2	100	0	52901400	52901400
101421070	宝箱（小）【レベル2_僻墓】1F　候補8	01	4	1000	HP回復【PG直接指定】	0x400003E8	0xB00003E8	2	100	0	52901400	52901400
101421080	宝箱（小）【レベル2_僻墓】1F　候補9	01	4	1000	HP回復【PG直接指定】	0x400003E8	0xB00003E8	2	100	0	52901400	52901400
101421090	宝箱（小）【レベル2_僻墓】1F　候補10	01	4	900	弾丸【PG直接指定】	0x40000384	0xB0000384	2	100	0	52901400	52901400
101421100	宝箱（小）【レベル2_僻墓】2F　候補1	01	4	7001	儀式素材【コモンA】レベル2	0x40001B59	0xB0001B59	3	100	0	52901400	52901400
101421110	宝箱（小）【レベル2_僻墓】2F　候補2	01	4	7001	儀式素材【コモンA】レベル2	0x40001B59	0xB0001B59	2	100	0	52901400	52901400
101421120	宝箱（小）【レベル2_僻墓】2F　候補3	01	4	7021	儀式素材【コモンC】レベル2	0x40001B6D	0xB0001B6D	3	100	0	52901400	52901400
101421130	宝箱（小）【レベル2_僻墓】2F　候補4	01	4	7021	儀式素材【コモンC】レベル2	0x40001B6D	0xB0001B6D	3	100	0	52901400	52901400
101421140	宝箱（小）【レベル2_僻墓】2F　候補5	01	4	7021	儀式素材【コモンC】レベル2	0x40001B6D	0xB0001B6D	3	100	0	52901400	52901400
101421150	宝箱（小）【レベル2_僻墓】2F　候補6	01	4	7021	儀式素材【コモンC】レベル2	0x40001B6D	0xB0001B6D	2	100	0	52901400	52901400
101421160	宝箱（小）【レベル2_僻墓】2F　候補7	01	4	7021	儀式素材【コモンC】レベル2	0x40001B6D	0xB0001B6D	2	100	0	52901400	52901400
101421170	宝箱（小）【レベル2_僻墓】2F　候補8	01	4	7150	儀式素材【アンコモンF】レベル1	0x40001BEE	0xB0001BEE	1	100	0	52901400	52901400
101421180	宝箱（小）【レベル2_僻墓】2F　候補9	01	4	1000	HP回復【PG直接指定】	0x400003E8	0xB00003E8	4	100	0	52901400	52901400
101421190	宝箱（小）【レベル2_僻墓】2F　候補10	01	4	1000	HP回復【PG直接指定】	0x400003E8	0xB00003E8	4	100	0	52901400	52901400
101421200	宝箱（小）【レベル2_僻墓】3F　候補1	01	4	7001	儀式素材【コモンA】レベル2	0x40001B59	0xB0001B59	5	100	0	52901400	52901400
101421210	宝箱（小）【レベル2_僻墓】3F　候補2	01	4	7001	儀式素材【コモンA】レベル2	0x40001B59	0xB0001B59	4	100	0	52901400	52901400
101421220	宝箱（小）【レベル2_僻墓】3F　候補3	01	4	7021	儀式素材【コモンC】レベル2	0x40001B6D	0xB0001B6D	5	100	0	52901400	52901400
101421230	宝箱（小）【レベル2_僻墓】3F　候補4	01	4	7021	儀式素材【コモンC】レベル2	0x40001B6D	0xB0001B6D	5	100	0	52901400	52901400
101421240	宝箱（小）【レベル2_僻墓】3F　候補5	01	4	7021	儀式素材【コモンC】レベル2	0x40001B6D	0xB0001B6D	5	100	0	52901400	52901400
101421250	宝箱（小）【レベル2_僻墓】3F　候補6	01	4	7021	儀式素材【コモンC】レベル2	0x40001B6D	0xB0001B6D	4	100	0	52901400	52901400
101421260	宝箱（小）【レベル2_僻墓】3F　候補7	01	4	7021	儀式素材【コモンC】レベル2	0x40001B6D	0xB0001B6D	4	100	0	52901400	52901400
101421270	宝箱（小）【レベル2_僻墓】3F　候補8	01	4	7150	儀式素材【アンコモンF】レベル1	0x40001BEE	0xB0001BEE	3	100	0	52901400	52901400
101421280	宝箱（小）【レベル2_僻墓】3F　候補9	01	4	1000	HP回復【PG直接指定】	0x400003E8	0xB00003E8	4	100	0	52901400	52901400
101421290	宝箱（小）【レベル2_僻墓】3F　候補10	01	4	1000	HP回復【PG直接指定】	0x400003E8	0xB00003E8	4	100	0	52901400	52901400
101421300	宝箱（小）【レベル2_僻墓】4F　候補1	01	4	7001	儀式素材【コモンA】レベル2	0x40001B59	0xB0001B59	7	100	0	52901400	52901400
101421310	宝箱（小）【レベル2_僻墓】4F　候補2	01	4	7001	儀式素材【コモンA】レベル2	0x40001B59	0xB0001B59	6	100	0	52901400	52901400
101421320	宝箱（小）【レベル2_僻墓】4F　候補3	01	4	7021	儀式素材【コモンC】レベル2	0x40001B6D	0xB0001B6D	7	100	0	52901400	52901400
101421330	宝箱（小）【レベル2_僻墓】4F　候補4	01	4	7021	儀式素材【コモンC】レベル2	0x40001B6D	0xB0001B6D	7	100	0	52901400	52901400
101421340	宝箱（小）【レベル2_僻墓】4F　候補5	01	4	7021	儀式素材【コモンC】レベル2	0x40001B6D	0xB0001B6D	7	100	0	52901400	52901400
101421350	宝箱（小）【レベル2_僻墓】4F　候補6	01	4	7021	儀式素材【コモンC】レベル2	0x40001B6D	0xB0001B6D	6	100	0	52901400	52901400
101421360	宝箱（小）【レベル2_僻墓】4F　候補7	01	4	7021	儀式素材【コモンC】レベル2	0x40001B6D	0xB0001B6D	6	100	0	52901400	52901400
101421370	宝箱（小）【レベル2_僻墓】4F　候補8	01	4	7150	儀式素材【アンコモンF】レベル1	0x40001BEE	0xB0001BEE	5	100	0	52901400	52901400
101421380	宝箱（小）【レベル2_僻墓】4F　候補9	01	4	1000	HP回復【PG直接指定】	0x400003E8	0xB00003E8	4	100	0	52901400	52901400
101421390	宝箱（小）【レベル2_僻墓】4F　候補10	01	4	1000	HP回復【PG直接指定】	0x400003E8	0xB00003E8	4	100	0	52901400	52901400
101430000	宝箱（小）【レベル3_トゥメル】1F　候補1	01	4	7002	儀式素材【コモンA】レベル3	0x40001B5A	0xB0001B5A	1	100	0	52901400	52901400
101430010	宝箱（小）【レベル3_トゥメル】1F　候補2	01	4	7002	儀式素材【コモンA】レベル3	0x40001B5A	0xB0001B5A	1	100	0	52901400	52901400
101430020	宝箱（小）【レベル3_トゥメル】1F　候補3	01	4	7002	儀式素材【コモンA】レベル3	0x40001B5A	0xB0001B5A	1	100	0	52901400	52901400
101430030	宝箱（小）【レベル3_トゥメル】1F　候補4	01	4	7002	儀式素材【コモンA】レベル3	0x40001B5A	0xB0001B5A	1	100	0	52901400	52901400
101430040	宝箱（小）【レベル3_トゥメル】1F　候補5	01	4	7002	儀式素材【コモンA】レベル3	0x40001B5A	0xB0001B5A	1	100	0	52901400	52901400
101430050	宝箱（小）【レベル3_トゥメル】1F　候補6	01	4	7002	儀式素材【コモンA】レベル3	0x40001B5A	0xB0001B5A	1	100	0	52901400	52901400
101430060	宝箱（小）【レベル3_トゥメル】1F　候補7	01	4	1000	HP回復【PG直接指定】	0x400003E8	0xB00003E8	2	100	0	52901400	52901400
101430070	宝箱（小）【レベル3_トゥメル】1F　候補8	01	4	1000	HP回復【PG直接指定】	0x400003E8	0xB00003E8	2	100	0	52901400	52901400
101430080	宝箱（小）【レベル3_トゥメル】1F　候補9	01	4	900	弾丸【PG直接指定】	0x40000384	0xB0000384	2	100	0	52901400	52901400
101430090	宝箱（小）【レベル3_トゥメル】1F　候補10	01	4	900	弾丸【PG直接指定】	0x40000384	0xB0000384	2	100	0	52901400	52901400
101430100	宝箱（小）【レベル3_トゥメル】2F　候補1	01	4	7002	儀式素材【コモンA】レベル3	0x40001B5A	0xB0001B5A	3	100	0	52901400	52901400
101430110	宝箱（小）【レベル3_トゥメル】2F　候補2	01	4	7002	儀式素材【コモンA】レベル3	0x40001B5A	0xB0001B5A	3	100	0	52901400	52901400
101430120	宝箱（小）【レベル3_トゥメル】2F　候補3	01	4	7002	儀式素材【コモンA】レベル3	0x40001B5A	0xB0001B5A	2	100	0	52901400	52901400
101430130	宝箱（小）【レベル3_トゥメル】2F　候補4	01	4	7002	儀式素材【コモンA】レベル3	0x40001B5A	0xB0001B5A	1	100	0	52901400	52901400
101430140	宝箱（小）【レベル3_トゥメル】2F　候補5	01	4	7022	儀式素材【コモンC】レベル3	0x40001B6E	0xB0001B6E	3	100	0	52901400	52901400
101430150	宝箱（小）【レベル3_トゥメル】2F　候補6	01	4	7022	儀式素材【コモンC】レベル3	0x40001B6E	0xB0001B6E	3	100	0	52901400	52901400
101430160	宝箱（小）【レベル3_トゥメル】2F　候補7	01	4	7022	儀式素材【コモンC】レベル3	0x40001B6E	0xB0001B6E	2	100	0	52901400	52901400
101430170	宝箱（小）【レベル3_トゥメル】2F　候補8	01	4	7022	儀式素材【コモンC】レベル3	0x40001B6E	0xB0001B6E	2	100	0	52901400	52901400
101430180	宝箱（小）【レベル3_トゥメル】2F　候補9	01	4	1000	HP回復【PG直接指定】	0x400003E8	0xB00003E8	4	100	0	52901400	52901400
101430190	宝箱（小）【レベル3_トゥメル】2F　候補10	01	4	900	弾丸【PG直接指定】	0x40000384	0xB0000384	4	100	0	52901400	52901400
101430200	宝箱（小）【レベル3_トゥメル】3F　候補1	01	4	7002	儀式素材【コモンA】レベル3	0x40001B5A	0xB0001B5A	5	100	0	52901400	52901400
101430210	宝箱（小）【レベル3_トゥメル】3F　候補2	01	4	7002	儀式素材【コモンA】レベル3	0x40001B5A	0xB0001B5A	2	100	0	52901400	52901400
101430220	宝箱（小）【レベル3_トゥメル】3F　候補3	01	4	7002	儀式素材【コモンA】レベル3	0x40001B5A	0xB0001B5A	4	100	0	52901400	52901400
101430230	宝箱（小）【レベル3_トゥメル】3F　候補4	01	4	7002	儀式素材【コモンA】レベル3	0x40001B5A	0xB0001B5A	4	100	0	52901400	52901400
101430240	宝箱（小）【レベル3_トゥメル】3F　候補5	01	4	7022	儀式素材【コモンC】レベル3	0x40001B6E	0xB0001B6E	5	100	0	52901400	52901400
101430250	宝箱（小）【レベル3_トゥメル】3F　候補6	01	4	7022	儀式素材【コモンC】レベル3	0x40001B6E	0xB0001B6E	5	100	0	52901400	52901400
101430260	宝箱（小）【レベル3_トゥメル】3F　候補7	01	4	7003	儀式素材【コモンA】レベル4	0x40001B5B	0xB0001B5B	1	100	0	52901400	52901400
101430270	宝箱（小）【レベル3_トゥメル】3F　候補8	01	4	7022	儀式素材【コモンC】レベル3	0x40001B6E	0xB0001B6E	4	100	0	52901400	52901400
101430280	宝箱（小）【レベル3_トゥメル】3F　候補9	01	4	1000	HP回復【PG直接指定】	0x400003E8	0xB00003E8	4	100	0	52901400	52901400
101430290	宝箱（小）【レベル3_トゥメル】3F　候補10	01	4	900	弾丸【PG直接指定】	0x40000384	0xB0000384	8	100	0	52901400	52901400
101430300	宝箱（小）【レベル3_トゥメル】4F　候補1	01	4	7002	儀式素材【コモンA】レベル3	0x40001B5A	0xB0001B5A	7	100	0	52901400	52901400
101430310	宝箱（小）【レベル3_トゥメル】4F　候補2	01	4	7002	儀式素材【コモンA】レベル3	0x40001B5A	0xB0001B5A	7	100	0	52901400	52901400
101430320	宝箱（小）【レベル3_トゥメル】4F　候補3	01	4	7002	儀式素材【コモンA】レベル3	0x40001B5A	0xB0001B5A	6	100	0	52901400	52901400
101430330	宝箱（小）【レベル3_トゥメル】4F　候補4	01	4	7002	儀式素材【コモンA】レベル3	0x40001B5A	0xB0001B5A	6	100	0	52901400	52901400
101430340	宝箱（小）【レベル3_トゥメル】4F　候補5	01	4	7022	儀式素材【コモンC】レベル3	0x40001B6E	0xB0001B6E	7	100	0	52901400	52901400
101430350	宝箱（小）【レベル3_トゥメル】4F　候補6	01	4	7022	儀式素材【コモンC】レベル3	0x40001B6E	0xB0001B6E	7	100	0	52901400	52901400
101430360	宝箱（小）【レベル3_トゥメル】4F　候補7	01	4	7002	儀式素材【コモンA】レベル3	0x40001B5A	0xB0001B5A	2	100	0	52901400	52901400
101430370	宝箱（小）【レベル3_トゥメル】4F　候補8	01	4	7022	儀式素材【コモンC】レベル3	0x40001B6E	0xB0001B6E	6	100	0	52901400	52901400
101430380	宝箱（小）【レベル3_トゥメル】4F　候補9	01	4	7022	儀式素材【コモンC】レベル3	0x40001B6E	0xB0001B6E	6	100	0	52901400	52901400
101430390	宝箱（小）【レベル3_トゥメル】4F　候補10	01	4	900	弾丸【PG直接指定】	0x40000384	0xB0000384	4	100	0	52901400	52901400
101431000	宝箱（小）【レベル3_僻墓】1F　候補1	01	4	7002	儀式素材【コモンA】レベル3	0x40001B5A	0xB0001B5A	1	100	0	52901400	52901400
101431010	宝箱（小）【レベル3_僻墓】1F　候補2	01	4	7002	儀式素材【コモンA】レベル3	0x40001B5A	0xB0001B5A	1	100	0	52901400	52901400
101431020	宝箱（小）【レベル3_僻墓】1F　候補3	01	4	7002	儀式素材【コモンA】レベル3	0x40001B5A	0xB0001B5A	1	100	0	52901400	52901400
101431030	宝箱（小）【レベル3_僻墓】1F　候補4	01	4	7002	儀式素材【コモンA】レベル3	0x40001B5A	0xB0001B5A	1	100	0	52901400	52901400
101431040	宝箱（小）【レベル3_僻墓】1F　候補5	01	4	7002	儀式素材【コモンA】レベル3	0x40001B5A	0xB0001B5A	1	100	0	52901400	52901400
101431050	宝箱（小）【レベル3_僻墓】1F　候補6	01	4	7002	儀式素材【コモンA】レベル3	0x40001B5A	0xB0001B5A	1	100	0	52901400	52901400
101431060	宝箱（小）【レベル3_僻墓】1F　候補7	01	4	1000	HP回復【PG直接指定】	0x400003E8	0xB00003E8	2	100	0	52901400	52901400
101431070	宝箱（小）【レベル3_僻墓】1F　候補8	01	4	1000	HP回復【PG直接指定】	0x400003E8	0xB00003E8	2	100	0	52901400	52901400
101431080	宝箱（小）【レベル3_僻墓】1F　候補9	01	4	1000	HP回復【PG直接指定】	0x400003E8	0xB00003E8	2	100	0	52901400	52901400
101431090	宝箱（小）【レベル3_僻墓】1F　候補10	01	4	900	弾丸【PG直接指定】	0x40000384	0xB0000384	2	100	0	52901400	52901400
101431092	宝箱（小）【レベル3_僻墓】1F　候補10	01	4	7022	儀式素材【コモンC】レベル3	0x40001B6E	0xB0001B6E	2	100	0	52901400	52901400
101431100	宝箱（小）【レベル3_僻墓】2F　候補1	01	4	7002	儀式素材【コモンA】レベル3	0x40001B5A	0xB0001B5A	3	100	0	52901400	52901400
101431110	宝箱（小）【レベル3_僻墓】2F　候補2	01	4	7002	儀式素材【コモンA】レベル3	0x40001B5A	0xB0001B5A	2	100	0	52901400	52901400
101431120	宝箱（小）【レベル3_僻墓】2F　候補3	01	4	7022	儀式素材【コモンC】レベル3	0x40001B6E	0xB0001B6E	3	100	0	52901400	52901400
101431130	宝箱（小）【レベル3_僻墓】2F　候補4	01	4	7022	儀式素材【コモンC】レベル3	0x40001B6E	0xB0001B6E	3	100	0	52901400	52901400
101431140	宝箱（小）【レベル3_僻墓】2F　候補5	01	4	7022	儀式素材【コモンC】レベル3	0x40001B6E	0xB0001B6E	3	100	0	52901400	52901400
101431150	宝箱（小）【レベル3_僻墓】2F　候補6	01	4	7022	儀式素材【コモンC】レベル3	0x40001B6E	0xB0001B6E	2	100	0	52901400	52901400
101431160	宝箱（小）【レベル3_僻墓】2F　候補7	01	4	7022	儀式素材【コモンC】レベル3	0x40001B6E	0xB0001B6E	2	100	0	52901400	52901400
101431170	宝箱（小）【レベル3_僻墓】2F　候補8	01	4	7150	儀式素材【アンコモンF】レベル1	0x40001BEE	0xB0001BEE	1	100	0	52901400	52901400
101431180	宝箱（小）【レベル3_僻墓】2F　候補9	01	4	1000	HP回復【PG直接指定】	0x400003E8	0xB00003E8	4	100	0	52901400	52901400
101431190	宝箱（小）【レベル3_僻墓】2F　候補10	01	4	1000	HP回復【PG直接指定】	0x400003E8	0xB00003E8	4	100	0	52901400	52901400
101431200	宝箱（小）【レベル3_僻墓】3F　候補1	01	4	7002	儀式素材【コモンA】レベル3	0x40001B5A	0xB0001B5A	5	100	0	52901400	52901400
101431210	宝箱（小）【レベル3_僻墓】3F　候補2	01	4	7002	儀式素材【コモンA】レベル3	0x40001B5A	0xB0001B5A	4	100	0	52901400	52901400
101431220	宝箱（小）【レベル3_僻墓】3F　候補3	01	4	7022	儀式素材【コモンC】レベル3	0x40001B6E	0xB0001B6E	5	100	0	52901400	52901400
101431230	宝箱（小）【レベル3_僻墓】3F　候補4	01	4	7150	儀式素材【アンコモンF】レベル1	0x40001BEE	0xB0001BEE	2	100	0	52901400	52901400
101431240	宝箱（小）【レベル3_僻墓】3F　候補5	01	4	7022	儀式素材【コモンC】レベル3	0x40001B6E	0xB0001B6E	5	100	0	52901400	52901400
101431250	宝箱（小）【レベル3_僻墓】3F　候補6	01	4	7022	儀式素材【コモンC】レベル3	0x40001B6E	0xB0001B6E	4	100	0	52901400	52901400
101431260	宝箱（小）【レベル3_僻墓】3F　候補7	01	4	7022	儀式素材【コモンC】レベル3	0x40001B6E	0xB0001B6E	4	100	0	52901400	52901400
101431270	宝箱（小）【レベル3_僻墓】3F　候補8	01	4	7150	儀式素材【アンコモンF】レベル1	0x40001BEE	0xB0001BEE	3	100	0	52901400	52901400
101431280	宝箱（小）【レベル3_僻墓】3F　候補9	01	4	1000	HP回復【PG直接指定】	0x400003E8	0xB00003E8	4	100	0	52901400	52901400
101431290	宝箱（小）【レベル3_僻墓】3F　候補10	01	4	1000	HP回復【PG直接指定】	0x400003E8	0xB00003E8	4	100	0	52901400	52901400
101431300	宝箱（小）【レベル3_僻墓】4F　候補1	01	4	7002	儀式素材【コモンA】レベル3	0x40001B5A	0xB0001B5A	7	100	0	52901400	52901400
101431310	宝箱（小）【レベル3_僻墓】4F　候補2	01	4	7002	儀式素材【コモンA】レベル3	0x40001B5A	0xB0001B5A	6	100	0	52901400	52901400
101431320	宝箱（小）【レベル3_僻墓】4F　候補3	01	4	7022	儀式素材【コモンC】レベル3	0x40001B6E	0xB0001B6E	7	100	0	52901400	52901400
101431330	宝箱（小）【レベル3_僻墓】4F　候補4	01	4	7022	儀式素材【コモンC】レベル3	0x40001B6E	0xB0001B6E	7	100	0	52901400	52901400
101431340	宝箱（小）【レベル3_僻墓】4F　候補5	01	4	7022	儀式素材【コモンC】レベル3	0x40001B6E	0xB0001B6E	7	100	0	52901400	52901400
101431350	宝箱（小）【レベル3_僻墓】4F　候補6	01	4	7022	儀式素材【コモンC】レベル3	0x40001B6E	0xB0001B6E	6	100	0	52901400	52901400
101431360	宝箱（小）【レベル3_僻墓】4F　候補7	01	4	7022	儀式素材【コモンC】レベル3	0x40001B6E	0xB0001B6E	6	100	0	52901400	52901400
101431370	宝箱（小）【レベル3_僻墓】4F　候補8	01	4	7150	儀式素材【アンコモンF】レベル1	0x40001BEE	0xB0001BEE	5	100	0	52901400	52901400
101431380	宝箱（小）【レベル3_僻墓】4F　候補9	01	4	1000	HP回復【PG直接指定】	0x400003E8	0xB00003E8	4	100	0	52901400	52901400
101431390	宝箱（小）【レベル3_僻墓】4F　候補10	01	4	1000	HP回復【PG直接指定】	0x400003E8	0xB00003E8	4	100	0	52901400	52901400
101440000	宝箱（小）【レベル4_トゥメル】1F　候補1	01	4	7003	儀式素材【コモンA】レベル4	0x40001B5B	0xB0001B5B	1	100	0	52901400	52901400
101440010	宝箱（小）【レベル4_トゥメル】1F　候補2	01	4	7003	儀式素材【コモンA】レベル4	0x40001B5B	0xB0001B5B	1	100	0	52901400	52901400
101440020	宝箱（小）【レベル4_トゥメル】1F　候補3	01	4	7003	儀式素材【コモンA】レベル4	0x40001B5B	0xB0001B5B	1	100	0	52901400	52901400
101440030	宝箱（小）【レベル4_トゥメル】1F　候補4	01	4	7003	儀式素材【コモンA】レベル4	0x40001B5B	0xB0001B5B	1	100	0	52901400	52901400
101440040	宝箱（小）【レベル4_トゥメル】1F　候補5	01	4	7003	儀式素材【コモンA】レベル4	0x40001B5B	0xB0001B5B	1	100	0	52901400	52901400
101440050	宝箱（小）【レベル4_トゥメル】1F　候補6	01	4	7003	儀式素材【コモンA】レベル4	0x40001B5B	0xB0001B5B	1	100	0	52901400	52901400
101440060	宝箱（小）【レベル4_トゥメル】1F　候補7	01	4	1000	HP回復【PG直接指定】	0x400003E8	0xB00003E8	2	100	0	52901400	52901400
101440070	宝箱（小）【レベル4_トゥメル】1F　候補8	01	4	1000	HP回復【PG直接指定】	0x400003E8	0xB00003E8	2	100	0	52901400	52901400
101440080	宝箱（小）【レベル4_トゥメル】1F　候補9	01	4	900	弾丸【PG直接指定】	0x40000384	0xB0000384	2	100	0	52901400	52901400
101440090	宝箱（小）【レベル4_トゥメル】1F　候補10	01	4	900	弾丸【PG直接指定】	0x40000384	0xB0000384	2	100	0	52901400	52901400
101440100	宝箱（小）【レベル4_トゥメル】2F　候補1	01	4	7003	儀式素材【コモンA】レベル4	0x40001B5B	0xB0001B5B	3	100	0	52901400	52901400
101440110	宝箱（小）【レベル4_トゥメル】2F　候補2	01	4	7003	儀式素材【コモンA】レベル4	0x40001B5B	0xB0001B5B	3	100	0	52901400	52901400
101440120	宝箱（小）【レベル4_トゥメル】2F　候補3	01	4	7003	儀式素材【コモンA】レベル4	0x40001B5B	0xB0001B5B	2	100	0	52901400	52901400
101440130	宝箱（小）【レベル4_トゥメル】2F　候補4	01	4	7003	儀式素材【コモンA】レベル4	0x40001B5B	0xB0001B5B	5	100	0	52901400	52901400
101440140	宝箱（小）【レベル4_トゥメル】2F　候補5	01	4	7023	儀式素材【コモンC】レベル4	0x40001B6F	0xB0001B6F	3	100	0	52901400	52901400
101440150	宝箱（小）【レベル4_トゥメル】2F　候補6	01	4	7023	儀式素材【コモンC】レベル4	0x40001B6F	0xB0001B6F	3	100	0	52901400	52901400
101440160	宝箱（小）【レベル4_トゥメル】2F　候補7	01	4	7023	儀式素材【コモンC】レベル4	0x40001B6F	0xB0001B6F	2	100	0	52901400	52901400
101440170	宝箱（小）【レベル4_トゥメル】2F　候補8	01	4	7023	儀式素材【コモンC】レベル4	0x40001B6F	0xB0001B6F	2	100	0	52901400	52901400
101440180	宝箱（小）【レベル4_トゥメル】2F　候補9	01	4	1000	HP回復【PG直接指定】	0x400003E8	0xB00003E8	4	100	0	52901400	52901400
101440190	宝箱（小）【レベル4_トゥメル】2F　候補10	01	4	900	弾丸【PG直接指定】	0x40000384	0xB0000384	4	100	0	52901400	52901400
101440200	宝箱（小）【レベル4_トゥメル】3F　候補1	01	4	7003	儀式素材【コモンA】レベル4	0x40001B5B	0xB0001B5B	5	100	0	52901400	52901400
101440210	宝箱（小）【レベル4_トゥメル】3F　候補2	01	4	7003	儀式素材【コモンA】レベル4	0x40001B5B	0xB0001B5B	5	100	0	52901400	52901400
101440220	宝箱（小）【レベル4_トゥメル】3F　候補3	01	4	7003	儀式素材【コモンA】レベル4	0x40001B5B	0xB0001B5B	4	100	0	52901400	52901400
101440230	宝箱（小）【レベル4_トゥメル】3F　候補4	01	4	7003	儀式素材【コモンA】レベル4	0x40001B5B	0xB0001B5B	4	100	0	52901400	52901400
101440240	宝箱（小）【レベル4_トゥメル】3F　候補5	01	4	7023	儀式素材【コモンC】レベル4	0x40001B6F	0xB0001B6F	5	100	0	52901400	52901400
101440250	宝箱（小）【レベル4_トゥメル】3F　候補6	01	4	7004	儀式素材【コモンA】レベル5	0x40001B5C	0xB0001B5C	1	100	0	52901400	52901400
101440260	宝箱（小）【レベル4_トゥメル】3F　候補7	01	4	7023	儀式素材【コモンC】レベル4	0x40001B6F	0xB0001B6F	4	100	0	52901400	52901400
101440270	宝箱（小）【レベル4_トゥメル】3F　候補8	01	4	7023	儀式素材【コモンC】レベル4	0x40001B6F	0xB0001B6F	4	100	0	52901400	52901400
101440280	宝箱（小）【レベル4_トゥメル】3F　候補9	01	4	1000	HP回復【PG直接指定】	0x400003E8	0xB00003E8	4	100	0	52901400	52901400
101440290	宝箱（小）【レベル4_トゥメル】3F　候補10	01	4	900	弾丸【PG直接指定】	0x40000384	0xB0000384	4	100	0	52901400	52901400
101440300	宝箱（小）【レベル4_トゥメル】4F　候補1	01	4	7003	儀式素材【コモンA】レベル4	0x40001B5B	0xB0001B5B	7	100	0	52901400	52901400
101440310	宝箱（小）【レベル4_トゥメル】4F　候補2	01	4	7003	儀式素材【コモンA】レベル4	0x40001B5B	0xB0001B5B	7	100	0	52901400	52901400
101440320	宝箱（小）【レベル4_トゥメル】4F　候補3	01	4	7003	儀式素材【コモンA】レベル4	0x40001B5B	0xB0001B5B	6	100	0	52901400	52901400
101440330	宝箱（小）【レベル4_トゥメル】4F　候補4	01	4	7003	儀式素材【コモンA】レベル4	0x40001B5B	0xB0001B5B	6	100	0	52901400	52901400
101440340	宝箱（小）【レベル4_トゥメル】4F　候補5	01	4	7023	儀式素材【コモンC】レベル4	0x40001B6F	0xB0001B6F	7	100	0	52901400	52901400
101440350	宝箱（小）【レベル4_トゥメル】4F　候補6	01	4	7023	儀式素材【コモンC】レベル4	0x40001B6F	0xB0001B6F	7	100	0	52901400	52901400
101440360	宝箱（小）【レベル4_トゥメル】4F　候補7	01	4	7023	儀式素材【コモンC】レベル4	0x40001B6F	0xB0001B6F	6	100	0	52901400	52901400
101440370	宝箱（小）【レベル4_トゥメル】4F　候補8	01	4	7023	儀式素材【コモンC】レベル4	0x40001B6F	0xB0001B6F	6	100	0	52901400	52901400
101440380	宝箱（小）【レベル4_トゥメル】4F　候補9	01	4	1000	HP回復【PG直接指定】	0x400003E8	0xB00003E8	4	100	0	52901400	52901400
101440390	宝箱（小）【レベル4_トゥメル】4F　候補10	01	4	900	弾丸【PG直接指定】	0x40000384	0xB0000384	4	100	0	52901400	52901400
101442000	宝箱（小）【レベル4_ローラン】1F　候補1	01	4	7003	儀式素材【コモンA】レベル4	0x40001B5B	0xB0001B5B	1	100	0	52901400	52901400
101442010	宝箱（小）【レベル4_ローラン】1F　候補2	01	4	7003	儀式素材【コモンA】レベル4	0x40001B5B	0xB0001B5B	1	100	0	52901400	52901400
101442020	宝箱（小）【レベル4_ローラン】1F　候補3	01	4	7003	儀式素材【コモンA】レベル4	0x40001B5B	0xB0001B5B	1	100	0	52901400	52901400
101442030	宝箱（小）【レベル4_ローラン】1F　候補4	01	4	7003	儀式素材【コモンA】レベル4	0x40001B5B	0xB0001B5B	1	100	0	52901400	52901400
101442040	宝箱（小）【レベル4_ローラン】1F　候補5	01	4	7003	儀式素材【コモンA】レベル4	0x40001B5B	0xB0001B5B	1	100	0	52901400	52901400
101442050	宝箱（小）【レベル4_ローラン】1F　候補6	01	4	7003	儀式素材【コモンA】レベル4	0x40001B5B	0xB0001B5B	1	100	0	52901400	52901400
101442060	宝箱（小）【レベル4_ローラン】1F　候補7	01	4	1000	HP回復【PG直接指定】	0x400003E8	0xB00003E8	2	100	0	52901400	52901400
101442070	宝箱（小）【レベル4_ローラン】1F　候補8	01	4	7004	儀式素材【コモンA】レベル5	0x40001B5C	0xB0001B5C	2	100	0	52901400	52901400
101442080	宝箱（小）【レベル4_ローラン】1F　候補9	01	4	900	弾丸【PG直接指定】	0x40000384	0xB0000384	2	100	0	52901400	52901400
101442090	宝箱（小）【レベル4_ローラン】1F　候補10	01	4	900	弾丸【PG直接指定】	0x40000384	0xB0000384	2	100	0	52901400	52901400
101442100	宝箱（小）【レベル4_ローラン】2F　候補1	01	4	7003	儀式素材【コモンA】レベル4	0x40001B5B	0xB0001B5B	3	100	0	52901400	52901400
101442110	宝箱（小）【レベル4_ローラン】2F　候補2	01	4	7003	儀式素材【コモンA】レベル4	0x40001B5B	0xB0001B5B	2	100	0	52901400	52901400
101442120	宝箱（小）【レベル4_ローラン】2F　候補3	01	4	7013	儀式素材【コモンB】レベル4	0x40001B65	0xB0001B65	3	100	0	52901400	52901400
101442130	宝箱（小）【レベル4_ローラン】2F　候補4	01	4	7013	儀式素材【コモンB】レベル4	0x40001B65	0xB0001B65	2	100	0	52901400	52901400
101442140	宝箱（小）【レベル4_ローラン】2F　候補5	01	4	7013	儀式素材【コモンB】レベル4	0x40001B65	0xB0001B65	2	100	0	52901400	52901400
101442150	宝箱（小）【レベル4_ローラン】2F　候補6	01	4	7023	儀式素材【コモンC】レベル4	0x40001B6F	0xB0001B6F	3	100	0	52901400	52901400
101442160	宝箱（小）【レベル4_ローラン】2F　候補7	01	4	7023	儀式素材【コモンC】レベル4	0x40001B6F	0xB0001B6F	2	100	0	52901400	52901400
101442170	宝箱（小）【レベル4_ローラン】2F　候補8	01	4	7023	儀式素材【コモンC】レベル4	0x40001B6F	0xB0001B6F	2	100	0	52901400	52901400
101442180	宝箱（小）【レベル4_ローラン】2F　候補9	01	4	900	弾丸【PG直接指定】	0x40000384	0xB0000384	4	100	0	52901400	52901400
101442190	宝箱（小）【レベル4_ローラン】2F　候補10	01	4	900	弾丸【PG直接指定】	0x40000384	0xB0000384	4	100	0	52901400	52901400
101442200	宝箱（小）【レベル4_ローラン】3F　候補1	01	4	7003	儀式素材【コモンA】レベル4	0x40001B5B	0xB0001B5B	5	100	0	52901400	52901400
101442210	宝箱（小）【レベル4_ローラン】3F　候補2	01	4	7003	儀式素材【コモンA】レベル4	0x40001B5B	0xB0001B5B	4	100	0	52901400	52901400
101442220	宝箱（小）【レベル4_ローラン】3F　候補3	01	4	7013	儀式素材【コモンB】レベル4	0x40001B65	0xB0001B65	5	100	0	52901400	52901400
101442230	宝箱（小）【レベル4_ローラン】3F　候補4	01	4	7013	儀式素材【コモンB】レベル4	0x40001B65	0xB0001B65	5	100	0	52901400	52901400
101442240	宝箱（小）【レベル4_ローラン】3F　候補5	01	4	7013	儀式素材【コモンB】レベル4	0x40001B65	0xB0001B65	4	100	0	52901400	52901400
101442250	宝箱（小）【レベル4_ローラン】3F　候補6	01	4	7023	儀式素材【コモンC】レベル4	0x40001B6F	0xB0001B6F	5	100	0	52901400	52901400
101442260	宝箱（小）【レベル4_ローラン】3F　候補7	01	4	7023	儀式素材【コモンC】レベル4	0x40001B6F	0xB0001B6F	4	100	0	52901400	52901400
101442270	宝箱（小）【レベル4_ローラン】3F　候補8	01	4	7023	儀式素材【コモンC】レベル4	0x40001B6F	0xB0001B6F	3	100	0	52901400	52901400
101442280	宝箱（小）【レベル4_ローラン】3F　候補9	01	4	900	弾丸【PG直接指定】	0x40000384	0xB0000384	4	100	0	52901400	52901400
101442290	宝箱（小）【レベル4_ローラン】3F　候補10	01	4	900	弾丸【PG直接指定】	0x40000384	0xB0000384	4	100	0	52901400	52901400
101442300	宝箱（小）【レベル4_ローラン】4F　候補1	01	4	7003	儀式素材【コモンA】レベル4	0x40001B5B	0xB0001B5B	7	100	0	52901400	52901400
101442310	宝箱（小）【レベル4_ローラン】4F　候補2	01	4	7003	儀式素材【コモンA】レベル4	0x40001B5B	0xB0001B5B	6	100	0	52901400	52901400
101442320	宝箱（小）【レベル4_ローラン】4F　候補3	01	4	7013	儀式素材【コモンB】レベル4	0x40001B65	0xB0001B65	7	100	0	52901400	52901400
101442330	宝箱（小）【レベル4_ローラン】4F　候補4	01	4	7013	儀式素材【コモンB】レベル4	0x40001B65	0xB0001B65	7	100	0	52901400	52901400
101442340	宝箱（小）【レベル4_ローラン】4F　候補5	01	4	7013	儀式素材【コモンB】レベル4	0x40001B65	0xB0001B65	6	100	0	52901400	52901400
101442350	宝箱（小）【レベル4_ローラン】4F　候補6	01	4	7023	儀式素材【コモンC】レベル4	0x40001B6F	0xB0001B6F	7	100	0	52901400	52901400
101442360	宝箱（小）【レベル4_ローラン】4F　候補7	01	4	7023	儀式素材【コモンC】レベル4	0x40001B6F	0xB0001B6F	6	100	0	52901400	52901400
101442370	宝箱（小）【レベル4_ローラン】4F　候補8	01	4	7023	儀式素材【コモンC】レベル4	0x40001B6F	0xB0001B6F	6	100	0	52901400	52901400
101442380	宝箱（小）【レベル4_ローラン】4F　候補9	01	4	900	弾丸【PG直接指定】	0x40000384	0xB0000384	4	100	0	52901400	52901400
101442390	宝箱（小）【レベル4_ローラン】4F　候補10	01	4	900	弾丸【PG直接指定】	0x40000384	0xB0000384	4	100	0	52901400	52901400
101450000	宝箱（小）【レベル5_トゥメル】1F　候補1	01	4	7004	儀式素材【コモンA】レベル5	0x40001B5C	0xB0001B5C	1	100	0	52901400	52901400
101450010	宝箱（小）【レベル5_トゥメル】1F　候補2	01	4	7004	儀式素材【コモンA】レベル5	0x40001B5C	0xB0001B5C	1	100	0	52901400	52901400
101450020	宝箱（小）【レベル5_トゥメル】1F　候補3	01	4	7004	儀式素材【コモンA】レベル5	0x40001B5C	0xB0001B5C	1	100	0	52901400	52901400
101450030	宝箱（小）【レベル5_トゥメル】1F　候補4	01	4	7004	儀式素材【コモンA】レベル5	0x40001B5C	0xB0001B5C	1	100	0	52901400	52901400
101450040	宝箱（小）【レベル5_トゥメル】1F　候補5	01	4	7004	儀式素材【コモンA】レベル5	0x40001B5C	0xB0001B5C	1	100	0	52901400	52901400
101450050	宝箱（小）【レベル5_トゥメル】1F　候補6	01	4	7004	儀式素材【コモンA】レベル5	0x40001B5C	0xB0001B5C	1	100	0	52901400	52901400
101450060	宝箱（小）【レベル5_トゥメル】1F　候補7	01	4	7024	儀式素材【コモンC】レベル5	0x40001B70	0xB0001B70	2	100	0	52901400	52901400
101450070	宝箱（小）【レベル5_トゥメル】1F　候補8	01	4	1000	HP回復【PG直接指定】	0x400003E8	0xB00003E8	2	100	0	52901400	52901400
101450080	宝箱（小）【レベル5_トゥメル】1F　候補9	01	4	900	弾丸【PG直接指定】	0x40000384	0xB0000384	2	100	0	52901400	52901400
101450090	宝箱（小）【レベル5_トゥメル】1F　候補10	01	4	900	弾丸【PG直接指定】	0x40000384	0xB0000384	2	100	0	52901400	52901400
101450100	宝箱（小）【レベル5_トゥメル】2F　候補1	01	4	7004	儀式素材【コモンA】レベル5	0x40001B5C	0xB0001B5C	3	100	0	52901400	52901400
101450110	宝箱（小）【レベル5_トゥメル】2F　候補2	01	4	7004	儀式素材【コモンA】レベル5	0x40001B5C	0xB0001B5C	3	100	0	52901400	52901400
101450120	宝箱（小）【レベル5_トゥメル】2F　候補3	01	4	7004	儀式素材【コモンA】レベル5	0x40001B5C	0xB0001B5C	2	100	0	52901400	52901400
101450130	宝箱（小）【レベル5_トゥメル】2F　候補4	01	4	7004	儀式素材【コモンA】レベル5	0x40001B5C	0xB0001B5C	2	100	0	52901400	52901400
101450140	宝箱（小）【レベル5_トゥメル】2F　候補5	01	4	7024	儀式素材【コモンC】レベル5	0x40001B70	0xB0001B70	3	100	0	52901400	52901400
101450150	宝箱（小）【レベル5_トゥメル】2F　候補6	01	4	7024	儀式素材【コモンC】レベル5	0x40001B70	0xB0001B70	3	100	0	52901400	52901400
101450160	宝箱（小）【レベル5_トゥメル】2F　候補7	01	4	7024	儀式素材【コモンC】レベル5	0x40001B70	0xB0001B70	2	100	0	52901400	52901400
101450170	宝箱（小）【レベル5_トゥメル】2F　候補8	01	4	7024	儀式素材【コモンC】レベル5	0x40001B70	0xB0001B70	2	100	0	52901400	52901400
101450180	宝箱（小）【レベル5_トゥメル】2F　候補9	01	4	1000	HP回復【PG直接指定】	0x400003E8	0xB00003E8	4	100	0	52901400	52901400
101450190	宝箱（小）【レベル5_トゥメル】2F　候補10	01	4	900	弾丸【PG直接指定】	0x40000384	0xB0000384	4	100	0	52901400	52901400
101450200	宝箱（小）【レベル5_トゥメル】3F　候補1	01	4	7004	儀式素材【コモンA】レベル5	0x40001B5C	0xB0001B5C	5	100	0	52901400	52901400
101450210	宝箱（小）【レベル5_トゥメル】3F　候補2	01	4	7004	儀式素材【コモンA】レベル5	0x40001B5C	0xB0001B5C	5	100	0	52901400	52901400
101450220	宝箱（小）【レベル5_トゥメル】3F　候補3	01	4	7004	儀式素材【コモンA】レベル5	0x40001B5C	0xB0001B5C	4	100	0	52901400	52901400
101450230	宝箱（小）【レベル5_トゥメル】3F　候補4	01	4	7004	儀式素材【コモンA】レベル5	0x40001B5C	0xB0001B5C	4	100	0	52901400	52901400
101450240	宝箱（小）【レベル5_トゥメル】3F　候補5	01	4	7024	儀式素材【コモンC】レベル5	0x40001B70	0xB0001B70	5	100	0	52901400	52901400
101450250	宝箱（小）【レベル5_トゥメル】3F　候補6	01	4	7024	儀式素材【コモンC】レベル5	0x40001B70	0xB0001B70	5	100	0	52901400	52901400
101450260	宝箱（小）【レベル5_トゥメル】3F　候補7	01	4	7024	儀式素材【コモンC】レベル5	0x40001B70	0xB0001B70	4	100	0	52901400	52901400
101450270	宝箱（小）【レベル5_トゥメル】3F　候補8	01	4	7024	儀式素材【コモンC】レベル5	0x40001B70	0xB0001B70	4	100	0	52901400	52901400
101450280	宝箱（小）【レベル5_トゥメル】3F　候補9	01	4	1000	HP回復【PG直接指定】	0x400003E8	0xB00003E8	4	100	0	52901400	52901400
101450290	宝箱（小）【レベル5_トゥメル】3F　候補10	01	4	900	弾丸【PG直接指定】	0x40000384	0xB0000384	4	100	0	52901400	52901400
101450300	宝箱（小）【レベル5_トゥメル】4F　候補1	01	4	7004	儀式素材【コモンA】レベル5	0x40001B5C	0xB0001B5C	7	100	0	52901400	52901400
101450310	宝箱（小）【レベル5_トゥメル】4F　候補2	01	4	7004	儀式素材【コモンA】レベル5	0x40001B5C	0xB0001B5C	7	100	0	52901400	52901400
101450320	宝箱（小）【レベル5_トゥメル】4F　候補3	01	4	7004	儀式素材【コモンA】レベル5	0x40001B5C	0xB0001B5C	6	100	0	52901400	52901400
101450330	宝箱（小）【レベル5_トゥメル】4F　候補4	01	4	7004	儀式素材【コモンA】レベル5	0x40001B5C	0xB0001B5C	6	100	0	52901400	52901400
101450340	宝箱（小）【レベル5_トゥメル】4F　候補5	01	4	7024	儀式素材【コモンC】レベル5	0x40001B70	0xB0001B70	7	100	0	52901400	52901400
101450350	宝箱（小）【レベル5_トゥメル】4F　候補6	01	4	7024	儀式素材【コモンC】レベル5	0x40001B70	0xB0001B70	7	100	0	52901400	52901400
101450360	宝箱（小）【レベル5_トゥメル】4F　候補7	01	4	7024	儀式素材【コモンC】レベル5	0x40001B70	0xB0001B70	6	100	0	52901400	52901400
101450370	宝箱（小）【レベル5_トゥメル】4F　候補8	01	4	7024	儀式素材【コモンC】レベル5	0x40001B70	0xB0001B70	6	100	0	52901400	52901400
101450380	宝箱（小）【レベル5_トゥメル】4F　候補9	01	4	1000	HP回復【PG直接指定】	0x400003E8	0xB00003E8	4	100	0	52901400	52901400
101450390	宝箱（小）【レベル5_トゥメル】4F　候補10	01	4	900	弾丸【PG直接指定】	0x40000384	0xB0000384	4	100	0	52901400	52901400
101452000	宝箱（小）【レベル5_ローラン】1F　候補1	01	4	7004	儀式素材【コモンA】レベル5	0x40001B5C	0xB0001B5C	1	100	0	52901400	52901400
101452010	宝箱（小）【レベル5_ローラン】1F　候補2	01	4	7004	儀式素材【コモンA】レベル5	0x40001B5C	0xB0001B5C	1	100	0	52901400	52901400
101452020	宝箱（小）【レベル5_ローラン】1F　候補3	01	4	7004	儀式素材【コモンA】レベル5	0x40001B5C	0xB0001B5C	1	100	0	52901400	52901400
101452030	宝箱（小）【レベル5_ローラン】1F　候補4	01	4	7004	儀式素材【コモンA】レベル5	0x40001B5C	0xB0001B5C	1	100	0	52901400	52901400
101452040	宝箱（小）【レベル5_ローラン】1F　候補5	01	4	7004	儀式素材【コモンA】レベル5	0x40001B5C	0xB0001B5C	1	100	0	52901400	52901400
101452050	宝箱（小）【レベル5_ローラン】1F　候補6	01	4	7004	儀式素材【コモンA】レベル5	0x40001B5C	0xB0001B5C	1	100	0	52901400	52901400
101452060	宝箱（小）【レベル5_ローラン】1F　候補7	01	4	1000	HP回復【PG直接指定】	0x400003E8	0xB00003E8	2	100	0	52901400	52901400
101452070	宝箱（小）【レベル5_ローラン】1F　候補8	01	4	1000	HP回復【PG直接指定】	0x400003E8	0xB00003E8	2	100	0	52901400	52901400
101452080	宝箱（小）【レベル5_ローラン】1F　候補9	01	4	900	弾丸【PG直接指定】	0x40000384	0xB0000384	2	100	0	52901400	52901400
101452090	宝箱（小）【レベル5_ローラン】1F　候補10	01	4	900	弾丸【PG直接指定】	0x40000384	0xB0000384	2	100	0	52901400	52901400
101452100	宝箱（小）【レベル5_ローラン】2F　候補1	01	4	7004	儀式素材【コモンA】レベル5	0x40001B5C	0xB0001B5C	3	100	0	52901400	52901400
101452110	宝箱（小）【レベル5_ローラン】2F　候補2	01	4	7004	儀式素材【コモンA】レベル5	0x40001B5C	0xB0001B5C	2	100	0	52901400	52901400
101452120	宝箱（小）【レベル5_ローラン】2F　候補3	01	4	7014	儀式素材【コモンB】レベル5	0x40001B66	0xB0001B66	3	100	0	52901400	52901400
101452130	宝箱（小）【レベル5_ローラン】2F　候補4	01	4	7014	儀式素材【コモンB】レベル5	0x40001B66	0xB0001B66	3	100	0	52901400	52901400
101452140	宝箱（小）【レベル5_ローラン】2F　候補5	01	4	7014	儀式素材【コモンB】レベル5	0x40001B66	0xB0001B66	2	100	0	52901400	52901400
101452150	宝箱（小）【レベル5_ローラン】2F　候補6	01	4	7024	儀式素材【コモンC】レベル5	0x40001B70	0xB0001B70	3	100	0	52901400	52901400
101452160	宝箱（小）【レベル5_ローラン】2F　候補7	01	4	7024	儀式素材【コモンC】レベル5	0x40001B70	0xB0001B70	2	100	0	52901400	52901400
101452170	宝箱（小）【レベル5_ローラン】2F　候補8	01	4	7024	儀式素材【コモンC】レベル5	0x40001B70	0xB0001B70	2	100	0	52901400	52901400
101452180	宝箱（小）【レベル5_ローラン】2F　候補9	01	4	900	弾丸【PG直接指定】	0x40000384	0xB0000384	4	100	0	52901400	52901400
101452190	宝箱（小）【レベル5_ローラン】2F　候補10	01	4	900	弾丸【PG直接指定】	0x40000384	0xB0000384	4	100	0	52901400	52901400
101452200	宝箱（小）【レベル5_ローラン】3F　候補1	01	4	7004	儀式素材【コモンA】レベル5	0x40001B5C	0xB0001B5C	5	100	0	52901400	52901400
101452210	宝箱（小）【レベル5_ローラン】3F　候補2	01	4	7004	儀式素材【コモンA】レベル5	0x40001B5C	0xB0001B5C	4	100	0	52901400	52901400
101452220	宝箱（小）【レベル5_ローラン】3F　候補3	01	4	7014	儀式素材【コモンB】レベル5	0x40001B66	0xB0001B66	5	100	0	52901400	52901400
101452230	宝箱（小）【レベル5_ローラン】3F　候補4	01	4	7014	儀式素材【コモンB】レベル5	0x40001B66	0xB0001B66	5	100	0	52901400	52901400
101452240	宝箱（小）【レベル5_ローラン】3F　候補5	01	4	7014	儀式素材【コモンB】レベル5	0x40001B66	0xB0001B66	4	100	0	52901400	52901400
101452250	宝箱（小）【レベル5_ローラン】3F　候補6	01	4	7024	儀式素材【コモンC】レベル5	0x40001B70	0xB0001B70	5	100	0	52901400	52901400
101452260	宝箱（小）【レベル5_ローラン】3F　候補7	01	4	7024	儀式素材【コモンC】レベル5	0x40001B70	0xB0001B70	4	100	0	52901400	52901400
101452270	宝箱（小）【レベル5_ローラン】3F　候補8	01	4	7024	儀式素材【コモンC】レベル5	0x40001B70	0xB0001B70	4	100	0	52901400	52901400
101452280	宝箱（小）【レベル5_ローラン】3F　候補9	01	4	900	弾丸【PG直接指定】	0x40000384	0xB0000384	4	100	0	52901400	52901400
101452290	宝箱（小）【レベル5_ローラン】3F　候補10	01	4	900	弾丸【PG直接指定】	0x40000384	0xB0000384	4	100	0	52901400	52901400
101452300	宝箱（小）【レベル5_ローラン】4F　候補1	01	4	7004	儀式素材【コモンA】レベル5	0x40001B5C	0xB0001B5C	7	100	0	52901400	52901400
101452310	宝箱（小）【レベル5_ローラン】4F　候補2	01	4	7004	儀式素材【コモンA】レベル5	0x40001B5C	0xB0001B5C	6	100	0	52901400	52901400
101452320	宝箱（小）【レベル5_ローラン】4F　候補3	01	4	7014	儀式素材【コモンB】レベル5	0x40001B66	0xB0001B66	7	100	0	52901400	52901400
101452330	宝箱（小）【レベル5_ローラン】4F　候補4	01	4	7014	儀式素材【コモンB】レベル5	0x40001B66	0xB0001B66	7	100	0	52901400	52901400
101452340	宝箱（小）【レベル5_ローラン】4F　候補5	01	4	7014	儀式素材【コモンB】レベル5	0x40001B66	0xB0001B66	6	100	0	52901400	52901400
101452350	宝箱（小）【レベル5_ローラン】4F　候補6	01	4	7024	儀式素材【コモンC】レベル5	0x40001B70	0xB0001B70	7	100	0	52901400	52901400
101452360	宝箱（小）【レベル5_ローラン】4F　候補7	01	4	7024	儀式素材【コモンC】レベル5	0x40001B70	0xB0001B70	6	100	0	52901400	52901400
101452370	宝箱（小）【レベル5_ローラン】4F　候補8	01	4	7024	儀式素材【コモンC】レベル5	0x40001B70	0xB0001B70	6	100	0	52901400	52901400
101452380	宝箱（小）【レベル5_ローラン】4F　候補9	01	4	900	弾丸【PG直接指定】	0x40000384	0xB0000384	4	100	0	52901400	52901400
101452390	宝箱（小）【レベル5_ローラン】4F　候補10	01	4	900	弾丸【PG直接指定】	0x40000384	0xB0000384	4	100	0	52901400	52901400
101453000	宝箱（小）【レベル5_イズ】1F　候補1	01	4	7004	儀式素材【コモンA】レベル5	0x40001B5C	0xB0001B5C	1	100	0	52901400	52901400
101453010	宝箱（小）【レベル5_イズ】1F　候補2	01	4	7004	儀式素材【コモンA】レベル5	0x40001B5C	0xB0001B5C	1	100	0	52901400	52901400
101453020	宝箱（小）【レベル5_イズ】1F　候補3	01	4	7004	儀式素材【コモンA】レベル5	0x40001B5C	0xB0001B5C	1	100	0	52901400	52901400
101453030	宝箱（小）【レベル5_イズ】1F　候補4	01	4	7004	儀式素材【コモンA】レベル5	0x40001B5C	0xB0001B5C	1	100	0	52901400	52901400
101453040	宝箱（小）【レベル5_イズ】1F　候補5	01	4	7004	儀式素材【コモンA】レベル5	0x40001B5C	0xB0001B5C	1	100	0	52901400	52901400
101453050	宝箱（小）【レベル5_イズ】1F　候補6	01	4	7004	儀式素材【コモンA】レベル5	0x40001B5C	0xB0001B5C	1	100	0	52901400	52901400
101453060	宝箱（小）【レベル5_イズ】1F　候補7	01	4	1000	HP回復【PG直接指定】	0x400003E8	0xB00003E8	2	100	0	52901400	52901400
101453070	宝箱（小）【レベル5_イズ】1F　候補8	01	4	1000	HP回復【PG直接指定】	0x400003E8	0xB00003E8	2	100	0	52901400	52901400
101453080	宝箱（小）【レベル5_イズ】1F　候補9	01	4	1000	HP回復【PG直接指定】	0x400003E8	0xB00003E8	2	100	0	52901400	52901400
101453090	宝箱（小）【レベル5_イズ】1F　候補10	01	4	900	弾丸【PG直接指定】	0x40000384	0xB0000384	2	100	0	52901400	52901400
101453100	宝箱（小）【レベル5_イズ】2F　候補1	01	4	7004	儀式素材【コモンA】レベル5	0x40001B5C	0xB0001B5C	3	100	0	52901400	52901400
101453110	宝箱（小）【レベル5_イズ】2F　候補2	01	4	7004	儀式素材【コモンA】レベル5	0x40001B5C	0xB0001B5C	2	100	0	52901400	52901400
101453120	宝箱（小）【レベル5_イズ】2F　候補3	01	4	7100	儀式素材【アンコモンA】レベル1	0x40001BBC	0xB0001BBC	3	100	0	52901400	52901400
101453130	宝箱（小）【レベル5_イズ】2F　候補4	01	4	7100	儀式素材【アンコモンA】レベル1	0x40001BBC	0xB0001BBC	2	100	0	52901400	52901400
101453140	宝箱（小）【レベル5_イズ】2F　候補5	01	4	7100	儀式素材【アンコモンA】レベル1	0x40001BBC	0xB0001BBC	2	100	0	52901400	52901400
101453150	宝箱（小）【レベル5_イズ】2F　候補6	01	4	7024	儀式素材【コモンC】レベル5	0x40001B70	0xB0001B70	3	100	0	52901400	52901400
101453160	宝箱（小）【レベル5_イズ】2F　候補7	01	4	7024	儀式素材【コモンC】レベル5	0x40001B70	0xB0001B70	2	100	0	52901400	52901400
101453170	宝箱（小）【レベル5_イズ】2F　候補8	01	4	7024	儀式素材【コモンC】レベル5	0x40001B70	0xB0001B70	2	100	0	52901400	52901400
101453180	宝箱（小）【レベル5_イズ】2F　候補9	01	4	1000	HP回復【PG直接指定】	0x400003E8	0xB00003E8	4	100	0	52901400	52901400
101453190	宝箱（小）【レベル5_イズ】2F　候補10	01	4	1000	HP回復【PG直接指定】	0x400003E8	0xB00003E8	4	100	0	52901400	52901400
101453200	宝箱（小）【レベル5_イズ】3F　候補1	01	4	7004	儀式素材【コモンA】レベル5	0x40001B5C	0xB0001B5C	5	100	0	52901400	52901400
101453210	宝箱（小）【レベル5_イズ】3F　候補2	01	4	7004	儀式素材【コモンA】レベル5	0x40001B5C	0xB0001B5C	4	100	0	52901400	52901400
101453220	宝箱（小）【レベル5_イズ】3F　候補3	01	4	7100	儀式素材【アンコモンA】レベル1	0x40001BBC	0xB0001BBC	5	100	0	52901400	52901400
101453230	宝箱（小）【レベル5_イズ】3F　候補4	01	4	7110	儀式素材【アンコモンB】レベル1	0x40001BC6	0xB0001BC6	1	100	0	52901400	52901400
101453240	宝箱（小）【レベル5_イズ】3F　候補5	01	4	7100	儀式素材【アンコモンA】レベル1	0x40001BBC	0xB0001BBC	4	100	0	52901400	52901400
101453250	宝箱（小）【レベル5_イズ】3F　候補6	01	4	7024	儀式素材【コモンC】レベル5	0x40001B70	0xB0001B70	5	100	0	52901400	52901400
101453260	宝箱（小）【レベル5_イズ】3F　候補7	01	4	7024	儀式素材【コモンC】レベル5	0x40001B70	0xB0001B70	4	100	0	52901400	52901400
101453270	宝箱（小）【レベル5_イズ】3F　候補8	01	4	7024	儀式素材【コモンC】レベル5	0x40001B70	0xB0001B70	4	100	0	52901400	52901400
101453280	宝箱（小）【レベル5_イズ】3F　候補9	01	4	1000	HP回復【PG直接指定】	0x400003E8	0xB00003E8	4	100	0	52901400	52901400
101453290	宝箱（小）【レベル5_イズ】3F　候補10	01	4	1000	HP回復【PG直接指定】	0x400003E8	0xB00003E8	4	100	0	52901400	52901400
101453300	宝箱（小）【レベル5_イズ】4F　候補1	01	4	7004	儀式素材【コモンA】レベル5	0x40001B5C	0xB0001B5C	7	100	0	52901400	52901400
101453310	宝箱（小）【レベル5_イズ】4F　候補2	01	4	7004	儀式素材【コモンA】レベル5	0x40001B5C	0xB0001B5C	6	100	0	52901400	52901400
101453320	宝箱（小）【レベル5_イズ】4F　候補3	01	4	7100	儀式素材【アンコモンA】レベル1	0x40001BBC	0xB0001BBC	7	100	0	52901400	52901400
101453330	宝箱（小）【レベル5_イズ】4F　候補4	01	4	7100	儀式素材【アンコモンA】レベル1	0x40001BBC	0xB0001BBC	6	100	0	52901400	52901400
101453340	宝箱（小）【レベル5_イズ】4F　候補5	01	4	7100	儀式素材【アンコモンA】レベル1	0x40001BBC	0xB0001BBC	6	100	0	52901400	52901400
101453350	宝箱（小）【レベル5_イズ】4F　候補6	01	4	7024	儀式素材【コモンC】レベル5	0x40001B70	0xB0001B70	7	100	0	52901400	52901400
101453360	宝箱（小）【レベル5_イズ】4F　候補7	01	4	7024	儀式素材【コモンC】レベル5	0x40001B70	0xB0001B70	6	100	0	52901400	52901400
101453370	宝箱（小）【レベル5_イズ】4F　候補8	01	4	7024	儀式素材【コモンC】レベル5	0x40001B70	0xB0001B70	6	100	0	52901400	52901400
101453380	宝箱（小）【レベル5_イズ】4F　候補9	01	4	1000	HP回復【PG直接指定】	0x400003E8	0xB00003E8	4	100	0	52901400	52901400
101453390	宝箱（小）【レベル5_イズ】4F　候補10	01	4	1000	HP回復【PG直接指定】	0x400003E8	0xB00003E8	4	100	0	52901400	52901400
101510000	宝死体_ご褒美【レベル1_トゥメル】1F　候補1	01	4	1000	HP回復【PG直接指定】	0x400003E8	0xB00003E8	3	100	0	52901500	52901500
101510010	宝死体_ご褒美【レベル1_トゥメル】1F　候補2	01	4	1000	HP回復【PG直接指定】	0x400003E8	0xB00003E8	2	100	0	52901500	52901500
101510020	宝死体_ご褒美【レベル1_トゥメル】1F　候補3	01	4	1200	火炎壺	0x400004B0	0xB00004B0	1	100	0	52901500	52901500
101510030	宝死体_ご褒美【レベル1_トゥメル】1F　候補4	01	4	1000	HP回復【PG直接指定】	0x400003E8	0xB00003E8	2	100	0	52901500	52901500
101510040	宝死体_ご褒美【レベル1_トゥメル】1F　候補5	01	4	1000	HP回復【PG直接指定】	0x400003E8	0xB00003E8	1	100	0	52901500	52901500
101510050	宝死体_ご褒美【レベル1_トゥメル】1F　候補6	01	4	900	弾丸【PG直接指定】	0x40000384	0xB0000384	3	100	0	52901500	52901500
101510060	宝死体_ご褒美【レベル1_トゥメル】1F　候補7	01	4	900	弾丸【PG直接指定】	0x40000384	0xB0000384	2	100	0	52901500	52901500
101510070	宝死体_ご褒美【レベル1_トゥメル】1F　候補8	01	4	900	弾丸【PG直接指定】	0x40000384	0xB0000384	2	100	0	52901500	52901500
101510080	宝死体_ご褒美【レベル1_トゥメル】1F　候補9	01	4	1200	火炎壺	0x400004B0	0xB00004B0	2	100	0	52901500	52901500
101510090	宝死体_ご褒美【レベル1_トゥメル】1F　候補10	01	4	1410	道標	0x40000582	0xB0000582	3	100	0	52901500	52901500
101510100	宝死体_ご褒美【レベル1_トゥメル】2F　候補1	01	4	1000	HP回復【PG直接指定】	0x400003E8	0xB00003E8	3	100	0	52901500	52901500
101510110	宝死体_ご褒美【レベル1_トゥメル】2F　候補2	01	4	1000	HP回復【PG直接指定】	0x400003E8	0xB00003E8	3	100	0	52901500	52901500
101510120	宝死体_ご褒美【レベル1_トゥメル】2F　候補3	01	4	1000	HP回復【PG直接指定】	0x400003E8	0xB00003E8	3	100	0	52901500	52901500
101510130	宝死体_ご褒美【レベル1_トゥメル】2F　候補4	01	4	1000	HP回復【PG直接指定】	0x400003E8	0xB00003E8	2	100	0	52901500	52901500
101510140	宝死体_ご褒美【レベル1_トゥメル】2F　候補5	01	4	900	弾丸【PG直接指定】	0x40000384	0xB0000384	4	100	0	52901500	52901500
101510150	宝死体_ご褒美【レベル1_トゥメル】2F　候補6	01	4	900	弾丸【PG直接指定】	0x40000384	0xB0000384	3	100	0	52901500	52901500
101510160	宝死体_ご褒美【レベル1_トゥメル】2F　候補7	01	4	900	弾丸【PG直接指定】	0x40000384	0xB0000384	4	100	0	52901500	52901500
101510170	宝死体_ご褒美【レベル1_トゥメル】2F　候補8	01	4	1511	ソウル【1】	0x400005E7	0xB00005E7	1	100	0	52901500	52901500
101510180	宝死体_ご褒美【レベル1_トゥメル】2F　候補9	01	4	1200	火炎壺	0x400004B0	0xB00004B0	1	100	0	52901500	52901500
101510190	宝死体_ご褒美【レベル1_トゥメル】2F　候補10	01	4	1400	帰還	0x40000578	0xB0000578	1	100	0	52901500	52901500
101510200	宝死体_ご褒美【レベル1_トゥメル】3F　候補1	01	4	1000	HP回復【PG直接指定】	0x400003E8	0xB00003E8	3	100	0	52901500	52901500
101510210	宝死体_ご褒美【レベル1_トゥメル】3F　候補2	01	4	1200	火炎壺	0x400004B0	0xB00004B0	2	100	0	52901500	52901500
101510212	宝死体_ご褒美【レベル1_トゥメル】3F　候補2	01	4	1512	ソウル【2】	0x400005E8	0xB00005E8	1	100	0	52901500	52901500
101510220	宝死体_ご褒美【レベル1_トゥメル】3F　候補3	01	4	1000	HP回復【PG直接指定】	0x400003E8	0xB00003E8	2	100	0	52901500	52901500
101510230	宝死体_ご褒美【レベル1_トゥメル】3F　候補4	01	4	900	弾丸【PG直接指定】	0x40000384	0xB0000384	4	100	0	52901500	52901500
101510240	宝死体_ご褒美【レベル1_トゥメル】3F　候補5	01	4	7020	儀式素材【コモンC】レベル1	0x40001B6C	0xB0001B6C	3	100	0	52901500	52901500
101510242	宝死体_ご褒美【レベル1_トゥメル】3F　候補5	01	4	1000	HP回復【PG直接指定】	0x400003E8	0xB00003E8	3	100	0	52901500	52901500
101510250	宝死体_ご褒美【レベル1_トゥメル】3F　候補6	01	4	7001	儀式素材【コモンA】レベル2	0x40001B59	0xB0001B59	1	100	0	52901500	52901500
101510260	宝死体_ご褒美【レベル1_トゥメル】3F　候補7	01	4	1512	ソウル【2】	0x400005E8	0xB00005E8	1	100	0	52901500	52901500
101510270	宝死体_ご褒美【レベル1_トゥメル】3F　候補8	01	4	1200	火炎壺	0x400004B0	0xB00004B0	1	100	0	52901500	52901500
101510280	宝死体_ご褒美【レベル1_トゥメル】3F　候補9	01	4	1400	帰還	0x40000578	0xB0000578	1	100	0	52901500	52901500
101510282	宝死体_ご褒美【レベル1_トゥメル】3F　候補9	01	4	7001	儀式素材【コモンA】レベル2	0x40001B59	0xB0001B59	1	100	0	52901500	52901500
101510290	宝死体_ご褒美【レベル1_トゥメル】3F　候補10	01	4	1300	エンチャント【炎】	0x40000514	0xB0000514	1	100	0	52901500	52901500
101510300	宝死体_ご褒美【レベル1_トゥメル】4F　候補1	01	4	1000	HP回復【PG直接指定】	0x400003E8	0xB00003E8	4	100	0	52901500	52901500
101510310	宝死体_ご褒美【レベル1_トゥメル】4F　候補2	01	4	1000	HP回復【PG直接指定】	0x400003E8	0xB00003E8	3	100	0	52901500	52901500
101510320	宝死体_ご褒美【レベル1_トゥメル】4F　候補3	01	4	1000	HP回復【PG直接指定】	0x400003E8	0xB00003E8	2	100	0	52901500	52901500
101510330	宝死体_ご褒美【レベル1_トゥメル】4F　候補4	01	4	900	弾丸【PG直接指定】	0x40000384	0xB0000384	4	100	0	52901500	52901500
101510340	宝死体_ご褒美【レベル1_トゥメル】4F　候補5	01	4	900	弾丸【PG直接指定】	0x40000384	0xB0000384	3	100	0	52901500	52901500
101510350	宝死体_ご褒美【レベル1_トゥメル】4F　候補6	01	4	900	弾丸【PG直接指定】	0x40000384	0xB0000384	2	100	0	52901500	52901500
101510360	宝死体_ご褒美【レベル1_トゥメル】4F　候補7	01	4	1513	ソウル【3】	0x400005E9	0xB00005E9	1	100	0	52901500	52901500
101510370	宝死体_ご褒美【レベル1_トゥメル】4F　候補8	01	4	1200	火炎壺	0x400004B0	0xB00004B0	1	100	0	52901500	52901500
101510380	宝死体_ご褒美【レベル1_トゥメル】4F　候補9	01	4	1400	帰還	0x40000578	0xB0000578	1	100	0	52901500	52901500
101510390	宝死体_ご褒美【レベル1_トゥメル】4F　候補10	01	4	1300	エンチャント【炎】	0x40000514	0xB0000514	1	100	0	52901500	52901500
101520000	宝死体_ご褒美【レベル2_トゥメル】1F　候補1	01	4	1000	HP回復【PG直接指定】	0x400003E8	0xB00003E8	3	100	0	52901500	52901500
101520010	宝死体_ご褒美【レベル2_トゥメル】1F　候補2	01	4	1000	HP回復【PG直接指定】	0x400003E8	0xB00003E8	2	100	0	52901500	52901500
101520020	宝死体_ご褒美【レベル2_トゥメル】1F　候補3	01	4	1000	HP回復【PG直接指定】	0x400003E8	0xB00003E8	2	100	0	52901500	52901500
101520030	宝死体_ご褒美【レベル2_トゥメル】1F　候補4	01	4	1000	HP回復【PG直接指定】	0x400003E8	0xB00003E8	1	100	0	52901500	52901500
101520040	宝死体_ご褒美【レベル2_トゥメル】1F　候補5	01	4	1000	HP回復【PG直接指定】	0x400003E8	0xB00003E8	1	100	0	52901500	52901500
101520042	宝死体_ご褒美【レベル2_トゥメル】1F　候補5	01	4	1200	火炎壺	0x400004B0	0xB00004B0	2	100	0	52901500	52901500
101520050	宝死体_ご褒美【レベル2_トゥメル】1F　候補6	01	4	900	弾丸【PG直接指定】	0x40000384	0xB0000384	3	100	0	52901500	52901500
101520060	宝死体_ご褒美【レベル2_トゥメル】1F　候補7	01	4	900	弾丸【PG直接指定】	0x40000384	0xB0000384	2	100	0	52901500	52901500
101520070	宝死体_ご褒美【レベル2_トゥメル】1F　候補8	01	4	900	弾丸【PG直接指定】	0x40000384	0xB0000384	2	100	0	52901500	52901500
101520080	宝死体_ご褒美【レベル2_トゥメル】1F　候補9	01	4	900	弾丸【PG直接指定】	0x40000384	0xB0000384	1	100	0	52901500	52901500
101520090	宝死体_ご褒美【レベル2_トゥメル】1F　候補10	01	4	1410	道標	0x40000582	0xB0000582	4	100	0	52901500	52901500
101520100	宝死体_ご褒美【レベル2_トゥメル】2F　候補1	01	4	1000	HP回復【PG直接指定】	0x400003E8	0xB00003E8	4	100	0	52901500	52901500
101520110	宝死体_ご褒美【レベル2_トゥメル】2F　候補2	01	4	1000	HP回復【PG直接指定】	0x400003E8	0xB00003E8	3	100	0	52901500	52901500
101520120	宝死体_ご褒美【レベル2_トゥメル】2F　候補3	01	4	1000	HP回復【PG直接指定】	0x400003E8	0xB00003E8	3	100	0	52901500	52901500
101520130	宝死体_ご褒美【レベル2_トゥメル】2F　候補4	01	4	1000	HP回復【PG直接指定】	0x400003E8	0xB00003E8	2	100	0	52901500	52901500
101520140	宝死体_ご褒美【レベル2_トゥメル】2F　候補5	01	4	900	弾丸【PG直接指定】	0x40000384	0xB0000384	4	100	0	52901500	52901500
101520150	宝死体_ご褒美【レベル2_トゥメル】2F　候補6	01	4	900	弾丸【PG直接指定】	0x40000384	0xB0000384	3	100	0	52901500	52901500
101520160	宝死体_ご褒美【レベル2_トゥメル】2F　候補7	01	4	900	弾丸【PG直接指定】	0x40000384	0xB0000384	2	100	0	52901500	52901500
101520170	宝死体_ご褒美【レベル2_トゥメル】2F　候補8	01	4	1512	ソウル【2】	0x400005E8	0xB00005E8	1	100	0	52901500	52901500
101520180	宝死体_ご褒美【レベル2_トゥメル】2F　候補9	01	4	1200	火炎壺	0x400004B0	0xB00004B0	3	100	0	52901500	52901500
101520182	宝死体_ご褒美【レベル2_トゥメル】2F　候補9	01	4	1513	ソウル【3】	0x400005E9	0xB00005E9	1	100	0	52901500	52901500
101520184	宝死体_ご褒美【レベル2_トゥメル】2F　候補9	01	4	1300	エンチャント【炎】	0x40000514	0xB0000514	2	100	0	52901500	52901500
101520186	宝死体_ご褒美【レベル2_トゥメル】2F　候補9	01	4	1513	ソウル【3】	0x400005E9	0xB00005E9	1	100	0	52901500	52901500
101520190	宝死体_ご褒美【レベル2_トゥメル】2F　候補10	01	4	1400	帰還	0x40000578	0xB0000578	1	100	0	52901500	52901500
101520200	宝死体_ご褒美【レベル2_トゥメル】3F　候補1	01	4	1000	HP回復【PG直接指定】	0x400003E8	0xB00003E8	4	100	0	52901500	52901500
101520210	宝死体_ご褒美【レベル2_トゥメル】3F　候補2	01	4	1000	HP回復【PG直接指定】	0x400003E8	0xB00003E8	3	100	0	52901500	52901500
101520220	宝死体_ご褒美【レベル2_トゥメル】3F　候補3	01	4	1000	HP回復【PG直接指定】	0x400003E8	0xB00003E8	2	100	0	52901500	52901500
101520230	宝死体_ご褒美【レベル2_トゥメル】3F　候補4	01	4	900	弾丸【PG直接指定】	0x40000384	0xB0000384	4	100	0	52901500	52901500
101520240	宝死体_ご褒美【レベル2_トゥメル】3F　候補5	01	4	900	弾丸【PG直接指定】	0x40000384	0xB0000384	3	100	0	52901500	52901500
101520250	宝死体_ご褒美【レベル2_トゥメル】3F　候補6	01	4	1260	獣誘い	0x400004EC	0xB00004EC	2	100	0	52901500	52901500
101520260	宝死体_ご褒美【レベル2_トゥメル】3F　候補7	01	4	1513	ソウル【3】	0x400005E9	0xB00005E9	1	100	0	52901500	52901500
101520270	宝死体_ご褒美【レベル2_トゥメル】3F　候補8	01	4	1200	火炎壺	0x400004B0	0xB00004B0	1	100	0	52901500	52901500
101520280	宝死体_ご褒美【レベル2_トゥメル】3F　候補9	01	4	1500	SAN値回復＋1	0x400005DC	0xB00005DC	1	100	0	52901500	52901500
101520282	宝死体_ご褒美【レベル2_トゥメル】3F　候補9	01	4	1000	HP回復【PG直接指定】	0x400003E8	0xB00003E8	4	100	0	52901500	52901500
101520290	宝死体_ご褒美【レベル2_トゥメル】3F　候補10	01	4	1300	エンチャント【炎】	0x40000514	0xB0000514	1	100	0	52901500	52901500
101520292	宝死体_ご褒美【レベル2_トゥメル】3F　候補10	01	4	900	弾丸【PG直接指定】	0x40000384	0xB0000384	4	100	0	52901500	52901500
101520300	宝死体_ご褒美【レベル2_トゥメル】4F　候補1	01	4	1000	HP回復【PG直接指定】	0x400003E8	0xB00003E8	4	100	0	52901500	52901500
101520310	宝死体_ご褒美【レベル2_トゥメル】4F　候補2	01	4	1000	HP回復【PG直接指定】	0x400003E8	0xB00003E8	3	100	0	52901500	52901500
101520320	宝死体_ご褒美【レベル2_トゥメル】4F　候補3	01	4	1000	HP回復【PG直接指定】	0x400003E8	0xB00003E8	2	100	0	52901500	52901500
101520330	宝死体_ご褒美【レベル2_トゥメル】4F　候補4	01	4	900	弾丸【PG直接指定】	0x40000384	0xB0000384	4	100	0	52901500	52901500
101520340	宝死体_ご褒美【レベル2_トゥメル】4F　候補5	01	4	900	弾丸【PG直接指定】	0x40000384	0xB0000384	3	100	0	52901500	52901500
101520350	宝死体_ご褒美【レベル2_トゥメル】4F　候補6	01	4	900	弾丸【PG直接指定】	0x40000384	0xB0000384	2	100	0	52901500	52901500
101520360	宝死体_ご褒美【レベル2_トゥメル】4F　候補7	01	4	1514	ソウル【4】	0x400005EA	0xB00005EA	1	100	0	52901500	52901500
101520370	宝死体_ご褒美【レベル2_トゥメル】4F　候補8	01	4	1200	火炎壺	0x400004B0	0xB00004B0	1	100	0	52901500	52901500
101520380	宝死体_ご褒美【レベル2_トゥメル】4F　候補9	01	4	1400	帰還	0x40000578	0xB0000578	1	100	0	52901500	52901500
101520390	宝死体_ご褒美【レベル2_トゥメル】4F　候補10	01	4	1300	エンチャント【炎】	0x40000514	0xB0000514	1	100	0	52901500	52901500
101521000	宝死体_ご褒美【レベル2_僻墓】1F　候補1	01	4	1000	HP回復【PG直接指定】	0x400003E8	0xB00003E8	3	100	0	52901500	52901500
101521010	宝死体_ご褒美【レベル2_僻墓】1F　候補2	01	4	1000	HP回復【PG直接指定】	0x400003E8	0xB00003E8	2	100	0	52901500	52901500
101521020	宝死体_ご褒美【レベル2_僻墓】1F　候補3	01	4	1000	HP回復【PG直接指定】	0x400003E8	0xB00003E8	2	100	0	52901500	52901500
101521030	宝死体_ご褒美【レベル2_僻墓】1F　候補4	01	4	1000	HP回復【PG直接指定】	0x400003E8	0xB00003E8	1	100	0	52901500	52901500
101521040	宝死体_ご褒美【レベル2_僻墓】1F　候補5	01	4	900	弾丸【PG直接指定】	0x40000384	0xB0000384	3	100	0	52901500	52901500
101521050	宝死体_ご褒美【レベル2_僻墓】1F　候補6	01	4	900	弾丸【PG直接指定】	0x40000384	0xB0000384	1	100	0	52901500	52901500
101521052	宝死体_ご褒美【レベル2_僻墓】1F　候補6	01	4	1000	HP回復【PG直接指定】	0x400003E8	0xB00003E8	3	100	0	52901500	52901500
101521054	宝死体_ご褒美【レベル2_僻墓】1F　候補6	01	4	1512	ソウル【2】	0x400005E8	0xB00005E8	1	100	0	52901500	52901500
101521056	宝死体_ご褒美【レベル2_僻墓】1F　候補6	01	4	1100	毒・出血回復薬	0x4000044C	0xB000044C	3	100	0	52901500	52901500
101521060	宝死体_ご褒美【レベル2_僻墓】1F　候補7	01	4	1000	HP回復【PG直接指定】	0x400003E8	0xB00003E8	2	100	0	52901500	52901500
101521070	宝死体_ご褒美【レベル2_僻墓】1F　候補8	01	4	900	弾丸【PG直接指定】	0x40000384	0xB0000384	1	100	0	52901500	52901500
101521080	宝死体_ご褒美【レベル2_僻墓】1F　候補9	01	4	1230	石ころ	0x400004CE	0xB00004CE	1	100	0	52901500	52901500
101521090	宝死体_ご褒美【レベル2_僻墓】1F　候補10	01	4	1230	石ころ	0x400004CE	0xB00004CE	1	100	0	52901500	52901500
101521100	宝死体_ご褒美【レベル2_僻墓】2F　候補1	01	4	1000	HP回復【PG直接指定】	0x400003E8	0xB00003E8	4	100	0	52901500	52901500
101521110	宝死体_ご褒美【レベル2_僻墓】2F　候補2	01	4	1000	HP回復【PG直接指定】	0x400003E8	0xB00003E8	3	100	0	52901500	52901500
101521120	宝死体_ご褒美【レベル2_僻墓】2F　候補3	01	4	1000	HP回復【PG直接指定】	0x400003E8	0xB00003E8	2	100	0	52901500	52901500
101521130	宝死体_ご褒美【レベル2_僻墓】2F　候補4	01	4	1100	毒・出血回復薬	0x4000044C	0xB000044C	3	100	0	52901500	52901500
101521140	宝死体_ご褒美【レベル2_僻墓】2F　候補5	01	4	900	弾丸【PG直接指定】	0x40000384	0xB0000384	3	100	0	52901500	52901500
101521150	宝死体_ご褒美【レベル2_僻墓】2F　候補6	01	4	900	弾丸【PG直接指定】	0x40000384	0xB0000384	3	100	0	52901500	52901500
101521152	宝死体_ご褒美【レベル2_僻墓】2F　候補6	01	4	900	弾丸【PG直接指定】	0x40000384	0xB0000384	2	100	0	52901500	52901500
101521160	宝死体_ご褒美【レベル2_僻墓】2F　候補7	01	4	1512	ソウル【2】	0x400005E8	0xB00005E8	1	100	0	52901500	52901500
101521162	宝死体_ご褒美【レベル2_僻墓】2F　候補7	01	4	1240	投げナイフ	0x400004D8	0xB00004D8	6	100	0	52901500	52901500
101521164	宝死体_ご褒美【レベル2_僻墓】2F　候補7	01	4	1512	ソウル【2】	0x400005E8	0xB00005E8	1	100	0	52901500	52901500
101521170	宝死体_ご褒美【レベル2_僻墓】2F　候補8	01	4	1240	投げナイフ	0x400004D8	0xB00004D8	1	100	0	52901500	52901500
101521180	宝死体_ご褒美【レベル2_僻墓】2F　候補9	01	4	1100	毒・出血回復薬	0x4000044C	0xB000044C	1	100	0	52901500	52901500
101521190	宝死体_ご褒美【レベル2_僻墓】2F　候補10	01	4	1230	石ころ	0x400004CE	0xB00004CE	1	100	0	52901500	52901500
101521200	宝死体_ご褒美【レベル2_僻墓】3F　候補1	01	4	1000	HP回復【PG直接指定】	0x400003E8	0xB00003E8	4	100	0	52901500	52901500
101521210	宝死体_ご褒美【レベル2_僻墓】3F　候補2	01	4	1000	HP回復【PG直接指定】	0x400003E8	0xB00003E8	3	100	0	52901500	52901500
101521220	宝死体_ご褒美【レベル2_僻墓】3F　候補3	01	4	1000	HP回復【PG直接指定】	0x400003E8	0xB00003E8	2	100	0	52901500	52901500
101521230	宝死体_ご褒美【レベル2_僻墓】3F　候補4	01	4	900	弾丸【PG直接指定】	0x40000384	0xB0000384	4	100	0	52901500	52901500
101521240	宝死体_ご褒美【レベル2_僻墓】3F　候補5	01	4	900	弾丸【PG直接指定】	0x40000384	0xB0000384	3	100	0	52901500	52901500
101521242	宝死体_ご褒美【レベル2_僻墓】3F　候補5	01	4	1000	HP回復【PG直接指定】	0x400003E8	0xB00003E8	4	100	0	52901500	52901500
101521244	宝死体_ご褒美【レベル2_僻墓】3F　候補5	01	4	1330	銃威力アップ	0x40000532	0xB0000532	3	100	0	52901500	52901500
101521250	宝死体_ご褒美【レベル2_僻墓】3F　候補6	01	4	900	弾丸【PG直接指定】	0x40000384	0xB0000384	2	100	0	52901500	52901500
101521260	宝死体_ご褒美【レベル2_僻墓】3F　候補7	01	4	1513	ソウル【3】	0x400005E9	0xB00005E9	1	100	0	52901500	52901500
101521270	宝死体_ご褒美【レベル2_僻墓】3F　候補8	01	4	1240	投げナイフ	0x400004D8	0xB00004D8	1	100	0	52901500	52901500
101521280	宝死体_ご褒美【レベル2_僻墓】3F　候補9	01	4	1100	毒・出血回復薬	0x4000044C	0xB000044C	3	100	0	52901500	52901500
101521290	宝死体_ご褒美【レベル2_僻墓】3F　候補10	01	4	1330	銃威力アップ	0x40000532	0xB0000532	4	100	0	52901500	52901500
101521292	宝死体_ご褒美【レベル2_僻墓】3F　候補10	01	4	900	弾丸【PG直接指定】	0x40000384	0xB0000384	4	100	0	52901500	52901500
101521300	宝死体_ご褒美【レベル2_僻墓】4F　候補1	01	4	1000	HP回復【PG直接指定】	0x400003E8	0xB00003E8	4	100	0	52901500	52901500
101521310	宝死体_ご褒美【レベル2_僻墓】4F　候補2	01	4	1000	HP回復【PG直接指定】	0x400003E8	0xB00003E8	3	100	0	52901500	52901500
101521320	宝死体_ご褒美【レベル2_僻墓】4F　候補3	01	4	1000	HP回復【PG直接指定】	0x400003E8	0xB00003E8	2	100	0	52901500	52901500
101521330	宝死体_ご褒美【レベル2_僻墓】4F　候補4	01	4	900	弾丸【PG直接指定】	0x40000384	0xB0000384	4	100	0	52901500	52901500
101521340	宝死体_ご褒美【レベル2_僻墓】4F　候補5	01	4	900	弾丸【PG直接指定】	0x40000384	0xB0000384	3	100	0	52901500	52901500
101521350	宝死体_ご褒美【レベル2_僻墓】4F　候補6	01	4	900	弾丸【PG直接指定】	0x40000384	0xB0000384	2	100	0	52901500	52901500
101521360	宝死体_ご褒美【レベル2_僻墓】4F　候補7	01	4	1514	ソウル【4】	0x400005EA	0xB00005EA	1	100	0	52901500	52901500
101521370	宝死体_ご褒美【レベル2_僻墓】4F　候補8	01	4	1240	投げナイフ	0x400004D8	0xB00004D8	1	100	0	52901500	52901500
101521380	宝死体_ご褒美【レベル2_僻墓】4F　候補9	01	4	1100	毒・出血回復薬	0x4000044C	0xB000044C	1	100	0	52901500	52901500
101521390	宝死体_ご褒美【レベル2_僻墓】4F　候補10	01	4	1310	エンチャント【魔法】	0x4000051E	0xB000051E	1	100	0	52901500	52901500
101530000	宝死体_ご褒美【レベル3_トゥメル】1F　候補1	01	4	1000	HP回復【PG直接指定】	0x400003E8	0xB00003E8	3	100	0	52901500	52901500
101530010	宝死体_ご褒美【レベル3_トゥメル】1F　候補2	01	4	1000	HP回復【PG直接指定】	0x400003E8	0xB00003E8	2	100	0	52901500	52901500
101530020	宝死体_ご褒美【レベル3_トゥメル】1F　候補3	01	4	1000	HP回復【PG直接指定】	0x400003E8	0xB00003E8	2	100	0	52901500	52901500
101530030	宝死体_ご褒美【レベル3_トゥメル】1F　候補4	01	4	1000	HP回復【PG直接指定】	0x400003E8	0xB00003E8	1	100	0	52901500	52901500
101530040	宝死体_ご褒美【レベル3_トゥメル】1F　候補5	01	4	1000	HP回復【PG直接指定】	0x400003E8	0xB00003E8	1	100	0	52901500	52901500
101530050	宝死体_ご褒美【レベル3_トゥメル】1F　候補6	01	4	1000	HP回復【PG直接指定】	0x400003E8	0xB00003E8	1	100	0	52901500	52901500
101530052	宝死体_ご褒美【レベル3_トゥメル】1F　候補6	01	4	1000	HP回復【PG直接指定】	0x400003E8	0xB00003E8	1	100	0	52901500	52901500
101530054	宝死体_ご褒美【レベル3_トゥメル】1F　候補6	01	4	1200	火炎壺	0x400004B0	0xB00004B0	1	100	0	52901500	52901500
101530060	宝死体_ご褒美【レベル3_トゥメル】1F　候補7	01	4	900	弾丸【PG直接指定】	0x40000384	0xB0000384	2	100	0	52901500	52901500
101530062	宝死体_ご褒美【レベル3_トゥメル】1F　候補7	01	4	1511	ソウル【1】	0x400005E7	0xB00005E7	1	100	0	52901500	52901500
101530070	宝死体_ご褒美【レベル3_トゥメル】1F　候補8	01	4	900	弾丸【PG直接指定】	0x40000384	0xB0000384	2	100	0	52901500	52901500
101530072	宝死体_ご褒美【レベル3_トゥメル】1F　候補8	01	4	1511	ソウル【1】	0x400005E7	0xB00005E7	1	100	0	52901500	52901500
101530074	宝死体_ご褒美【レベル3_トゥメル】1F　候補8	01	4	900	弾丸【PG直接指定】	0x40000384	0xB0000384	1	100	0	52901500	52901500
101530080	宝死体_ご褒美【レベル3_トゥメル】1F　候補9	01	4	900	弾丸【PG直接指定】	0x40000384	0xB0000384	1	100	0	52901500	52901500
101530090	宝死体_ご褒美【レベル3_トゥメル】1F　候補10	01	4	1410	道標	0x40000582	0xB0000582	1	100	0	52901500	52901500
101530100	宝死体_ご褒美【レベル3_トゥメル】2F　候補1	01	4	1000	HP回復【PG直接指定】	0x400003E8	0xB00003E8	4	100	0	52901500	52901500
101530110	宝死体_ご褒美【レベル3_トゥメル】2F　候補2	01	4	1000	HP回復【PG直接指定】	0x400003E8	0xB00003E8	1	100	0	52901500	52901500
101530120	宝死体_ご褒美【レベル3_トゥメル】2F　候補3	01	4	1000	HP回復【PG直接指定】	0x400003E8	0xB00003E8	3	100	0	52901500	52901500
101530122	宝死体_ご褒美【レベル3_トゥメル】2F　候補3	01	4	900	弾丸【PG直接指定】	0x40000384	0xB0000384	3	100	0	52901500	52901500
101530130	宝死体_ご褒美【レベル3_トゥメル】2F　候補4	01	4	1000	HP回復【PG直接指定】	0x400003E8	0xB00003E8	2	100	0	52901500	52901500
101530132	宝死体_ご褒美【レベル3_トゥメル】2F　候補4	01	4	1270	HP回復不可	0x400004F6	0xB00004F6	1	100	0	52901500	52901500
101530134	宝死体_ご褒美【レベル3_トゥメル】2F　候補4	01	4	1514	ソウル【4】	0x400005EA	0xB00005EA	1	100	0	52901500	52901500
101530140	宝死体_ご褒美【レベル3_トゥメル】2F　候補5	01	4	900	弾丸【PG直接指定】	0x40000384	0xB0000384	2	100	0	52901500	52901500
101530150	宝死体_ご褒美【レベル3_トゥメル】2F　候補6	01	4	1000	HP回復【PG直接指定】	0x400003E8	0xB00003E8	3	100	0	52901500	52901500
101530152	宝死体_ご褒美【レベル3_トゥメル】2F　候補6	01	4	1250	背後火炎壺	0x400004E2	0xB00004E2	2	100	0	52901500	52901500
101530160	宝死体_ご褒美【レベル3_トゥメル】2F　候補7	01	4	1514	ソウル【4】	0x400005EA	0xB00005EA	1	100	0	52901500	52901500
101530170	宝死体_ご褒美【レベル3_トゥメル】2F　候補8	01	4	1250	背後火炎壺	0x400004E2	0xB00004E2	2	100	0	52901500	52901500
101530180	宝死体_ご褒美【レベル3_トゥメル】2F　候補9	01	4	1200	火炎壺	0x400004B0	0xB00004B0	1	100	0	52901500	52901500
101530190	宝死体_ご褒美【レベル3_トゥメル】2F　候補10	01	4	1000	HP回復【PG直接指定】	0x400003E8	0xB00003E8	3	100	0	52901500	52901500
101530192	宝死体_ご褒美【レベル3_トゥメル】2F　候補10	01	4	900	弾丸【PG直接指定】	0x40000384	0xB0000384	4	100	0	52901500	52901500
101530200	宝死体_ご褒美【レベル3_トゥメル】3F　候補1	01	4	1200	火炎壺	0x400004B0	0xB00004B0	3	100	0	52901500	52901500
101530202	宝死体_ご褒美【レベル3_トゥメル】3F　候補1	01	4	1270	HP回復不可	0x400004F6	0xB00004F6	1	100	0	52901500	52901500
101530210	宝死体_ご褒美【レベル3_トゥメル】3F　候補2	01	4	1270	HP回復不可	0x400004F6	0xB00004F6	1	100	0	52901500	52901500
101530220	宝死体_ご褒美【レベル3_トゥメル】3F　候補3	01	4	1000	HP回復【PG直接指定】	0x400003E8	0xB00003E8	4	100	0	52901500	52901500
101530230	宝死体_ご褒美【レベル3_トゥメル】3F　候補4	01	4	1000	HP回復【PG直接指定】	0x400003E8	0xB00003E8	3	100	0	52901500	52901500
101530240	宝死体_ご褒美【レベル3_トゥメル】3F　候補5	01	4	900	弾丸【PG直接指定】	0x40000384	0xB0000384	3	100	0	52901500	52901500
101530250	宝死体_ご褒美【レベル3_トゥメル】3F　候補6	01	4	900	弾丸【PG直接指定】	0x40000384	0xB0000384	2	100	0	52901500	52901500
101530260	宝死体_ご褒美【レベル3_トゥメル】3F　候補7	01	4	1515	ソウル【5】	0x400005EB	0xB00005EB	1	100	0	52901500	52901500
101530270	宝死体_ご褒美【レベル3_トゥメル】3F　候補8	01	4	1515	ソウル【5】	0x400005EB	0xB00005EB	1	100	0	52901500	52901500
101530280	宝死体_ご褒美【レベル3_トゥメル】3F　候補9	01	4	900	弾丸【PG直接指定】	0x40000384	0xB0000384	3	100	0	52901500	52901500
101530290	宝死体_ご褒美【レベル3_トゥメル】3F　候補10	01	4	1400	帰還	0x40000578	0xB0000578	2	100	0	52901500	52901500
101530300	宝死体_ご褒美【レベル3_トゥメル】4F　候補1	01	4	1000	HP回復【PG直接指定】	0x400003E8	0xB00003E8	4	100	0	52901500	52901500
101530310	宝死体_ご褒美【レベル3_トゥメル】4F　候補2	01	4	1000	HP回復【PG直接指定】	0x400003E8	0xB00003E8	3	100	0	52901500	52901500
101530320	宝死体_ご褒美【レベル3_トゥメル】4F　候補3	01	4	900	弾丸【PG直接指定】	0x40000384	0xB0000384	4	100	0	52901500	52901500
101530322	宝死体_ご褒美【レベル3_トゥメル】4F　候補3	01	4	1516	ソウル【6】	0x400005EC	0xB00005EC	1	100	0	52901500	52901500
101530330	宝死体_ご褒美【レベル3_トゥメル】4F　候補4	01	4	900	弾丸【PG直接指定】	0x40000384	0xB0000384	4	100	0	52901500	52901500
101530340	宝死体_ご褒美【レベル3_トゥメル】4F　候補5	01	4	1515	ソウル【5】	0x400005EB	0xB00005EB	1	100	0	52901500	52901500
101530342	宝死体_ご褒美【レベル3_トゥメル】4F　候補5	01	4	900	弾丸【PG直接指定】	0x40000384	0xB0000384	6	100	0	52901500	52901500
101530344	宝死体_ご褒美【レベル3_トゥメル】4F　候補5	01	4	1200	火炎壺	0x400004B0	0xB00004B0	3	100	0	52901500	52901500
101530346	宝死体_ご褒美【レベル3_トゥメル】4F　候補5	01	4	1400	帰還	0x40000578	0xB0000578	2	100	0	52901500	52901500
101530350	宝死体_ご褒美【レベル3_トゥメル】4F　候補6	01	4	1270	HP回復不可	0x400004F6	0xB00004F6	1	100	0	52901500	52901500
101530360	宝死体_ご褒美【レベル3_トゥメル】4F　候補7	01	4	1516	ソウル【6】	0x400005EC	0xB00005EC	1	100	0	52901500	52901500
101530370	宝死体_ご褒美【レベル3_トゥメル】4F　候補8	01	4	1300	エンチャント【炎】	0x40000514	0xB0000514	4	100	0	52901500	52901500
101530372	宝死体_ご褒美【レベル3_トゥメル】4F　候補8	01	4	1000	HP回復【PG直接指定】	0x400003E8	0xB00003E8	3	100	0	52901500	52901500
101530380	宝死体_ご褒美【レベル3_トゥメル】4F　候補9	01	4	1400	帰還	0x40000578	0xB0000578	1	100	0	52901500	52901500
101530390	宝死体_ご褒美【レベル3_トゥメル】4F　候補10	01	4	1000	HP回復【PG直接指定】	0x400003E8	0xB00003E8	5	100	0	52901500	52901500
101531000	宝死体_ご褒美【レベル3_僻墓】1F　候補1	01	4	1000	HP回復【PG直接指定】	0x400003E8	0xB00003E8	3	100	0	52901500	52901500
101531010	宝死体_ご褒美【レベル3_僻墓】1F　候補2	01	4	1000	HP回復【PG直接指定】	0x400003E8	0xB00003E8	2	100	0	52901500	52901500
101531012	宝死体_ご褒美【レベル3_僻墓】1F　候補2	01	4	1240	投げナイフ	0x400004D8	0xB00004D8	2	100	0	52901500	52901500
101531020	宝死体_ご褒美【レベル3_僻墓】1F　候補3	01	4	1000	HP回復【PG直接指定】	0x400003E8	0xB00003E8	2	100	0	52901500	52901500
101531022	宝死体_ご褒美【レベル3_僻墓】1F　候補3	01	4	1000	HP回復【PG直接指定】	0x400003E8	0xB00003E8	1	100	0	52901500	52901500
101531030	宝死体_ご褒美【レベル3_僻墓】1F　候補4	01	4	1000	HP回復【PG直接指定】	0x400003E8	0xB00003E8	1	100	0	52901500	52901500
101531040	宝死体_ご褒美【レベル3_僻墓】1F　候補5	01	4	900	弾丸【PG直接指定】	0x40000384	0xB0000384	2	100	0	52901500	52901500
101531042	宝死体_ご褒美【レベル3_僻墓】1F　候補5	01	4	900	弾丸【PG直接指定】	0x40000384	0xB0000384	2	100	0	52901500	52901500
101531050	宝死体_ご褒美【レベル3_僻墓】1F　候補6	01	4	900	弾丸【PG直接指定】	0x40000384	0xB0000384	1	100	0	52901500	52901500
101531060	宝死体_ご褒美【レベル3_僻墓】1F　候補7	01	4	900	弾丸【PG直接指定】	0x40000384	0xB0000384	1	100	0	52901500	52901500
101531062	宝死体_ご褒美【レベル3_僻墓】1F　候補7	01	4	1511	ソウル【1】	0x400005E7	0xB00005E7	1	100	0	52901500	52901500
101531064	宝死体_ご褒美【レベル3_僻墓】1F　候補7	01	4	1511	ソウル【1】	0x400005E7	0xB00005E7	1	100	0	52901500	52901500
101531070	宝死体_ご褒美【レベル3_僻墓】1F　候補8	01	4	900	弾丸【PG直接指定】	0x40000384	0xB0000384	1	100	0	52901500	52901500
101531072	宝死体_ご褒美【レベル3_僻墓】1F　候補8	01	4	1240	投げナイフ	0x400004D8	0xB00004D8	2	100	0	52901500	52901500
101531080	宝死体_ご褒美【レベル3_僻墓】1F　候補9	01	4	1230	石ころ	0x400004CE	0xB00004CE	6	100	0	52901500	52901500
101531090	宝死体_ご褒美【レベル3_僻墓】1F　候補10	01	4	1230	石ころ	0x400004CE	0xB00004CE	4	100	0	52901500	52901500
101531092	宝死体_ご褒美【レベル3_僻墓】1F　候補10	01	4	1230	石ころ	0x400004CE	0xB00004CE	6	100	0	52901500	52901500
101531100	宝死体_ご褒美【レベル3_僻墓】2F　候補1	01	4	1000	HP回復【PG直接指定】	0x400003E8	0xB00003E8	4	100	0	52901500	52901500
101531102	宝死体_ご褒美【レベル3_僻墓】2F　候補1	01	4	7002	儀式素材【コモンA】レベル3	0x40001B5A	0xB0001B5A	1	100	0	52901500	52901500
101531110	宝死体_ご褒美【レベル3_僻墓】2F　候補2	01	4	1000	HP回復【PG直接指定】	0x400003E8	0xB00003E8	3	100	0	52901500	52901500
101531112	宝死体_ご褒美【レベル3_僻墓】2F　候補2	01	4	1330	銃威力アップ	0x40000532	0xB0000532	2	100	0	52901500	52901500
101531114	宝死体_ご褒美【レベル3_僻墓】2F　候補2	01	4	900	弾丸【PG直接指定】	0x40000384	0xB0000384	4	100	0	52901500	52901500
101531120	宝死体_ご褒美【レベル3_僻墓】2F　候補3	01	4	1330	銃威力アップ	0x40000532	0xB0000532	2	100	0	52901500	52901500
101531130	宝死体_ご褒美【レベル3_僻墓】2F　候補4	01	4	1100	毒・出血回復薬	0x4000044C	0xB000044C	3	100	0	52901500	52901500
101531132	宝死体_ご褒美【レベル3_僻墓】2F　候補4	01	4	1100	毒・出血回復薬	0x4000044C	0xB000044C	2	100	0	52901500	52901500
101531140	宝死体_ご褒美【レベル3_僻墓】2F　候補5	01	4	900	弾丸【PG直接指定】	0x40000384	0xB0000384	3	100	0	52901500	52901500
101531142	宝死体_ご褒美【レベル3_僻墓】2F　候補5	01	4	900	弾丸【PG直接指定】	0x40000384	0xB0000384	2	100	0	52901500	52901500
101531150	宝死体_ご褒美【レベル3_僻墓】2F　候補6	01	4	900	弾丸【PG直接指定】	0x40000384	0xB0000384	2	100	0	52901500	52901500
101531160	宝死体_ご褒美【レベル3_僻墓】2F　候補7	01	4	1514	ソウル【4】	0x400005EA	0xB00005EA	1	100	0	52901500	52901500
101531170	宝死体_ご褒美【レベル3_僻墓】2F　候補8	01	4	1240	投げナイフ	0x400004D8	0xB00004D8	6	100	0	52901500	52901500
101531172	宝死体_ご褒美【レベル3_僻墓】2F　候補8	01	4	1230	石ころ	0x400004CE	0xB00004CE	6	100	0	52901500	52901500
101531180	宝死体_ご褒美【レベル3_僻墓】2F　候補9	01	4	1100	毒・出血回復薬	0x4000044C	0xB000044C	3	100	0	52901500	52901500
101531182	宝死体_ご褒美【レベル3_僻墓】2F　候補9	01	4	1513	ソウル【3】	0x400005E9	0xB00005E9	1	100	0	52901500	52901500
101531190	宝死体_ご褒美【レベル3_僻墓】2F　候補10	01	4	7003	儀式素材【コモンA】レベル4	0x40001B5B	0xB0001B5B	1	100	0	52901500	52901500
101531192	宝死体_ご褒美【レベル3_僻墓】2F　候補10	01	4	1000	HP回復【PG直接指定】	0x400003E8	0xB00003E8	3	100	0	52901500	52901500
101531200	宝死体_ご褒美【レベル3_僻墓】3F　候補1	01	4	1000	HP回復【PG直接指定】	0x400003E8	0xB00003E8	4	100	0	52901500	52901500
101531210	宝死体_ご褒美【レベル3_僻墓】3F　候補2	01	4	1000	HP回復【PG直接指定】	0x400003E8	0xB00003E8	3	100	0	52901500	52901500
101531212	宝死体_ご褒美【レベル3_僻墓】3F　候補2	01	4	1100	毒・出血回復薬	0x4000044C	0xB000044C	2	100	0	52901500	52901500
101531220	宝死体_ご褒美【レベル3_僻墓】3F　候補3	01	4	1100	毒・出血回復薬	0x4000044C	0xB000044C	4	100	0	52901500	52901500
101531230	宝死体_ご褒美【レベル3_僻墓】3F　候補4	01	4	900	弾丸【PG直接指定】	0x40000384	0xB0000384	4	100	0	52901500	52901500
101531240	宝死体_ご褒美【レベル3_僻墓】3F　候補5	01	4	900	弾丸【PG直接指定】	0x40000384	0xB0000384	3	100	0	52901500	52901500
101531242	宝死体_ご褒美【レベル3_僻墓】3F　候補5	01	4	1515	ソウル【5】	0x400005EB	0xB00005EB	1	100	0	52901500	52901500
101531244	宝死体_ご褒美【レベル3_僻墓】3F　候補5	01	4	1000	HP回復【PG直接指定】	0x400003E8	0xB00003E8	4	100	0	52901500	52901500
101531250	宝死体_ご褒美【レベル3_僻墓】3F　候補6	01	4	1330	銃威力アップ	0x40000532	0xB0000532	4	100	0	52901500	52901500
101531252	宝死体_ご褒美【レベル3_僻墓】3F　候補6	01	4	7003	儀式素材【コモンA】レベル4	0x40001B5B	0xB0001B5B	1	100	0	52901500	52901500
101531260	宝死体_ご褒美【レベル3_僻墓】3F　候補7	01	4	1515	ソウル【5】	0x400005EB	0xB00005EB	1	100	0	52901500	52901500
101531270	宝死体_ご褒美【レベル3_僻墓】3F　候補8	01	4	1240	投げナイフ	0x400004D8	0xB00004D8	1	100	0	52901500	52901500
101531280	宝死体_ご褒美【レベル3_僻墓】3F　候補9	01	4	1500	SAN値回復＋1	0x400005DC	0xB00005DC	1	100	0	52901500	52901500
101531282	宝死体_ご褒美【レベル3_僻墓】3F　候補9	01	4	1514	ソウル【4】	0x400005EA	0xB00005EA	1	100	0	52901500	52901500
101531290	宝死体_ご褒美【レベル3_僻墓】3F　候補10	01	4	1330	銃威力アップ	0x40000532	0xB0000532	4	100	0	52901500	52901500
101531300	宝死体_ご褒美【レベル3_僻墓】4F　候補1	01	4	1000	HP回復【PG直接指定】	0x400003E8	0xB00003E8	4	100	0	52901500	52901500
101531310	宝死体_ご褒美【レベル3_僻墓】4F　候補2	01	4	1000	HP回復【PG直接指定】	0x400003E8	0xB00003E8	3	100	0	52901500	52901500
101531320	宝死体_ご褒美【レベル3_僻墓】4F　候補3	01	4	1000	HP回復【PG直接指定】	0x400003E8	0xB00003E8	2	100	0	52901500	52901500
101531330	宝死体_ご褒美【レベル3_僻墓】4F　候補4	01	4	900	弾丸【PG直接指定】	0x40000384	0xB0000384	4	100	0	52901500	52901500
101531340	宝死体_ご褒美【レベル3_僻墓】4F　候補5	01	4	900	弾丸【PG直接指定】	0x40000384	0xB0000384	3	100	0	52901500	52901500
101531350	宝死体_ご褒美【レベル3_僻墓】4F　候補6	01	4	900	弾丸【PG直接指定】	0x40000384	0xB0000384	2	100	0	52901500	52901500
101531360	宝死体_ご褒美【レベル3_僻墓】4F　候補7	01	4	1516	ソウル【6】	0x400005EC	0xB00005EC	1	100	0	52901500	52901500
101531370	宝死体_ご褒美【レベル3_僻墓】4F　候補8	01	4	1240	投げナイフ	0x400004D8	0xB00004D8	1	100	0	52901500	52901500
101531380	宝死体_ご褒美【レベル3_僻墓】4F　候補9	01	4	1100	毒・出血回復薬	0x4000044C	0xB000044C	1	100	0	52901500	52901500
101531390	宝死体_ご褒美【レベル3_僻墓】4F　候補10	01	4	1310	エンチャント【魔法】	0x4000051E	0xB000051E	1	100	0	52901500	52901500
101540000	宝死体_ご褒美【レベル4_トゥメル】1F　候補1	01	4	1000	HP回復【PG直接指定】	0x400003E8	0xB00003E8	3	100	0	52901500	52901500
101540010	宝死体_ご褒美【レベル4_トゥメル】1F　候補2	01	4	1000	HP回復【PG直接指定】	0x400003E8	0xB00003E8	2	100	0	52901500	52901500
101540012	宝死体_ご褒美【レベル4_トゥメル】1F　候補2	01	4	1000	HP回復【PG直接指定】	0x400003E8	0xB00003E8	2	100	0	52901500	52901500
101540020	宝死体_ご褒美【レベル4_トゥメル】1F　候補3	01	4	1250	背後火炎壺	0x400004E2	0xB00004E2	2	100	0	52901500	52901500
101540030	宝死体_ご褒美【レベル4_トゥメル】1F　候補4	01	4	1200	火炎壺	0x400004B0	0xB00004B0	2	100	0	52901500	52901500
101540040	宝死体_ご褒美【レベル4_トゥメル】1F　候補5	01	4	1200	火炎壺	0x400004B0	0xB00004B0	1	100	0	52901500	52901500
101540050	宝死体_ご褒美【レベル4_トゥメル】1F　候補6	01	4	900	弾丸【PG直接指定】	0x40000384	0xB0000384	3	100	0	52901500	52901500
101540060	宝死体_ご褒美【レベル4_トゥメル】1F　候補7	01	4	900	弾丸【PG直接指定】	0x40000384	0xB0000384	2	100	0	52901500	52901500
101540062	宝死体_ご褒美【レベル4_トゥメル】1F　候補7	01	4	900	弾丸【PG直接指定】	0x40000384	0xB0000384	1	100	0	52901500	52901500
101540070	宝死体_ご褒美【レベル4_トゥメル】1F　候補8	01	4	900	弾丸【PG直接指定】	0x40000384	0xB0000384	2	100	0	52901500	52901500
101540080	宝死体_ご褒美【レベル4_トゥメル】1F　候補9	01	4	900	弾丸【PG直接指定】	0x40000384	0xB0000384	2	100	0	52901500	52901500
101540090	宝死体_ご褒美【レベル4_トゥメル】1F　候補10	01	4	1410	道標	0x40000582	0xB0000582	3	100	0	52901500	52901500
101540100	宝死体_ご褒美【レベル4_トゥメル】2F　候補1	01	4	1000	HP回復【PG直接指定】	0x400003E8	0xB00003E8	4	100	0	52901500	52901500
101540110	宝死体_ご褒美【レベル4_トゥメル】2F　候補2	01	4	1000	HP回復【PG直接指定】	0x400003E8	0xB00003E8	3	100	0	52901500	52901500
101540120	宝死体_ご褒美【レベル4_トゥメル】2F　候補3	01	4	1000	HP回復【PG直接指定】	0x400003E8	0xB00003E8	3	100	0	52901500	52901500
101540130	宝死体_ご褒美【レベル4_トゥメル】2F　候補4	01	4	1516	ソウル【6】	0x400005EC	0xB00005EC	1	100	0	52901500	52901500
101540132	宝死体_ご褒美【レベル4_トゥメル】2F　候補4	01	4	1516	ソウル【6】	0x400005EC	0xB00005EC	1	100	0	52901500	52901500
101540140	宝死体_ご褒美【レベル4_トゥメル】2F　候補5	01	4	900	弾丸【PG直接指定】	0x40000384	0xB0000384	4	100	0	52901500	52901500
101540142	宝死体_ご褒美【レベル4_トゥメル】2F　候補5	01	4	900	弾丸【PG直接指定】	0x40000384	0xB0000384	3	100	0	52901500	52901500
101540144	宝死体_ご褒美【レベル4_トゥメル】2F　候補5	01	4	1240	投げナイフ	0x400004D8	0xB00004D8	6	100	0	52901500	52901500
101540150	宝死体_ご褒美【レベル4_トゥメル】2F　候補6	01	4	900	弾丸【PG直接指定】	0x40000384	0xB0000384	3	100	0	52901500	52901500
101540152	宝死体_ご褒美【レベル4_トゥメル】2F　候補6	01	4	7023	儀式素材【コモンC】レベル4	0x40001B6F	0xB0001B6F	2	100	0	52901500	52901500
101540160	宝死体_ご褒美【レベル4_トゥメル】2F　候補7	01	4	1330	銃威力アップ	0x40000532	0xB0000532	3	100	0	52901500	52901500
101540162	宝死体_ご褒美【レベル4_トゥメル】2F　候補7	01	4	1000	HP回復【PG直接指定】	0x400003E8	0xB00003E8	4	100	0	52901500	52901500
101540164	宝死体_ご褒美【レベル4_トゥメル】2F　候補7	01	4	1330	銃威力アップ	0x40000532	0xB0000532	3	100	0	52901500	52901500
101540170	宝死体_ご褒美【レベル4_トゥメル】2F　候補8	01	4	1516	ソウル【6】	0x400005EC	0xB00005EC	1	100	0	52901500	52901500
101540172	宝死体_ご褒美【レベル4_トゥメル】2F　候補8	01	4	1000	HP回復【PG直接指定】	0x400003E8	0xB00003E8	3	100	0	52901500	52901500
101540180	宝死体_ご褒美【レベル4_トゥメル】2F　候補9	01	4	1200	火炎壺	0x400004B0	0xB00004B0	3	100	0	52901500	52901500
101540182	宝死体_ご褒美【レベル4_トゥメル】2F　候補9	01	4	1400	帰還	0x40000578	0xB0000578	1	100	0	52901500	52901500
101540190	宝死体_ご褒美【レベル4_トゥメル】2F　候補10	01	4	1400	帰還	0x40000578	0xB0000578	2	100	0	52901500	52901500
101540200	宝死体_ご褒美【レベル4_トゥメル】3F　候補1	01	4	1000	HP回復【PG直接指定】	0x400003E8	0xB00003E8	4	100	0	52901500	52901500
101540210	宝死体_ご褒美【レベル4_トゥメル】3F　候補2	01	4	1000	HP回復【PG直接指定】	0x400003E8	0xB00003E8	4	100	0	52901500	52901500
101540220	宝死体_ご褒美【レベル4_トゥメル】3F　候補3	01	4	1000	HP回復【PG直接指定】	0x400003E8	0xB00003E8	3	100	0	52901500	52901500
101540230	宝死体_ご褒美【レベル4_トゥメル】3F　候補4	01	4	900	弾丸【PG直接指定】	0x40000384	0xB0000384	4	100	0	52901500	52901500
101540240	宝死体_ご褒美【レベル4_トゥメル】3F　候補5	01	4	900	弾丸【PG直接指定】	0x40000384	0xB0000384	4	100	0	52901500	52901500
101540250	宝死体_ご褒美【レベル4_トゥメル】3F　候補6	01	4	900	弾丸【PG直接指定】	0x40000384	0xB0000384	2	100	0	52901500	52901500
101540260	宝死体_ご褒美【レベル4_トゥメル】3F　候補7	01	4	1518	ソウル【8】	0x400005EE	0xB00005EE	1	100	0	52901500	52901500
101540270	宝死体_ご褒美【レベル4_トゥメル】3F　候補8	01	4	1200	火炎壺	0x400004B0	0xB00004B0	1	100	0	52901500	52901500
101540280	宝死体_ご褒美【レベル4_トゥメル】3F　候補9	01	4	1400	帰還	0x40000578	0xB0000578	2	100	0	52901500	52901500
101540282	宝死体_ご褒美【レベル4_トゥメル】3F　候補9	01	4	1517	ソウル【7】	0x400005ED	0xB00005ED	1	100	0	52901500	52901500
101540290	宝死体_ご褒美【レベル4_トゥメル】3F　候補10	01	4	1270	HP回復不可	0x400004F6	0xB00004F6	1	100	0	52901500	52901500
101540300	宝死体_ご褒美【レベル4_トゥメル】4F　候補1	01	4	1000	HP回復【PG直接指定】	0x400003E8	0xB00003E8	4	100	0	52901500	52901500
101540310	宝死体_ご褒美【レベル4_トゥメル】4F　候補2	01	4	1000	HP回復【PG直接指定】	0x400003E8	0xB00003E8	3	100	0	52901500	52901500
101540320	宝死体_ご褒美【レベル4_トゥメル】4F　候補3	01	4	1000	HP回復【PG直接指定】	0x400003E8	0xB00003E8	2	100	0	52901500	52901500
101540330	宝死体_ご褒美【レベル4_トゥメル】4F　候補4	01	4	900	弾丸【PG直接指定】	0x40000384	0xB0000384	4	100	0	52901500	52901500
101540340	宝死体_ご褒美【レベル4_トゥメル】4F　候補5	01	4	900	弾丸【PG直接指定】	0x40000384	0xB0000384	3	100	0	52901500	52901500
101540350	宝死体_ご褒美【レベル4_トゥメル】4F　候補6	01	4	900	弾丸【PG直接指定】	0x40000384	0xB0000384	2	100	0	52901500	52901500
101540360	宝死体_ご褒美【レベル4_トゥメル】4F　候補7	01	4	1519	ソウル【9】	0x400005EF	0xB00005EF	1	100	0	52901500	52901500
101540370	宝死体_ご褒美【レベル4_トゥメル】4F　候補8	01	4	1200	火炎壺	0x400004B0	0xB00004B0	1	100	0	52901500	52901500
101540380	宝死体_ご褒美【レベル4_トゥメル】4F　候補9	01	4	1400	帰還	0x40000578	0xB0000578	1	100	0	52901500	52901500
101540390	宝死体_ご褒美【レベル4_トゥメル】4F　候補10	01	4	1270	HP回復不可	0x400004F6	0xB00004F6	1	100	0	52901500	52901500
101542000	宝死体_ご褒美【レベル4_ローラン】1F　候補1	01	4	1220	油壺	0x400004C4	0xB00004C4	1	100	0	52901500	52901500
101542010	宝死体_ご褒美【レベル4_ローラン】1F　候補2	01	4	1000	HP回復【PG直接指定】	0x400003E8	0xB00003E8	3	100	0	52901500	52901500
101542020	宝死体_ご褒美【レベル4_ローラン】1F　候補3	01	4	1000	HP回復【PG直接指定】	0x400003E8	0xB00003E8	2	100	0	52901500	52901500
101542030	宝死体_ご褒美【レベル4_ローラン】1F　候補4	01	4	1220	油壺	0x400004C4	0xB00004C4	1	100	0	52901500	52901500
101542040	宝死体_ご褒美【レベル4_ローラン】1F　候補5	01	4	1000	HP回復【PG直接指定】	0x400003E8	0xB00003E8	2	100	0	52901500	52901500
101542050	宝死体_ご褒美【レベル4_ローラン】1F　候補6	01	4	1000	HP回復【PG直接指定】	0x400003E8	0xB00003E8	1	100	0	52901500	52901500
101542060	宝死体_ご褒美【レベル4_ローラン】1F　候補7	01	4	1200	火炎壺	0x400004B0	0xB00004B0	2	100	0	52901500	52901500
101542070	宝死体_ご褒美【レベル4_ローラン】1F　候補8	01	4	900	弾丸【PG直接指定】	0x40000384	0xB0000384	2	100	0	52901500	52901500
101542080	宝死体_ご褒美【レベル4_ローラン】1F　候補9	01	4	900	弾丸【PG直接指定】	0x40000384	0xB0000384	1	100	0	52901500	52901500
101542082	宝死体_ご褒美【レベル4_ローラン】1F　候補9	01	4	1200	火炎壺	0x400004B0	0xB00004B0	2	100	0	52901500	52901500
101542090	宝死体_ご褒美【レベル4_ローラン】1F　候補10	01	4	1410	道標	0x40000582	0xB0000582	4	100	0	52901500	52901500
101542100	宝死体_ご褒美【レベル4_ローラン】2F　候補1	01	4	1000	HP回復【PG直接指定】	0x400003E8	0xB00003E8	4	100	0	52901500	52901500
101542102	宝死体_ご褒美【レベル4_ローラン】2F　候補1	01	4	1000	HP回復【PG直接指定】	0x400003E8	0xB00003E8	4	100	0	52901500	52901500
101542104	宝死体_ご褒美【レベル4_ローラン】2F　候補1	01	4	1516	ソウル【6】	0x400005EC	0xB00005EC	1	100	0	52901500	52901500
101542110	宝死体_ご褒美【レベル4_ローラン】2F　候補2	01	4	7003	儀式素材【コモンA】レベル4	0x40001B5B	0xB0001B5B	2	100	0	52901500	52901500
101542120	宝死体_ご褒美【レベル4_ローラン】2F　候補3	01	4	1000	HP回復【PG直接指定】	0x400003E8	0xB00003E8	3	100	0	52901500	52901500
101542130	宝死体_ご褒美【レベル4_ローラン】2F　候補4	01	4	1260	獣誘い	0x400004EC	0xB00004EC	1	100	0	52901500	52901500
101542132	宝死体_ご褒美【レベル4_ローラン】2F　候補4	01	4	1516	ソウル【6】	0x400005EC	0xB00005EC	1	100	0	52901500	52901500
101542134	宝死体_ご褒美【レベル4_ローラン】2F　候補4	01	4	900	弾丸【PG直接指定】	0x40000384	0xB0000384	2	100	0	52901500	52901500
101542136	宝死体_ご褒美【レベル4_ローラン】2F　候補4	01	4	1220	油壺	0x400004C4	0xB00004C4	2	100	0	52901500	52901500
101542138	宝死体_ご褒美【レベル4_ローラン】2F　候補4	01	4	1220	油壺	0x400004C4	0xB00004C4	2	100	0	52901500	52901500
101542140	宝死体_ご褒美【レベル4_ローラン】2F　候補5	01	4	1000	HP回復【PG直接指定】	0x400003E8	0xB00003E8	3	100	0	52901500	52901500
101542150	宝死体_ご褒美【レベル4_ローラン】2F　候補6	01	4	1000	HP回復【PG直接指定】	0x400003E8	0xB00003E8	2	100	0	52901500	52901500
101542160	宝死体_ご褒美【レベル4_ローラン】2F　候補7	01	4	900	弾丸【PG直接指定】	0x40000384	0xB0000384	3	100	0	52901500	52901500
101542170	宝死体_ご褒美【レベル4_ローラン】2F　候補8	01	4	1516	ソウル【6】	0x400005EC	0xB00005EC	1	100	0	52901500	52901500
101542172	宝死体_ご褒美【レベル4_ローラン】2F　候補8	01	4	1000	HP回復【PG直接指定】	0x400003E8	0xB00003E8	3	100	0	52901500	52901500
101542180	宝死体_ご褒美【レベル4_ローラン】2F　候補9	01	4	1220	油壺	0x400004C4	0xB00004C4	2	100	0	52901500	52901500
101542190	宝死体_ご褒美【レベル4_ローラン】2F　候補10	01	4	1000	HP回復【PG直接指定】	0x400003E8	0xB00003E8	3	100	0	52901500	52901500
101542200	宝死体_ご褒美【レベル4_ローラン】3F　候補1	01	4	1000	HP回復【PG直接指定】	0x400003E8	0xB00003E8	4	100	0	52901500	52901500
101542210	宝死体_ご褒美【レベル4_ローラン】3F　候補2	01	4	1000	HP回復【PG直接指定】	0x400003E8	0xB00003E8	4	100	0	52901500	52901500
101542212	宝死体_ご褒美【レベル4_ローラン】3F　候補2	01	4	1517	ソウル【7】	0x400005ED	0xB00005ED	1	100	0	52901500	52901500
101542220	宝死体_ご褒美【レベル4_ローラン】3F　候補3	01	4	1000	HP回復【PG直接指定】	0x400003E8	0xB00003E8	3	100	0	52901500	52901500
101542230	宝死体_ご褒美【レベル4_ローラン】3F　候補4	01	4	900	弾丸【PG直接指定】	0x40000384	0xB0000384	3	100	0	52901500	52901500
101542232	宝死体_ご褒美【レベル4_ローラン】3F　候補4	01	4	900	弾丸【PG直接指定】	0x40000384	0xB0000384	4	100	0	52901500	52901500
101542240	宝死体_ご褒美【レベル4_ローラン】3F　候補5	01	4	900	弾丸【PG直接指定】	0x40000384	0xB0000384	3	100	0	52901500	52901500
101542250	宝死体_ご褒美【レベル4_ローラン】3F　候補6	01	4	900	弾丸【PG直接指定】	0x40000384	0xB0000384	2	100	0	52901500	52901500
101542260	宝死体_ご褒美【レベル4_ローラン】3F　候補7	01	4	1517	ソウル【7】	0x400005ED	0xB00005ED	1	100	0	52901500	52901500
101542270	宝死体_ご褒美【レベル4_ローラン】3F　候補8	01	4	7004	儀式素材【コモンA】レベル5	0x40001B5C	0xB0001B5C	1	100	0	52901500	52901500
101542272	宝死体_ご褒美【レベル4_ローラン】3F　候補8	01	4	1516	ソウル【6】	0x400005EC	0xB00005EC	1	100	0	52901500	52901500
101542280	宝死体_ご褒美【レベル4_ローラン】3F　候補9	01	4	1260	獣誘い	0x400004EC	0xB00004EC	1	100	0	52901500	52901500
101542290	宝死体_ご褒美【レベル4_ローラン】3F　候補10	01	4	1320	エンチャント【雷】	0x40000528	0xB0000528	1	100	0	52901500	52901500
101542292	宝死体_ご褒美【レベル4_ローラン】3F　候補10	01	4	1320	エンチャント【雷】	0x40000528	0xB0000528	1	100	0	52901500	52901500
101542294	宝死体_ご褒美【レベル4_ローラン】3F　候補10	01	4	1000	HP回復【PG直接指定】	0x400003E8	0xB00003E8	3	100	0	52901500	52901500
101542296	宝死体_ご褒美【レベル4_ローラン】3F　候補10	01	4	1500	SAN値回復＋1	0x400005DC	0xB00005DC	1	100	0	52901500	52901500
101542300	宝死体_ご褒美【レベル4_ローラン】4F　候補1	01	4	1000	HP回復【PG直接指定】	0x400003E8	0xB00003E8	4	100	0	52901500	52901500
101542310	宝死体_ご褒美【レベル4_ローラン】4F　候補2	01	4	1000	HP回復【PG直接指定】	0x400003E8	0xB00003E8	3	100	0	52901500	52901500
101542320	宝死体_ご褒美【レベル4_ローラン】4F　候補3	01	4	1000	HP回復【PG直接指定】	0x400003E8	0xB00003E8	2	100	0	52901500	52901500
101542330	宝死体_ご褒美【レベル4_ローラン】4F　候補4	01	4	900	弾丸【PG直接指定】	0x40000384	0xB0000384	4	100	0	52901500	52901500
101542340	宝死体_ご褒美【レベル4_ローラン】4F　候補5	01	4	900	弾丸【PG直接指定】	0x40000384	0xB0000384	3	100	0	52901500	52901500
101542350	宝死体_ご褒美【レベル4_ローラン】4F　候補6	01	4	900	弾丸【PG直接指定】	0x40000384	0xB0000384	2	100	0	52901500	52901500
101542360	宝死体_ご褒美【レベル4_ローラン】4F　候補7	01	4	1518	ソウル【8】	0x400005EE	0xB00005EE	1	100	0	52901500	52901500
101542370	宝死体_ご褒美【レベル4_ローラン】4F　候補8	01	4	1220	油壺	0x400004C4	0xB00004C4	1	100	0	52901500	52901500
101542380	宝死体_ご褒美【レベル4_ローラン】4F　候補9	01	4	1260	獣誘い	0x400004EC	0xB00004EC	1	100	0	52901500	52901500
101542390	宝死体_ご褒美【レベル4_ローラン】4F　候補10	01	4	1320	エンチャント【雷】	0x40000528	0xB0000528	1	100	0	52901500	52901500
101550000	宝死体_ご褒美【レベル5_トゥメル】1F　候補1	01	4	1000	HP回復【PG直接指定】	0x400003E8	0xB00003E8	2	100	0	52901500	52901500
101550002	宝死体_ご褒美【レベル5_トゥメル】1F　候補1	01	4	1000	HP回復【PG直接指定】	0x400003E8	0xB00003E8	2	100	0	52901500	52901500
101550004	宝死体_ご褒美【レベル5_トゥメル】1F　候補1	01	4	1240	投げナイフ	0x400004D8	0xB00004D8	2	100	0	52901500	52901500
101550010	宝死体_ご褒美【レベル5_トゥメル】1F　候補2	01	4	1200	火炎壺	0x400004B0	0xB00004B0	2	100	0	52901500	52901500
101550012	宝死体_ご褒美【レベル5_トゥメル】1F　候補2	01	4	1240	投げナイフ	0x400004D8	0xB00004D8	3	100	0	52901500	52901500
101550020	宝死体_ご褒美【レベル5_トゥメル】1F　候補3	01	4	900	弾丸【PG直接指定】	0x40000384	0xB0000384	2	100	0	52901500	52901500
101550022	宝死体_ご褒美【レベル5_トゥメル】1F　候補3	01	4	1000	HP回復【PG直接指定】	0x400003E8	0xB00003E8	1	100	0	52901500	52901500
101550030	宝死体_ご褒美【レベル5_トゥメル】1F　候補4	01	4	900	弾丸【PG直接指定】	0x40000384	0xB0000384	2	100	0	52901500	52901500
101550040	宝死体_ご褒美【レベル5_トゥメル】1F　候補5	01	4	1514	ソウル【4】	0x400005EA	0xB00005EA	1	100	0	52901500	52901500
101550042	宝死体_ご褒美【レベル5_トゥメル】1F　候補5	01	4	900	弾丸【PG直接指定】	0x40000384	0xB0000384	1	100	0	52901500	52901500
101550044	宝死体_ご褒美【レベル5_トゥメル】1F　候補5	01	4	1410	道標	0x40000582	0xB0000582	4	100	0	52901500	52901500
101550050	宝死体_ご褒美【レベル5_トゥメル】1F　候補6	01	4	900	弾丸【PG直接指定】	0x40000384	0xB0000384	3	100	0	52901500	52901500
101550060	宝死体_ご褒美【レベル5_トゥメル】1F　候補7	01	4	1514	ソウル【4】	0x400005EA	0xB00005EA	2	100	0	52901500	52901500
101550070	宝死体_ご褒美【レベル5_トゥメル】1F　候補8	01	4	900	弾丸【PG直接指定】	0x40000384	0xB0000384	2	100	0	52901500	52901500
101550080	宝死体_ご褒美【レベル5_トゥメル】1F　候補9	01	4	1000	HP回復【PG直接指定】	0x400003E8	0xB00003E8	1	100	0	52901500	52901500
101550082	宝死体_ご褒美【レベル5_トゥメル】1F　候補9	01	4	900	弾丸【PG直接指定】	0x40000384	0xB0000384	2	100	0	52901500	52901500
101550084	宝死体_ご褒美【レベル5_トゥメル】1F　候補9	01	4	900	弾丸【PG直接指定】	0x40000384	0xB0000384	3	100	0	52901500	52901500
101550090	宝死体_ご褒美【レベル5_トゥメル】1F　候補10	01	4	1410	道標	0x40000582	0xB0000582	6	100	0	52901500	52901500
101550092	宝死体_ご褒美【レベル5_トゥメル】1F　候補10	01	4	1200	火炎壺	0x400004B0	0xB00004B0	2	100	0	52901500	52901500
101550094	宝死体_ご褒美【レベル5_トゥメル】1F　候補10	01	4	7024	儀式素材【コモンC】レベル5	0x40001B70	0xB0001B70	1	100	0	52901500	52901500
101550096	宝死体_ご褒美【レベル5_トゥメル】1F　候補10	01	4	7024	儀式素材【コモンC】レベル5	0x40001B70	0xB0001B70	1	100	0	52901500	52901500
101550100	宝死体_ご褒美【レベル5_トゥメル】2F　候補1	01	4	1000	HP回復【PG直接指定】	0x400003E8	0xB00003E8	4	100	0	52901500	52901500
101550102	宝死体_ご褒美【レベル5_トゥメル】2F　候補1	01	4	1000	HP回復【PG直接指定】	0x400003E8	0xB00003E8	3	100	0	52901500	52901500
101550110	宝死体_ご褒美【レベル5_トゥメル】2F　候補2	01	4	900	弾丸【PG直接指定】	0x40000384	0xB0000384	4	100	0	52901500	52901500
101550120	宝死体_ご褒美【レベル5_トゥメル】2F　候補3	01	4	900	弾丸【PG直接指定】	0x40000384	0xB0000384	2	100	0	52901500	52901500
101550122	宝死体_ご褒美【レベル5_トゥメル】2F　候補3	01	4	1590	ソウル【10】	0x40000636	0xB0000636	1	100	0	52901500	52901500
101550130	宝死体_ご褒美【レベル5_トゥメル】2F　候補4	01	4	1400	帰還	0x40000578	0xB0000578	1	100	0	52901500	52901500
101550132	宝死体_ご褒美【レベル5_トゥメル】2F　候補4	01	4	1000	HP回復【PG直接指定】	0x400003E8	0xB00003E8	4	100	0	52901500	52901500
101550134	宝死体_ご褒美【レベル5_トゥメル】2F　候補4	01	4	1000	HP回復【PG直接指定】	0x400003E8	0xB00003E8	3	100	0	52901500	52901500
101550140	宝死体_ご褒美【レベル5_トゥメル】2F　候補5	01	4	900	弾丸【PG直接指定】	0x40000384	0xB0000384	4	100	0	52901500	52901500
101550142	宝死体_ご褒美【レベル5_トゥメル】2F　候補5	01	4	900	弾丸【PG直接指定】	0x40000384	0xB0000384	2	100	0	52901500	52901500
101550144	宝死体_ご褒美【レベル5_トゥメル】2F　候補5	01	4	1590	ソウル【10】	0x40000636	0xB0000636	1	100	0	52901500	52901500
101550150	宝死体_ご褒美【レベル5_トゥメル】2F　候補6	01	4	1400	帰還	0x40000578	0xB0000578	1	100	0	52901500	52901500
101550152	宝死体_ご褒美【レベル5_トゥメル】2F　候補6	01	4	1000	HP回復【PG直接指定】	0x400003E8	0xB00003E8	4	100	0	52901500	52901500
101550154	宝死体_ご褒美【レベル5_トゥメル】2F　候補6	01	4	7004	儀式素材【コモンA】レベル5	0x40001B5C	0xB0001B5C	2	100	0	52901500	52901500
101550156	宝死体_ご褒美【レベル5_トゥメル】2F　候補6	01	4	1330	銃威力アップ	0x40000532	0xB0000532	5	100	0	52901500	52901500
101550160	宝死体_ご褒美【レベル5_トゥメル】2F　候補7	01	4	1400	帰還	0x40000578	0xB0000578	2	100	0	52901500	52901500
101550162	宝死体_ご褒美【レベル5_トゥメル】2F　候補7	01	4	1591	ソウル【11】	0x40000637	0xB0000637	1	100	0	52901500	52901500
101550170	宝死体_ご褒美【レベル5_トゥメル】2F　候補8	01	4	1500	SAN値回復＋1	0x400005DC	0xB00005DC	1	100	0	52901500	52901500
101550172	宝死体_ご褒美【レベル5_トゥメル】2F　候補8	01	4	7024	儀式素材【コモンC】レベル5	0x40001B70	0xB0001B70	2	100	0	52901500	52901500
101550174	宝死体_ご褒美【レベル5_トゥメル】2F　候補8	01	4	7024	儀式素材【コモンC】レベル5	0x40001B70	0xB0001B70	2	100	0	52901500	52901500
101550176	宝死体_ご褒美【レベル5_トゥメル】2F　候補8	01	4	1000	HP回復【PG直接指定】	0x400003E8	0xB00003E8	4	100	0	52901500	52901500
101550180	宝死体_ご褒美【レベル5_トゥメル】2F　候補9	01	4	1200	火炎壺	0x400004B0	0xB00004B0	1	100	0	52901500	52901500
101550190	宝死体_ご褒美【レベル5_トゥメル】2F　候補10	01	4	1000	HP回復【PG直接指定】	0x400003E8	0xB00003E8	3	100	0	52901500	52901500
101550192	宝死体_ご褒美【レベル5_トゥメル】2F　候補10	01	4	900	弾丸【PG直接指定】	0x40000384	0xB0000384	4	100	0	52901500	52901500
101550194	宝死体_ご褒美【レベル5_トゥメル】2F　候補10	01	4	7004	儀式素材【コモンA】レベル5	0x40001B5C	0xB0001B5C	1	100	0	52901500	52901500
101550196	宝死体_ご褒美【レベル5_トゥメル】2F　候補10	01	4	1300	エンチャント【炎】	0x40000514	0xB0000514	4	100	0	52901500	52901500
101550200	宝死体_ご褒美【レベル5_トゥメル】3F　候補1	01	4	900	弾丸【PG直接指定】	0x40000384	0xB0000384	4	100	0	52901500	52901500
101550202	宝死体_ご褒美【レベル5_トゥメル】3F　候補1	01	4	1591	ソウル【11】	0x40000637	0xB0000637	1	100	0	52901500	52901500
101550210	宝死体_ご褒美【レベル5_トゥメル】3F　候補2	01	4	1000	HP回復【PG直接指定】	0x400003E8	0xB00003E8	3	100	0	52901500	52901500
101550220	宝死体_ご褒美【レベル5_トゥメル】3F　候補3	01	4	1000	HP回復【PG直接指定】	0x400003E8	0xB00003E8	4	100	0	52901500	52901500
101550222	宝死体_ご褒美【レベル5_トゥメル】3F　候補3	01	4	1591	ソウル【11】	0x40000637	0xB0000637	1	100	0	52901500	52901500
101550230	宝死体_ご褒美【レベル5_トゥメル】3F　候補4	01	4	900	弾丸【PG直接指定】	0x40000384	0xB0000384	3	100	0	52901500	52901500
101550240	宝死体_ご褒美【レベル5_トゥメル】3F　候補5	01	4	1592	ソウル【12】	0x40000638	0xB0000638	1	100	0	52901500	52901500
101550250	宝死体_ご褒美【レベル5_トゥメル】3F　候補6	01	4	1400	帰還	0x40000578	0xB0000578	2	100	0	52901500	52901500
101550252	宝死体_ご褒美【レベル5_トゥメル】3F　候補6	01	4	1000	HP回復【PG直接指定】	0x400003E8	0xB00003E8	4	100	0	52901500	52901500
101550260	宝死体_ご褒美【レベル5_トゥメル】3F　候補7	01	4	1501	SAN値回復＋2	0x400005DD	0xB00005DD	1	100	0	52901500	52901500
101550270	宝死体_ご褒美【レベル5_トゥメル】3F　候補8	01	4	1200	火炎壺	0x400004B0	0xB00004B0	1	100	0	52901500	52901500
101550280	宝死体_ご褒美【レベル5_トゥメル】3F　候補9	01	4	1592	ソウル【12】	0x40000638	0xB0000638	1	100	0	52901500	52901500
101550290	宝死体_ご褒美【レベル5_トゥメル】3F　候補10	01	4	1270	HP回復不可	0x400004F6	0xB00004F6	1	100	0	52901500	52901500
101550300	宝死体_ご褒美【レベル5_トゥメル】4F　候補1	01	4	1000	HP回復【PG直接指定】	0x400003E8	0xB00003E8	4	100	0	52901500	52901500
101550310	宝死体_ご褒美【レベル5_トゥメル】4F　候補2	01	4	1000	HP回復【PG直接指定】	0x400003E8	0xB00003E8	3	100	0	52901500	52901500
101550320	宝死体_ご褒美【レベル5_トゥメル】4F　候補3	01	4	1000	HP回復【PG直接指定】	0x400003E8	0xB00003E8	2	100	0	52901500	52901500
101550330	宝死体_ご褒美【レベル5_トゥメル】4F　候補4	01	4	900	弾丸【PG直接指定】	0x40000384	0xB0000384	4	100	0	52901500	52901500
101550340	宝死体_ご褒美【レベル5_トゥメル】4F　候補5	01	4	900	弾丸【PG直接指定】	0x40000384	0xB0000384	3	100	0	52901500	52901500
101550350	宝死体_ご褒美【レベル5_トゥメル】4F　候補6	01	4	900	弾丸【PG直接指定】	0x40000384	0xB0000384	2	100	0	52901500	52901500
101550360	宝死体_ご褒美【レベル5_トゥメル】4F　候補7	01	4	1593	ソウル【13】	0x40000639	0xB0000639	1	100	0	52901500	52901500
101550370	宝死体_ご褒美【レベル5_トゥメル】4F　候補8	01	4	1200	火炎壺	0x400004B0	0xB00004B0	1	100	0	52901500	52901500
101550380	宝死体_ご褒美【レベル5_トゥメル】4F　候補9	01	4	1400	帰還	0x40000578	0xB0000578	1	100	0	52901500	52901500
101550390	宝死体_ご褒美【レベル5_トゥメル】4F　候補10	01	4	1270	HP回復不可	0x400004F6	0xB00004F6	1	100	0	52901500	52901500
101552000	宝死体_ご褒美【レベル5_ローラン】1F　候補1	01	4	1000	HP回復【PG直接指定】	0x400003E8	0xB00003E8	3	100	0	52901500	52901500
101552010	宝死体_ご褒美【レベル5_ローラン】1F　候補2	01	4	1000	HP回復【PG直接指定】	0x400003E8	0xB00003E8	2	100	0	52901500	52901500
101552020	宝死体_ご褒美【レベル5_ローラン】1F　候補3	01	4	1000	HP回復【PG直接指定】	0x400003E8	0xB00003E8	2	100	0	52901500	52901500
101552030	宝死体_ご褒美【レベル5_ローラン】1F　候補4	01	4	1000	HP回復【PG直接指定】	0x400003E8	0xB00003E8	1	100	0	52901500	52901500
101552040	宝死体_ご褒美【レベル5_ローラン】1F　候補5	01	4	1000	HP回復【PG直接指定】	0x400003E8	0xB00003E8	1	100	0	52901500	52901500
101552050	宝死体_ご褒美【レベル5_ローラン】1F　候補6	01	4	900	弾丸【PG直接指定】	0x40000384	0xB0000384	3	100	0	52901500	52901500
101552060	宝死体_ご褒美【レベル5_ローラン】1F　候補7	01	4	900	弾丸【PG直接指定】	0x40000384	0xB0000384	2	100	0	52901500	52901500
101552070	宝死体_ご褒美【レベル5_ローラン】1F　候補8	01	4	900	弾丸【PG直接指定】	0x40000384	0xB0000384	2	100	0	52901500	52901500
101552080	宝死体_ご褒美【レベル5_ローラン】1F　候補9	01	4	1220	油壺	0x400004C4	0xB00004C4	2	100	0	52901500	52901500
101552090	宝死体_ご褒美【レベル5_ローラン】1F　候補10	01	4	1410	道標	0x40000582	0xB0000582	6	100	0	52901500	52901500
101552092	宝死体_ご褒美【レベル5_ローラン】1F　候補10	01	4	1220	油壺	0x400004C4	0xB00004C4	2	100	0	52901500	52901500
101552100	宝死体_ご褒美【レベル5_ローラン】2F　候補1	01	4	1000	HP回復【PG直接指定】	0x400003E8	0xB00003E8	4	100	0	52901500	52901500
101552110	宝死体_ご褒美【レベル5_ローラン】2F　候補2	01	4	1000	HP回復【PG直接指定】	0x400003E8	0xB00003E8	3	100	0	52901500	52901500
101552120	宝死体_ご褒美【レベル5_ローラン】2F　候補3	01	4	1000	HP回復【PG直接指定】	0x400003E8	0xB00003E8	4	100	0	52901500	52901500
101552122	宝死体_ご褒美【レベル5_ローラン】2F　候補3	01	4	1000	HP回復【PG直接指定】	0x400003E8	0xB00003E8	4	100	0	52901500	52901500
101552124	宝死体_ご褒美【レベル5_ローラン】2F　候補3	01	4	1519	ソウル【9】	0x400005EF	0xB00005EF	1	100	0	52901500	52901500
101552130	宝死体_ご褒美【レベル5_ローラン】2F　候補4	01	4	1000	HP回復【PG直接指定】	0x400003E8	0xB00003E8	3	100	0	52901500	52901500
101552132	宝死体_ご褒美【レベル5_ローラン】2F　候補4	01	4	1519	ソウル【9】	0x400005EF	0xB00005EF	1	100	0	52901500	52901500
101552134	宝死体_ご褒美【レベル5_ローラン】2F　候補4	01	4	900	弾丸【PG直接指定】	0x40000384	0xB0000384	3	100	0	52901500	52901500
101552140	宝死体_ご褒美【レベル5_ローラン】2F　候補5	01	4	900	弾丸【PG直接指定】	0x40000384	0xB0000384	2	100	0	52901500	52901500
101552150	宝死体_ご褒美【レベル5_ローラン】2F　候補6	01	4	1500	SAN値回復＋1	0x400005DC	0xB00005DC	1	100	0	52901500	52901500
101552160	宝死体_ご褒美【レベル5_ローラン】2F　候補7	01	4	900	弾丸【PG直接指定】	0x40000384	0xB0000384	2	100	0	52901500	52901500
101552170	宝死体_ご褒美【レベル5_ローラン】2F　候補8	01	4	1590	ソウル【10】	0x40000636	0xB0000636	1	100	0	52901500	52901500
101552180	宝死体_ご褒美【レベル5_ローラン】2F　候補9	01	4	1220	油壺	0x400004C4	0xB00004C4	2	100	0	52901500	52901500
101552182	宝死体_ご褒美【レベル5_ローラン】2F　候補9	01	4	1110	獣化薬	0x40000456	0xB0000456	1	100	0	52901500	52901500
101552190	宝死体_ご褒美【レベル5_ローラン】2F　候補10	01	4	1260	獣誘い	0x400004EC	0xB00004EC	2	100	0	52901500	52901500
101552200	宝死体_ご褒美【レベル5_ローラン】3F　候補1	01	4	1000	HP回復【PG直接指定】	0x400003E8	0xB00003E8	4	100	0	52901500	52901500
101552210	宝死体_ご褒美【レベル5_ローラン】3F　候補2	01	4	1000	HP回復【PG直接指定】	0x400003E8	0xB00003E8	3	100	0	52901500	52901500
101552220	宝死体_ご褒美【レベル5_ローラン】3F　候補3	01	8	81321				1	100	0	52901500	52901500
101552230	宝死体_ご褒美【レベル5_ローラン】3F　候補4	01	4	900	弾丸【PG直接指定】	0x40000384	0xB0000384	4	100	0	52901500	52901500
101552240	宝死体_ご褒美【レベル5_ローラン】3F　候補5	01	4	900	弾丸【PG直接指定】	0x40000384	0xB0000384	3	100	0	52901500	52901500
101552250	宝死体_ご褒美【レベル5_ローラン】3F　候補6	01	4	1110	獣化薬	0x40000456	0xB0000456	2	100	0	52901500	52901500
101552260	宝死体_ご褒美【レベル5_ローラン】3F　候補7	01	4	1591	ソウル【11】	0x40000637	0xB0000637	1	100	0	52901500	52901500
101552270	宝死体_ご褒美【レベル5_ローラン】3F　候補8	01	4	1500	SAN値回復＋1	0x400005DC	0xB00005DC	1	100	0	52901500	52901500
101552272	宝死体_ご褒美【レベル5_ローラン】3F　候補8	01	4	1320	エンチャント【雷】	0x40000528	0xB0000528	3	100	0	52901500	52901500
101552274	宝死体_ご褒美【レベル5_ローラン】3F　候補8	01	4	1220	油壺	0x400004C4	0xB00004C4	1	100	0	52901500	52901500
101552280	宝死体_ご褒美【レベル5_ローラン】3F　候補9	01	4	1260	獣誘い	0x400004EC	0xB00004EC	1	100	0	52901500	52901500
101552282	宝死体_ご褒美【レベル5_ローラン】3F　候補9	01	4	1591	ソウル【11】	0x40000637	0xB0000637	1	100	0	52901500	52901500
101552284	宝死体_ご褒美【レベル5_ローラン】3F　候補9	01	4	1591	ソウル【11】	0x40000637	0xB0000637	1	100	0	52901500	52901500
101552286	宝死体_ご褒美【レベル5_ローラン】3F　候補9	01	4	1000	HP回復【PG直接指定】	0x400003E8	0xB00003E8	4	100	0	52901500	52901500
101552290	宝死体_ご褒美【レベル5_ローラン】3F　候補10	01	4	1320	エンチャント【雷】	0x40000528	0xB0000528	3	100	0	52901500	52901500
101552292	宝死体_ご褒美【レベル5_ローラン】3F　候補10	01	4	1000	HP回復【PG直接指定】	0x400003E8	0xB00003E8	3	100	0	52901500	52901500
101552294	宝死体_ご褒美【レベル5_ローラン】3F　候補10	01	4	900	弾丸【PG直接指定】	0x40000384	0xB0000384	3	100	0	52901500	52901500
101552300	宝死体_ご褒美【レベル5_ローラン】4F　候補1	01	4	1000	HP回復【PG直接指定】	0x400003E8	0xB00003E8	4	100	0	52901500	52901500
101552310	宝死体_ご褒美【レベル5_ローラン】4F　候補2	01	4	1000	HP回復【PG直接指定】	0x400003E8	0xB00003E8	3	100	0	52901500	52901500
101552320	宝死体_ご褒美【レベル5_ローラン】4F　候補3	01	4	1000	HP回復【PG直接指定】	0x400003E8	0xB00003E8	2	100	0	52901500	52901500
101552330	宝死体_ご褒美【レベル5_ローラン】4F　候補4	01	4	900	弾丸【PG直接指定】	0x40000384	0xB0000384	4	100	0	52901500	52901500
101552340	宝死体_ご褒美【レベル5_ローラン】4F　候補5	01	4	900	弾丸【PG直接指定】	0x40000384	0xB0000384	3	100	0	52901500	52901500
101552350	宝死体_ご褒美【レベル5_ローラン】4F　候補6	01	4	900	弾丸【PG直接指定】	0x40000384	0xB0000384	2	100	0	52901500	52901500
101552360	宝死体_ご褒美【レベル5_ローラン】4F　候補7	01	4	1592	ソウル【12】	0x40000638	0xB0000638	1	100	0	52901500	52901500
101552370	宝死体_ご褒美【レベル5_ローラン】4F　候補8	01	4	1220	油壺	0x400004C4	0xB00004C4	1	100	0	52901500	52901500
101552380	宝死体_ご褒美【レベル5_ローラン】4F　候補9	01	4	1260	獣誘い	0x400004EC	0xB00004EC	1	100	0	52901500	52901500
101552390	宝死体_ご褒美【レベル5_ローラン】4F　候補10	01	4	1320	エンチャント【雷】	0x40000528	0xB0000528	1	100	0	52901500	52901500
101553000	宝死体_ご褒美【レベル5_イズ】1F　候補1	01	4	1000	HP回復【PG直接指定】	0x400003E8	0xB00003E8	2	100	0	52901500	52901500
101553010	宝死体_ご褒美【レベル5_イズ】1F　候補2	01	4	1000	HP回復【PG直接指定】	0x400003E8	0xB00003E8	1	100	0	52901500	52901500
101553020	宝死体_ご褒美【レベル5_イズ】1F　候補3	01	4	1210	毒ナイフ	0x400004BA	0xB00004BA	2	100	0	52901500	52901500
101553030	宝死体_ご褒美【レベル5_イズ】1F　候補4	01	4	900	弾丸【PG直接指定】	0x40000384	0xB0000384	3	100	0	52901500	52901500
101553040	宝死体_ご褒美【レベル5_イズ】1F　候補5	01	4	900	弾丸【PG直接指定】	0x40000384	0xB0000384	2	100	0	52901500	52901500
101553050	宝死体_ご褒美【レベル5_イズ】1F　候補6	01	4	900	弾丸【PG直接指定】	0x40000384	0xB0000384	2	100	0	52901500	52901500
101553060	宝死体_ご褒美【レベル5_イズ】1F　候補7	01	4	900	弾丸【PG直接指定】	0x40000384	0xB0000384	1	100	0	52901500	52901500
101553070	宝死体_ご褒美【レベル5_イズ】1F　候補8	01	4	900	弾丸【PG直接指定】	0x40000384	0xB0000384	1	100	0	52901500	52901500
101553080	宝死体_ご褒美【レベル5_イズ】1F　候補9	01	4	1230	石ころ	0x400004CE	0xB00004CE	1	100	0	52901500	52901500
101553090	宝死体_ご褒美【レベル5_イズ】1F　候補10	01	4	1230	石ころ	0x400004CE	0xB00004CE	1	100	0	52901500	52901500
101553100	宝死体_ご褒美【レベル5_イズ】2F　候補1	01	4	1000	HP回復【PG直接指定】	0x400003E8	0xB00003E8	3	100	0	52901500	52901500
101553110	宝死体_ご褒美【レベル5_イズ】2F　候補2	01	4	1000	HP回復【PG直接指定】	0x400003E8	0xB00003E8	2	100	0	52901500	52901500
101553120	宝死体_ご褒美【レベル5_イズ】2F　候補3	01	4	1101	狂気・獣化回復薬	0x4000044D	0xB000044D	2	100	0	52901500	52901500
101553122	宝死体_ご褒美【レベル5_イズ】2F　候補3	01	4	7004	儀式素材【コモンA】レベル5	0x40001B5C	0xB0001B5C	1	100	0	52901500	52901500
101553130	宝死体_ご褒美【レベル5_イズ】2F　候補4	01	4	900	弾丸【PG直接指定】	0x40000384	0xB0000384	4	100	0	52901500	52901500
101553140	宝死体_ご褒美【レベル5_イズ】2F　候補5	01	4	900	弾丸【PG直接指定】	0x40000384	0xB0000384	3	100	0	52901500	52901500
101553150	宝死体_ご褒美【レベル5_イズ】2F　候補6	01	4	900	弾丸【PG直接指定】	0x40000384	0xB0000384	3	100	0	52901500	52901500
101553160	宝死体_ご褒美【レベル5_イズ】2F　候補7	01	4	1590	ソウル【10】	0x40000636	0xB0000636	1	100	0	52901500	52901500
101553162	宝死体_ご褒美【レベル5_イズ】2F　候補7	01	4	1519	ソウル【9】	0x400005EF	0xB00005EF	1	100	0	52901500	52901500
101553164	宝死体_ご褒美【レベル5_イズ】2F　候補7	01	4	1210	毒ナイフ	0x400004BA	0xB00004BA	6	100	0	52901500	52901500
101553170	宝死体_ご褒美【レベル5_イズ】2F　候補8	01	4	1500	SAN値回復＋1	0x400005DC	0xB00005DC	1	100	0	52901500	52901500
101553180	宝死体_ご褒美【レベル5_イズ】2F　候補9	01	4	7004	儀式素材【コモンA】レベル5	0x40001B5C	0xB0001B5C	2	100	0	52901500	52901500
101553182	宝死体_ご褒美【レベル5_イズ】2F　候補9	01	4	7100	儀式素材【アンコモンA】レベル1	0x40001BBC	0xB0001BBC	2	100	0	52901500	52901500
101553190	宝死体_ご褒美【レベル5_イズ】2F　候補10	01	4	1101	狂気・獣化回復薬	0x4000044D	0xB000044D	1	100	0	52901500	52901500
101553192	宝死体_ご褒美【レベル5_イズ】2F　候補10	01	4	7100	儀式素材【アンコモンA】レベル1	0x40001BBC	0xB0001BBC	2	100	0	52901500	52901500
101553194	宝死体_ご褒美【レベル5_イズ】2F　候補10	01	4	900	弾丸【PG直接指定】	0x40000384	0xB0000384	4	100	0	52901500	52901500
101553200	宝死体_ご褒美【レベル5_イズ】3F　候補1	01	4	1501	SAN値回復＋2	0x400005DD	0xB00005DD	1	100	0	52901500	52901500
101553210	宝死体_ご褒美【レベル5_イズ】3F　候補2	01	4	1000	HP回復【PG直接指定】	0x400003E8	0xB00003E8	2	100	0	52901500	52901500
101553220	宝死体_ご褒美【レベル5_イズ】3F　候補3	01	4	900	弾丸【PG直接指定】	0x40000384	0xB0000384	4	100	0	52901500	52901500
101553222	宝死体_ご褒美【レベル5_イズ】3F　候補3	01	4	1591	ソウル【11】	0x40000637	0xB0000637	1	100	0	52901500	52901500
101553230	宝死体_ご褒美【レベル5_イズ】3F　候補4	01	4	900	弾丸【PG直接指定】	0x40000384	0xB0000384	3	100	0	52901500	52901500
101553232	宝死体_ご褒美【レベル5_イズ】3F　候補4	01	4	1501	SAN値回復＋2	0x400005DD	0xB00005DD	1	100	0	52901500	52901500
101553240	宝死体_ご褒美【レベル5_イズ】3F　候補5	01	4	900	弾丸【PG直接指定】	0x40000384	0xB0000384	3	100	0	52901500	52901500
101553242	宝死体_ご褒美【レベル5_イズ】3F　候補5	01	4	1120	石ころ帽子	0x40000460	0xB0000460	2	100	0	52901500	52901500
101553250	宝死体_ご褒美【レベル5_イズ】3F　候補6	01	4	1591	ソウル【11】	0x40000637	0xB0000637	1	100	0	52901500	52901500
101553252	宝死体_ご褒美【レベル5_イズ】3F　候補6	01	4	1000	HP回復【PG直接指定】	0x400003E8	0xB00003E8	5	100	0	52901500	52901500
101553260	宝死体_ご褒美【レベル5_イズ】3F　候補7	01	4	1501	SAN値回復＋2	0x400005DD	0xB00005DD	1	100	0	52901500	52901500
101553270	宝死体_ご褒美【レベル5_イズ】3F　候補8	01	4	1210	毒ナイフ	0x400004BA	0xB00004BA	1	100	0	52901500	52901500
101553280	宝死体_ご褒美【レベル5_イズ】3F　候補9	01	4	1101	狂気・獣化回復薬	0x4000044D	0xB000044D	3	100	0	52901500	52901500
101553290	宝死体_ご褒美【レベル5_イズ】3F　候補10	01	4	1120	石ころ帽子	0x40000460	0xB0000460	2	100	0	52901500	52901500
101553300	宝死体_ご褒美【レベル5_イズ】4F　候補1	01	4	1000	HP回復【PG直接指定】	0x400003E8	0xB00003E8	3	100	0	52901500	52901500
101553310	宝死体_ご褒美【レベル5_イズ】4F　候補2	01	4	1000	HP回復【PG直接指定】	0x400003E8	0xB00003E8	2	100	0	52901500	52901500
101553320	宝死体_ご褒美【レベル5_イズ】4F　候補3	01	4	900	弾丸【PG直接指定】	0x40000384	0xB0000384	4	100	0	52901500	52901500
101553330	宝死体_ご褒美【レベル5_イズ】4F　候補4	01	4	900	弾丸【PG直接指定】	0x40000384	0xB0000384	3	100	0	52901500	52901500
101553340	宝死体_ご褒美【レベル5_イズ】4F　候補5	01	4	900	弾丸【PG直接指定】	0x40000384	0xB0000384	3	100	0	52901500	52901500
101553350	宝死体_ご褒美【レベル5_イズ】4F　候補6	01	4	1592	ソウル【12】	0x40000638	0xB0000638	1	100	0	52901500	52901500
101553360	宝死体_ご褒美【レベル5_イズ】4F　候補7	01	4	1501	SAN値回復＋2	0x400005DD	0xB00005DD	1	100	0	52901500	52901500
101553370	宝死体_ご褒美【レベル5_イズ】4F　候補8	01	4	1210	毒ナイフ	0x400004BA	0xB00004BA	1	100	0	52901500	52901500
101553380	宝死体_ご褒美【レベル5_イズ】4F　候補9	01	4	1101	狂気・獣化回復薬	0x4000044D	0xB000044D	1	100	0	52901500	52901500
101553390	宝死体_ご褒美【レベル5_イズ】4F　候補10	01	4	1120	石ころ帽子	0x40000460	0xB0000460	1	100	0	52901500	52901500
101610000	宝死体_釣る配置【レベル1_トゥメル】1F　候補1	01	4	1000	HP回復【PG直接指定】	0x400003E8	0xB00003E8	2	100	0	52901600	52901600
101610010	宝死体_釣る配置【レベル1_トゥメル】1F　候補2	01	4	1000	HP回復【PG直接指定】	0x400003E8	0xB00003E8	2	100	0	52901600	52901600
101610020	宝死体_釣る配置【レベル1_トゥメル】1F　候補3	01	4	1000	HP回復【PG直接指定】	0x400003E8	0xB00003E8	1	100	0	52901600	52901600
101610030	宝死体_釣る配置【レベル1_トゥメル】1F　候補4	01	4	1000	HP回復【PG直接指定】	0x400003E8	0xB00003E8	1	100	0	52901600	52901600
101610040	宝死体_釣る配置【レベル1_トゥメル】1F　候補5	01	4	900	弾丸【PG直接指定】	0x40000384	0xB0000384	2	100	0	52901600	52901600
101610050	宝死体_釣る配置【レベル1_トゥメル】1F　候補6	01	4	900	弾丸【PG直接指定】	0x40000384	0xB0000384	2	100	0	52901600	52901600
101610060	宝死体_釣る配置【レベル1_トゥメル】1F　候補7	01	4	900	弾丸【PG直接指定】	0x40000384	0xB0000384	1	100	0	52901600	52901600
101610070	宝死体_釣る配置【レベル1_トゥメル】1F　候補8	01	4	1410	道標	0x40000582	0xB0000582	1	100	0	52901600	52901600
101610080	宝死体_釣る配置【レベル1_トゥメル】1F　候補9	01	4	1410	道標	0x40000582	0xB0000582	1	100	0	52901600	52901600
101610090	宝死体_釣る配置【レベル1_トゥメル】1F　候補10	01	4	1410	道標	0x40000582	0xB0000582	1	100	0	52901600	52901600
101610100	宝死体_釣る配置【レベル1_トゥメル】2F　候補1	01	4	1000	HP回復【PG直接指定】	0x400003E8	0xB00003E8	5	100	0	52901600	52901600
101610110	宝死体_釣る配置【レベル1_トゥメル】2F　候補2	01	4	1000	HP回復【PG直接指定】	0x400003E8	0xB00003E8	2	100	0	52901600	52901600
101610120	宝死体_釣る配置【レベル1_トゥメル】2F　候補3	01	4	1000	HP回復【PG直接指定】	0x400003E8	0xB00003E8	2	100	0	52901600	52901600
101610130	宝死体_釣る配置【レベル1_トゥメル】2F　候補4	01	4	1000	HP回復【PG直接指定】	0x400003E8	0xB00003E8	1	100	0	52901600	52901600
101610140	宝死体_釣る配置【レベル1_トゥメル】2F　候補5	01	4	1000	HP回復【PG直接指定】	0x400003E8	0xB00003E8	1	100	0	52901600	52901600
101610150	宝死体_釣る配置【レベル1_トゥメル】2F　候補6	01	4	900	弾丸【PG直接指定】	0x40000384	0xB0000384	2	100	0	52901600	52901600
101610160	宝死体_釣る配置【レベル1_トゥメル】2F　候補7	01	4	900	弾丸【PG直接指定】	0x40000384	0xB0000384	1	100	0	52901600	52901600
101610170	宝死体_釣る配置【レベル1_トゥメル】2F　候補8	01	4	1410	道標	0x40000582	0xB0000582	1	100	0	52901600	52901600
101610180	宝死体_釣る配置【レベル1_トゥメル】2F　候補9	01	4	1510	ソウル【0】	0x400005E6	0xB00005E6	1	100	0	52901600	52901600
101610190	宝死体_釣る配置【レベル1_トゥメル】2F　候補10	01	4	1200	火炎壺	0x400004B0	0xB00004B0	1	100	0	52901600	52901600
101610200	宝死体_釣る配置【レベル1_トゥメル】3F　候補1	01	4	1000	HP回復【PG直接指定】	0x400003E8	0xB00003E8	5	100	0	52901600	52901600
101610210	宝死体_釣る配置【レベル1_トゥメル】3F　候補2	01	4	1000	HP回復【PG直接指定】	0x400003E8	0xB00003E8	2	100	0	52901600	52901600
101610220	宝死体_釣る配置【レベル1_トゥメル】3F　候補3	01	4	1000	HP回復【PG直接指定】	0x400003E8	0xB00003E8	2	100	0	52901600	52901600
101610230	宝死体_釣る配置【レベル1_トゥメル】3F　候補4	01	4	1000	HP回復【PG直接指定】	0x400003E8	0xB00003E8	1	100	0	52901600	52901600
101610240	宝死体_釣る配置【レベル1_トゥメル】3F　候補5	01	4	1000	HP回復【PG直接指定】	0x400003E8	0xB00003E8	1	100	0	52901600	52901600
101610250	宝死体_釣る配置【レベル1_トゥメル】3F　候補6	01	4	900	弾丸【PG直接指定】	0x40000384	0xB0000384	2	100	0	52901600	52901600
101610260	宝死体_釣る配置【レベル1_トゥメル】3F　候補7	01	4	900	弾丸【PG直接指定】	0x40000384	0xB0000384	1	100	0	52901600	52901600
101610270	宝死体_釣る配置【レベル1_トゥメル】3F　候補8	01	4	1410	道標	0x40000582	0xB0000582	1	100	0	52901600	52901600
101610280	宝死体_釣る配置【レベル1_トゥメル】3F　候補9	01	4	1511	ソウル【1】	0x400005E7	0xB00005E7	1	100	0	52901600	52901600
101610290	宝死体_釣る配置【レベル1_トゥメル】3F　候補10	01	4	1300	エンチャント【炎】	0x40000514	0xB0000514	1	100	0	52901600	52901600
101610300	宝死体_釣る配置【レベル1_トゥメル】4F　候補1	01	4	1000	HP回復【PG直接指定】	0x400003E8	0xB00003E8	5	100	0	52901600	52901600
101610310	宝死体_釣る配置【レベル1_トゥメル】4F　候補2	01	4	1000	HP回復【PG直接指定】	0x400003E8	0xB00003E8	2	100	0	52901600	52901600
101610320	宝死体_釣る配置【レベル1_トゥメル】4F　候補3	01	4	1000	HP回復【PG直接指定】	0x400003E8	0xB00003E8	2	100	0	52901600	52901600
101610330	宝死体_釣る配置【レベル1_トゥメル】4F　候補4	01	4	1000	HP回復【PG直接指定】	0x400003E8	0xB00003E8	1	100	0	52901600	52901600
101610340	宝死体_釣る配置【レベル1_トゥメル】4F　候補5	01	4	1000	HP回復【PG直接指定】	0x400003E8	0xB00003E8	1	100	0	52901600	52901600
101610350	宝死体_釣る配置【レベル1_トゥメル】4F　候補6	01	4	900	弾丸【PG直接指定】	0x40000384	0xB0000384	2	100	0	52901600	52901600
101610360	宝死体_釣る配置【レベル1_トゥメル】4F　候補7	01	4	900	弾丸【PG直接指定】	0x40000384	0xB0000384	1	100	0	52901600	52901600
101610370	宝死体_釣る配置【レベル1_トゥメル】4F　候補8	01	4	1410	道標	0x40000582	0xB0000582	1	100	0	52901600	52901600
101610380	宝死体_釣る配置【レベル1_トゥメル】4F　候補9	01	4	1512	ソウル【2】	0x400005E8	0xB00005E8	1	100	0	52901600	52901600
101610390	宝死体_釣る配置【レベル1_トゥメル】4F　候補10	01	4	1300	エンチャント【炎】	0x40000514	0xB0000514	1	100	0	52901600	52901600
101620000	宝死体_釣る配置【レベル2_トゥメル】1F　候補1	01	4	1000	HP回復【PG直接指定】	0x400003E8	0xB00003E8	2	100	0	52901600	52901600
101620010	宝死体_釣る配置【レベル2_トゥメル】1F　候補2	01	4	1000	HP回復【PG直接指定】	0x400003E8	0xB00003E8	2	100	0	52901600	52901600
101620020	宝死体_釣る配置【レベル2_トゥメル】1F　候補3	01	4	1000	HP回復【PG直接指定】	0x400003E8	0xB00003E8	1	100	0	52901600	52901600
101620030	宝死体_釣る配置【レベル2_トゥメル】1F　候補4	01	4	1000	HP回復【PG直接指定】	0x400003E8	0xB00003E8	1	100	0	52901600	52901600
101620040	宝死体_釣る配置【レベル2_トゥメル】1F　候補5	01	4	900	弾丸【PG直接指定】	0x40000384	0xB0000384	2	100	0	52901600	52901600
101620050	宝死体_釣る配置【レベル2_トゥメル】1F　候補6	01	4	900	弾丸【PG直接指定】	0x40000384	0xB0000384	2	100	0	52901600	52901600
101620060	宝死体_釣る配置【レベル2_トゥメル】1F　候補7	01	4	900	弾丸【PG直接指定】	0x40000384	0xB0000384	1	100	0	52901600	52901600
101620070	宝死体_釣る配置【レベル2_トゥメル】1F　候補8	01	4	1410	道標	0x40000582	0xB0000582	1	100	0	52901600	52901600
101620080	宝死体_釣る配置【レベル2_トゥメル】1F　候補9	01	4	1410	道標	0x40000582	0xB0000582	1	100	0	52901600	52901600
101620090	宝死体_釣る配置【レベル2_トゥメル】1F　候補10	01	4	1410	道標	0x40000582	0xB0000582	1	100	0	52901600	52901600
101620100	宝死体_釣る配置【レベル2_トゥメル】2F　候補1	01	4	1000	HP回復【PG直接指定】	0x400003E8	0xB00003E8	5	100	0	52901600	52901600
101620110	宝死体_釣る配置【レベル2_トゥメル】2F　候補2	01	4	1000	HP回復【PG直接指定】	0x400003E8	0xB00003E8	2	100	0	52901600	52901600
101620120	宝死体_釣る配置【レベル2_トゥメル】2F　候補3	01	4	1000	HP回復【PG直接指定】	0x400003E8	0xB00003E8	2	100	0	52901600	52901600
101620130	宝死体_釣る配置【レベル2_トゥメル】2F　候補4	01	4	1000	HP回復【PG直接指定】	0x400003E8	0xB00003E8	1	100	0	52901600	52901600
101620140	宝死体_釣る配置【レベル2_トゥメル】2F　候補5	01	4	1000	HP回復【PG直接指定】	0x400003E8	0xB00003E8	1	100	0	52901600	52901600
101620150	宝死体_釣る配置【レベル2_トゥメル】2F　候補6	01	4	900	弾丸【PG直接指定】	0x40000384	0xB0000384	2	100	0	52901600	52901600
101620160	宝死体_釣る配置【レベル2_トゥメル】2F　候補7	01	4	900	弾丸【PG直接指定】	0x40000384	0xB0000384	1	100	0	52901600	52901600
101620170	宝死体_釣る配置【レベル2_トゥメル】2F　候補8	01	4	1410	道標	0x40000582	0xB0000582	1	100	0	52901600	52901600
101620180	宝死体_釣る配置【レベル2_トゥメル】2F　候補9	01	4	1511	ソウル【1】	0x400005E7	0xB00005E7	1	100	0	52901600	52901600
101620190	宝死体_釣る配置【レベル2_トゥメル】2F　候補10	01	4	1200	火炎壺	0x400004B0	0xB00004B0	1	100	0	52901600	52901600
101620200	宝死体_釣る配置【レベル2_トゥメル】3F　候補1	01	4	1000	HP回復【PG直接指定】	0x400003E8	0xB00003E8	5	100	0	52901600	52901600
101620210	宝死体_釣る配置【レベル2_トゥメル】3F　候補2	01	4	1000	HP回復【PG直接指定】	0x400003E8	0xB00003E8	2	100	0	52901600	52901600
101620220	宝死体_釣る配置【レベル2_トゥメル】3F　候補3	01	4	1000	HP回復【PG直接指定】	0x400003E8	0xB00003E8	2	100	0	52901600	52901600
101620230	宝死体_釣る配置【レベル2_トゥメル】3F　候補4	01	4	1000	HP回復【PG直接指定】	0x400003E8	0xB00003E8	1	100	0	52901600	52901600
101620240	宝死体_釣る配置【レベル2_トゥメル】3F　候補5	01	4	1000	HP回復【PG直接指定】	0x400003E8	0xB00003E8	1	100	0	52901600	52901600
101620250	宝死体_釣る配置【レベル2_トゥメル】3F　候補6	01	4	900	弾丸【PG直接指定】	0x40000384	0xB0000384	2	100	0	52901600	52901600
101620260	宝死体_釣る配置【レベル2_トゥメル】3F　候補7	01	4	900	弾丸【PG直接指定】	0x40000384	0xB0000384	1	100	0	52901600	52901600
101620270	宝死体_釣る配置【レベル2_トゥメル】3F　候補8	01	4	1410	道標	0x40000582	0xB0000582	1	100	0	52901600	52901600
101620280	宝死体_釣る配置【レベル2_トゥメル】3F　候補9	01	4	1512	ソウル【2】	0x400005E8	0xB00005E8	1	100	0	52901600	52901600
101620290	宝死体_釣る配置【レベル2_トゥメル】3F　候補10	01	4	1300	エンチャント【炎】	0x40000514	0xB0000514	1	100	0	52901600	52901600
101620300	宝死体_釣る配置【レベル2_トゥメル】4F　候補1	01	4	1000	HP回復【PG直接指定】	0x400003E8	0xB00003E8	5	100	0	52901600	52901600
101620310	宝死体_釣る配置【レベル2_トゥメル】4F　候補2	01	4	1000	HP回復【PG直接指定】	0x400003E8	0xB00003E8	2	100	0	52901600	52901600
101620320	宝死体_釣る配置【レベル2_トゥメル】4F　候補3	01	4	1000	HP回復【PG直接指定】	0x400003E8	0xB00003E8	2	100	0	52901600	52901600
101620330	宝死体_釣る配置【レベル2_トゥメル】4F　候補4	01	4	1000	HP回復【PG直接指定】	0x400003E8	0xB00003E8	1	100	0	52901600	52901600
101620340	宝死体_釣る配置【レベル2_トゥメル】4F　候補5	01	4	1000	HP回復【PG直接指定】	0x400003E8	0xB00003E8	1	100	0	52901600	52901600
101620350	宝死体_釣る配置【レベル2_トゥメル】4F　候補6	01	4	900	弾丸【PG直接指定】	0x40000384	0xB0000384	2	100	0	52901600	52901600
101620360	宝死体_釣る配置【レベル2_トゥメル】4F　候補7	01	4	900	弾丸【PG直接指定】	0x40000384	0xB0000384	1	100	0	52901600	52901600
101620370	宝死体_釣る配置【レベル2_トゥメル】4F　候補8	01	4	1410	道標	0x40000582	0xB0000582	1	100	0	52901600	52901600
101620380	宝死体_釣る配置【レベル2_トゥメル】4F　候補9	01	4	1513	ソウル【3】	0x400005E9	0xB00005E9	1	100	0	52901600	52901600
101620390	宝死体_釣る配置【レベル2_トゥメル】4F　候補10	01	4	1300	エンチャント【炎】	0x40000514	0xB0000514	1	100	0	52901600	52901600
101621000	宝死体_釣る配置【レベル2_僻墓】1F　候補1	01	4	1000	HP回復【PG直接指定】	0x400003E8	0xB00003E8	2	100	0	52901600	52901600
101621010	宝死体_釣る配置【レベル2_僻墓】1F　候補2	01	4	1000	HP回復【PG直接指定】	0x400003E8	0xB00003E8	1	100	0	52901600	52901600
101621020	宝死体_釣る配置【レベル2_僻墓】1F　候補3	01	4	1000	HP回復【PG直接指定】	0x400003E8	0xB00003E8	1	100	0	52901600	52901600
101621030	宝死体_釣る配置【レベル2_僻墓】1F　候補4	01	4	900	弾丸【PG直接指定】	0x40000384	0xB0000384	2	100	0	52901600	52901600
101621040	宝死体_釣る配置【レベル2_僻墓】1F　候補5	01	4	900	弾丸【PG直接指定】	0x40000384	0xB0000384	1	100	0	52901600	52901600
101621050	宝死体_釣る配置【レベル2_僻墓】1F　候補6	01	4	900	弾丸【PG直接指定】	0x40000384	0xB0000384	1	100	0	52901600	52901600
101621060	宝死体_釣る配置【レベル2_僻墓】1F　候補7	01	4	1230	石ころ	0x400004CE	0xB00004CE	1	100	0	52901600	52901600
101621070	宝死体_釣る配置【レベル2_僻墓】1F　候補8	01	4	1230	石ころ	0x400004CE	0xB00004CE	1	100	0	52901600	52901600
101621080	宝死体_釣る配置【レベル2_僻墓】1F　候補9	01	4	1230	石ころ	0x400004CE	0xB00004CE	1	100	0	52901600	52901600
101621090	宝死体_釣る配置【レベル2_僻墓】1F　候補10	01	4	1230	石ころ	0x400004CE	0xB00004CE	1	100	0	52901600	52901600
101621100	宝死体_釣る配置【レベル2_僻墓】2F　候補1	01	4	1000	HP回復【PG直接指定】	0x400003E8	0xB00003E8	2	100	0	52901600	52901600
101621110	宝死体_釣る配置【レベル2_僻墓】2F　候補2	01	4	1000	HP回復【PG直接指定】	0x400003E8	0xB00003E8	1	100	0	52901600	52901600
101621120	宝死体_釣る配置【レベル2_僻墓】2F　候補3	01	4	1000	HP回復【PG直接指定】	0x400003E8	0xB00003E8	1	100	0	52901600	52901600
101621130	宝死体_釣る配置【レベル2_僻墓】2F　候補4	01	4	900	弾丸【PG直接指定】	0x40000384	0xB0000384	5	100	0	52901600	52901600
101621140	宝死体_釣る配置【レベル2_僻墓】2F　候補5	01	4	900	弾丸【PG直接指定】	0x40000384	0xB0000384	2	100	0	52901600	52901600
101621150	宝死体_釣る配置【レベル2_僻墓】2F　候補6	01	4	900	弾丸【PG直接指定】	0x40000384	0xB0000384	1	100	0	52901600	52901600
101621160	宝死体_釣る配置【レベル2_僻墓】2F　候補7	01	4	1230	石ころ	0x400004CE	0xB00004CE	4	100	0	52901600	52901600
101621170	宝死体_釣る配置【レベル2_僻墓】2F　候補8	01	4	1230	石ころ	0x400004CE	0xB00004CE	1	100	0	52901600	52901600
101621180	宝死体_釣る配置【レベル2_僻墓】2F　候補9	01	4	1511	ソウル【1】	0x400005E7	0xB00005E7	1	100	0	52901600	52901600
101621190	宝死体_釣る配置【レベル2_僻墓】2F　候補10	01	4	1100	毒・出血回復薬	0x4000044C	0xB000044C	1	100	0	52901600	52901600
101621200	宝死体_釣る配置【レベル2_僻墓】3F　候補1	01	4	1000	HP回復【PG直接指定】	0x400003E8	0xB00003E8	2	100	0	52901600	52901600
101621210	宝死体_釣る配置【レベル2_僻墓】3F　候補2	01	4	1000	HP回復【PG直接指定】	0x400003E8	0xB00003E8	1	100	0	52901600	52901600
101621220	宝死体_釣る配置【レベル2_僻墓】3F　候補3	01	4	1000	HP回復【PG直接指定】	0x400003E8	0xB00003E8	1	100	0	52901600	52901600
101621230	宝死体_釣る配置【レベル2_僻墓】3F　候補4	01	4	900	弾丸【PG直接指定】	0x40000384	0xB0000384	5	100	0	52901600	52901600
101621240	宝死体_釣る配置【レベル2_僻墓】3F　候補5	01	4	900	弾丸【PG直接指定】	0x40000384	0xB0000384	2	100	0	52901600	52901600
101621250	宝死体_釣る配置【レベル2_僻墓】3F　候補6	01	4	900	弾丸【PG直接指定】	0x40000384	0xB0000384	1	100	0	52901600	52901600
101621260	宝死体_釣る配置【レベル2_僻墓】3F　候補7	01	4	1230	石ころ	0x400004CE	0xB00004CE	1	100	0	52901600	52901600
101621270	宝死体_釣る配置【レベル2_僻墓】3F　候補8	01	4	1230	石ころ	0x400004CE	0xB00004CE	1	100	0	52901600	52901600
101621280	宝死体_釣る配置【レベル2_僻墓】3F　候補9	01	4	1512	ソウル【2】	0x400005E8	0xB00005E8	1	100	0	52901600	52901600
101621290	宝死体_釣る配置【レベル2_僻墓】3F　候補10	01	4	1310	エンチャント【魔法】	0x4000051E	0xB000051E	1	100	0	52901600	52901600
101621300	宝死体_釣る配置【レベル2_僻墓】4F　候補1	01	4	1000	HP回復【PG直接指定】	0x400003E8	0xB00003E8	2	100	0	52901600	52901600
101621310	宝死体_釣る配置【レベル2_僻墓】4F　候補2	01	4	1000	HP回復【PG直接指定】	0x400003E8	0xB00003E8	1	100	0	52901600	52901600
101621320	宝死体_釣る配置【レベル2_僻墓】4F　候補3	01	4	1000	HP回復【PG直接指定】	0x400003E8	0xB00003E8	1	100	0	52901600	52901600
101621330	宝死体_釣る配置【レベル2_僻墓】4F　候補4	01	4	900	弾丸【PG直接指定】	0x40000384	0xB0000384	5	100	0	52901600	52901600
101621340	宝死体_釣る配置【レベル2_僻墓】4F　候補5	01	4	900	弾丸【PG直接指定】	0x40000384	0xB0000384	2	100	0	52901600	52901600
101621350	宝死体_釣る配置【レベル2_僻墓】4F　候補6	01	4	900	弾丸【PG直接指定】	0x40000384	0xB0000384	1	100	0	52901600	52901600
101621360	宝死体_釣る配置【レベル2_僻墓】4F　候補7	01	4	1230	石ころ	0x400004CE	0xB00004CE	1	100	0	52901600	52901600
101621370	宝死体_釣る配置【レベル2_僻墓】4F　候補8	01	4	1230	石ころ	0x400004CE	0xB00004CE	1	100	0	52901600	52901600
101621380	宝死体_釣る配置【レベル2_僻墓】4F　候補9	01	4	1513	ソウル【3】	0x400005E9	0xB00005E9	1	100	0	52901600	52901600
101621390	宝死体_釣る配置【レベル2_僻墓】4F　候補10	01	4	1310	エンチャント【魔法】	0x4000051E	0xB000051E	1	100	0	52901600	52901600
101630000	宝死体_釣る配置【レベル3_トゥメル】1F　候補1	01	4	1000	HP回復【PG直接指定】	0x400003E8	0xB00003E8	2	100	0	52901600	52901600
101630010	宝死体_釣る配置【レベル3_トゥメル】1F　候補2	01	4	1000	HP回復【PG直接指定】	0x400003E8	0xB00003E8	2	100	0	52901600	52901600
101630020	宝死体_釣る配置【レベル3_トゥメル】1F　候補3	01	4	1000	HP回復【PG直接指定】	0x400003E8	0xB00003E8	1	100	0	52901600	52901600
101630030	宝死体_釣る配置【レベル3_トゥメル】1F　候補4	01	4	1000	HP回復【PG直接指定】	0x400003E8	0xB00003E8	1	100	0	52901600	52901600
101630040	宝死体_釣る配置【レベル3_トゥメル】1F　候補5	01	4	900	弾丸【PG直接指定】	0x40000384	0xB0000384	2	100	0	52901600	52901600
101630050	宝死体_釣る配置【レベル3_トゥメル】1F　候補6	01	4	900	弾丸【PG直接指定】	0x40000384	0xB0000384	2	100	0	52901600	52901600
101630060	宝死体_釣る配置【レベル3_トゥメル】1F　候補7	01	4	900	弾丸【PG直接指定】	0x40000384	0xB0000384	1	100	0	52901600	52901600
101630070	宝死体_釣る配置【レベル3_トゥメル】1F　候補8	01	4	1410	道標	0x40000582	0xB0000582	1	100	0	52901600	52901600
101630080	宝死体_釣る配置【レベル3_トゥメル】1F　候補9	01	4	1410	道標	0x40000582	0xB0000582	1	100	0	52901600	52901600
101630090	宝死体_釣る配置【レベル3_トゥメル】1F　候補10	01	4	1410	道標	0x40000582	0xB0000582	1	100	0	52901600	52901600
101630100	宝死体_釣る配置【レベル3_トゥメル】2F　候補1	01	4	1000	HP回復【PG直接指定】	0x400003E8	0xB00003E8	5	100	0	52901600	52901600
101630110	宝死体_釣る配置【レベル3_トゥメル】2F　候補2	01	4	1500	SAN値回復＋1	0x400005DC	0xB00005DC	1	100	0	52901600	52901600
101630112	宝死体_釣る配置【レベル3_トゥメル】2F　候補2	01	4	900	弾丸【PG直接指定】	0x40000384	0xB0000384	2	100	0	52901600	52901600
101630120	宝死体_釣る配置【レベル3_トゥメル】2F　候補3	01	4	1000	HP回復【PG直接指定】	0x400003E8	0xB00003E8	2	100	0	52901600	52901600
101630130	宝死体_釣る配置【レベル3_トゥメル】2F　候補4	01	4	1000	HP回復【PG直接指定】	0x400003E8	0xB00003E8	1	100	0	52901600	52901600
101630140	宝死体_釣る配置【レベル3_トゥメル】2F　候補5	01	4	1000	HP回復【PG直接指定】	0x400003E8	0xB00003E8	1	100	0	52901600	52901600
101630150	宝死体_釣る配置【レベル3_トゥメル】2F　候補6	01	4	900	弾丸【PG直接指定】	0x40000384	0xB0000384	2	100	0	52901600	52901600
101630160	宝死体_釣る配置【レベル3_トゥメル】2F　候補7	01	4	900	弾丸【PG直接指定】	0x40000384	0xB0000384	1	100	0	52901600	52901600
101630170	宝死体_釣る配置【レベル3_トゥメル】2F　候補8	01	4	1410	道標	0x40000582	0xB0000582	1	100	0	52901600	52901600
101630180	宝死体_釣る配置【レベル3_トゥメル】2F　候補9	01	4	1513	ソウル【3】	0x400005E9	0xB00005E9	1	100	0	52901600	52901600
101630190	宝死体_釣る配置【レベル3_トゥメル】2F　候補10	01	4	1200	火炎壺	0x400004B0	0xB00004B0	1	100	0	52901600	52901600
101630200	宝死体_釣る配置【レベル3_トゥメル】3F　候補1	01	4	1000	HP回復【PG直接指定】	0x400003E8	0xB00003E8	5	100	0	52901600	52901600
101630210	宝死体_釣る配置【レベル3_トゥメル】3F　候補2	01	4	1000	HP回復【PG直接指定】	0x400003E8	0xB00003E8	2	100	0	52901600	52901600
101630220	宝死体_釣る配置【レベル3_トゥメル】3F　候補3	01	4	1000	HP回復【PG直接指定】	0x400003E8	0xB00003E8	2	100	0	52901600	52901600
101630230	宝死体_釣る配置【レベル3_トゥメル】3F　候補4	01	4	1000	HP回復【PG直接指定】	0x400003E8	0xB00003E8	1	100	0	52901600	52901600
101630240	宝死体_釣る配置【レベル3_トゥメル】3F　候補5	01	4	1000	HP回復【PG直接指定】	0x400003E8	0xB00003E8	1	100	0	52901600	52901600
101630250	宝死体_釣る配置【レベル3_トゥメル】3F　候補6	01	4	900	弾丸【PG直接指定】	0x40000384	0xB0000384	2	100	0	52901600	52901600
101630260	宝死体_釣る配置【レベル3_トゥメル】3F　候補7	01	4	900	弾丸【PG直接指定】	0x40000384	0xB0000384	1	100	0	52901600	52901600
101630270	宝死体_釣る配置【レベル3_トゥメル】3F　候補8	01	4	1410	道標	0x40000582	0xB0000582	1	100	0	52901600	52901600
101630280	宝死体_釣る配置【レベル3_トゥメル】3F　候補9	01	4	1514	ソウル【4】	0x400005EA	0xB00005EA	1	100	0	52901600	52901600
101630290	宝死体_釣る配置【レベル3_トゥメル】3F　候補10	01	4	1270	HP回復不可	0x400004F6	0xB00004F6	1	100	0	52901600	52901600
101630300	宝死体_釣る配置【レベル3_トゥメル】4F　候補1	01	4	1000	HP回復【PG直接指定】	0x400003E8	0xB00003E8	5	100	0	52901600	52901600
101630310	宝死体_釣る配置【レベル3_トゥメル】4F　候補2	01	4	1000	HP回復【PG直接指定】	0x400003E8	0xB00003E8	2	100	0	52901600	52901600
101630320	宝死体_釣る配置【レベル3_トゥメル】4F　候補3	01	4	1000	HP回復【PG直接指定】	0x400003E8	0xB00003E8	2	100	0	52901600	52901600
101630330	宝死体_釣る配置【レベル3_トゥメル】4F　候補4	01	4	1000	HP回復【PG直接指定】	0x400003E8	0xB00003E8	1	100	0	52901600	52901600
101630340	宝死体_釣る配置【レベル3_トゥメル】4F　候補5	01	4	1000	HP回復【PG直接指定】	0x400003E8	0xB00003E8	1	100	0	52901600	52901600
101630350	宝死体_釣る配置【レベル3_トゥメル】4F　候補6	01	4	900	弾丸【PG直接指定】	0x40000384	0xB0000384	2	100	0	52901600	52901600
101630360	宝死体_釣る配置【レベル3_トゥメル】4F　候補7	01	4	900	弾丸【PG直接指定】	0x40000384	0xB0000384	1	100	0	52901600	52901600
101630370	宝死体_釣る配置【レベル3_トゥメル】4F　候補8	01	4	1410	道標	0x40000582	0xB0000582	1	100	0	52901600	52901600
101630380	宝死体_釣る配置【レベル3_トゥメル】4F　候補9	01	4	1515	ソウル【5】	0x400005EB	0xB00005EB	1	100	0	52901600	52901600
101630390	宝死体_釣る配置【レベル3_トゥメル】4F　候補10	01	4	1270	HP回復不可	0x400004F6	0xB00004F6	1	100	0	52901600	52901600
101631000	宝死体_釣る配置【レベル3_僻墓】1F　候補1	01	4	1000	HP回復【PG直接指定】	0x400003E8	0xB00003E8	2	100	0	52901600	52901600
101631010	宝死体_釣る配置【レベル3_僻墓】1F　候補2	01	4	1000	HP回復【PG直接指定】	0x400003E8	0xB00003E8	1	100	0	52901600	52901600
101631020	宝死体_釣る配置【レベル3_僻墓】1F　候補3	01	4	1000	HP回復【PG直接指定】	0x400003E8	0xB00003E8	1	100	0	52901600	52901600
101631030	宝死体_釣る配置【レベル3_僻墓】1F　候補4	01	4	900	弾丸【PG直接指定】	0x40000384	0xB0000384	2	100	0	52901600	52901600
101631040	宝死体_釣る配置【レベル3_僻墓】1F　候補5	01	4	900	弾丸【PG直接指定】	0x40000384	0xB0000384	1	100	0	52901600	52901600
101631050	宝死体_釣る配置【レベル3_僻墓】1F　候補6	01	4	900	弾丸【PG直接指定】	0x40000384	0xB0000384	1	100	0	52901600	52901600
101631060	宝死体_釣る配置【レベル3_僻墓】1F　候補7	01	4	1230	石ころ	0x400004CE	0xB00004CE	1	100	0	52901600	52901600
101631070	宝死体_釣る配置【レベル3_僻墓】1F　候補8	01	4	1230	石ころ	0x400004CE	0xB00004CE	1	100	0	52901600	52901600
101631080	宝死体_釣る配置【レベル3_僻墓】1F　候補9	01	4	1230	石ころ	0x400004CE	0xB00004CE	1	100	0	52901600	52901600
101631090	宝死体_釣る配置【レベル3_僻墓】1F　候補10	01	4	1230	石ころ	0x400004CE	0xB00004CE	1	100	0	52901600	52901600
101631100	宝死体_釣る配置【レベル3_僻墓】2F　候補1	01	4	1000	HP回復【PG直接指定】	0x400003E8	0xB00003E8	2	100	0	52901600	52901600
101631110	宝死体_釣る配置【レベル3_僻墓】2F　候補2	01	4	1000	HP回復【PG直接指定】	0x400003E8	0xB00003E8	1	100	0	52901600	52901600
101631120	宝死体_釣る配置【レベル3_僻墓】2F　候補3	01	4	1000	HP回復【PG直接指定】	0x400003E8	0xB00003E8	1	100	0	52901600	52901600
101631130	宝死体_釣る配置【レベル3_僻墓】2F　候補4	01	4	900	弾丸【PG直接指定】	0x40000384	0xB0000384	5	100	0	52901600	52901600
101631140	宝死体_釣る配置【レベル3_僻墓】2F　候補5	01	4	900	弾丸【PG直接指定】	0x40000384	0xB0000384	2	100	0	52901600	52901600
101631150	宝死体_釣る配置【レベル3_僻墓】2F　候補6	01	4	900	弾丸【PG直接指定】	0x40000384	0xB0000384	1	100	0	52901600	52901600
101631160	宝死体_釣る配置【レベル3_僻墓】2F　候補7	01	4	1230	石ころ	0x400004CE	0xB00004CE	1	100	0	52901600	52901600
101631170	宝死体_釣る配置【レベル3_僻墓】2F　候補8	01	4	1230	石ころ	0x400004CE	0xB00004CE	1	100	0	52901600	52901600
101631180	宝死体_釣る配置【レベル3_僻墓】2F　候補9	01	4	1513	ソウル【3】	0x400005E9	0xB00005E9	1	100	0	52901600	52901600
101631190	宝死体_釣る配置【レベル3_僻墓】2F　候補10	01	4	1100	毒・出血回復薬	0x4000044C	0xB000044C	1	100	0	52901600	52901600
101631200	宝死体_釣る配置【レベル3_僻墓】3F　候補1	01	4	1000	HP回復【PG直接指定】	0x400003E8	0xB00003E8	2	100	0	52901600	52901600
101631210	宝死体_釣る配置【レベル3_僻墓】3F　候補2	01	4	1000	HP回復【PG直接指定】	0x400003E8	0xB00003E8	1	100	0	52901600	52901600
101631220	宝死体_釣る配置【レベル3_僻墓】3F　候補3	01	4	1000	HP回復【PG直接指定】	0x400003E8	0xB00003E8	1	100	0	52901600	52901600
101631230	宝死体_釣る配置【レベル3_僻墓】3F　候補4	01	4	900	弾丸【PG直接指定】	0x40000384	0xB0000384	5	100	0	52901600	52901600
101631240	宝死体_釣る配置【レベル3_僻墓】3F　候補5	01	4	900	弾丸【PG直接指定】	0x40000384	0xB0000384	2	100	0	52901600	52901600
101631250	宝死体_釣る配置【レベル3_僻墓】3F　候補6	01	4	900	弾丸【PG直接指定】	0x40000384	0xB0000384	1	100	0	52901600	52901600
101631260	宝死体_釣る配置【レベル3_僻墓】3F　候補7	01	4	1230	石ころ	0x400004CE	0xB00004CE	1	100	0	52901600	52901600
101631270	宝死体_釣る配置【レベル3_僻墓】3F　候補8	01	4	1230	石ころ	0x400004CE	0xB00004CE	1	100	0	52901600	52901600
101631280	宝死体_釣る配置【レベル3_僻墓】3F　候補9	01	4	1514	ソウル【4】	0x400005EA	0xB00005EA	1	100	0	52901600	52901600
101631290	宝死体_釣る配置【レベル3_僻墓】3F　候補10	01	4	1310	エンチャント【魔法】	0x4000051E	0xB000051E	1	100	0	52901600	52901600
101631300	宝死体_釣る配置【レベル3_僻墓】4F　候補1	01	4	1000	HP回復【PG直接指定】	0x400003E8	0xB00003E8	2	100	0	52901600	52901600
101631310	宝死体_釣る配置【レベル3_僻墓】4F　候補2	01	4	1000	HP回復【PG直接指定】	0x400003E8	0xB00003E8	1	100	0	52901600	52901600
101631320	宝死体_釣る配置【レベル3_僻墓】4F　候補3	01	4	1000	HP回復【PG直接指定】	0x400003E8	0xB00003E8	1	100	0	52901600	52901600
101631330	宝死体_釣る配置【レベル3_僻墓】4F　候補4	01	4	900	弾丸【PG直接指定】	0x40000384	0xB0000384	5	100	0	52901600	52901600
101631340	宝死体_釣る配置【レベル3_僻墓】4F　候補5	01	4	900	弾丸【PG直接指定】	0x40000384	0xB0000384	2	100	0	52901600	52901600
101631350	宝死体_釣る配置【レベル3_僻墓】4F　候補6	01	4	900	弾丸【PG直接指定】	0x40000384	0xB0000384	1	100	0	52901600	52901600
101631360	宝死体_釣る配置【レベル3_僻墓】4F　候補7	01	4	1230	石ころ	0x400004CE	0xB00004CE	1	100	0	52901600	52901600
101631370	宝死体_釣る配置【レベル3_僻墓】4F　候補8	01	4	1230	石ころ	0x400004CE	0xB00004CE	1	100	0	52901600	52901600
101631380	宝死体_釣る配置【レベル3_僻墓】4F　候補9	01	4	1515	ソウル【5】	0x400005EB	0xB00005EB	1	100	0	52901600	52901600
101631390	宝死体_釣る配置【レベル3_僻墓】4F　候補10	01	4	1310	エンチャント【魔法】	0x4000051E	0xB000051E	1	100	0	52901600	52901600
101640000	宝死体_釣る配置【レベル4_トゥメル】1F　候補1	01	4	1000	HP回復【PG直接指定】	0x400003E8	0xB00003E8	2	100	0	52901600	52901600
101640010	宝死体_釣る配置【レベル4_トゥメル】1F　候補2	01	4	1000	HP回復【PG直接指定】	0x400003E8	0xB00003E8	2	100	0	52901600	52901600
101640020	宝死体_釣る配置【レベル4_トゥメル】1F　候補3	01	4	1000	HP回復【PG直接指定】	0x400003E8	0xB00003E8	1	100	0	52901600	52901600
101640030	宝死体_釣る配置【レベル4_トゥメル】1F　候補4	01	4	1000	HP回復【PG直接指定】	0x400003E8	0xB00003E8	1	100	0	52901600	52901600
101640040	宝死体_釣る配置【レベル4_トゥメル】1F　候補5	01	4	900	弾丸【PG直接指定】	0x40000384	0xB0000384	2	100	0	52901600	52901600
101640050	宝死体_釣る配置【レベル4_トゥメル】1F　候補6	01	4	900	弾丸【PG直接指定】	0x40000384	0xB0000384	2	100	0	52901600	52901600
101640060	宝死体_釣る配置【レベル4_トゥメル】1F　候補7	01	4	900	弾丸【PG直接指定】	0x40000384	0xB0000384	1	100	0	52901600	52901600
101640070	宝死体_釣る配置【レベル4_トゥメル】1F　候補8	01	4	1410	道標	0x40000582	0xB0000582	1	100	0	52901600	52901600
101640080	宝死体_釣る配置【レベル4_トゥメル】1F　候補9	01	4	1410	道標	0x40000582	0xB0000582	1	100	0	52901600	52901600
101640090	宝死体_釣る配置【レベル4_トゥメル】1F　候補10	01	4	1410	道標	0x40000582	0xB0000582	1	100	0	52901600	52901600
101640100	宝死体_釣る配置【レベル4_トゥメル】2F　候補1	01	4	1000	HP回復【PG直接指定】	0x400003E8	0xB00003E8	5	100	0	52901600	52901600
101640110	宝死体_釣る配置【レベル4_トゥメル】2F　候補2	01	4	1000	HP回復【PG直接指定】	0x400003E8	0xB00003E8	2	100	0	52901600	52901600
101640120	宝死体_釣る配置【レベル4_トゥメル】2F　候補3	01	4	1000	HP回復【PG直接指定】	0x400003E8	0xB00003E8	2	100	0	52901600	52901600
101640130	宝死体_釣る配置【レベル4_トゥメル】2F　候補4	01	4	1000	HP回復【PG直接指定】	0x400003E8	0xB00003E8	1	100	0	52901600	52901600
101640140	宝死体_釣る配置【レベル4_トゥメル】2F　候補5	01	4	1000	HP回復【PG直接指定】	0x400003E8	0xB00003E8	1	100	0	52901600	52901600
101640150	宝死体_釣る配置【レベル4_トゥメル】2F　候補6	01	4	900	弾丸【PG直接指定】	0x40000384	0xB0000384	2	100	0	52901600	52901600
101640160	宝死体_釣る配置【レベル4_トゥメル】2F　候補7	01	4	900	弾丸【PG直接指定】	0x40000384	0xB0000384	1	100	0	52901600	52901600
101640170	宝死体_釣る配置【レベル4_トゥメル】2F　候補8	01	4	1410	道標	0x40000582	0xB0000582	1	100	0	52901600	52901600
101640180	宝死体_釣る配置【レベル4_トゥメル】2F　候補9	01	4	1516	ソウル【6】	0x400005EC	0xB00005EC	1	100	0	52901600	52901600
101640190	宝死体_釣る配置【レベル4_トゥメル】2F　候補10	01	4	1200	火炎壺	0x400004B0	0xB00004B0	1	100	0	52901600	52901600
101640200	宝死体_釣る配置【レベル4_トゥメル】3F　候補1	01	4	1000	HP回復【PG直接指定】	0x400003E8	0xB00003E8	5	100	0	52901600	52901600
101640210	宝死体_釣る配置【レベル4_トゥメル】3F　候補2	01	4	1000	HP回復【PG直接指定】	0x400003E8	0xB00003E8	2	100	0	52901600	52901600
101640220	宝死体_釣る配置【レベル4_トゥメル】3F　候補3	01	4	1000	HP回復【PG直接指定】	0x400003E8	0xB00003E8	2	100	0	52901600	52901600
101640230	宝死体_釣る配置【レベル4_トゥメル】3F　候補4	01	4	1000	HP回復【PG直接指定】	0x400003E8	0xB00003E8	1	100	0	52901600	52901600
101640240	宝死体_釣る配置【レベル4_トゥメル】3F　候補5	01	4	1000	HP回復【PG直接指定】	0x400003E8	0xB00003E8	1	100	0	52901600	52901600
101640250	宝死体_釣る配置【レベル4_トゥメル】3F　候補6	01	4	1500	SAN値回復＋1	0x400005DC	0xB00005DC	1	100	0	52901600	52901600
101640260	宝死体_釣る配置【レベル4_トゥメル】3F　候補7	01	4	900	弾丸【PG直接指定】	0x40000384	0xB0000384	1	100	0	52901600	52901600
101640270	宝死体_釣る配置【レベル4_トゥメル】3F　候補8	01	4	1410	道標	0x40000582	0xB0000582	1	100	0	52901600	52901600
101640280	宝死体_釣る配置【レベル4_トゥメル】3F　候補9	01	4	1517	ソウル【7】	0x400005ED	0xB00005ED	1	100	0	52901600	52901600
101640290	宝死体_釣る配置【レベル4_トゥメル】3F　候補10	01	4	1270	HP回復不可	0x400004F6	0xB00004F6	1	100	0	52901600	52901600
101640300	宝死体_釣る配置【レベル4_トゥメル】4F　候補1	01	4	1000	HP回復【PG直接指定】	0x400003E8	0xB00003E8	5	100	0	52901600	52901600
101640310	宝死体_釣る配置【レベル4_トゥメル】4F　候補2	01	4	1000	HP回復【PG直接指定】	0x400003E8	0xB00003E8	2	100	0	52901600	52901600
101640320	宝死体_釣る配置【レベル4_トゥメル】4F　候補3	01	4	1000	HP回復【PG直接指定】	0x400003E8	0xB00003E8	2	100	0	52901600	52901600
101640330	宝死体_釣る配置【レベル4_トゥメル】4F　候補4	01	4	1000	HP回復【PG直接指定】	0x400003E8	0xB00003E8	1	100	0	52901600	52901600
101640340	宝死体_釣る配置【レベル4_トゥメル】4F　候補5	01	4	1000	HP回復【PG直接指定】	0x400003E8	0xB00003E8	1	100	0	52901600	52901600
101640350	宝死体_釣る配置【レベル4_トゥメル】4F　候補6	01	4	900	弾丸【PG直接指定】	0x40000384	0xB0000384	2	100	0	52901600	52901600
101640360	宝死体_釣る配置【レベル4_トゥメル】4F　候補7	01	4	900	弾丸【PG直接指定】	0x40000384	0xB0000384	1	100	0	52901600	52901600
101640370	宝死体_釣る配置【レベル4_トゥメル】4F　候補8	01	4	1410	道標	0x40000582	0xB0000582	1	100	0	52901600	52901600
101640380	宝死体_釣る配置【レベル4_トゥメル】4F　候補9	01	4	1518	ソウル【8】	0x400005EE	0xB00005EE	1	100	0	52901600	52901600
101640390	宝死体_釣る配置【レベル4_トゥメル】4F　候補10	01	4	1270	HP回復不可	0x400004F6	0xB00004F6	1	100	0	52901600	52901600
101642000	宝死体_釣る配置【レベル4_ローラン】1F　候補1	01	4	1000	HP回復【PG直接指定】	0x400003E8	0xB00003E8	2	100	0	52901600	52901600
101642010	宝死体_釣る配置【レベル4_ローラン】1F　候補2	01	4	1000	HP回復【PG直接指定】	0x400003E8	0xB00003E8	2	100	0	52901600	52901600
101642020	宝死体_釣る配置【レベル4_ローラン】1F　候補3	01	4	1000	HP回復【PG直接指定】	0x400003E8	0xB00003E8	2	100	0	52901600	52901600
101642030	宝死体_釣る配置【レベル4_ローラン】1F　候補4	01	4	1000	HP回復【PG直接指定】	0x400003E8	0xB00003E8	1	100	0	52901600	52901600
101642040	宝死体_釣る配置【レベル4_ローラン】1F　候補5	01	4	1000	HP回復【PG直接指定】	0x400003E8	0xB00003E8	1	100	0	52901600	52901600
101642050	宝死体_釣る配置【レベル4_ローラン】1F　候補6	01	4	1000	HP回復【PG直接指定】	0x400003E8	0xB00003E8	1	100	0	52901600	52901600
101642060	宝死体_釣る配置【レベル4_ローラン】1F　候補7	01	4	900	弾丸【PG直接指定】	0x40000384	0xB0000384	1	100	0	52901600	52901600
101642070	宝死体_釣る配置【レベル4_ローラン】1F　候補8	01	4	1410	道標	0x40000582	0xB0000582	1	100	0	52901600	52901600
101642080	宝死体_釣る配置【レベル4_ローラン】1F　候補9	01	4	1410	道標	0x40000582	0xB0000582	1	100	0	52901600	52901600
101642090	宝死体_釣る配置【レベル4_ローラン】1F　候補10	01	4	1410	道標	0x40000582	0xB0000582	1	100	0	52901600	52901600
101642100	宝死体_釣る配置【レベル4_ローラン】2F　候補1	01	4	1000	HP回復【PG直接指定】	0x400003E8	0xB00003E8	5	100	0	52901600	52901600
101642110	宝死体_釣る配置【レベル4_ローラン】2F　候補2	01	4	1000	HP回復【PG直接指定】	0x400003E8	0xB00003E8	2	100	0	52901600	52901600
101642120	宝死体_釣る配置【レベル4_ローラン】2F　候補3	01	4	1000	HP回復【PG直接指定】	0x400003E8	0xB00003E8	2	100	0	52901600	52901600
101642130	宝死体_釣る配置【レベル4_ローラン】2F　候補4	01	4	1000	HP回復【PG直接指定】	0x400003E8	0xB00003E8	2	100	0	52901600	52901600
101642140	宝死体_釣る配置【レベル4_ローラン】2F　候補5	01	4	1000	HP回復【PG直接指定】	0x400003E8	0xB00003E8	1	100	0	52901600	52901600
101642150	宝死体_釣る配置【レベル4_ローラン】2F　候補6	01	4	1000	HP回復【PG直接指定】	0x400003E8	0xB00003E8	1	100	0	52901600	52901600
101642160	宝死体_釣る配置【レベル4_ローラン】2F　候補7	01	4	900	弾丸【PG直接指定】	0x40000384	0xB0000384	1	100	0	52901600	52901600
101642170	宝死体_釣る配置【レベル4_ローラン】2F　候補8	01	4	1410	道標	0x40000582	0xB0000582	1	100	0	52901600	52901600
101642180	宝死体_釣る配置【レベル4_ローラン】2F　候補9	01	4	1515	ソウル【5】	0x400005EB	0xB00005EB	1	100	0	52901600	52901600
101642190	宝死体_釣る配置【レベル4_ローラン】2F　候補10	01	4	1260	獣誘い	0x400004EC	0xB00004EC	1	100	0	52901600	52901600
101642200	宝死体_釣る配置【レベル4_ローラン】3F　候補1	01	4	1000	HP回復【PG直接指定】	0x400003E8	0xB00003E8	5	100	0	52901600	52901600
101642210	宝死体_釣る配置【レベル4_ローラン】3F　候補2	01	4	1000	HP回復【PG直接指定】	0x400003E8	0xB00003E8	2	100	0	52901600	52901600
101642220	宝死体_釣る配置【レベル4_ローラン】3F　候補3	01	4	1000	HP回復【PG直接指定】	0x400003E8	0xB00003E8	2	100	0	52901600	52901600
101642230	宝死体_釣る配置【レベル4_ローラン】3F　候補4	01	4	1000	HP回復【PG直接指定】	0x400003E8	0xB00003E8	2	100	0	52901600	52901600
101642240	宝死体_釣る配置【レベル4_ローラン】3F　候補5	01	4	1000	HP回復【PG直接指定】	0x400003E8	0xB00003E8	1	100	0	52901600	52901600
101642250	宝死体_釣る配置【レベル4_ローラン】3F　候補6	01	4	1000	HP回復【PG直接指定】	0x400003E8	0xB00003E8	1	100	0	52901600	52901600
101642260	宝死体_釣る配置【レベル4_ローラン】3F　候補7	01	4	900	弾丸【PG直接指定】	0x40000384	0xB0000384	1	100	0	52901600	52901600
101642270	宝死体_釣る配置【レベル4_ローラン】3F　候補8	01	4	1410	道標	0x40000582	0xB0000582	1	100	0	52901600	52901600
101642280	宝死体_釣る配置【レベル4_ローラン】3F　候補9	01	4	1516	ソウル【6】	0x400005EC	0xB00005EC	1	100	0	52901600	52901600
101642290	宝死体_釣る配置【レベル4_ローラン】3F　候補10	01	4	1320	エンチャント【雷】	0x40000528	0xB0000528	1	100	0	52901600	52901600
101642300	宝死体_釣る配置【レベル4_ローラン】4F　候補1	01	4	1000	HP回復【PG直接指定】	0x400003E8	0xB00003E8	5	100	0	52901600	52901600
101642310	宝死体_釣る配置【レベル4_ローラン】4F　候補2	01	4	1000	HP回復【PG直接指定】	0x400003E8	0xB00003E8	2	100	0	52901600	52901600
101642320	宝死体_釣る配置【レベル4_ローラン】4F　候補3	01	4	1000	HP回復【PG直接指定】	0x400003E8	0xB00003E8	2	100	0	52901600	52901600
101642330	宝死体_釣る配置【レベル4_ローラン】4F　候補4	01	4	1000	HP回復【PG直接指定】	0x400003E8	0xB00003E8	2	100	0	52901600	52901600
101642340	宝死体_釣る配置【レベル4_ローラン】4F　候補5	01	4	1000	HP回復【PG直接指定】	0x400003E8	0xB00003E8	1	100	0	52901600	52901600
101642350	宝死体_釣る配置【レベル4_ローラン】4F　候補6	01	4	1000	HP回復【PG直接指定】	0x400003E8	0xB00003E8	1	100	0	52901600	52901600
101642360	宝死体_釣る配置【レベル4_ローラン】4F　候補7	01	4	900	弾丸【PG直接指定】	0x40000384	0xB0000384	1	100	0	52901600	52901600
101642370	宝死体_釣る配置【レベル4_ローラン】4F　候補8	01	4	1410	道標	0x40000582	0xB0000582	1	100	0	52901600	52901600
101642380	宝死体_釣る配置【レベル4_ローラン】4F　候補9	01	4	1517	ソウル【7】	0x400005ED	0xB00005ED	1	100	0	52901600	52901600
101642390	宝死体_釣る配置【レベル4_ローラン】4F　候補10	01	4	1320	エンチャント【雷】	0x40000528	0xB0000528	1	100	0	52901600	52901600
101650000	宝死体_釣る配置【レベル5_トゥメル】1F　候補1	01	4	1000	HP回復【PG直接指定】	0x400003E8	0xB00003E8	2	100	0	52901600	52901600
101650010	宝死体_釣る配置【レベル5_トゥメル】1F　候補2	01	4	1000	HP回復【PG直接指定】	0x400003E8	0xB00003E8	2	100	0	52901600	52901600
101650020	宝死体_釣る配置【レベル5_トゥメル】1F　候補3	01	4	1000	HP回復【PG直接指定】	0x400003E8	0xB00003E8	1	100	0	52901600	52901600
101650030	宝死体_釣る配置【レベル5_トゥメル】1F　候補4	01	4	1000	HP回復【PG直接指定】	0x400003E8	0xB00003E8	1	100	0	52901600	52901600
101650040	宝死体_釣る配置【レベル5_トゥメル】1F　候補5	01	4	900	弾丸【PG直接指定】	0x40000384	0xB0000384	2	100	0	52901600	52901600
101650050	宝死体_釣る配置【レベル5_トゥメル】1F　候補6	01	4	900	弾丸【PG直接指定】	0x40000384	0xB0000384	2	100	0	52901600	52901600
101650060	宝死体_釣る配置【レベル5_トゥメル】1F　候補7	01	4	900	弾丸【PG直接指定】	0x40000384	0xB0000384	1	100	0	52901600	52901600
101650070	宝死体_釣る配置【レベル5_トゥメル】1F　候補8	01	4	1410	道標	0x40000582	0xB0000582	1	100	0	52901600	52901600
101650080	宝死体_釣る配置【レベル5_トゥメル】1F　候補9	01	4	1410	道標	0x40000582	0xB0000582	1	100	0	52901600	52901600
101650090	宝死体_釣る配置【レベル5_トゥメル】1F　候補10	01	4	1410	道標	0x40000582	0xB0000582	1	100	0	52901600	52901600
101650100	宝死体_釣る配置【レベル5_トゥメル】2F　候補1	01	4	1000	HP回復【PG直接指定】	0x400003E8	0xB00003E8	5	100	0	52901600	52901600
101650110	宝死体_釣る配置【レベル5_トゥメル】2F　候補2	01	4	1000	HP回復【PG直接指定】	0x400003E8	0xB00003E8	2	100	0	52901600	52901600
101650120	宝死体_釣る配置【レベル5_トゥメル】2F　候補3	01	4	1000	HP回復【PG直接指定】	0x400003E8	0xB00003E8	2	100	0	52901600	52901600
101650130	宝死体_釣る配置【レベル5_トゥメル】2F　候補4	01	4	1410	道標	0x40000582	0xB0000582	6	100	0	52901600	52901600
101650140	宝死体_釣る配置【レベル5_トゥメル】2F　候補5	01	4	1000	HP回復【PG直接指定】	0x400003E8	0xB00003E8	1	100	0	52901600	52901600
101650150	宝死体_釣る配置【レベル5_トゥメル】2F　候補6	01	4	900	弾丸【PG直接指定】	0x40000384	0xB0000384	2	100	0	52901600	52901600
101650160	宝死体_釣る配置【レベル5_トゥメル】2F　候補7	01	4	900	弾丸【PG直接指定】	0x40000384	0xB0000384	1	100	0	52901600	52901600
101650170	宝死体_釣る配置【レベル5_トゥメル】2F　候補8	01	4	1410	道標	0x40000582	0xB0000582	1	100	0	52901600	52901600
101650180	宝死体_釣る配置【レベル5_トゥメル】2F　候補9	01	4	1590	ソウル【10】	0x40000636	0xB0000636	1	100	0	52901600	52901600
101650190	宝死体_釣る配置【レベル5_トゥメル】2F　候補10	01	4	1200	火炎壺	0x400004B0	0xB00004B0	1	100	0	52901600	52901600
101650200	宝死体_釣る配置【レベル5_トゥメル】3F　候補1	01	4	1000	HP回復【PG直接指定】	0x400003E8	0xB00003E8	5	100	0	52901600	52901600
101650210	宝死体_釣る配置【レベル5_トゥメル】3F　候補2	01	4	1000	HP回復【PG直接指定】	0x400003E8	0xB00003E8	2	100	0	52901600	52901600
101650220	宝死体_釣る配置【レベル5_トゥメル】3F　候補3	01	4	1000	HP回復【PG直接指定】	0x400003E8	0xB00003E8	2	100	0	52901600	52901600
101650230	宝死体_釣る配置【レベル5_トゥメル】3F　候補4	01	4	1000	HP回復【PG直接指定】	0x400003E8	0xB00003E8	1	100	0	52901600	52901600
101650240	宝死体_釣る配置【レベル5_トゥメル】3F　候補5	01	4	1000	HP回復【PG直接指定】	0x400003E8	0xB00003E8	1	100	0	52901600	52901600
101650250	宝死体_釣る配置【レベル5_トゥメル】3F　候補6	01	4	900	弾丸【PG直接指定】	0x40000384	0xB0000384	2	100	0	52901600	52901600
101650260	宝死体_釣る配置【レベル5_トゥメル】3F　候補7	01	4	900	弾丸【PG直接指定】	0x40000384	0xB0000384	1	100	0	52901600	52901600
101650270	宝死体_釣る配置【レベル5_トゥメル】3F　候補8	01	4	1000	HP回復【PG直接指定】	0x400003E8	0xB00003E8	4	100	0	52901600	52901600
101650280	宝死体_釣る配置【レベル5_トゥメル】3F　候補9	01	4	1591	ソウル【11】	0x40000637	0xB0000637	1	100	0	52901600	52901600
101650290	宝死体_釣る配置【レベル5_トゥメル】3F　候補10	01	4	1270	HP回復不可	0x400004F6	0xB00004F6	1	100	0	52901600	52901600
101650300	宝死体_釣る配置【レベル5_トゥメル】4F　候補1	01	4	1000	HP回復【PG直接指定】	0x400003E8	0xB00003E8	5	100	0	52901600	52901600
101650310	宝死体_釣る配置【レベル5_トゥメル】4F　候補2	01	4	1000	HP回復【PG直接指定】	0x400003E8	0xB00003E8	2	100	0	52901600	52901600
101650320	宝死体_釣る配置【レベル5_トゥメル】4F　候補3	01	4	1000	HP回復【PG直接指定】	0x400003E8	0xB00003E8	2	100	0	52901600	52901600
101650330	宝死体_釣る配置【レベル5_トゥメル】4F　候補4	01	4	1000	HP回復【PG直接指定】	0x400003E8	0xB00003E8	1	100	0	52901600	52901600
101650340	宝死体_釣る配置【レベル5_トゥメル】4F　候補5	01	4	1000	HP回復【PG直接指定】	0x400003E8	0xB00003E8	1	100	0	52901600	52901600
101650350	宝死体_釣る配置【レベル5_トゥメル】4F　候補6	01	4	900	弾丸【PG直接指定】	0x40000384	0xB0000384	2	100	0	52901600	52901600
101650360	宝死体_釣る配置【レベル5_トゥメル】4F　候補7	01	4	900	弾丸【PG直接指定】	0x40000384	0xB0000384	1	100	0	52901600	52901600
101650370	宝死体_釣る配置【レベル5_トゥメル】4F　候補8	01	4	1410	道標	0x40000582	0xB0000582	1	100	0	52901600	52901600
101650380	宝死体_釣る配置【レベル5_トゥメル】4F　候補9	01	4	1592	ソウル【12】	0x40000638	0xB0000638	1	100	0	52901600	52901600
101650390	宝死体_釣る配置【レベル5_トゥメル】4F　候補10	01	4	1270	HP回復不可	0x400004F6	0xB00004F6	1	100	0	52901600	52901600
101652000	宝死体_釣る配置【レベル5_ローラン】1F　候補1	01	4	1000	HP回復【PG直接指定】	0x400003E8	0xB00003E8	2	100	0	52901600	52901600
101652010	宝死体_釣る配置【レベル5_ローラン】1F　候補2	01	4	1000	HP回復【PG直接指定】	0x400003E8	0xB00003E8	2	100	0	52901600	52901600
101652020	宝死体_釣る配置【レベル5_ローラン】1F　候補3	01	4	1000	HP回復【PG直接指定】	0x400003E8	0xB00003E8	2	100	0	52901600	52901600
101652030	宝死体_釣る配置【レベル5_ローラン】1F　候補4	01	4	1000	HP回復【PG直接指定】	0x400003E8	0xB00003E8	1	100	0	52901600	52901600
101652040	宝死体_釣る配置【レベル5_ローラン】1F　候補5	01	4	1000	HP回復【PG直接指定】	0x400003E8	0xB00003E8	1	100	0	52901600	52901600
101652050	宝死体_釣る配置【レベル5_ローラン】1F　候補6	01	4	1000	HP回復【PG直接指定】	0x400003E8	0xB00003E8	1	100	0	52901600	52901600
101652060	宝死体_釣る配置【レベル5_ローラン】1F　候補7	01	4	900	弾丸【PG直接指定】	0x40000384	0xB0000384	1	100	0	52901600	52901600
101652070	宝死体_釣る配置【レベル5_ローラン】1F　候補8	01	4	1410	道標	0x40000582	0xB0000582	1	100	0	52901600	52901600
101652080	宝死体_釣る配置【レベル5_ローラン】1F　候補9	01	4	1410	道標	0x40000582	0xB0000582	1	100	0	52901600	52901600
101652090	宝死体_釣る配置【レベル5_ローラン】1F　候補10	01	4	1410	道標	0x40000582	0xB0000582	1	100	0	52901600	52901600
101652100	宝死体_釣る配置【レベル5_ローラン】2F　候補1	01	4	1000	HP回復【PG直接指定】	0x400003E8	0xB00003E8	5	100	0	52901600	52901600
101652110	宝死体_釣る配置【レベル5_ローラン】2F　候補2	01	4	1000	HP回復【PG直接指定】	0x400003E8	0xB00003E8	2	100	0	52901600	52901600
101652120	宝死体_釣る配置【レベル5_ローラン】2F　候補3	01	4	1000	HP回復【PG直接指定】	0x400003E8	0xB00003E8	2	100	0	52901600	52901600
101652130	宝死体_釣る配置【レベル5_ローラン】2F　候補4	01	4	1000	HP回復【PG直接指定】	0x400003E8	0xB00003E8	2	100	0	52901600	52901600
101652140	宝死体_釣る配置【レベル5_ローラン】2F　候補5	01	4	1000	HP回復【PG直接指定】	0x400003E8	0xB00003E8	1	100	0	52901600	52901600
101652150	宝死体_釣る配置【レベル5_ローラン】2F　候補6	01	4	1000	HP回復【PG直接指定】	0x400003E8	0xB00003E8	1	100	0	52901600	52901600
101652160	宝死体_釣る配置【レベル5_ローラン】2F　候補7	01	4	900	弾丸【PG直接指定】	0x40000384	0xB0000384	1	100	0	52901600	52901600
101652170	宝死体_釣る配置【レベル5_ローラン】2F　候補8	01	4	1410	道標	0x40000582	0xB0000582	1	100	0	52901600	52901600
101652180	宝死体_釣る配置【レベル5_ローラン】2F　候補9	01	4	1519	ソウル【9】	0x400005EF	0xB00005EF	1	100	0	52901600	52901600
101652190	宝死体_釣る配置【レベル5_ローラン】2F　候補10	01	4	1260	獣誘い	0x400004EC	0xB00004EC	1	100	0	52901600	52901600
101652200	宝死体_釣る配置【レベル5_ローラン】3F　候補1	01	4	1000	HP回復【PG直接指定】	0x400003E8	0xB00003E8	5	100	0	52901600	52901600
101652210	宝死体_釣る配置【レベル5_ローラン】3F　候補2	01	4	1000	HP回復【PG直接指定】	0x400003E8	0xB00003E8	2	100	0	52901600	52901600
101652220	宝死体_釣る配置【レベル5_ローラン】3F　候補3	01	4	1000	HP回復【PG直接指定】	0x400003E8	0xB00003E8	2	100	0	52901600	52901600
101652230	宝死体_釣る配置【レベル5_ローラン】3F　候補4	01	4	1000	HP回復【PG直接指定】	0x400003E8	0xB00003E8	2	100	0	52901600	52901600
101652240	宝死体_釣る配置【レベル5_ローラン】3F　候補5	01	4	1000	HP回復【PG直接指定】	0x400003E8	0xB00003E8	1	100	0	52901600	52901600
101652250	宝死体_釣る配置【レベル5_ローラン】3F　候補6	01	4	1000	HP回復【PG直接指定】	0x400003E8	0xB00003E8	1	100	0	52901600	52901600
101652260	宝死体_釣る配置【レベル5_ローラン】3F　候補7	01	4	900	弾丸【PG直接指定】	0x40000384	0xB0000384	1	100	0	52901600	52901600
101652270	宝死体_釣る配置【レベル5_ローラン】3F　候補8	01	4	1410	道標	0x40000582	0xB0000582	1	100	0	52901600	52901600
101652280	宝死体_釣る配置【レベル5_ローラン】3F　候補9	01	4	1590	ソウル【10】	0x40000636	0xB0000636	1	100	0	52901600	52901600
101652290	宝死体_釣る配置【レベル5_ローラン】3F　候補10	01	4	1320	エンチャント【雷】	0x40000528	0xB0000528	1	100	0	52901600	52901600
101652300	宝死体_釣る配置【レベル5_ローラン】4F　候補1	01	4	1000	HP回復【PG直接指定】	0x400003E8	0xB00003E8	5	100	0	52901600	52901600
101652310	宝死体_釣る配置【レベル5_ローラン】4F　候補2	01	4	1000	HP回復【PG直接指定】	0x400003E8	0xB00003E8	2	100	0	52901600	52901600
101652320	宝死体_釣る配置【レベル5_ローラン】4F　候補3	01	4	1000	HP回復【PG直接指定】	0x400003E8	0xB00003E8	2	100	0	52901600	52901600
101652330	宝死体_釣る配置【レベル5_ローラン】4F　候補4	01	4	1000	HP回復【PG直接指定】	0x400003E8	0xB00003E8	2	100	0	52901600	52901600
101652340	宝死体_釣る配置【レベル5_ローラン】4F　候補5	01	4	1000	HP回復【PG直接指定】	0x400003E8	0xB00003E8	1	100	0	52901600	52901600
101652350	宝死体_釣る配置【レベル5_ローラン】4F　候補6	01	4	1000	HP回復【PG直接指定】	0x400003E8	0xB00003E8	1	100	0	52901600	52901600
101652360	宝死体_釣る配置【レベル5_ローラン】4F　候補7	01	4	900	弾丸【PG直接指定】	0x40000384	0xB0000384	1	100	0	52901600	52901600
101652370	宝死体_釣る配置【レベル5_ローラン】4F　候補8	01	4	1410	道標	0x40000582	0xB0000582	1	100	0	52901600	52901600
101652380	宝死体_釣る配置【レベル5_ローラン】4F　候補9	01	4	1591	ソウル【11】	0x40000637	0xB0000637	1	100	0	52901600	52901600
101652390	宝死体_釣る配置【レベル5_ローラン】4F　候補10	01	4	1320	エンチャント【雷】	0x40000528	0xB0000528	1	100	0	52901600	52901600
101653000	宝死体_釣る配置【レベル5_イズ】1F　候補1	01	4	1000	HP回復【PG直接指定】	0x400003E8	0xB00003E8	2	100	0	52901600	52901600
101653010	宝死体_釣る配置【レベル5_イズ】1F　候補2	01	4	1000	HP回復【PG直接指定】	0x400003E8	0xB00003E8	1	100	0	52901600	52901600
101653020	宝死体_釣る配置【レベル5_イズ】1F　候補3	01	4	900	弾丸【PG直接指定】	0x40000384	0xB0000384	2	100	0	52901600	52901600
101653030	宝死体_釣る配置【レベル5_イズ】1F　候補4	01	4	900	弾丸【PG直接指定】	0x40000384	0xB0000384	2	100	0	52901600	52901600
101653040	宝死体_釣る配置【レベル5_イズ】1F　候補5	01	4	900	弾丸【PG直接指定】	0x40000384	0xB0000384	1	100	0	52901600	52901600
101653050	宝死体_釣る配置【レベル5_イズ】1F　候補6	01	4	900	弾丸【PG直接指定】	0x40000384	0xB0000384	1	100	0	52901600	52901600
101653060	宝死体_釣る配置【レベル5_イズ】1F　候補7	01	4	1230	石ころ	0x400004CE	0xB00004CE	1	100	0	52901600	52901600
101653070	宝死体_釣る配置【レベル5_イズ】1F　候補8	01	4	1230	石ころ	0x400004CE	0xB00004CE	1	100	0	52901600	52901600
101653080	宝死体_釣る配置【レベル5_イズ】1F　候補9	01	4	1230	石ころ	0x400004CE	0xB00004CE	1	100	0	52901600	52901600
101653090	宝死体_釣る配置【レベル5_イズ】1F　候補10	01	4	1230	石ころ	0x400004CE	0xB00004CE	1	100	0	52901600	52901600
101653100	宝死体_釣る配置【レベル5_イズ】2F　候補1	01	4	1000	HP回復【PG直接指定】	0x400003E8	0xB00003E8	2	100	0	52901600	52901600
101653110	宝死体_釣る配置【レベル5_イズ】2F　候補2	01	4	1000	HP回復【PG直接指定】	0x400003E8	0xB00003E8	1	100	0	52901600	52901600
101653120	宝死体_釣る配置【レベル5_イズ】2F　候補3	01	4	900	弾丸【PG直接指定】	0x40000384	0xB0000384	5	100	0	52901600	52901600
101653130	宝死体_釣る配置【レベル5_イズ】2F　候補4	01	4	900	弾丸【PG直接指定】	0x40000384	0xB0000384	2	100	0	52901600	52901600
101653140	宝死体_釣る配置【レベル5_イズ】2F　候補5	01	4	900	弾丸【PG直接指定】	0x40000384	0xB0000384	1	100	0	52901600	52901600
101653150	宝死体_釣る配置【レベル5_イズ】2F　候補6	01	4	900	弾丸【PG直接指定】	0x40000384	0xB0000384	1	100	0	52901600	52901600
101653160	宝死体_釣る配置【レベル5_イズ】2F　候補7	01	4	1230	石ころ	0x400004CE	0xB00004CE	1	100	0	52901600	52901600
101653170	宝死体_釣る配置【レベル5_イズ】2F　候補8	01	4	1230	石ころ	0x400004CE	0xB00004CE	1	100	0	52901600	52901600
101653180	宝死体_釣る配置【レベル5_イズ】2F　候補9	01	4	1519	ソウル【9】	0x400005EF	0xB00005EF	1	100	0	52901600	52901600
101653190	宝死体_釣る配置【レベル5_イズ】2F　候補10	01	4	1101	狂気・獣化回復薬	0x4000044D	0xB000044D	1	100	0	52901600	52901600
101653200	宝死体_釣る配置【レベル5_イズ】3F　候補1	01	4	1000	HP回復【PG直接指定】	0x400003E8	0xB00003E8	2	100	0	52901600	52901600
101653210	宝死体_釣る配置【レベル5_イズ】3F　候補2	01	4	1000	HP回復【PG直接指定】	0x400003E8	0xB00003E8	1	100	0	52901600	52901600
101653220	宝死体_釣る配置【レベル5_イズ】3F　候補3	01	4	900	弾丸【PG直接指定】	0x40000384	0xB0000384	5	100	0	52901600	52901600
101653230	宝死体_釣る配置【レベル5_イズ】3F　候補4	01	4	900	弾丸【PG直接指定】	0x40000384	0xB0000384	2	100	0	52901600	52901600
101653240	宝死体_釣る配置【レベル5_イズ】3F　候補5	01	4	900	弾丸【PG直接指定】	0x40000384	0xB0000384	1	100	0	52901600	52901600
101653250	宝死体_釣る配置【レベル5_イズ】3F　候補6	01	4	900	弾丸【PG直接指定】	0x40000384	0xB0000384	1	100	0	52901600	52901600
101653260	宝死体_釣る配置【レベル5_イズ】3F　候補7	01	4	1230	石ころ	0x400004CE	0xB00004CE	1	100	0	52901600	52901600
101653270	宝死体_釣る配置【レベル5_イズ】3F　候補8	01	4	1230	石ころ	0x400004CE	0xB00004CE	1	100	0	52901600	52901600
101653280	宝死体_釣る配置【レベル5_イズ】3F　候補9	01	4	1590	ソウル【10】	0x40000636	0xB0000636	1	100	0	52901600	52901600
101653290	宝死体_釣る配置【レベル5_イズ】3F　候補10	01	4	1120	石ころ帽子	0x40000460	0xB0000460	1	100	0	52901600	52901600
101653300	宝死体_釣る配置【レベル5_イズ】4F　候補1	01	4	1000	HP回復【PG直接指定】	0x400003E8	0xB00003E8	2	100	0	52901600	52901600
101653310	宝死体_釣る配置【レベル5_イズ】4F　候補2	01	4	1000	HP回復【PG直接指定】	0x400003E8	0xB00003E8	1	100	0	52901600	52901600
101653320	宝死体_釣る配置【レベル5_イズ】4F　候補3	01	4	900	弾丸【PG直接指定】	0x40000384	0xB0000384	5	100	0	52901600	52901600
101653330	宝死体_釣る配置【レベル5_イズ】4F　候補4	01	4	900	弾丸【PG直接指定】	0x40000384	0xB0000384	2	100	0	52901600	52901600
101653340	宝死体_釣る配置【レベル5_イズ】4F　候補5	01	4	900	弾丸【PG直接指定】	0x40000384	0xB0000384	1	100	0	52901600	52901600
101653350	宝死体_釣る配置【レベル5_イズ】4F　候補6	01	4	900	弾丸【PG直接指定】	0x40000384	0xB0000384	1	100	0	52901600	52901600
101653360	宝死体_釣る配置【レベル5_イズ】4F　候補7	01	4	1230	石ころ	0x400004CE	0xB00004CE	1	100	0	52901600	52901600
101653370	宝死体_釣る配置【レベル5_イズ】4F　候補8	01	4	1230	石ころ	0x400004CE	0xB00004CE	1	100	0	52901600	52901600
101653380	宝死体_釣る配置【レベル5_イズ】4F　候補9	01	4	1591	ソウル【11】	0x40000637	0xB0000637	1	100	0	52901600	52901600
101653390	宝死体_釣る配置【レベル5_イズ】4F　候補10	01	4	1120	石ころ帽子	0x40000460	0xB0000460	1	100	0	52901600	52901600
110001000	1.04ボス追加報酬 深度1_階層1、2	02	4	3000	武器強化素材【コモン】	0x40000BB8	0xB0000BB8	2	17	0	-1	
110001000	1.04ボス追加報酬 深度1_階層1、2	03	4	3000	武器強化素材【コモン】	0x40000BB8	0xB0000BB8	1	16	0	-1	
110001010	1.04ボス追加報酬 深度1_階層3、4	02	4	3000	武器強化素材【コモン】	0x40000BB8	0xB0000BB8	2	25	0	-1	
110001010	1.04ボス追加報酬 深度1_階層3、4	03	4	3000	武器強化素材【コモン】	0x40000BB8	0xB0000BB8	1	8	0	-1	
110002000	1.04ボス追加報酬 深度2_階層1、2	02	4	3010	武器強化素材【アンコモン】	0x40000BC2	0xB0000BC2	2	8	0	-1	
110002000	1.04ボス追加報酬 深度2_階層1、2	03	4	3010	武器強化素材【アンコモン】	0x40000BC2	0xB0000BC2	1	25	0	-1	
110002010	1.04ボス追加報酬 深度2_階層3、4	02	4	3010	武器強化素材【アンコモン】	0x40000BC2	0xB0000BC2	2	13	0	-1	
110002010	1.04ボス追加報酬 深度2_階層3、4	03	4	3010	武器強化素材【アンコモン】	0x40000BC2	0xB0000BC2	1	21	0	-1	
110003000	1.04ボス追加報酬 深度3_階層1、2	02	4	3020	武器強化素材【レア】	0x40000BCC	0xB0000BCC	1	6	0	-1	
110003000	1.04ボス追加報酬 深度3_階層1、2	03	4	3010	武器強化素材【アンコモン】	0x40000BC2	0xB0000BC2	2	27	0	-1	
110003010	1.04ボス追加報酬 深度3_階層3、4	02	4	3020	武器強化素材【レア】	0x40000BCC	0xB0000BCC	1	8	0	-1	
110003010	1.04ボス追加報酬 深度3_階層3、4	03	4	3010	武器強化素材【アンコモン】	0x40000BC2	0xB0000BC2	2	25	0	-1	
110004000	1.04ボス追加報酬 深度4_階層1、2	02	4	3020	武器強化素材【レア】	0x40000BCC	0xB0000BCC	2	4	0	-1	
110004000	1.04ボス追加報酬 深度4_階層1、2	03	4	3020	武器強化素材【レア】	0x40000BCC	0xB0000BCC	1	29	0	-1	
110004010	1.04ボス追加報酬 深度4_階層3、4	02	4	3020	武器強化素材【レア】	0x40000BCC	0xB0000BCC	2	6	0	-1	
110004010	1.04ボス追加報酬 深度4_階層3、4	03	4	3020	武器強化素材【レア】	0x40000BCC	0xB0000BCC	1	27	0	-1	
110005000	1.04ボス追加報酬 深度5_階層1、2	02	4	3020	武器強化素材【レア】	0x40000BCC	0xB0000BCC	2	24	0	-1	
110005000	1.04ボス追加報酬 深度5_階層1、2	03	4	3020	武器強化素材【レア】	0x40000BCC	0xB0000BCC	1	17	0	-1	
110005010	1.04ボス追加報酬 深度5_階層3、4	02	4	3030	武器強化素材【Sレア】	0x40000BD6	0xB0000BD6	1	8	0	-1	
110005010	1.04ボス追加報酬 深度5_階層3、4	03	4	3020	武器強化素材【レア】	0x40000BCC	0xB0000BCC	2	33	0	-1	
110005010	1.04ボス追加報酬 深度5_階層3、4	04	4	3020	武器強化素材【レア】	0x40000BCC	0xB0000BCC	1	9	0	-1	
110600000	脳喰らい	02	8	50320				1	1000	0	-1	
110600010	脳喰らい	02	8	50320				1	1000	0	-1	
110600020	脳喰らい	02	8	50320				1	1000	0	-1	
110600100	脳喰らい	02	8	50310				1	1000	0	-1	
110600110	脳喰らい	02	8	50310				1	1000	0	-1	
110600120	脳喰らい	02	8	50310				1	1000	0	-1	
110600130	脳喰らい	02	8	50310				1	1000	0	-1	
110600140	脳喰らい	02	8	50310				1	1000	0	-1	
110600150	脳喰らい	02	8	50310				1	1000	0	-1	
110600160	脳喰らい	02	8	50310				1	1000	0	-1	
110601000	脳喰らい	02	8	50320				1	1000	0	-1	
110601010	脳喰らい	02	8	50320				1	1000	0	-1	
110601020	脳喰らい	02	8	50320				1	1000	0	-1	
110601100	脳喰らい	02	8	50310				1	1000	0	-1	
110601110	脳喰らい	02	8	50310				1	1000	0	-1	
110601120	脳喰らい	02	8	50310				1	1000	0	-1	
110601130	脳喰らい	02	8	50310				1	1000	0	-1	
110601140	脳喰らい	02	8	50310				1	1000	0	-1	
110601150	脳喰らい	02	8	50310				1	1000	0	-1	
110601160	脳喰らい	02	8	50310				1	1000	0	-1	
110602000	脳喰らい	02	8	50320				1	1000	0	-1	
110602010	脳喰らい	02	8	50320				1	1000	0	-1	
110602020	脳喰らい	02	8	50320				1	1000	0	-1	
110602100	脳喰らい	02	8	50310				1	1000	0	-1	
110602110	脳喰らい	02	8	50310				1	1000	0	-1	
110602120	脳喰らい	02	8	50310				1	1000	0	-1	
110602130	脳喰らい	02	8	50310				1	1000	0	-1	
110602140	脳喰らい	02	8	50310				1	1000	0	-1	
110602150	脳喰らい	02	8	50310				1	1000	0	-1	
110602160	脳喰らい	02	8	50310				1	1000	0	-1	
110603000	脳喰らい	02	8	50320				1	1000	0	-1	
110603010	脳喰らい	02	8	50320				1	1000	0	-1	
110603020	脳喰らい	02	8	50320				1	1000	0	-1	
110603100	脳喰らい	02	8	50310				1	1000	0	-1	
110603110	脳喰らい	02	8	50310				1	1000	0	-1	
110603120	脳喰らい	02	8	50310				1	1000	0	-1	
110603130	脳喰らい	02	8	50310				1	1000	0	-1	
110603140	脳喰らい	02	8	50310				1	1000	0	-1	
110603150	脳喰らい	02	8	50310				1	1000	0	-1	
110603160	脳喰らい	02	8	50310				1	1000	0	-1	
112700100	吸血豚	02	8	51110				1	1000	0	-1	
112700110	吸血豚	02	8	51110				1	1000	0	-1	
112700120	吸血豚	02	8	51110				1	1000	0	-1	
112700130	吸血豚	02	8	51110				1	1000	0	-1	
112700140	吸血豚	02	8	51110				1	1000	0	-1	
112700150	吸血豚	02	8	51110				1	1000	0	-1	
112700160	吸血豚	02	8	51110				1	1000	0	-1	
112701100	吸血豚	02	8	51110				1	1000	0	-1	
112701110	吸血豚	02	8	51110				1	1000	0	-1	
112701120	吸血豚	02	8	51110				1	1000	0	-1	
112701130	吸血豚	02	8	51110				1	1000	0	-1	
112701140	吸血豚	02	8	51110				1	1000	0	-1	
112701150	吸血豚	02	8	51110				1	1000	0	-1	
112701160	吸血豚	02	8	51110				1	1000	0	-1	
112702100	吸血豚	02	8	51110				1	1000	0	-1	
112702110	吸血豚	02	8	51110				1	1000	0	-1	
112702120	吸血豚	02	8	51110				1	1000	0	-1	
112702130	吸血豚	02	8	51110				1	1000	0	-1	
112702140	吸血豚	02	8	51110				1	1000	0	-1	
112702150	吸血豚	02	8	51110				1	1000	0	-1	
112702160	吸血豚	02	8	51110				1	1000	0	-1	
112703100	吸血豚	02	8	51110				1	1000	0	-1	
112703110	吸血豚	02	8	51110				1	1000	0	-1	
112703120	吸血豚	02	8	51110				1	1000	0	-1	
112703130	吸血豚	02	8	51110				1	1000	0	-1	
112703140	吸血豚	02	8	51110				1	1000	0	-1	
112703150	吸血豚	02	8	51110				1	1000	0	-1	
112703160	吸血豚	02	8	51110				1	1000	0	-1	
120900000	血に渇いた獣	02	8	51520				1	1000	0	-1	
120900010	血に渇いた獣	02	8	51520				1	1000	0	-1	
120900020	血に渇いた獣	02	8	51520				1	1000	0	-1	
120900100	血に渇いた獣	02	8	51510				1	1000	0	-1	
120900110	血に渇いた獣	02	8	51510				1	1000	0	-1	
120900120	血に渇いた獣	02	8	51510				1	1000	0	-1	
120900130	血に渇いた獣	02	8	51510				1	1000	0	-1	
120900140	血に渇いた獣	02	8	51510				1	1000	0	-1	
120900150	血に渇いた獣	02	8	51510				1	1000	0	-1	
120900160	血に渇いた獣	02	8	51510				1	1000	0	-1	
120901000	血に渇いた獣	02	8	51520				1	1000	0	-1	
120901010	血に渇いた獣	02	8	51520				1	1000	0	-1	
120901020	血に渇いた獣	02	8	51520				1	1000	0	-1	
120901100	血に渇いた獣	02	8	51510				1	1000	0	-1	
120901110	血に渇いた獣	02	8	51510				1	1000	0	-1	
120901120	血に渇いた獣	02	8	51510				1	1000	0	-1	
120901130	血に渇いた獣	02	8	51510				1	1000	0	-1	
120901140	血に渇いた獣	02	8	51510				1	1000	0	-1	
120901150	血に渇いた獣	02	8	51510				1	1000	0	-1	
120901160	血に渇いた獣	02	8	51510				1	1000	0	-1	
120902000	血に渇いた獣	02	8	51520				1	1000	0	-1	
120902010	血に渇いた獣	02	8	51520				1	1000	0	-1	
120902020	血に渇いた獣	02	8	51520				1	1000	0	-1	
120902100	血に渇いた獣	02	8	51510				1	1000	0	-1	
120902110	血に渇いた獣	02	8	51510				1	1000	0	-1	
120902120	血に渇いた獣	02	8	51510				1	1000	0	-1	
120902130	血に渇いた獣	02	8	51510				1	1000	0	-1	
120902140	血に渇いた獣	02	8	51510				1	1000	0	-1	
120902150	血に渇いた獣	02	8	51510				1	1000	0	-1	
120902160	血に渇いた獣	02	8	51510				1	1000	0	-1	
120903000	血に渇いた獣	02	8	51520				1	1000	0	-1	
120903010	血に渇いた獣	02	8	51520				1	1000	0	-1	
120903020	血に渇いた獣	02	8	51520				1	1000	0	-1	
120903100	血に渇いた獣	02	8	51510				1	1000	0	-1	
120903110	血に渇いた獣	02	8	51510				1	1000	0	-1	
120903120	血に渇いた獣	02	8	51510				1	1000	0	-1	
120903130	血に渇いた獣	02	8	51510				1	1000	0	-1	
120903140	血に渇いた獣	02	8	51510				1	1000	0	-1	
120903150	血に渇いた獣	02	8	51510				1	1000	0	-1	
120903160	血に渇いた獣	02	8	51510				1	1000	0	-1	
121600000	滅びの炎の眷属	02	8	51720				1	1000	0	-1	
121600010	滅びの炎の眷属	02	8	51720				1	1000	0	-1	
121600020	滅びの炎の眷属	02	8	51720				1	1000	0	-1	
121600100	滅びの炎の眷属	02	8	51710				1	1000	0	-1	
121600110	滅びの炎の眷属	02	8	51710				1	1000	0	-1	
121600120	滅びの炎の眷属	02	8	51710				1	1000	0	-1	
121600130	滅びの炎の眷属	02	8	51710				1	1000	0	-1	
121600140	滅びの炎の眷属	02	8	51710				1	1000	0	-1	
121600150	滅びの炎の眷属	02	8	51710				1	1000	0	-1	
121600160	滅びの炎の眷属	02	8	51710				1	1000	0	-1	
121601000	滅びの炎の眷属	02	8	51720				1	1000	0	-1	
121601010	滅びの炎の眷属	02	8	51720				1	1000	0	-1	
121601020	滅びの炎の眷属	02	8	51720				1	1000	0	-1	
121601100	滅びの炎の眷属	02	8	51710				1	1000	0	-1	
121601110	滅びの炎の眷属	02	8	51710				1	1000	0	-1	
121601120	滅びの炎の眷属	02	8	51710				1	1000	0	-1	
121601130	滅びの炎の眷属	02	8	51710				1	1000	0	-1	
121601140	滅びの炎の眷属	02	8	51710				1	1000	0	-1	
121601150	滅びの炎の眷属	02	8	51710				1	1000	0	-1	
121601160	滅びの炎の眷属	02	8	51710				1	1000	0	-1	
121602000	滅びの炎の眷属	02	8	51720				1	1000	0	-1	
121602010	滅びの炎の眷属	02	8	51720				1	1000	0	-1	
121602020	滅びの炎の眷属	02	8	51720				1	1000	0	-1	
121602100	滅びの炎の眷属	02	8	51710				1	1000	0	-1	
121602110	滅びの炎の眷属	02	8	51710				1	1000	0	-1	
121602120	滅びの炎の眷属	02	8	51710				1	1000	0	-1	
121602130	滅びの炎の眷属	02	8	51710				1	1000	0	-1	
121602140	滅びの炎の眷属	02	8	51710				1	1000	0	-1	
121602150	滅びの炎の眷属	02	8	51710				1	1000	0	-1	
121602160	滅びの炎の眷属	02	8	51710				1	1000	0	-1	
121603000	滅びの炎の眷属	02	8	51720				1	1000	0	-1	
121603010	滅びの炎の眷属	02	8	51720				1	1000	0	-1	
121603020	滅びの炎の眷属	02	8	51720				1	1000	0	-1	
121603100	滅びの炎の眷属	02	8	51710				1	1000	0	-1	
121603110	滅びの炎の眷属	02	8	51710				1	1000	0	-1	
121603120	滅びの炎の眷属	02	8	51710				1	1000	0	-1	
121603130	滅びの炎の眷属	02	8	51710				1	1000	0	-1	
121603140	滅びの炎の眷属	02	8	51710				1	1000	0	-1	
121603150	滅びの炎の眷属	02	8	51710				1	1000	0	-1	
121603160	滅びの炎の眷属	02	8	51710				1	1000	0	-1	
121800100	銀の獣の眷属	02	8	51810				1	1000	0	-1	
121800110	銀の獣の眷属	02	8	51810				1	1000	0	-1	
121800120	銀の獣の眷属	02	8	51810				1	1000	0	-1	
121800130	銀の獣の眷属	02	8	51810				1	1000	0	-1	
121800140	銀の獣の眷属	02	8	51810				1	1000	0	-1	
121800150	銀の獣の眷属	02	8	51810				1	1000	0	-1	
121800160	銀の獣の眷属	02	8	51810				1	1000	0	-1	
121801100	銀の獣の眷属	02	8	51810				1	1000	0	-1	
121801110	銀の獣の眷属	02	8	51810				1	1000	0	-1	
121801120	銀の獣の眷属	02	8	51810				1	1000	0	-1	
121801130	銀の獣の眷属	02	8	51810				1	1000	0	-1	
121801140	銀の獣の眷属	02	8	51810				1	1000	0	-1	
121801150	銀の獣の眷属	02	8	51810				1	1000	0	-1	
121801160	銀の獣の眷属	02	8	51810				1	1000	0	-1	
121802100	銀の獣の眷属	02	8	51810				1	1000	0	-1	
121802110	銀の獣の眷属	02	8	51810				1	1000	0	-1	
121802120	銀の獣の眷属	02	8	51810				1	1000	0	-1	
121802130	銀の獣の眷属	02	8	51810				1	1000	0	-1	
121802140	銀の獣の眷属	02	8	51810				1	1000	0	-1	
121802150	銀の獣の眷属	02	8	51810				1	1000	0	-1	
121802160	銀の獣の眷属	02	8	51810				1	1000	0	-1	
121803100	銀の獣の眷属	02	8	51810				1	1000	0	-1	
121803110	銀の獣の眷属	02	8	51810				1	1000	0	-1	
121803120	銀の獣の眷属	02	8	51810				1	1000	0	-1	
121803130	銀の獣の眷属	02	8	51810				1	1000	0	-1	
121803140	銀の獣の眷属	02	8	51810				1	1000	0	-1	
121803150	銀の獣の眷属	02	8	51810				1	1000	0	-1	
121803160	銀の獣の眷属	02	8	51810				1	1000	0	-1	
125100000	月の落とし子	02	8	52020				1	1000	0	-1	
125100010	月の落とし子	02	8	52020				1	1000	0	-1	
125100020	月の落とし子	02	8	52020				1	1000	0	-1	
125101000	月の落とし子	02	8	52020				1	1000	0	-1	
125101010	月の落とし子	02	8	52020				1	1000	0	-1	
125101020	月の落とし子	02	8	52020				1	1000	0	-1	
125102000	月の落とし子	02	8	52020				1	1000	0	-1	
125102010	月の落とし子	02	8	52020				1	1000	0	-1	
125102020	月の落とし子	02	8	52020				1	1000	0	-1	
125103000	月の落とし子	02	8	52020				1	1000	0	-1	
125103010	月の落とし子	02	8	52020				1	1000	0	-1	
125103020	月の落とし子	02	8	52020				1	1000	0	-1	
125700000	月からの使者（大）	02	8	52120				1	1000	0	-1	
125700010	月からの使者（大）	02	8	52120				1	1000	0	-1	
125700020	月からの使者（大）	02	8	52120				1	1000	0	-1	
125700100	月からの使者（大）	02	8	52110				1	1000	0	-1	
125700110	月からの使者（大）	02	8	52110				1	1000	0	-1	
125700120	月からの使者（大）	02	8	52110				1	1000	0	-1	
125700130	月からの使者（大）	02	8	52110				1	1000	0	-1	
125700140	月からの使者（大）	02	8	52110				1	1000	0	-1	
125700150	月からの使者（大）	02	8	52110				1	1000	0	-1	
125700160	月からの使者（大）	02	8	52110				1	1000	0	-1	
125701000	月からの使者（大）	02	8	52120				1	1000	0	-1	
125701010	月からの使者（大）	02	8	52120				1	1000	0	-1	
125701020	月からの使者（大）	02	8	52120				1	1000	0	-1	
125701100	月からの使者（大）	02	8	52110				1	1000	0	-1	
125701110	月からの使者（大）	02	8	52110				1	1000	0	-1	
125701120	月からの使者（大）	02	8	52110				1	1000	0	-1	
125701130	月からの使者（大）	02	8	52110				1	1000	0	-1	
125701140	月からの使者（大）	02	8	52110				1	1000	0	-1	
125701150	月からの使者（大）	02	8	52110				1	1000	0	-1	
125701160	月からの使者（大）	02	8	52110				1	1000	0	-1	
125702000	月からの使者（大）	02	8	52120				1	1000	0	-1	
125702010	月からの使者（大）	02	8	52120				1	1000	0	-1	
125702020	月からの使者（大）	02	8	52120				1	1000	0	-1	
125702100	月からの使者（大）	02	8	52110				1	1000	0	-1	
125702110	月からの使者（大）	02	8	52110				1	1000	0	-1	
125702120	月からの使者（大）	02	8	52110				1	1000	0	-1	
125702130	月からの使者（大）	02	8	52110				1	1000	0	-1	
125702140	月からの使者（大）	02	8	52110				1	1000	0	-1	
125702150	月からの使者（大）	02	8	52110				1	1000	0	-1	
125702160	月からの使者（大）	02	8	52110				1	1000	0	-1	
125703000	月からの使者（大）	02	8	52120				1	1000	0	-1	
125703010	月からの使者（大）	02	8	52120				1	1000	0	-1	
125703020	月からの使者（大）	02	8	52120				1	1000	0	-1	
125703100	月からの使者（大）	02	8	52110				1	1000	0	-1	
125703110	月からの使者（大）	02	8	52110				1	1000	0	-1	
125703120	月からの使者（大）	02	8	52110				1	1000	0	-1	
125703130	月からの使者（大）	02	8	52110				1	1000	0	-1	
125703140	月からの使者（大）	02	8	52110				1	1000	0	-1	
125703150	月からの使者（大）	02	8	52110				1	1000	0	-1	
125703160	月からの使者（大）	02	8	52110				1	1000	0	-1	
130400100	ダンジョン人（デブ）	02	8	52620				1	1000	0	-1	
130400110	ダンジョン人（デブ）	02	8	52620				1	1000	0	-1	
130400120	ダンジョン人（デブ）	02	8	52620				1	1000	0	-1	
130400130	ダンジョン人（デブ）	02	8	52620				1	1000	0	-1	
130400140	ダンジョン人（デブ）	02	8	52620				1	1000	0	-1	
130400150	ダンジョン人（デブ）	02	8	52620				1	1000	0	-1	
130400160	ダンジョン人（デブ）	02	8	52620				1	1000	0	-1	
130401100	ダンジョン人（デブ）	02	8	52620				1	1000	0	-1	
130401110	ダンジョン人（デブ）	02	8	52620				1	1000	0	-1	
130401120	ダンジョン人（デブ）	02	8	52620				1	1000	0	-1	
130401130	ダンジョン人（デブ）	02	8	52620				1	1000	0	-1	
130401140	ダンジョン人（デブ）	02	8	52620				1	1000	0	-1	
130401150	ダンジョン人（デブ）	02	8	52620				1	1000	0	-1	
130401160	ダンジョン人（デブ）	02	8	52620				1	1000	0	-1	
130402100	ダンジョン人（デブ）	02	8	52620				1	1000	0	-1	
130402110	ダンジョン人（デブ）	02	8	52620				1	1000	0	-1	
130402120	ダンジョン人（デブ）	02	8	52620				1	1000	0	-1	
130402130	ダンジョン人（デブ）	02	8	52620				1	1000	0	-1	
130402140	ダンジョン人（デブ）	02	8	52620				1	1000	0	-1	
130402150	ダンジョン人（デブ）	02	8	52620				1	1000	0	-1	
130402160	ダンジョン人（デブ）	02	8	52620				1	1000	0	-1	
130403100	ダンジョン人（デブ）	02	8	52620				1	1000	0	-1	
130403110	ダンジョン人（デブ）	02	8	52620				1	1000	0	-1	
130403120	ダンジョン人（デブ）	02	8	52620				1	1000	0	-1	
130403130	ダンジョン人（デブ）	02	8	52620				1	1000	0	-1	
130403140	ダンジョン人（デブ）	02	8	52620				1	1000	0	-1	
130403150	ダンジョン人（デブ）	02	8	52620				1	1000	0	-1	
130403160	ダンジョン人（デブ）	02	8	52620				1	1000	0	-1	
130500000	ダンジョン人（ロード)　双剣	02	8	52720				1	1000	0	-1	
130500010	ダンジョン人（ロード)　双剣	02	8	52720				1	1000	0	-1	
130500020	ダンジョン人（ロード)　双剣	02	8	52720				1	1000	0	-1	
130500100	ダンジョン人（ロード)　双剣	02	8	52710				1	1000	0	-1	
130500110	ダンジョン人（ロード)　双剣	02	8	52710				1	1000	0	-1	
130500120	ダンジョン人（ロード)　双剣	02	8	52710				1	1000	0	-1	
130500130	ダンジョン人（ロード)　双剣	02	8	52710				1	1000	0	-1	
130500140	ダンジョン人（ロード)　双剣	02	8	52710				1	1000	0	-1	
130500150	ダンジョン人（ロード)　双剣	02	8	52710				1	1000	0	-1	
130500160	ダンジョン人（ロード)　双剣	02	8	52710				1	1000	0	-1	
130501000	ダンジョン人（ロード)　双剣	02	8	52720				1	1000	0	-1	
130501010	ダンジョン人（ロード)　双剣	02	8	52720				1	1000	0	-1	
130501020	ダンジョン人（ロード)　双剣	02	8	52720				1	1000	0	-1	
130501100	ダンジョン人（ロード)　双剣	02	8	52710				1	1000	0	-1	
130501110	ダンジョン人（ロード)　双剣	02	8	52710				1	1000	0	-1	
130501120	ダンジョン人（ロード)　双剣	02	8	52710				1	1000	0	-1	
130501130	ダンジョン人（ロード)　双剣	02	8	52710				1	1000	0	-1	
130501140	ダンジョン人（ロード)　双剣	02	8	52710				1	1000	0	-1	
130501150	ダンジョン人（ロード)　双剣	02	8	52710				1	1000	0	-1	
130501160	ダンジョン人（ロード)　双剣	02	8	52710				1	1000	0	-1	
130502000	ダンジョン人（ロード)　双剣	02	8	52720				1	1000	0	-1	
130502010	ダンジョン人（ロード)　双剣	02	8	52720				1	1000	0	-1	
130502020	ダンジョン人（ロード)　双剣	02	8	52720				1	1000	0	-1	
130502100	ダンジョン人（ロード)　双剣	02	8	52710				1	1000	0	-1	
130502110	ダンジョン人（ロード)　双剣	02	8	52710				1	1000	0	-1	
130502120	ダンジョン人（ロード)　双剣	02	8	52710				1	1000	0	-1	
130502130	ダンジョン人（ロード)　双剣	02	8	52710				1	1000	0	-1	
130502140	ダンジョン人（ロード)　双剣	02	8	52710				1	1000	0	-1	
130502150	ダンジョン人（ロード)　双剣	02	8	52710				1	1000	0	-1	
130502160	ダンジョン人（ロード)　双剣	02	8	52710				1	1000	0	-1	
130503000	ダンジョン人（ロード)　双剣	02	8	52720				1	1000	0	-1	
130503010	ダンジョン人（ロード)　双剣	02	8	52720				1	1000	0	-1	
130503020	ダンジョン人（ロード)　双剣	02	8	52720				1	1000	0	-1	
130503100	ダンジョン人（ロード)　双剣	02	8	52710				1	1000	0	-1	
130503110	ダンジョン人（ロード)　双剣	02	8	52710				1	1000	0	-1	
130503120	ダンジョン人（ロード)　双剣	02	8	52710				1	1000	0	-1	
130503130	ダンジョン人（ロード)　双剣	02	8	52710				1	1000	0	-1	
130503140	ダンジョン人（ロード)　双剣	02	8	52710				1	1000	0	-1	
130503150	ダンジョン人（ロード)　双剣	02	8	52710				1	1000	0	-1	
130503160	ダンジョン人（ロード)　双剣	02	8	52710				1	1000	0	-1	
130510000	ダンジョン人（ロード)　杖	02	8	52721				1	1000	0	-1	
130510010	ダンジョン人（ロード)　杖	02	8	52721				1	1000	0	-1	
130510020	ダンジョン人（ロード)　杖	02	8	52721				1	1000	0	-1	
130510100	ダンジョン人（ロード)　杖	02	8	52711				1	1000	0	-1	
130510110	ダンジョン人（ロード)　杖	02	8	52711				1	1000	0	-1	
130510120	ダンジョン人（ロード)　杖	02	8	52711				1	1000	0	-1	
130510130	ダンジョン人（ロード)　杖	02	8	52711				1	1000	0	-1	
130510140	ダンジョン人（ロード)　杖	02	8	52711				1	1000	0	-1	
130510150	ダンジョン人（ロード)　杖	02	8	52711				1	1000	0	-1	
130510160	ダンジョン人（ロード)　杖	02	8	52711				1	1000	0	-1	
130511000	ダンジョン人（ロード)　杖	02	8	52721				1	1000	0	-1	
130511010	ダンジョン人（ロード)　杖	02	8	52721				1	1000	0	-1	
130511020	ダンジョン人（ロード)　杖	02	8	52721				1	1000	0	-1	
130511100	ダンジョン人（ロード)　杖	02	8	52711				1	1000	0	-1	
130511110	ダンジョン人（ロード)　杖	02	8	52711				1	1000	0	-1	
130511120	ダンジョン人（ロード)　杖	02	8	52711				1	1000	0	-1	
130511130	ダンジョン人（ロード)　杖	02	8	52711				1	1000	0	-1	
130511140	ダンジョン人（ロード)　杖	02	8	52711				1	1000	0	-1	
130511150	ダンジョン人（ロード)　杖	02	8	52711				1	1000	0	-1	
130511160	ダンジョン人（ロード)　杖	02	8	52711				1	1000	0	-1	
130512000	ダンジョン人（ロード)　杖	02	8	52721				1	1000	0	-1	
130512010	ダンジョン人（ロード)　杖	02	8	52721				1	1000	0	-1	
130512020	ダンジョン人（ロード)　杖	02	8	52721				1	1000	0	-1	
130512100	ダンジョン人（ロード)　杖	02	8	52711				1	1000	0	-1	
130512110	ダンジョン人（ロード)　杖	02	8	52711				1	1000	0	-1	
130512120	ダンジョン人（ロード)　杖	02	8	52711				1	1000	0	-1	
130512130	ダンジョン人（ロード)　杖	02	8	52711				1	1000	0	-1	
130512140	ダンジョン人（ロード)　杖	02	8	52711				1	1000	0	-1	
130512150	ダンジョン人（ロード)　杖	02	8	52711				1	1000	0	-1	
130512160	ダンジョン人（ロード)　杖	02	8	52711				1	1000	0	-1	
130513000	ダンジョン人（ロード)　杖	02	8	52721				1	1000	0	-1	
130513010	ダンジョン人（ロード)　杖	02	8	52721				1	1000	0	-1	
130513020	ダンジョン人（ロード)　杖	02	8	52721				1	1000	0	-1	
130513100	ダンジョン人（ロード)　杖	02	8	52711				1	1000	0	-1	
130513110	ダンジョン人（ロード)　杖	02	8	52711				1	1000	0	-1	
130513120	ダンジョン人（ロード)　杖	02	8	52711				1	1000	0	-1	
130513130	ダンジョン人（ロード)　杖	02	8	52711				1	1000	0	-1	
130513140	ダンジョン人（ロード)　杖	02	8	52711				1	1000	0	-1	
130513150	ダンジョン人（ロード)　杖	02	8	52711				1	1000	0	-1	
130513160	ダンジョン人（ロード)　杖	02	8	52711				1	1000	0	-1	
131300000	フレッシュゴーレム	02	8	53020				1	500	0	-1	
131300000	フレッシュゴーレム	03	8	53021				1	500	0	-1	
131300010	フレッシュゴーレム	02	8	53020				1	500	0	-1	
131300010	フレッシュゴーレム	03	8	53021				1	500	0	-1	
131300020	フレッシュゴーレム	02	8	53020				1	500	0	-1	
131300020	フレッシュゴーレム	03	8	53021				1	500	0	-1	
131300100	フレッシュゴーレム	02	8	53010				1	500	0	-1	
131300100	フレッシュゴーレム	03	8	53011				1	500	0	-1	
131300110	フレッシュゴーレム	02	8	53010				1	500	0	-1	
131300110	フレッシュゴーレム	03	8	53011				1	500	0	-1	
131300120	フレッシュゴーレム	02	8	53010				1	500	0	-1	
131300120	フレッシュゴーレム	03	8	53011				1	500	0	-1	
131300130	フレッシュゴーレム	02	8	53010				1	500	0	-1	
131300130	フレッシュゴーレム	03	8	53011				1	500	0	-1	
131300140	フレッシュゴーレム	02	8	53010				1	500	0	-1	
131300140	フレッシュゴーレム	03	8	53011				1	500	0	-1	
131300150	フレッシュゴーレム	02	8	53010				1	500	0	-1	
131300150	フレッシュゴーレム	03	8	53011				1	500	0	-1	
131300160	フレッシュゴーレム	02	8	53010				1	500	0	-1	
131300160	フレッシュゴーレム	03	8	53011				1	500	0	-1	
131301000	フレッシュゴーレム	02	8	53020				1	500	0	-1	
131301000	フレッシュゴーレム	03	8	53021				1	500	0	-1	
131301010	フレッシュゴーレム	02	8	53020				1	500	0	-1	
131301010	フレッシュゴーレム	03	8	53021				1	500	0	-1	
131301020	フレッシュゴーレム	02	8	53020				1	500	0	-1	
131301020	フレッシュゴーレム	03	8	53021				1	500	0	-1	
131301100	フレッシュゴーレム	02	8	53010				1	500	0	-1	
131301100	フレッシュゴーレム	03	8	53011				1	500	0	-1	
131301110	フレッシュゴーレム	02	8	53010				1	500	0	-1	
131301110	フレッシュゴーレム	03	8	53011				1	500	0	-1	
131301120	フレッシュゴーレム	02	8	53010				1	500	0	-1	
131301120	フレッシュゴーレム	03	8	53011				1	500	0	-1	
131301130	フレッシュゴーレム	02	8	53010				1	500	0	-1	
131301130	フレッシュゴーレム	03	8	53011				1	500	0	-1	
131301140	フレッシュゴーレム	02	8	53010				1	500	0	-1	
131301140	フレッシュゴーレム	03	8	53011				1	500	0	-1	
131301150	フレッシュゴーレム	02	8	53010				1	500	0	-1	
131301150	フレッシュゴーレム	03	8	53011				1	500	0	-1	
131301160	フレッシュゴーレム	02	8	53010				1	500	0	-1	
131301160	フレッシュゴーレム	03	8	53011				1	500	0	-1	
131302000	フレッシュゴーレム	02	8	53020				1	500	0	-1	
131302000	フレッシュゴーレム	03	8	53021				1	500	0	-1	
131302010	フレッシュゴーレム	02	8	53020				1	500	0	-1	
131302010	フレッシュゴーレム	03	8	53021				1	500	0	-1	
131302020	フレッシュゴーレム	02	8	53020				1	500	0	-1	
131302020	フレッシュゴーレム	03	8	53021				1	500	0	-1	
131302100	フレッシュゴーレム	02	8	53010				1	500	0	-1	
131302100	フレッシュゴーレム	03	8	53011				1	500	0	-1	
131302110	フレッシュゴーレム	02	8	53010				1	500	0	-1	
131302110	フレッシュゴーレム	03	8	53011				1	500	0	-1	
131302120	フレッシュゴーレム	02	8	53010				1	500	0	-1	
131302120	フレッシュゴーレム	03	8	53011				1	500	0	-1	
131302130	フレッシュゴーレム	02	8	53010				1	500	0	-1	
131302130	フレッシュゴーレム	03	8	53011				1	500	0	-1	
131302140	フレッシュゴーレム	02	8	53010				1	500	0	-1	
131302140	フレッシュゴーレム	03	8	53011				1	500	0	-1	
131302150	フレッシュゴーレム	02	8	53010				1	500	0	-1	
131302150	フレッシュゴーレム	03	8	53011				1	500	0	-1	
131302160	フレッシュゴーレム	02	8	53010				1	500	0	-1	
131302160	フレッシュゴーレム	03	8	53011				1	500	0	-1	
131303000	フレッシュゴーレム	02	8	53020				1	500	0	-1	
131303000	フレッシュゴーレム	03	8	53021				1	500	0	-1	
131303010	フレッシュゴーレム	02	8	53020				1	500	0	-1	
131303010	フレッシュゴーレム	03	8	53021				1	500	0	-1	
131303020	フレッシュゴーレム	02	8	53020				1	500	0	-1	
131303020	フレッシュゴーレム	03	8	53021				1	500	0	-1	
131303100	フレッシュゴーレム	02	8	53010				1	500	0	-1	
131303100	フレッシュゴーレム	03	8	53011				1	500	0	-1	
131303110	フレッシュゴーレム	02	8	53010				1	500	0	-1	
131303110	フレッシュゴーレム	03	8	53011				1	500	0	-1	
131303120	フレッシュゴーレム	02	8	53010				1	500	0	-1	
131303120	フレッシュゴーレム	03	8	53011				1	500	0	-1	
131303130	フレッシュゴーレム	02	8	53010				1	500	0	-1	
131303130	フレッシュゴーレム	03	8	53011				1	500	0	-1	
131303140	フレッシュゴーレム	02	8	53010				1	500	0	-1	
131303140	フレッシュゴーレム	03	8	53011				1	500	0	-1	
131303150	フレッシュゴーレム	02	8	53010				1	500	0	-1	
131303150	フレッシュゴーレム	03	8	53011				1	500	0	-1	
131303160	フレッシュゴーレム	02	8	53010				1	500	0	-1	
131303160	フレッシュゴーレム	03	8	53011				1	500	0	-1	
150100000	炎の獣	02	8	53120				1	1000	0	-1	
150100010	炎の獣	02	8	53120				1	1000	0	-1	
150100020	炎の獣	02	8	53120				1	1000	0	-1	
150100100	炎の獣	02	8	53110				1	1000	0	-1	
150100110	炎の獣	02	8	53110				1	1000	0	-1	
150100120	炎の獣	02	8	53110				1	1000	0	-1	
150100130	炎の獣	02	8	53110				1	1000	0	-1	
150100140	炎の獣	02	8	53110				1	1000	0	-1	
150100150	炎の獣	02	8	53110				1	1000	0	-1	
150100160	炎の獣	02	8	53110				1	1000	0	-1	
150101000	炎の獣	02	8	53120				1	1000	0	-1	
150101010	炎の獣	02	8	53120				1	1000	0	-1	
150101020	炎の獣	02	8	53120				1	1000	0	-1	
150101100	炎の獣	02	8	53110				1	1000	0	-1	
150101110	炎の獣	02	8	53110				1	1000	0	-1	
150101120	炎の獣	02	8	53110				1	1000	0	-1	
150101130	炎の獣	02	8	53110				1	1000	0	-1	
150101140	炎の獣	02	8	53110				1	1000	0	-1	
150101150	炎の獣	02	8	53110				1	1000	0	-1	
150101160	炎の獣	02	8	53110				1	1000	0	-1	
150102000	炎の獣	02	8	53120				1	1000	0	-1	
150102010	炎の獣	02	8	53120				1	1000	0	-1	
150102020	炎の獣	02	8	53120				1	1000	0	-1	
150102100	炎の獣	02	8	53110				1	1000	0	-1	
150102110	炎の獣	02	8	53110				1	1000	0	-1	
150102120	炎の獣	02	8	53110				1	1000	0	-1	
150102130	炎の獣	02	8	53110				1	1000	0	-1	
150102140	炎の獣	02	8	53110				1	1000	0	-1	
150102150	炎の獣	02	8	53110				1	1000	0	-1	
150102160	炎の獣	02	8	53110				1	1000	0	-1	
150103000	炎の獣	02	8	53120				1	1000	0	-1	
150103010	炎の獣	02	8	53120				1	1000	0	-1	
150103020	炎の獣	02	8	53120				1	1000	0	-1	
150103100	炎の獣	02	8	53110				1	1000	0	-1	
150103110	炎の獣	02	8	53110				1	1000	0	-1	
150103120	炎の獣	02	8	53110				1	1000	0	-1	
150103130	炎の獣	02	8	53110				1	1000	0	-1	
150103140	炎の獣	02	8	53110				1	1000	0	-1	
150103150	炎の獣	02	8	53110				1	1000	0	-1	
150103160	炎の獣	02	8	53110				1	1000	0	-1	
150400000	嵐の獣	02	8	53220				1	1000	0	-1	
150400010	嵐の獣	02	8	53220				1	1000	0	-1	
150400020	嵐の獣	02	8	53220				1	1000	0	-1	
150400100	嵐の獣	02	8	53210				1	1000	0	-1	
150400110	嵐の獣	02	8	53210				1	1000	0	-1	
150400120	嵐の獣	02	8	53210				1	1000	0	-1	
150400130	嵐の獣	02	8	53210				1	1000	0	-1	
150400140	嵐の獣	02	8	53210				1	1000	0	-1	
150400150	嵐の獣	02	8	53210				1	1000	0	-1	
150400160	嵐の獣	02	8	53210				1	1000	0	-1	
150401000	嵐の獣	02	8	53220				1	1000	0	-1	
150401010	嵐の獣	02	8	53220				1	1000	0	-1	
150401020	嵐の獣	02	8	53220				1	1000	0	-1	
150401100	嵐の獣	02	8	53210				1	1000	0	-1	
150401110	嵐の獣	02	8	53210				1	1000	0	-1	
150401120	嵐の獣	02	8	53210				1	1000	0	-1	
150401130	嵐の獣	02	8	53210				1	1000	0	-1	
150401140	嵐の獣	02	8	53210				1	1000	0	-1	
150401150	嵐の獣	02	8	53210				1	1000	0	-1	
150401160	嵐の獣	02	8	53210				1	1000	0	-1	
150402000	嵐の獣	02	8	53220				1	1000	0	-1	
150402010	嵐の獣	02	8	53220				1	1000	0	-1	
150402020	嵐の獣	02	8	53220				1	1000	0	-1	
150402100	嵐の獣	02	8	53210				1	1000	0	-1	
150402110	嵐の獣	02	8	53210				1	1000	0	-1	
150402120	嵐の獣	02	8	53210				1	1000	0	-1	
150402130	嵐の獣	02	8	53210				1	1000	0	-1	
150402140	嵐の獣	02	8	53210				1	1000	0	-1	
150402150	嵐の獣	02	8	53210				1	1000	0	-1	
150402160	嵐の獣	02	8	53210				1	1000	0	-1	
150403000	嵐の獣	02	8	53220				1	1000	0	-1	
150403010	嵐の獣	02	8	53220				1	1000	0	-1	
150403020	嵐の獣	02	8	53220				1	1000	0	-1	
150403100	嵐の獣	02	8	53210				1	1000	0	-1	
150403110	嵐の獣	02	8	53210				1	1000	0	-1	
150403120	嵐の獣	02	8	53210				1	1000	0	-1	
150403130	嵐の獣	02	8	53210				1	1000	0	-1	
150403140	嵐の獣	02	8	53210				1	1000	0	-1	
150403150	嵐の獣	02	8	53210				1	1000	0	-1	
150403160	嵐の獣	02	8	53210				1	1000	0	-1	
150800000	嵐の獣（骨）	02	8	53320				1	1000	0	-1	
150800010	嵐の獣（骨）	02	8	53320				1	1000	0	-1	
150800020	嵐の獣（骨）	02	8	53320				1	1000	0	-1	
150801000	嵐の獣（骨）	02	8	53320				1	1000	0	-1	
150801010	嵐の獣（骨）	02	8	53320				1	1000	0	-1	
150801020	嵐の獣（骨）	02	8	53320				1	1000	0	-1	
150802000	嵐の獣（骨）	02	8	53320				1	1000	0	-1	
150802010	嵐の獣（骨）	02	8	53320				1	1000	0	-1	
150802020	嵐の獣（骨）	02	8	53320				1	1000	0	-1	
150803000	嵐の獣（骨）	02	8	53320				1	1000	0	-1	
150803010	嵐の獣（骨）	02	8	53320				1	1000	0	-1	
150803020	嵐の獣（骨）	02	8	53320				1	1000	0	-1	
150900000	始祖ビースト	02	8	53420				1	1000	0	-1	
150900010	始祖ビースト	02	8	53420				1	1000	0	-1	
150900020	始祖ビースト	02	8	53420				1	1000	0	-1	
150900100	始祖ビースト	02	8	53410				1	1000	0	-1	
150900110	始祖ビースト	02	8	53410				1	1000	0	-1	
150900120	始祖ビースト	02	8	53410				1	1000	0	-1	
150900130	始祖ビースト	02	8	53410				1	1000	0	-1	
150900140	始祖ビースト	02	8	53410				1	1000	0	-1	
150900150	始祖ビースト	02	8	53410				1	1000	0	-1	
150900160	始祖ビースト	02	8	53410				1	1000	0	-1	
150901000	始祖ビースト	02	8	53420				1	1000	0	-1	
150901010	始祖ビースト	02	8	53420				1	1000	0	-1	
150901020	始祖ビースト	02	8	53420				1	1000	0	-1	
150901100	始祖ビースト	02	8	53410				1	1000	0	-1	
150901110	始祖ビースト	02	8	53410				1	1000	0	-1	
150901120	始祖ビースト	02	8	53410				1	1000	0	-1	
150901130	始祖ビースト	02	8	53410				1	1000	0	-1	
150901140	始祖ビースト	02	8	53410				1	1000	0	-1	
150901150	始祖ビースト	02	8	53410				1	1000	0	-1	
150901160	始祖ビースト	02	8	53410				1	1000	0	-1	
150902000	始祖ビースト	02	8	53420				1	1000	0	-1	
150902010	始祖ビースト	02	8	53420				1	1000	0	-1	
150902020	始祖ビースト	02	8	53420				1	1000	0	-1	
150902100	始祖ビースト	02	8	53410				1	1000	0	-1	
150902110	始祖ビースト	02	8	53410				1	1000	0	-1	
150902120	始祖ビースト	02	8	53410				1	1000	0	-1	
150902130	始祖ビースト	02	8	53410				1	1000	0	-1	
150902140	始祖ビースト	02	8	53410				1	1000	0	-1	
150902150	始祖ビースト	02	8	53410				1	1000	0	-1	
150902160	始祖ビースト	02	8	53410				1	1000	0	-1	
150903000	始祖ビースト	02	8	53420				1	1000	0	-1	
150903010	始祖ビースト	02	8	53420				1	1000	0	-1	
150903020	始祖ビースト	02	8	53420				1	1000	0	-1	
150903100	始祖ビースト	02	8	53410				1	1000	0	-1	
150903110	始祖ビースト	02	8	53410				1	1000	0	-1	
150903120	始祖ビースト	02	8	53410				1	1000	0	-1	
150903130	始祖ビースト	02	8	53410				1	1000	0	-1	
150903140	始祖ビースト	02	8	53410				1	1000	0	-1	
150903150	始祖ビースト	02	8	53410				1	1000	0	-1	
150903160	始祖ビースト	02	8	53410				1	1000	0	-1	
150910000	始祖ビースト　首なし	02	8	53421				1	1000	0	-1	
150910010	始祖ビースト　首なし	02	8	53421				1	1000	0	-1	
150910020	始祖ビースト　首なし	02	8	53421				1	1000	0	-1	
150910100	始祖ビースト　首なし	02	8	53411				1	1000	0	-1	
150910110	始祖ビースト　首なし	02	8	53411				1	1000	0	-1	
150910120	始祖ビースト　首なし	02	8	53411				1	1000	0	-1	
150910130	始祖ビースト　首なし	02	8	53411				1	1000	0	-1	
150910140	始祖ビースト　首なし	02	8	53411				1	1000	0	-1	
150910150	始祖ビースト　首なし	02	8	53411				1	1000	0	-1	
150910160	始祖ビースト　首なし	02	8	53411				1	1000	0	-1	
150911000	始祖ビースト　首なし	02	8	53421				1	1000	0	-1	
150911010	始祖ビースト　首なし	02	8	53421				1	1000	0	-1	
150911020	始祖ビースト　首なし	02	8	53421				1	1000	0	-1	
150911100	始祖ビースト　首なし	02	8	53411				1	1000	0	-1	
150911110	始祖ビースト　首なし	02	8	53411				1	1000	0	-1	
150911120	始祖ビースト　首なし	02	8	53411				1	1000	0	-1	
150911130	始祖ビースト　首なし	02	8	53411				1	1000	0	-1	
150911140	始祖ビースト　首なし	02	8	53411				1	1000	0	-1	
150911150	始祖ビースト　首なし	02	8	53411				1	1000	0	-1	
150911160	始祖ビースト　首なし	02	8	53411				1	1000	0	-1	
150912000	始祖ビースト　首なし	02	8	53421				1	1000	0	-1	
150912010	始祖ビースト　首なし	02	8	53421				1	1000	0	-1	
150912020	始祖ビースト　首なし	02	8	53421				1	1000	0	-1	
150912100	始祖ビースト　首なし	02	8	53411				1	1000	0	-1	
150912110	始祖ビースト　首なし	02	8	53411				1	1000	0	-1	
150912120	始祖ビースト　首なし	02	8	53411				1	1000	0	-1	
150912130	始祖ビースト　首なし	02	8	53411				1	1000	0	-1	
150912140	始祖ビースト　首なし	02	8	53411				1	1000	0	-1	
150912150	始祖ビースト　首なし	02	8	53411				1	1000	0	-1	
150912160	始祖ビースト　首なし	02	8	53411				1	1000	0	-1	
150913000	始祖ビースト　首なし	02	8	53421				1	1000	0	-1	
150913010	始祖ビースト　首なし	02	8	53421				1	1000	0	-1	
150913020	始祖ビースト　首なし	02	8	53421				1	1000	0	-1	
150913100	始祖ビースト　首なし	02	8	53411				1	1000	0	-1	
150913110	始祖ビースト　首なし	02	8	53411				1	1000	0	-1	
150913120	始祖ビースト　首なし	02	8	53411				1	1000	0	-1	
150913130	始祖ビースト　首なし	02	8	53411				1	1000	0	-1	
150913140	始祖ビースト　首なし	02	8	53411				1	1000	0	-1	
150913150	始祖ビースト　首なし	02	8	53411				1	1000	0	-1	
150913160	始祖ビースト　首なし	02	8	53411				1	1000	0	-1	
151000000	白痴の蜘蛛	02	8	53520				1	1000	0	-1	
151000010	白痴の蜘蛛	02	8	53520				1	1000	0	-1	
151000020	白痴の蜘蛛	02	8	53520				1	1000	0	-1	
151001000	白痴の蜘蛛	02	8	53520				1	1000	0	-1	
151001010	白痴の蜘蛛	02	8	53520				1	1000	0	-1	
151001020	白痴の蜘蛛	02	8	53520				1	1000	0	-1	
151002000	白痴の蜘蛛	02	8	53520				1	1000	0	-1	
151002010	白痴の蜘蛛	02	8	53520				1	1000	0	-1	
151002020	白痴の蜘蛛	02	8	53520				1	1000	0	-1	
151003000	白痴の蜘蛛	02	8	53520				1	1000	0	-1	
151003010	白痴の蜘蛛	02	8	53520				1	1000	0	-1	
151003020	白痴の蜘蛛	02	8	53520				1	1000	0	-1	
151200000	邪神	02	8	53620				1	1000	0	-1	
151200010	邪神	02	8	53620				1	1000	0	-1	
151200020	邪神	02	8	53620				1	1000	0	-1	
151201000	邪神	02	8	53620				1	1000	0	-1	
151201010	邪神	02	8	53620				1	1000	0	-1	
151201020	邪神	02	8	53620				1	1000	0	-1	
151202000	邪神	02	8	53620				1	1000	0	-1	
151202010	邪神	02	8	53620				1	1000	0	-1	
151202020	邪神	02	8	53620				1	1000	0	-1	
151203000	邪神	02	8	53620				1	1000	0	-1	
151203010	邪神	02	8	53620				1	1000	0	-1	
151203020	邪神	02	8	53620				1	1000	0	-1	
175000000	敵アバター	02	8	53720				1	1000	0	-1	
175000010	敵アバター	02	8	53720				1	1000	0	-1	
175000020	敵アバター	02	8	53720				1	1000	0	-1	
175000100	敵アバター	02	8	53710				1	1000	0	-1	
175000110	敵アバター	02	8	53710				1	1000	0	-1	
175000120	敵アバター	02	8	53710				1	1000	0	-1	
175000130	敵アバター	02	8	53710				1	1000	0	-1	
175000140	敵アバター	02	8	53710				1	1000	0	-1	
175000150	敵アバター	02	8	53710				1	1000	0	-1	
175000160	敵アバター	02	8	53710				1	1000	0	-1	
175001000	敵アバター	02	8	53720				1	1000	0	-1	
175001010	敵アバター	02	8	53720				1	1000	0	-1	
175001020	敵アバター	02	8	53720				1	1000	0	-1	
175001100	敵アバター	02	8	53710				1	1000	0	-1	
175001110	敵アバター	02	8	53710				1	1000	0	-1	
175001120	敵アバター	02	8	53710				1	1000	0	-1	
175001130	敵アバター	02	8	53710				1	1000	0	-1	
175001140	敵アバター	02	8	53710				1	1000	0	-1	
175001150	敵アバター	02	8	53710				1	1000	0	-1	
175001160	敵アバター	02	8	53710				1	1000	0	-1	
175002000	敵アバター	02	8	53720				1	1000	0	-1	
175002010	敵アバター	02	8	53720				1	1000	0	-1	
175002020	敵アバター	02	8	53720				1	1000	0	-1	
175002100	敵アバター	02	8	53710				1	1000	0	-1	
175002110	敵アバター	02	8	53710				1	1000	0	-1	
175002120	敵アバター	02	8	53710				1	1000	0	-1	
175002130	敵アバター	02	8	53710				1	1000	0	-1	
175002140	敵アバター	02	8	53710				1	1000	0	-1	
175002150	敵アバター	02	8	53710				1	1000	0	-1	
175002160	敵アバター	02	8	53710				1	1000	0	-1	
175003000	敵アバター	02	8	53720				1	1000	0	-1	
175003010	敵アバター	02	8	53720				1	1000	0	-1	
175003020	敵アバター	02	8	53720				1	1000	0	-1	
175003100	敵アバター	02	8	53710				1	1000	0	-1	
175003110	敵アバター	02	8	53710				1	1000	0	-1	
175003120	敵アバター	02	8	53710				1	1000	0	-1	
175003130	敵アバター	02	8	53710				1	1000	0	-1	
175003140	敵アバター	02	8	53710				1	1000	0	-1	
175003150	敵アバター	02	8	53710				1	1000	0	-1	
175003160	敵アバター	02	8	53710				1	1000	0	-1	
190000000	デバッグ用ユニークアイテム	01	4	1000	HP回復【PG直接指定】	0x400003E8	0xB00003E8	2	40	0	-1	
190000000	デバッグ用ユニークアイテム	07	8	35000				1	5	0	-1	
190000000	デバッグ用ユニークアイテム	08	8	35001				1	5	0	-1	
190001000	デバッグ用ユニークアイテムの代替	01	4	1000	HP回復【PG直接指定】	0x400003E8	0xB00003E8	2	40	0	-1	
190001000	デバッグ用ユニークアイテムの代替	07	8	35000				1	5	0	-1	
190001000	デバッグ用ユニークアイテムの代替	08	8	35001				1	5	0	-1	
200100000	ユニーク【レベル1】トゥメル00	01	0	7010000				1	100	0	5100	5100
200100010	ユニーク【レベル1】トゥメル01	01	4	1516	ソウル【6】	0x400005EC	0xB00005EC	1	100	0	5101	5101
200100020	ユニーク【レベル1】トゥメル02	01	4	1330	銃威力アップ	0x40000532	0xB0000532	10	100	0	5102	5102
200100030	ユニーク【レベル1】トゥメル03	01	4	1300	エンチャント【炎】	0x40000514	0xB0000514	6	100	0	5103	5103
200100040	ユニーク【レベル1】トゥメル04	01	8	190010				1	100	0	5104	5104
200100050	ユニーク【レベル1】トゥメル05	01	4	1500	SAN値回復＋1	0x400005DC	0xB00005DC	1	100	0	5105	5105
200100060	ユニーク【レベル1】トゥメル06	01	4	1500	SAN値回復＋1	0x400005DC	0xB00005DC	1	100	0	5106	5106
200100070	ユニーク【レベル1】トゥメル07	01	4	1500	SAN値回復＋1	0x400005DC	0xB00005DC	1	100	0	5107	5107
200100080	ユニーク【レベル1】トゥメル08	01	4	1500	SAN値回復＋1	0x400005DC	0xB00005DC	1	100	0	5108	5108
200100090	ユニーク【レベル1】トゥメル09	01	4	1500	SAN値回復＋1	0x400005DC	0xB00005DC	1	100	0	5109	5109
200100100	ユニーク【レベル1】トゥメル10	01	4	1500	SAN値回復＋1	0x400005DC	0xB00005DC	1	100	0	5110	5110
200100110	ユニーク【レベル1】トゥメル11	01	4	1500	SAN値回復＋1	0x400005DC	0xB00005DC	1	100	0	5111	5111
200100120	ユニーク【レベル1】トゥメル12	01	4	1500	SAN値回復＋1	0x400005DC	0xB00005DC	1	100	0	5112	5112
200100130	ユニーク【レベル1】トゥメル13	01	4	1500	SAN値回復＋1	0x400005DC	0xB00005DC	1	100	0	5113	5113
200100140	ユニーク【レベル1】トゥメル14	01	4	1500	SAN値回復＋1	0x400005DC	0xB00005DC	1	100	0	5114	5114
200100200	ユニーク【レベル1】トゥメル_代替00	01	4	1500	SAN値回復＋1	0x400005DC	0xB00005DC	1	100	0	52900100	52900100
200100210	ユニーク【レベル1】トゥメル_代替01	01	4	1500	SAN値回復＋1	0x400005DC	0xB00005DC	1	100	0	52900101	52900101
200100220	ユニーク【レベル1】トゥメル_代替02	01	4	1500	SAN値回復＋1	0x400005DC	0xB00005DC	1	100	0	52900102	52900102
200100230	ユニーク【レベル1】トゥメル_代替03	01	4	1500	SAN値回復＋1	0x400005DC	0xB00005DC	1	100	0	52900103	52900103
200100240	ユニーク【レベル1】トゥメル_代替04	01	4	1500	SAN値回復＋1	0x400005DC	0xB00005DC	1	100	0	52900104	52900104
200100250	ユニーク【レベル1】トゥメル_代替05	01	4	1500	SAN値回復＋1	0x400005DC	0xB00005DC	1	100	0	52900105	52900105
200100260	ユニーク【レベル1】トゥメル_代替06	01	4	1500	SAN値回復＋1	0x400005DC	0xB00005DC	1	100	0	52900106	52900106
200100270	ユニーク【レベル1】トゥメル_代替07	01	4	1500	SAN値回復＋1	0x400005DC	0xB00005DC	1	100	0	52900107	52900107
200100280	ユニーク【レベル1】トゥメル_代替08	01	4	1500	SAN値回復＋1	0x400005DC	0xB00005DC	1	100	0	52900108	52900108
200100290	ユニーク【レベル1】トゥメル_代替09	01	4	1500	SAN値回復＋1	0x400005DC	0xB00005DC	1	100	0	52900109	52900109
200100300	ユニーク【レベル1】トゥメル_代替10	01	4	1500	SAN値回復＋1	0x400005DC	0xB00005DC	1	100	0	52900110	52900110
200100310	ユニーク【レベル1】トゥメル_代替11	01	4	1500	SAN値回復＋1	0x400005DC	0xB00005DC	1	100	0	52900111	52900111
200100320	ユニーク【レベル1】トゥメル_代替12	01	4	1500	SAN値回復＋1	0x400005DC	0xB00005DC	1	100	0	52900112	52900112
200100330	ユニーク【レベル1】トゥメル_代替13	01	4	1500	SAN値回復＋1	0x400005DC	0xB00005DC	1	100	0	52900113	52900113
200100340	ユニーク【レベル1】トゥメル_代替14	01	4	1500	SAN値回復＋1	0x400005DC	0xB00005DC	1	100	0	52900114	52900114
200200000	ユニーク【レベル2】トゥメル00	01	0	7110000				1	100	0	5120	5120
200200010	ユニーク【レベル2】トゥメル01	01	0	22010000				1	100	0	5121	5121
200200020	ユニーク【レベル2】トゥメル02	01	4	1518	ソウル【8】	0x400005EE	0xB00005EE	1	100	0	5122	5122
200200030	ユニーク【レベル2】トゥメル03	01	4	2090	同士討ち	0x4000082A	0xB000082A	4	100	0	5123	5123
200200040	ユニーク【レベル2】トゥメル04	01	8	190020				1	100	0	5124	5124
200200050	ユニーク【レベル2】トゥメル05	01	4	1500	SAN値回復＋1	0x400005DC	0xB00005DC	1	100	0	5125	5125
200200060	ユニーク【レベル2】トゥメル06	01	4	1500	SAN値回復＋1	0x400005DC	0xB00005DC	1	100	0	5126	5126
200200070	ユニーク【レベル2】トゥメル07	01	4	1500	SAN値回復＋1	0x400005DC	0xB00005DC	1	100	0	5127	5127
200200080	ユニーク【レベル2】トゥメル08	01	4	1500	SAN値回復＋1	0x400005DC	0xB00005DC	1	100	0	5128	5128
200200090	ユニーク【レベル2】トゥメル09	01	4	1500	SAN値回復＋1	0x400005DC	0xB00005DC	1	100	0	5129	5129
200200100	ユニーク【レベル2】トゥメル10	01	4	1500	SAN値回復＋1	0x400005DC	0xB00005DC	1	100	0	5130	5130
200200110	ユニーク【レベル2】トゥメル11	01	4	1500	SAN値回復＋1	0x400005DC	0xB00005DC	1	100	0	5131	5131
200200120	ユニーク【レベル2】トゥメル12	01	4	1500	SAN値回復＋1	0x400005DC	0xB00005DC	1	100	0	5132	5132
200200130	ユニーク【レベル2】トゥメル13	01	4	1500	SAN値回復＋1	0x400005DC	0xB00005DC	1	100	0	5133	5133
200200140	ユニーク【レベル2】トゥメル14	01	4	1500	SAN値回復＋1	0x400005DC	0xB00005DC	1	100	0	5134	5134
200200200	ユニーク【レベル2】トゥメル_代替00	01	4	1500	SAN値回復＋1	0x400005DC	0xB00005DC	1	100	0	52900120	52900120
200200210	ユニーク【レベル2】トゥメル_代替01	01	4	1500	SAN値回復＋1	0x400005DC	0xB00005DC	1	100	0	52900121	52900121
200200220	ユニーク【レベル2】トゥメル_代替02	01	4	1500	SAN値回復＋1	0x400005DC	0xB00005DC	1	100	0	52900122	52900122
200200230	ユニーク【レベル2】トゥメル_代替03	01	4	1500	SAN値回復＋1	0x400005DC	0xB00005DC	1	100	0	52900123	52900123
200200240	ユニーク【レベル2】トゥメル_代替04	01	4	1500	SAN値回復＋1	0x400005DC	0xB00005DC	1	100	0	52900124	52900124
200200250	ユニーク【レベル2】トゥメル_代替05	01	4	1500	SAN値回復＋1	0x400005DC	0xB00005DC	1	100	0	52900125	52900125
200200260	ユニーク【レベル2】トゥメル_代替06	01	4	1500	SAN値回復＋1	0x400005DC	0xB00005DC	1	100	0	52900126	52900126
200200270	ユニーク【レベル2】トゥメル_代替07	01	4	1500	SAN値回復＋1	0x400005DC	0xB00005DC	1	100	0	52900127	52900127
200200280	ユニーク【レベル2】トゥメル_代替08	01	4	1500	SAN値回復＋1	0x400005DC	0xB00005DC	1	100	0	52900128	52900128
200200290	ユニーク【レベル2】トゥメル_代替09	01	4	1500	SAN値回復＋1	0x400005DC	0xB00005DC	1	100	0	52900129	52900129
200200300	ユニーク【レベル2】トゥメル_代替10	01	4	1500	SAN値回復＋1	0x400005DC	0xB00005DC	1	100	0	52900130	52900130
200200310	ユニーク【レベル2】トゥメル_代替11	01	4	1500	SAN値回復＋1	0x400005DC	0xB00005DC	1	100	0	52900131	52900131
200200320	ユニーク【レベル2】トゥメル_代替12	01	4	1500	SAN値回復＋1	0x400005DC	0xB00005DC	1	100	0	52900132	52900132
200200330	ユニーク【レベル2】トゥメル_代替13	01	4	1500	SAN値回復＋1	0x400005DC	0xB00005DC	1	100	0	52900133	52900133
200200340	ユニーク【レベル2】トゥメル_代替14	01	4	1500	SAN値回復＋1	0x400005DC	0xB00005DC	1	100	0	52900134	52900134
200210000	ユニーク【レベル2】僻墓00	01	0	5010000				1	100	0	5140	5140
200210010	ユニーク【レベル2】僻墓01	01	4	3020	武器強化素材【レア】	0x40000BCC	0xB0000BCC	1	100	0	5141	5141
200210020	ユニーク【レベル2】僻墓02	01	4	1518	ソウル【8】	0x400005EE	0xB00005EE	1	100	0	5142	5142
200210030	ユニーク【レベル2】僻墓03	01	4	1320	エンチャント【雷】	0x40000528	0xB0000528	6	100	0	5143	5143
200210040	ユニーク【レベル2】僻墓04	01	8	190120				1	100	0	5144	5144
200210050	ユニーク【レベル2】僻墓05	01	4	1500	SAN値回復＋1	0x400005DC	0xB00005DC	1	100	0	5145	5145
200210060	ユニーク【レベル2】僻墓06	01	4	1500	SAN値回復＋1	0x400005DC	0xB00005DC	1	100	0	5146	5146
200210070	ユニーク【レベル2】僻墓07	01	4	1500	SAN値回復＋1	0x400005DC	0xB00005DC	1	100	0	5147	5147
200210080	ユニーク【レベル2】僻墓08	01	4	1500	SAN値回復＋1	0x400005DC	0xB00005DC	1	100	0	5148	5148
200210090	ユニーク【レベル2】僻墓09	01	4	1500	SAN値回復＋1	0x400005DC	0xB00005DC	1	100	0	5149	5149
200210100	ユニーク【レベル2】僻墓10	01	4	1500	SAN値回復＋1	0x400005DC	0xB00005DC	1	100	0	5150	5150
200210110	ユニーク【レベル2】僻墓11	01	4	1500	SAN値回復＋1	0x400005DC	0xB00005DC	1	100	0	5151	5151
200210120	ユニーク【レベル2】僻墓12	01	4	1500	SAN値回復＋1	0x400005DC	0xB00005DC	1	100	0	5152	5152
200210130	ユニーク【レベル2】僻墓13	01	4	1500	SAN値回復＋1	0x400005DC	0xB00005DC	1	100	0	5153	5153
200210140	ユニーク【レベル2】僻墓14	01	4	1500	SAN値回復＋1	0x400005DC	0xB00005DC	1	100	0	5154	5154
200210200	ユニーク【レベル2】僻墓_代替00	01	4	1500	SAN値回復＋1	0x400005DC	0xB00005DC	1	100	0	52900140	52900140
200210210	ユニーク【レベル2】僻墓_代替01	01	4	1500	SAN値回復＋1	0x400005DC	0xB00005DC	1	100	0	52900141	52900141
200210220	ユニーク【レベル2】僻墓_代替02	01	4	1500	SAN値回復＋1	0x400005DC	0xB00005DC	1	100	0	52900142	52900142
200210230	ユニーク【レベル2】僻墓_代替03	01	4	1500	SAN値回復＋1	0x400005DC	0xB00005DC	1	100	0	52900143	52900143
200210240	ユニーク【レベル2】僻墓_代替04	01	4	1500	SAN値回復＋1	0x400005DC	0xB00005DC	1	100	0	52900144	52900144
200210250	ユニーク【レベル2】僻墓_代替05	01	4	1500	SAN値回復＋1	0x400005DC	0xB00005DC	1	100	0	52900145	52900145
200210260	ユニーク【レベル2】僻墓_代替06	01	4	1500	SAN値回復＋1	0x400005DC	0xB00005DC	1	100	0	52900146	52900146
200210270	ユニーク【レベル2】僻墓_代替07	01	4	1500	SAN値回復＋1	0x400005DC	0xB00005DC	1	100	0	52900147	52900147
200210280	ユニーク【レベル2】僻墓_代替08	01	4	1500	SAN値回復＋1	0x400005DC	0xB00005DC	1	100	0	52900148	52900148
200210290	ユニーク【レベル2】僻墓_代替09	01	4	1500	SAN値回復＋1	0x400005DC	0xB00005DC	1	100	0	52900149	52900149
200210300	ユニーク【レベル2】僻墓_代替10	01	4	1500	SAN値回復＋1	0x400005DC	0xB00005DC	1	100	0	52900150	52900150
200210310	ユニーク【レベル2】僻墓_代替11	01	4	1500	SAN値回復＋1	0x400005DC	0xB00005DC	1	100	0	52900151	52900151
200210320	ユニーク【レベル2】僻墓_代替12	01	4	1500	SAN値回復＋1	0x400005DC	0xB00005DC	1	100	0	52900152	52900152
200210330	ユニーク【レベル2】僻墓_代替13	01	4	1500	SAN値回復＋1	0x400005DC	0xB00005DC	1	100	0	52900153	52900153
200210340	ユニーク【レベル2】僻墓_代替14	01	4	1500	SAN値回復＋1	0x400005DC	0xB00005DC	1	100	0	52900154	52900154
200300000	ユニーク【レベル3】トゥメル00	01	0	8010000				1	100	0	5160	5160
200300010	ユニーク【レベル3】トゥメル01	01	0	7120000				1	100	0	5161	5161
200300020	ユニーク【レベル3】トゥメル02	01	0	7020000				1	100	0	5162	5162
200300030	ユニーク【レベル3】トゥメル03	01	0	10010000				1	100	0	5163	5163
200300040	ユニーク【レベル3】トゥメル04	01	8	103102				1	100	0	5164	5164
200300050	ユニーク【レベル3】トゥメル05	01	4	1592	ソウル【12】	0x40000638	0xB0000638	1	100	0	5165	5165
200300060	ユニーク【レベル3】トゥメル06	01	8	190030				1	100	0	5166	5166
200300070	ユニーク【レベル3】トゥメル07	01	4	1500	SAN値回復＋1	0x400005DC	0xB00005DC	1	100	0	5167	5167
200300080	ユニーク【レベル3】トゥメル08	01	4	1500	SAN値回復＋1	0x400005DC	0xB00005DC	1	100	0	5168	5168
200300090	ユニーク【レベル3】トゥメル09	01	4	1500	SAN値回復＋1	0x400005DC	0xB00005DC	1	100	0	5169	5169
200300100	ユニーク【レベル3】トゥメル10	01	4	1500	SAN値回復＋1	0x400005DC	0xB00005DC	1	100	0	5170	5170
200300110	ユニーク【レベル3】トゥメル11	01	4	1500	SAN値回復＋1	0x400005DC	0xB00005DC	1	100	0	5171	5171
200300120	ユニーク【レベル3】トゥメル12	01	4	1500	SAN値回復＋1	0x400005DC	0xB00005DC	1	100	0	5172	5172
200300130	ユニーク【レベル3】トゥメル13	01	4	1500	SAN値回復＋1	0x400005DC	0xB00005DC	1	100	0	5173	5173
200300140	ユニーク【レベル3】トゥメル14	01	4	1500	SAN値回復＋1	0x400005DC	0xB00005DC	1	100	0	5174	5174
200300200	ユニーク【レベル3】トゥメル_代替00	01	4	1500	SAN値回復＋1	0x400005DC	0xB00005DC	1	100	0	52900160	52900160
200300210	ユニーク【レベル3】トゥメル_代替01	01	4	1500	SAN値回復＋1	0x400005DC	0xB00005DC	1	100	0	52900161	52900161
200300220	ユニーク【レベル3】トゥメル_代替02	01	4	1500	SAN値回復＋1	0x400005DC	0xB00005DC	1	100	0	52900162	52900162
200300230	ユニーク【レベル3】トゥメル_代替03	01	4	1500	SAN値回復＋1	0x400005DC	0xB00005DC	1	100	0	52900163	52900163
200300240	ユニーク【レベル3】トゥメル_代替04	01	4	1500	SAN値回復＋1	0x400005DC	0xB00005DC	1	100	0	52900164	52900164
200300250	ユニーク【レベル3】トゥメル_代替05	01	4	1500	SAN値回復＋1	0x400005DC	0xB00005DC	1	100	0	52900165	52900165
200300260	ユニーク【レベル3】トゥメル_代替06	01	4	1500	SAN値回復＋1	0x400005DC	0xB00005DC	1	100	0	52900166	52900166
200300270	ユニーク【レベル3】トゥメル_代替07	01	4	1500	SAN値回復＋1	0x400005DC	0xB00005DC	1	100	0	52900167	52900167
200300280	ユニーク【レベル3】トゥメル_代替08	01	4	1500	SAN値回復＋1	0x400005DC	0xB00005DC	1	100	0	52900168	52900168
200300290	ユニーク【レベル3】トゥメル_代替09	01	4	1500	SAN値回復＋1	0x400005DC	0xB00005DC	1	100	0	52900169	52900169
200300300	ユニーク【レベル3】トゥメル_代替10	01	4	1500	SAN値回復＋1	0x400005DC	0xB00005DC	1	100	0	52900170	52900170
200300310	ユニーク【レベル3】トゥメル_代替11	01	4	1500	SAN値回復＋1	0x400005DC	0xB00005DC	1	100	0	52900171	52900171
200300320	ユニーク【レベル3】トゥメル_代替12	01	4	1500	SAN値回復＋1	0x400005DC	0xB00005DC	1	100	0	52900172	52900172
200300330	ユニーク【レベル3】トゥメル_代替13	01	4	1500	SAN値回復＋1	0x400005DC	0xB00005DC	1	100	0	52900173	52900173
200300340	ユニーク【レベル3】トゥメル_代替14	01	4	1500	SAN値回復＋1	0x400005DC	0xB00005DC	1	100	0	52900174	52900174
200310000	ユニーク【レベル3】僻墓00	01	0	11010000				1	100	0	5180	5180
200310010	ユニーク【レベル3】僻墓01	01	8	102301				1	100	0	5181	5181
200310020	ユニーク【レベル3】僻墓02	01	8	102201				1	100	0	5182	5182
200310030	ユニーク【レベル3】僻墓03	01	8	102101				1	100	0	5183	5183
200310040	ユニーク【レベル3】僻墓04	01	8	101801				1	100	0	5184	5184
200310050	ユニーク【レベル3】僻墓05	01	4	1592	ソウル【12】	0x40000638	0xB0000638	1	100	0	5185	5185
200310060	ユニーク【レベル3】僻墓06	01	8	190130				1	100	0	5186	5186
200310070	ユニーク【レベル3】僻墓07	01	4	1500	SAN値回復＋1	0x400005DC	0xB00005DC	1	100	0	5187	5187
200310080	ユニーク【レベル3】僻墓08	01	4	1500	SAN値回復＋1	0x400005DC	0xB00005DC	1	100	0	5188	5188
200310090	ユニーク【レベル3】僻墓09	01	4	1500	SAN値回復＋1	0x400005DC	0xB00005DC	1	100	0	5189	5189
200310100	ユニーク【レベル3】僻墓10	01	4	1500	SAN値回復＋1	0x400005DC	0xB00005DC	1	100	0	5190	5190
200310110	ユニーク【レベル3】僻墓11	01	4	1500	SAN値回復＋1	0x400005DC	0xB00005DC	1	100	0	5191	5191
200310120	ユニーク【レベル3】僻墓12	01	4	1500	SAN値回復＋1	0x400005DC	0xB00005DC	1	100	0	5192	5192
200310130	ユニーク【レベル3】僻墓13	01	4	1500	SAN値回復＋1	0x400005DC	0xB00005DC	1	100	0	5193	5193
200310140	ユニーク【レベル3】僻墓14	01	4	1500	SAN値回復＋1	0x400005DC	0xB00005DC	1	100	0	5194	5194
200310200	ユニーク【レベル3】僻墓_代替00	01	4	1500	SAN値回復＋1	0x400005DC	0xB00005DC	1	100	0	52900180	52900180
200310210	ユニーク【レベル3】僻墓_代替01	01	4	1500	SAN値回復＋1	0x400005DC	0xB00005DC	1	100	0	52900181	52900181
200310220	ユニーク【レベル3】僻墓_代替02	01	4	1500	SAN値回復＋1	0x400005DC	0xB00005DC	1	100	0	52900182	52900182
200310230	ユニーク【レベル3】僻墓_代替03	01	4	1500	SAN値回復＋1	0x400005DC	0xB00005DC	1	100	0	52900183	52900183
200310240	ユニーク【レベル3】僻墓_代替04	01	4	1500	SAN値回復＋1	0x400005DC	0xB00005DC	1	100	0	52900184	52900184
200310250	ユニーク【レベル3】僻墓_代替05	01	4	1500	SAN値回復＋1	0x400005DC	0xB00005DC	1	100	0	52900185	52900185
200310260	ユニーク【レベル3】僻墓_代替06	01	4	1500	SAN値回復＋1	0x400005DC	0xB00005DC	1	100	0	52900186	52900186
200310270	ユニーク【レベル3】僻墓_代替07	01	4	1500	SAN値回復＋1	0x400005DC	0xB00005DC	1	100	0	52900187	52900187
200310280	ユニーク【レベル3】僻墓_代替08	01	4	1500	SAN値回復＋1	0x400005DC	0xB00005DC	1	100	0	52900188	52900188
200310290	ユニーク【レベル3】僻墓_代替09	01	4	1500	SAN値回復＋1	0x400005DC	0xB00005DC	1	100	0	52900189	52900189
200310300	ユニーク【レベル3】僻墓_代替10	01	4	1500	SAN値回復＋1	0x400005DC	0xB00005DC	1	100	0	52900190	52900190
200310310	ユニーク【レベル3】僻墓_代替11	01	4	1500	SAN値回復＋1	0x400005DC	0xB00005DC	1	100	0	52900191	52900191
200310320	ユニーク【レベル3】僻墓_代替12	01	4	1500	SAN値回復＋1	0x400005DC	0xB00005DC	1	100	0	52900192	52900192
200310330	ユニーク【レベル3】僻墓_代替13	01	4	1500	SAN値回復＋1	0x400005DC	0xB00005DC	1	100	0	52900193	52900193
200310340	ユニーク【レベル3】僻墓_代替14	01	4	1500	SAN値回復＋1	0x400005DC	0xB00005DC	1	100	0	52900194	52900194
200400000	ユニーク【レベル4】トゥメル00	01	0	8110000				1	100	0	5200	5200
200400010	ユニーク【レベル4】トゥメル01	01	0	2010000				1	100	0	5201	5201
200400020	ユニーク【レベル4】トゥメル02	01	0	12010000				1	100	0	5202	5202
200400030	ユニーク【レベル4】トゥメル03	01	0	10110000				1	100	0	5203	5203
200400040	ユニーク【レベル4】トゥメル04	01	8	100602				1	100	0	5204	5204
200400050	ユニーク【レベル4】トゥメル05	01	8	101702				1	100	0	5205	5205
200400060	ユニーク【レベル4】トゥメル06	01	8	190040				1	100	0	5206	5206
200400070	ユニーク【レベル4】トゥメル07	01	4	1501	SAN値回復＋2	0x400005DD	0xB00005DD	1	100	0	5207	5207
200400080	ユニーク【レベル4】トゥメル08	01	4	1501	SAN値回復＋2	0x400005DD	0xB00005DD	1	100	0	5208	5208
200400090	ユニーク【レベル4】トゥメル09	01	4	1501	SAN値回復＋2	0x400005DD	0xB00005DD	1	100	0	5209	5209
200400100	ユニーク【レベル4】トゥメル10	01	4	1501	SAN値回復＋2	0x400005DD	0xB00005DD	1	100	0	5210	5210
200400110	ユニーク【レベル4】トゥメル11	01	4	1501	SAN値回復＋2	0x400005DD	0xB00005DD	1	100	0	5211	5211
200400120	ユニーク【レベル4】トゥメル12	01	4	1501	SAN値回復＋2	0x400005DD	0xB00005DD	1	100	0	5212	5212
200400130	ユニーク【レベル4】トゥメル13	01	4	1501	SAN値回復＋2	0x400005DD	0xB00005DD	1	100	0	5213	5213
200400140	ユニーク【レベル4】トゥメル14	01	4	1501	SAN値回復＋2	0x400005DD	0xB00005DD	1	100	0	5214	5214
200400200	ユニーク【レベル4】トゥメル_代替00	01	4	1501	SAN値回復＋2	0x400005DD	0xB00005DD	1	100	0	52900200	52900200
200400210	ユニーク【レベル4】トゥメル_代替01	01	4	1501	SAN値回復＋2	0x400005DD	0xB00005DD	1	100	0	52900201	52900201
200400220	ユニーク【レベル4】トゥメル_代替02	01	4	1501	SAN値回復＋2	0x400005DD	0xB00005DD	1	100	0	52900202	52900202
200400230	ユニーク【レベル4】トゥメル_代替03	01	4	1501	SAN値回復＋2	0x400005DD	0xB00005DD	1	100	0	52900203	52900203
200400240	ユニーク【レベル4】トゥメル_代替04	01	4	1501	SAN値回復＋2	0x400005DD	0xB00005DD	1	100	0	52900204	52900204
200400250	ユニーク【レベル4】トゥメル_代替05	01	4	1501	SAN値回復＋2	0x400005DD	0xB00005DD	1	100	0	52900205	52900205
200400260	ユニーク【レベル4】トゥメル_代替06	01	4	1501	SAN値回復＋2	0x400005DD	0xB00005DD	1	100	0	52900206	52900206
200400270	ユニーク【レベル4】トゥメル_代替07	01	4	1501	SAN値回復＋2	0x400005DD	0xB00005DD	1	100	0	52900207	52900207
200400280	ユニーク【レベル4】トゥメル_代替08	01	4	1501	SAN値回復＋2	0x400005DD	0xB00005DD	1	100	0	52900208	52900208
200400290	ユニーク【レベル4】トゥメル_代替09	01	4	1501	SAN値回復＋2	0x400005DD	0xB00005DD	1	100	0	52900209	52900209
200400300	ユニーク【レベル4】トゥメル_代替10	01	4	1501	SAN値回復＋2	0x400005DD	0xB00005DD	1	100	0	52900210	52900210
200400310	ユニーク【レベル4】トゥメル_代替11	01	4	1501	SAN値回復＋2	0x400005DD	0xB00005DD	1	100	0	52900211	52900211
200400320	ユニーク【レベル4】トゥメル_代替12	01	4	1501	SAN値回復＋2	0x400005DD	0xB00005DD	1	100	0	52900212	52900212
200400330	ユニーク【レベル4】トゥメル_代替13	01	4	1501	SAN値回復＋2	0x400005DD	0xB00005DD	1	100	0	52900213	52900213
200400340	ユニーク【レベル4】トゥメル_代替14	01	4	1501	SAN値回復＋2	0x400005DD	0xB00005DD	1	100	0	52900214	52900214
200420000	ユニーク【レベル4】ローラン00	01	0	9010000				1	100	0	5220	5220
200420010	ユニーク【レベル4】ローラン01	01	0	5020000				1	100	0	5221	5221
200420020	ユニーク【レベル4】ローラン02	01	0	13010000				1	100	0	5222	5222
200420030	ユニーク【レベル4】ローラン03	01	0	10020000				1	100	0	5223	5223
200420040	ユニーク【レベル4】ローラン04	01	8	101602				1	100	0	5224	5224
200420050	ユニーク【レベル4】ローラン05	01	8	101402				1	100	0	5225	5225
200420060	ユニーク【レベル4】ローラン06	01	8	190240				1	100	0	5226	5226
200420070	ユニーク【レベル4】ローラン07	01	4	1501	SAN値回復＋2	0x400005DD	0xB00005DD	1	100	0	5227	5227
200420080	ユニーク【レベル4】ローラン08	01	4	1501	SAN値回復＋2	0x400005DD	0xB00005DD	1	100	0	5228	5228
200420090	ユニーク【レベル4】ローラン09	01	4	1501	SAN値回復＋2	0x400005DD	0xB00005DD	1	100	0	5229	5229
200420100	ユニーク【レベル4】ローラン10	01	4	1501	SAN値回復＋2	0x400005DD	0xB00005DD	1	100	0	5230	5230
200420110	ユニーク【レベル4】ローラン11	01	4	1501	SAN値回復＋2	0x400005DD	0xB00005DD	1	100	0	5231	5231
200420120	ユニーク【レベル4】ローラン12	01	4	1501	SAN値回復＋2	0x400005DD	0xB00005DD	1	100	0	5232	5232
200420130	ユニーク【レベル4】ローラン13	01	4	1501	SAN値回復＋2	0x400005DD	0xB00005DD	1	100	0	5233	5233
200420140	ユニーク【レベル4】ローラン14	01	4	1501	SAN値回復＋2	0x400005DD	0xB00005DD	1	100	0	5234	5234
200420200	ユニーク【レベル4】ローラン_代替00	01	4	1501	SAN値回復＋2	0x400005DD	0xB00005DD	1	100	0	52900220	52900220
200420210	ユニーク【レベル4】ローラン_代替01	01	4	1501	SAN値回復＋2	0x400005DD	0xB00005DD	1	100	0	52900221	52900221
200420220	ユニーク【レベル4】ローラン_代替02	01	4	1501	SAN値回復＋2	0x400005DD	0xB00005DD	1	100	0	52900222	52900222
200420230	ユニーク【レベル4】ローラン_代替03	01	4	1501	SAN値回復＋2	0x400005DD	0xB00005DD	1	100	0	52900223	52900223
200420240	ユニーク【レベル4】ローラン_代替04	01	4	1501	SAN値回復＋2	0x400005DD	0xB00005DD	1	100	0	52900224	52900224
200420250	ユニーク【レベル4】ローラン_代替05	01	4	1501	SAN値回復＋2	0x400005DD	0xB00005DD	1	100	0	52900225	52900225
200420260	ユニーク【レベル4】ローラン_代替06	01	4	1501	SAN値回復＋2	0x400005DD	0xB00005DD	1	100	0	52900226	52900226
200420270	ユニーク【レベル4】ローラン_代替07	01	4	1501	SAN値回復＋2	0x400005DD	0xB00005DD	1	100	0	52900227	52900227
200420280	ユニーク【レベル4】ローラン_代替08	01	4	1501	SAN値回復＋2	0x400005DD	0xB00005DD	1	100	0	52900228	52900228
200420290	ユニーク【レベル4】ローラン_代替09	01	4	1501	SAN値回復＋2	0x400005DD	0xB00005DD	1	100	0	52900229	52900229
200420300	ユニーク【レベル4】ローラン_代替10	01	4	1501	SAN値回復＋2	0x400005DD	0xB00005DD	1	100	0	52900230	52900230
200420310	ユニーク【レベル4】ローラン_代替11	01	4	1501	SAN値回復＋2	0x400005DD	0xB00005DD	1	100	0	52900231	52900231
200420320	ユニーク【レベル4】ローラン_代替12	01	4	1501	SAN値回復＋2	0x400005DD	0xB00005DD	1	100	0	52900232	52900232
200420330	ユニーク【レベル4】ローラン_代替13	01	4	1501	SAN値回復＋2	0x400005DD	0xB00005DD	1	100	0	52900233	52900233
200420340	ユニーク【レベル4】ローラン_代替14	01	4	1501	SAN値回復＋2	0x400005DD	0xB00005DD	1	100	0	52900234	52900234
200500000	ユニーク【レベル5】トゥメル00	01	0	5120000				1	100	0	5240	5240
200500010	ユニーク【レベル5】トゥメル01	01	0	4020000				1	100	0	5241	5241
200500020	ユニーク【レベル5】トゥメル02	01	0	2020000				1	100	0	5242	5242
200500030	ユニーク【レベル5】トゥメル03	01	0	12020000				1	100	0	5243	5243
200500040	ユニーク【レベル5】トゥメル04	01	0	10120000				1	100	0	5244	5244
200500050	ユニーク【レベル5】トゥメル05	01	8	103105				1	100	0	5245	5245
200500060	ユニーク【レベル5】トゥメル06	01	8	102905				1	100	0	5246	5246
200500070	ユニーク【レベル5】トゥメル07	01	8	101703				1	100	0	5247	5247
200500080	ユニーク【レベル5】トゥメル08	01	8	100803				1	100	0	5248	5248
200500090	ユニーク【レベル5】トゥメル09	01	8	100703				1	100	0	5249	5249
200500100	ユニーク【レベル5】トゥメル10	01	8	100303				1	100	0	5250	5250
200500110	ユニーク【レベル5】トゥメル11	01	4	4304	婚約指輪	0x400010D0	0xB00010D0	1	100	0	5251	5251
200500120	ユニーク【レベル5】トゥメル12	01	4	3030	武器強化素材【Sレア】	0x40000BD6	0xB0000BD6	1	100	0	5252	5252
200500130	ユニーク【レベル5】トゥメル13	01	8	190050				1	100	0	5253	5253
200500140	ユニーク【レベル5】トゥメル14	01	8	190051				1	100	0	5254	5254
200500200	ユニーク【レベル5】トゥメル_代替00	01	4	1501	SAN値回復＋2	0x400005DD	0xB00005DD	1	100	0	52900240	52900240
200500210	ユニーク【レベル5】トゥメル_代替01	01	4	1501	SAN値回復＋2	0x400005DD	0xB00005DD	1	100	0	52900241	52900241
200500220	ユニーク【レベル5】トゥメル_代替02	01	4	1501	SAN値回復＋2	0x400005DD	0xB00005DD	1	100	0	52900242	52900242
200500230	ユニーク【レベル5】トゥメル_代替03	01	4	1501	SAN値回復＋2	0x400005DD	0xB00005DD	1	100	0	52900243	52900243
200500240	ユニーク【レベル5】トゥメル_代替04	01	4	1501	SAN値回復＋2	0x400005DD	0xB00005DD	1	100	0	52900244	52900244
200500250	ユニーク【レベル5】トゥメル_代替05	01	4	1501	SAN値回復＋2	0x400005DD	0xB00005DD	1	100	0	52900245	52900245
200500260	ユニーク【レベル5】トゥメル_代替06	01	4	1501	SAN値回復＋2	0x400005DD	0xB00005DD	1	100	0	52900246	52900246
200500270	ユニーク【レベル5】トゥメル_代替07	01	4	1501	SAN値回復＋2	0x400005DD	0xB00005DD	1	100	0	52900247	52900247
200500280	ユニーク【レベル5】トゥメル_代替08	01	4	1501	SAN値回復＋2	0x400005DD	0xB00005DD	1	100	0	52900248	52900248
200500290	ユニーク【レベル5】トゥメル_代替09	01	4	1501	SAN値回復＋2	0x400005DD	0xB00005DD	1	100	0	52900249	52900249
200500300	ユニーク【レベル5】トゥメル_代替10	01	4	1501	SAN値回復＋2	0x400005DD	0xB00005DD	1	100	0	52900250	52900250
200500310	ユニーク【レベル5】トゥメル_代替11	01	4	1501	SAN値回復＋2	0x400005DD	0xB00005DD	1	100	0	52900251	52900251
200500320	ユニーク【レベル5】トゥメル_代替12	01	4	1501	SAN値回復＋2	0x400005DD	0xB00005DD	1	100	0	52900252	52900252
200500330	ユニーク【レベル5】トゥメル_代替13	01	4	1501	SAN値回復＋2	0x400005DD	0xB00005DD	1	100	0	52900253	52900253
200500340	ユニーク【レベル5】トゥメル_代替14	01	4	1501	SAN値回復＋2	0x400005DD	0xB00005DD	1	100	0	52900254	52900254
200520000	ユニーク【レベル5】ローラン00	01	0	9020000				1	100	0	5260	5260
200520010	ユニーク【レベル5】ローラン01	01	0	5110000				1	100	0	5261	5261
200520020	ユニーク【レベル5】ローラン02	01	0	4010000				1	100	0	5262	5262
200520030	ユニーク【レベル5】ローラン03	01	0	13020000				1	100	0	5263	5263
200520040	ユニーク【レベル5】ローラン04	01	0	11020000				1	100	0	5264	5264
200520050	ユニーク【レベル5】ローラン05	01	8	102403				1	100	0	5265	5265
200520060	ユニーク【レベル5】ローラン06	01	8	102103				1	100	0	5266	5266
200520070	ユニーク【レベル5】ローラン07	01	8	102003				1	100	0	5267	5267
200520080	ユニーク【レベル5】ローラン08	01	8	101603				1	100	0	5268	5268
200520090	ユニーク【レベル5】ローラン09	01	8	101403				1	100	0	5269	5269
200520100	ユニーク【レベル5】ローラン10	01	8	100503				1	100	0	5270	5270
200520110	ユニーク【レベル5】ローラン11	01	8	100403				1	100	0	5271	5271
200520120	ユニーク【レベル5】ローラン12	01	4	3030	武器強化素材【Sレア】	0x40000BD6	0xB0000BD6	1	100	0	5272	5272
200520130	ユニーク【レベル5】ローラン13	01	8	190250				1	100	0	5273	5273
200520140	ユニーク【レベル5】ローラン14	01	8	190251				1	100	0	5274	5274
200520200	ユニーク【レベル5】ローラン_代替00	01	4	1501	SAN値回復＋2	0x400005DD	0xB00005DD	1	100	0	52900260	52900260
200520210	ユニーク【レベル5】ローラン_代替01	01	4	1501	SAN値回復＋2	0x400005DD	0xB00005DD	1	100	0	52900261	52900261
200520220	ユニーク【レベル5】ローラン_代替02	01	4	1501	SAN値回復＋2	0x400005DD	0xB00005DD	1	100	0	52900262	52900262
200520230	ユニーク【レベル5】ローラン_代替03	01	4	1501	SAN値回復＋2	0x400005DD	0xB00005DD	1	100	0	52900263	52900263
200520240	ユニーク【レベル5】ローラン_代替04	01	4	1501	SAN値回復＋2	0x400005DD	0xB00005DD	1	100	0	52900264	52900264
200520250	ユニーク【レベル5】ローラン_代替05	01	4	1501	SAN値回復＋2	0x400005DD	0xB00005DD	1	100	0	52900265	52900265
200520260	ユニーク【レベル5】ローラン_代替06	01	4	1501	SAN値回復＋2	0x400005DD	0xB00005DD	1	100	0	52900266	52900266
200520270	ユニーク【レベル5】ローラン_代替07	01	4	1501	SAN値回復＋2	0x400005DD	0xB00005DD	1	100	0	52900267	52900267
200520280	ユニーク【レベル5】ローラン_代替08	01	4	1501	SAN値回復＋2	0x400005DD	0xB00005DD	1	100	0	52900268	52900268
200520290	ユニーク【レベル5】ローラン_代替09	01	4	1501	SAN値回復＋2	0x400005DD	0xB00005DD	1	100	0	52900269	52900269
200520300	ユニーク【レベル5】ローラン_代替10	01	4	1501	SAN値回復＋2	0x400005DD	0xB00005DD	1	100	0	52900270	52900270
200520310	ユニーク【レベル5】ローラン_代替11	01	4	1501	SAN値回復＋2	0x400005DD	0xB00005DD	1	100	0	52900271	52900271
200520320	ユニーク【レベル5】ローラン_代替12	01	4	1501	SAN値回復＋2	0x400005DD	0xB00005DD	1	100	0	52900272	52900272
200520330	ユニーク【レベル5】ローラン_代替13	01	4	1501	SAN値回復＋2	0x400005DD	0xB00005DD	1	100	0	52900273	52900273
200520340	ユニーク【レベル5】ローラン_代替14	01	4	1501	SAN値回復＋2	0x400005DD	0xB00005DD	1	100	0	52900274	52900274
200530000	ユニーク【レベル5】イズ00	01	0	8120000				1	100	0	5280	5280
200530010	ユニーク【レベル5】イズ01	01	0	8020000				1	100	0	5281	5281
200530020	ユニーク【レベル5】イズ02	01	0	22020000				1	100	0	5282	5282
200530030	ユニーク【レベル5】イズ03	01	8	102303				1	100	0	5283	5283
200530040	ユニーク【レベル5】イズ04	01	8	102203				1	100	0	5284	5284
200530050	ユニーク【レベル5】イズ05	01	8	101803				1	100	0	5285	5285
200530060	ユニーク【レベル5】イズ06	01	8	101303				1	100	0	5286	5286
200530070	ユニーク【レベル5】イズ07	01	8	100203				1	100	0	5287	5287
200530080	ユニーク【レベル5】イズ08	01	4	3030	武器強化素材【Sレア】	0x40000BD6	0xB0000BD6	1	100	0	5288	5288
200530090	ユニーク【レベル5】イズ09	01	8	190350				1	100	0	5289	5289
200530100	ユニーク【レベル5】イズ10	01	4	1501	SAN値回復＋2	0x400005DD	0xB00005DD	1	100	0	5290	5290
200530110	ユニーク【レベル5】イズ11	01	4	1501	SAN値回復＋2	0x400005DD	0xB00005DD	1	100	0	5291	5291
200530120	ユニーク【レベル5】イズ12	01	4	1501	SAN値回復＋2	0x400005DD	0xB00005DD	1	100	0	5292	5292
200530130	ユニーク【レベル5】イズ13	01	4	1501	SAN値回復＋2	0x400005DD	0xB00005DD	1	100	0	5293	5293
200530140	ユニーク【レベル5】イズ14	01	4	1501	SAN値回復＋2	0x400005DD	0xB00005DD	1	100	0	5294	5294
200530200	ユニーク【レベル5】イズ_代替00	01	4	1501	SAN値回復＋2	0x400005DD	0xB00005DD	1	100	0	52900280	52900280
200530210	ユニーク【レベル5】イズ_代替01	01	4	1501	SAN値回復＋2	0x400005DD	0xB00005DD	1	100	0	52900281	52900281
200530220	ユニーク【レベル5】イズ_代替02	01	4	1501	SAN値回復＋2	0x400005DD	0xB00005DD	1	100	0	52900282	52900282
200530230	ユニーク【レベル5】イズ_代替03	01	4	1501	SAN値回復＋2	0x400005DD	0xB00005DD	1	100	0	52900283	52900283
200530240	ユニーク【レベル5】イズ_代替04	01	4	1501	SAN値回復＋2	0x400005DD	0xB00005DD	1	100	0	52900284	52900284
200530250	ユニーク【レベル5】イズ_代替05	01	4	1501	SAN値回復＋2	0x400005DD	0xB00005DD	1	100	0	52900285	52900285
200530260	ユニーク【レベル5】イズ_代替06	01	4	1501	SAN値回復＋2	0x400005DD	0xB00005DD	1	100	0	52900286	52900286
200530270	ユニーク【レベル5】イズ_代替07	01	4	1501	SAN値回復＋2	0x400005DD	0xB00005DD	1	100	0	52900287	52900287
200530280	ユニーク【レベル5】イズ_代替08	01	4	1501	SAN値回復＋2	0x400005DD	0xB00005DD	1	100	0	52900288	52900288
200530290	ユニーク【レベル5】イズ_代替09	01	4	1501	SAN値回復＋2	0x400005DD	0xB00005DD	1	100	0	52900289	52900289
200530300	ユニーク【レベル5】イズ_代替10	01	4	1501	SAN値回復＋2	0x400005DD	0xB00005DD	1	100	0	52900290	52900290
200530310	ユニーク【レベル5】イズ_代替11	01	4	1501	SAN値回復＋2	0x400005DD	0xB00005DD	1	100	0	52900291	52900291
200530320	ユニーク【レベル5】イズ_代替12	01	4	1501	SAN値回復＋2	0x400005DD	0xB00005DD	1	100	0	52900292	52900292
200530330	ユニーク【レベル5】イズ_代替13	01	4	1501	SAN値回復＋2	0x400005DD	0xB00005DD	1	100	0	52900293	52900293
200530340	ユニーク【レベル5】イズ_代替14	01	4	1501	SAN値回復＋2	0x400005DD	0xB00005DD	1	100	0	52900294	52900294
201010000	ブロック宝箱【レベル1_トゥメル】1F　候補1	01	4	7000	儀式素材【コモンA】レベル1	0x40001B58	0xB0001B58	2	100	0	52901000	52901000
201010010	ブロック宝箱【レベル1_トゥメル】1F　候補2	01	4	7000	儀式素材【コモンA】レベル1	0x40001B58	0xB0001B58	2	100	0	52901000	52901000
201010020	ブロック宝箱【レベル1_トゥメル】1F　候補3	01	4	7000	儀式素材【コモンA】レベル1	0x40001B58	0xB0001B58	2	100	0	52901000	52901000
201010030	ブロック宝箱【レベル1_トゥメル】1F　候補4	01	4	7000	儀式素材【コモンA】レベル1	0x40001B58	0xB0001B58	1	100	0	52901000	52901000
201010040	ブロック宝箱【レベル1_トゥメル】1F　候補5	01	4	7000	儀式素材【コモンA】レベル1	0x40001B58	0xB0001B58	1	100	0	52901000	52901000
201010050	ブロック宝箱【レベル1_トゥメル】1F　候補6	01	4	7000	儀式素材【コモンA】レベル1	0x40001B58	0xB0001B58	1	100	0	52901000	52901000
201010060	ブロック宝箱【レベル1_トゥメル】1F　候補7	01	4	7000	儀式素材【コモンA】レベル1	0x40001B58	0xB0001B58	1	100	0	52901000	52901000
201010070	ブロック宝箱【レベル1_トゥメル】1F　候補8	01	4	7000	儀式素材【コモンA】レベル1	0x40001B58	0xB0001B58	1	100	0	52901000	52901000
201010080	ブロック宝箱【レベル1_トゥメル】1F　候補9	01	4	7000	儀式素材【コモンA】レベル1	0x40001B58	0xB0001B58	1	100	0	52901000	52901000
201010090	ブロック宝箱【レベル1_トゥメル】1F　候補10	01	8	81110				1	100	0	52901000	52901000
201010100	ブロック宝箱【レベル1_トゥメル】2F　候補1	01	4	7000	儀式素材【コモンA】レベル1	0x40001B58	0xB0001B58	2	100	0	52901000	52901000
201010110	ブロック宝箱【レベル1_トゥメル】2F　候補2	01	4	7001	儀式素材【コモンA】レベル2	0x40001B59	0xB0001B59	2	100	0	52901000	52901000
201010120	ブロック宝箱【レベル1_トゥメル】2F　候補3	01	4	7001	儀式素材【コモンA】レベル2	0x40001B59	0xB0001B59	2	100	0	52901000	52901000
201010130	ブロック宝箱【レベル1_トゥメル】2F　候補4	01	4	7001	儀式素材【コモンA】レベル2	0x40001B59	0xB0001B59	1	100	0	52901000	52901000
201010140	ブロック宝箱【レベル1_トゥメル】2F　候補5	01	4	7001	儀式素材【コモンA】レベル2	0x40001B59	0xB0001B59	1	100	0	52901000	52901000
201010150	ブロック宝箱【レベル1_トゥメル】2F　候補6	01	4	7020	儀式素材【コモンC】レベル1	0x40001B6C	0xB0001B6C	2	100	0	52901000	52901000
201010160	ブロック宝箱【レベル1_トゥメル】2F　候補7	01	4	7020	儀式素材【コモンC】レベル1	0x40001B6C	0xB0001B6C	2	100	0	52901000	52901000
201010170	ブロック宝箱【レベル1_トゥメル】2F　候補8	01	4	7020	儀式素材【コモンC】レベル1	0x40001B6C	0xB0001B6C	1	100	0	52901000	52901000
201010180	ブロック宝箱【レベル1_トゥメル】2F　候補9	01	4	7020	儀式素材【コモンC】レベル1	0x40001B6C	0xB0001B6C	1	100	0	52901000	52901000
201010190	ブロック宝箱【レベル1_トゥメル】2F　候補10	01	8	81120				1	100	0	52901000	52901000
201010200	ブロック宝箱【レベル1_トゥメル】3F　候補1	01	4	7000	儀式素材【コモンA】レベル1	0x40001B58	0xB0001B58	4	100	0	52901000	52901000
201010210	ブロック宝箱【レベル1_トゥメル】3F　候補2	01	4	7001	儀式素材【コモンA】レベル2	0x40001B59	0xB0001B59	4	100	0	52901000	52901000
201010220	ブロック宝箱【レベル1_トゥメル】3F　候補3	01	4	7001	儀式素材【コモンA】レベル2	0x40001B59	0xB0001B59	4	100	0	52901000	52901000
201010230	ブロック宝箱【レベル1_トゥメル】3F　候補4	01	4	7001	儀式素材【コモンA】レベル2	0x40001B59	0xB0001B59	3	100	0	52901000	52901000
201010240	ブロック宝箱【レベル1_トゥメル】3F　候補5	01	4	7001	儀式素材【コモンA】レベル2	0x40001B59	0xB0001B59	3	100	0	52901000	52901000
201010250	ブロック宝箱【レベル1_トゥメル】3F　候補6	01	4	7020	儀式素材【コモンC】レベル1	0x40001B6C	0xB0001B6C	4	100	0	52901000	52901000
201010260	ブロック宝箱【レベル1_トゥメル】3F　候補7	01	4	7020	儀式素材【コモンC】レベル1	0x40001B6C	0xB0001B6C	4	100	0	52901000	52901000
201010270	ブロック宝箱【レベル1_トゥメル】3F　候補8	01	4	7020	儀式素材【コモンC】レベル1	0x40001B6C	0xB0001B6C	3	100	0	52901000	52901000
201010280	ブロック宝箱【レベル1_トゥメル】3F　候補9	01	4	7020	儀式素材【コモンC】レベル1	0x40001B6C	0xB0001B6C	2	100	0	52901000	52901000
201010290	ブロック宝箱【レベル1_トゥメル】3F　候補10	01	8	81120				1	100	0	52901000	52901000
201010300	ブロック宝箱【レベル1_トゥメル】4F　候補1	01	4	7000	儀式素材【コモンA】レベル1	0x40001B58	0xB0001B58	6	100	0	52901000	52901000
201010310	ブロック宝箱【レベル1_トゥメル】4F　候補2	01	4	7001	儀式素材【コモンA】レベル2	0x40001B59	0xB0001B59	6	100	0	52901000	52901000
201010320	ブロック宝箱【レベル1_トゥメル】4F　候補3	01	4	7001	儀式素材【コモンA】レベル2	0x40001B59	0xB0001B59	6	100	0	52901000	52901000
201010330	ブロック宝箱【レベル1_トゥメル】4F　候補4	01	4	7001	儀式素材【コモンA】レベル2	0x40001B59	0xB0001B59	5	100	0	52901000	52901000
201010340	ブロック宝箱【レベル1_トゥメル】4F　候補5	01	4	7001	儀式素材【コモンA】レベル2	0x40001B59	0xB0001B59	5	100	0	52901000	52901000
201010350	ブロック宝箱【レベル1_トゥメル】4F　候補6	01	4	7020	儀式素材【コモンC】レベル1	0x40001B6C	0xB0001B6C	6	100	0	52901000	52901000
201010360	ブロック宝箱【レベル1_トゥメル】4F　候補7	01	4	7020	儀式素材【コモンC】レベル1	0x40001B6C	0xB0001B6C	6	100	0	52901000	52901000
201010370	ブロック宝箱【レベル1_トゥメル】4F　候補8	01	4	7020	儀式素材【コモンC】レベル1	0x40001B6C	0xB0001B6C	5	100	0	52901000	52901000
201010380	ブロック宝箱【レベル1_トゥメル】4F　候補9	01	4	7020	儀式素材【コモンC】レベル1	0x40001B6C	0xB0001B6C	3	100	0	52901000	52901000
201010390	ブロック宝箱【レベル1_トゥメル】4F　候補10	01	8	81140				1	100	0	52901000	52901000
201020000	ブロック宝箱【レベル2_トゥメル】1F　候補1	01	4	7001	儀式素材【コモンA】レベル2	0x40001B59	0xB0001B59	2	100	0	52901000	52901000
201020010	ブロック宝箱【レベル2_トゥメル】1F　候補2	01	4	7001	儀式素材【コモンA】レベル2	0x40001B59	0xB0001B59	2	100	0	52901000	52901000
201020020	ブロック宝箱【レベル2_トゥメル】1F　候補3	01	4	7001	儀式素材【コモンA】レベル2	0x40001B59	0xB0001B59	2	100	0	52901000	52901000
201020030	ブロック宝箱【レベル2_トゥメル】1F　候補4	01	4	7001	儀式素材【コモンA】レベル2	0x40001B59	0xB0001B59	1	100	0	52901000	52901000
201020040	ブロック宝箱【レベル2_トゥメル】1F　候補5	01	4	7001	儀式素材【コモンA】レベル2	0x40001B59	0xB0001B59	1	100	0	52901000	52901000
201020050	ブロック宝箱【レベル2_トゥメル】1F　候補6	01	4	7001	儀式素材【コモンA】レベル2	0x40001B59	0xB0001B59	1	100	0	52901000	52901000
201020060	ブロック宝箱【レベル2_トゥメル】1F　候補7	01	4	7001	儀式素材【コモンA】レベル2	0x40001B59	0xB0001B59	1	100	0	52901000	52901000
201020070	ブロック宝箱【レベル2_トゥメル】1F　候補8	01	4	7001	儀式素材【コモンA】レベル2	0x40001B59	0xB0001B59	1	100	0	52901000	52901000
201020080	ブロック宝箱【レベル2_トゥメル】1F　候補9	01	4	7001	儀式素材【コモンA】レベル2	0x40001B59	0xB0001B59	1	100	0	52901000	52901000
201020090	ブロック宝箱【レベル2_トゥメル】1F　候補10	01	8	81110				1	100	0	52901000	52901000
201020100	ブロック宝箱【レベル2_トゥメル】2F　候補1	01	4	7001	儀式素材【コモンA】レベル2	0x40001B59	0xB0001B59	4	100	0	52901000	52901000
201020110	ブロック宝箱【レベル2_トゥメル】2F　候補2	01	4	7002	儀式素材【コモンA】レベル3	0x40001B5A	0xB0001B5A	2	100	0	52901000	52901000
201020120	ブロック宝箱【レベル2_トゥメル】2F　候補3	01	4	7002	儀式素材【コモンA】レベル3	0x40001B5A	0xB0001B5A	2	100	0	52901000	52901000
201020130	ブロック宝箱【レベル2_トゥメル】2F　候補4	01	4	7002	儀式素材【コモンA】レベル3	0x40001B5A	0xB0001B5A	1	100	0	52901000	52901000
201020140	ブロック宝箱【レベル2_トゥメル】2F　候補5	01	4	7002	儀式素材【コモンA】レベル3	0x40001B5A	0xB0001B5A	1	100	0	52901000	52901000
201020150	ブロック宝箱【レベル2_トゥメル】2F　候補6	01	4	7021	儀式素材【コモンC】レベル2	0x40001B6D	0xB0001B6D	2	100	0	52901000	52901000
201020160	ブロック宝箱【レベル2_トゥメル】2F　候補7	01	4	7021	儀式素材【コモンC】レベル2	0x40001B6D	0xB0001B6D	2	100	0	52901000	52901000
201020170	ブロック宝箱【レベル2_トゥメル】2F　候補8	01	4	7021	儀式素材【コモンC】レベル2	0x40001B6D	0xB0001B6D	1	100	0	52901000	52901000
201020180	ブロック宝箱【レベル2_トゥメル】2F　候補9	01	4	7021	儀式素材【コモンC】レベル2	0x40001B6D	0xB0001B6D	1	100	0	52901000	52901000
201020190	ブロック宝箱【レベル2_トゥメル】2F　候補10	01	8	81120				1	100	0	52901000	52901000
201020200	ブロック宝箱【レベル2_トゥメル】3F　候補1	01	4	7001	儀式素材【コモンA】レベル2	0x40001B59	0xB0001B59	6	100	0	52901000	52901000
201020210	ブロック宝箱【レベル2_トゥメル】3F　候補2	01	4	7002	儀式素材【コモンA】レベル3	0x40001B5A	0xB0001B5A	4	100	0	52901000	52901000
201020220	ブロック宝箱【レベル2_トゥメル】3F　候補3	01	4	7002	儀式素材【コモンA】レベル3	0x40001B5A	0xB0001B5A	4	100	0	52901000	52901000
201020230	ブロック宝箱【レベル2_トゥメル】3F　候補4	01	4	7002	儀式素材【コモンA】レベル3	0x40001B5A	0xB0001B5A	3	100	0	52901000	52901000
201020240	ブロック宝箱【レベル2_トゥメル】3F　候補5	01	4	7002	儀式素材【コモンA】レベル3	0x40001B5A	0xB0001B5A	2	100	0	52901000	52901000
201020250	ブロック宝箱【レベル2_トゥメル】3F　候補6	01	4	7021	儀式素材【コモンC】レベル2	0x40001B6D	0xB0001B6D	4	100	0	52901000	52901000
201020260	ブロック宝箱【レベル2_トゥメル】3F　候補7	01	4	7021	儀式素材【コモンC】レベル2	0x40001B6D	0xB0001B6D	4	100	0	52901000	52901000
201020270	ブロック宝箱【レベル2_トゥメル】3F　候補8	01	4	7021	儀式素材【コモンC】レベル2	0x40001B6D	0xB0001B6D	3	100	0	52901000	52901000
201020280	ブロック宝箱【レベル2_トゥメル】3F　候補9	01	4	7021	儀式素材【コモンC】レベル2	0x40001B6D	0xB0001B6D	3	100	0	52901000	52901000
201020290	ブロック宝箱【レベル2_トゥメル】3F　候補10	01	8	81120				1	100	0	52901000	52901000
201020300	ブロック宝箱【レベル2_トゥメル】4F　候補1	01	4	7001	儀式素材【コモンA】レベル2	0x40001B59	0xB0001B59	8	100	0	52901000	52901000
201020310	ブロック宝箱【レベル2_トゥメル】4F　候補2	01	4	7002	儀式素材【コモンA】レベル3	0x40001B5A	0xB0001B5A	6	100	0	52901000	52901000
201020320	ブロック宝箱【レベル2_トゥメル】4F　候補3	01	4	7002	儀式素材【コモンA】レベル3	0x40001B5A	0xB0001B5A	6	100	0	52901000	52901000
201020330	ブロック宝箱【レベル2_トゥメル】4F　候補4	01	4	7002	儀式素材【コモンA】レベル3	0x40001B5A	0xB0001B5A	5	100	0	52901000	52901000
201020340	ブロック宝箱【レベル2_トゥメル】4F　候補5	01	4	7002	儀式素材【コモンA】レベル3	0x40001B5A	0xB0001B5A	5	100	0	52901000	52901000
201020350	ブロック宝箱【レベル2_トゥメル】4F　候補6	01	4	7021	儀式素材【コモンC】レベル2	0x40001B6D	0xB0001B6D	6	100	0	52901000	52901000
201020360	ブロック宝箱【レベル2_トゥメル】4F　候補7	01	4	7021	儀式素材【コモンC】レベル2	0x40001B6D	0xB0001B6D	6	100	0	52901000	52901000
201020370	ブロック宝箱【レベル2_トゥメル】4F　候補8	01	4	7021	儀式素材【コモンC】レベル2	0x40001B6D	0xB0001B6D	5	100	0	52901000	52901000
201020380	ブロック宝箱【レベル2_トゥメル】4F　候補9	01	4	7021	儀式素材【コモンC】レベル2	0x40001B6D	0xB0001B6D	5	100	0	52901000	52901000
201020390	ブロック宝箱【レベル2_トゥメル】4F　候補10	01	8	81140				1	100	0	52901000	52901000
201021000	ブロック宝箱【レベル2_僻墓】1F　候補1	01	4	7001	儀式素材【コモンA】レベル2	0x40001B59	0xB0001B59	2	100	0	52901000	52901000
201021010	ブロック宝箱【レベル2_僻墓】1F　候補2	01	4	7001	儀式素材【コモンA】レベル2	0x40001B59	0xB0001B59	2	100	0	52901000	52901000
201021020	ブロック宝箱【レベル2_僻墓】1F　候補3	01	4	7001	儀式素材【コモンA】レベル2	0x40001B59	0xB0001B59	2	100	0	52901000	52901000
201021030	ブロック宝箱【レベル2_僻墓】1F　候補4	01	4	7001	儀式素材【コモンA】レベル2	0x40001B59	0xB0001B59	1	100	0	52901000	52901000
201021040	ブロック宝箱【レベル2_僻墓】1F　候補5	01	4	7001	儀式素材【コモンA】レベル2	0x40001B59	0xB0001B59	1	100	0	52901000	52901000
201021050	ブロック宝箱【レベル2_僻墓】1F　候補6	01	4	7001	儀式素材【コモンA】レベル2	0x40001B59	0xB0001B59	1	100	0	52901000	52901000
201021060	ブロック宝箱【レベル2_僻墓】1F　候補7	01	4	7001	儀式素材【コモンA】レベル2	0x40001B59	0xB0001B59	1	100	0	52901000	52901000
201021070	ブロック宝箱【レベル2_僻墓】1F　候補8	01	4	7001	儀式素材【コモンA】レベル2	0x40001B59	0xB0001B59	1	100	0	52901000	52901000
201021080	ブロック宝箱【レベル2_僻墓】1F　候補9	01	4	7001	儀式素材【コモンA】レベル2	0x40001B59	0xB0001B59	1	100	0	52901000	52901000
201021090	ブロック宝箱【レベル2_僻墓】1F　候補10	01	8	81210				1	100	0	52901000	52901000
201021100	ブロック宝箱【レベル2_僻墓】2F　候補1	01	4	7001	儀式素材【コモンA】レベル2	0x40001B59	0xB0001B59	2	100	0	52901000	52901000
201021110	ブロック宝箱【レベル2_僻墓】2F　候補2	01	4	7002	儀式素材【コモンA】レベル3	0x40001B5A	0xB0001B5A	2	100	0	52901000	52901000
201021120	ブロック宝箱【レベル2_僻墓】2F　候補3	01	4	7021	儀式素材【コモンC】レベル2	0x40001B6D	0xB0001B6D	4	100	0	52901000	52901000
201021130	ブロック宝箱【レベル2_僻墓】2F　候補4	01	4	7021	儀式素材【コモンC】レベル2	0x40001B6D	0xB0001B6D	4	100	0	52901000	52901000
201021140	ブロック宝箱【レベル2_僻墓】2F　候補5	01	4	7021	儀式素材【コモンC】レベル2	0x40001B6D	0xB0001B6D	3	100	0	52901000	52901000
201021150	ブロック宝箱【レベル2_僻墓】2F　候補6	01	4	7150	儀式素材【アンコモンF】レベル1	0x40001BEE	0xB0001BEE	2	100	0	52901000	52901000
201021160	ブロック宝箱【レベル2_僻墓】2F　候補7	01	4	7150	儀式素材【アンコモンF】レベル1	0x40001BEE	0xB0001BEE	1	100	0	52901000	52901000
201021170	ブロック宝箱【レベル2_僻墓】2F　候補8	01	4	7150	儀式素材【アンコモンF】レベル1	0x40001BEE	0xB0001BEE	1	100	0	52901000	52901000
201021180	ブロック宝箱【レベル2_僻墓】2F　候補9	01	4	7120	儀式素材【アンコモンC】レベル1	0x40001BD0	0xB0001BD0	1	100	0	52901000	52901000
201021190	ブロック宝箱【レベル2_僻墓】2F　候補10	01	8	81220				1	100	0	52901000	52901000
201021200	ブロック宝箱【レベル2_僻墓】3F　候補1	01	4	7001	儀式素材【コモンA】レベル2	0x40001B59	0xB0001B59	1	100	0	52901000	52901000
201021210	ブロック宝箱【レベル2_僻墓】3F　候補2	01	4	7002	儀式素材【コモンA】レベル3	0x40001B5A	0xB0001B5A	3	100	0	52901000	52901000
201021220	ブロック宝箱【レベル2_僻墓】3F　候補3	01	4	7002	儀式素材【コモンA】レベル3	0x40001B5A	0xB0001B5A	1	100	0	52901000	52901000
201021230	ブロック宝箱【レベル2_僻墓】3F　候補4	01	4	7021	儀式素材【コモンC】レベル2	0x40001B6D	0xB0001B6D	6	100	0	52901000	52901000
201021240	ブロック宝箱【レベル2_僻墓】3F　候補5	01	4	7021	儀式素材【コモンC】レベル2	0x40001B6D	0xB0001B6D	5	100	0	52901000	52901000
201021250	ブロック宝箱【レベル2_僻墓】3F　候補6	01	4	7150	儀式素材【アンコモンF】レベル1	0x40001BEE	0xB0001BEE	4	100	0	52901000	52901000
201021260	ブロック宝箱【レベル2_僻墓】3F　候補7	01	4	7150	儀式素材【アンコモンF】レベル1	0x40001BEE	0xB0001BEE	3	100	0	52901000	52901000
201021270	ブロック宝箱【レベル2_僻墓】3F　候補8	01	4	7150	儀式素材【アンコモンF】レベル1	0x40001BEE	0xB0001BEE	2	100	0	52901000	52901000
201021280	ブロック宝箱【レベル2_僻墓】3F　候補9	01	4	7120	儀式素材【アンコモンC】レベル1	0x40001BD0	0xB0001BD0	1	100	0	52901000	52901000
201021290	ブロック宝箱【レベル2_僻墓】3F　候補10	01	8	81220				1	100	0	52901000	52901000
201021300	ブロック宝箱【レベル2_僻墓】4F　候補1	01	4	7001	儀式素材【コモンA】レベル2	0x40001B59	0xB0001B59	8	100	0	52901000	52901000
201021310	ブロック宝箱【レベル2_僻墓】4F　候補2	01	4	7002	儀式素材【コモンA】レベル3	0x40001B5A	0xB0001B5A	5	100	0	52901000	52901000
201021320	ブロック宝箱【レベル2_僻墓】4F　候補3	01	4	7021	儀式素材【コモンC】レベル2	0x40001B6D	0xB0001B6D	8	100	0	52901000	52901000
201021330	ブロック宝箱【レベル2_僻墓】4F　候補4	01	4	7021	儀式素材【コモンC】レベル2	0x40001B6D	0xB0001B6D	8	100	0	52901000	52901000
201021340	ブロック宝箱【レベル2_僻墓】4F　候補5	01	4	7021	儀式素材【コモンC】レベル2	0x40001B6D	0xB0001B6D	7	100	0	52901000	52901000
201021350	ブロック宝箱【レベル2_僻墓】4F　候補6	01	4	7150	儀式素材【アンコモンF】レベル1	0x40001BEE	0xB0001BEE	6	100	0	52901000	52901000
201021360	ブロック宝箱【レベル2_僻墓】4F　候補7	01	4	7150	儀式素材【アンコモンF】レベル1	0x40001BEE	0xB0001BEE	5	100	0	52901000	52901000
201021370	ブロック宝箱【レベル2_僻墓】4F　候補8	01	4	7150	儀式素材【アンコモンF】レベル1	0x40001BEE	0xB0001BEE	5	100	0	52901000	52901000
201021380	ブロック宝箱【レベル2_僻墓】4F　候補9	01	4	7120	儀式素材【アンコモンC】レベル1	0x40001BD0	0xB0001BD0	2	100	0	52901000	52901000
201021390	ブロック宝箱【レベル2_僻墓】4F　候補10	01	8	81240				1	100	0	52901000	52901000
201030000	ブロック宝箱【レベル3_トゥメル】1F　候補1	01	4	7002	儀式素材【コモンA】レベル3	0x40001B5A	0xB0001B5A	2	100	0	52901000	52901000
201030010	ブロック宝箱【レベル3_トゥメル】1F　候補2	01	4	7002	儀式素材【コモンA】レベル3	0x40001B5A	0xB0001B5A	2	100	0	52901000	52901000
201030020	ブロック宝箱【レベル3_トゥメル】1F　候補3	01	4	7002	儀式素材【コモンA】レベル3	0x40001B5A	0xB0001B5A	2	100	0	52901000	52901000
201030030	ブロック宝箱【レベル3_トゥメル】1F　候補4	01	4	7002	儀式素材【コモンA】レベル3	0x40001B5A	0xB0001B5A	1	100	0	52901000	52901000
201030040	ブロック宝箱【レベル3_トゥメル】1F　候補5	01	4	7002	儀式素材【コモンA】レベル3	0x40001B5A	0xB0001B5A	1	100	0	52901000	52901000
201030050	ブロック宝箱【レベル3_トゥメル】1F　候補6	01	4	7002	儀式素材【コモンA】レベル3	0x40001B5A	0xB0001B5A	1	100	0	52901000	52901000
201030060	ブロック宝箱【レベル3_トゥメル】1F　候補7	01	4	7002	儀式素材【コモンA】レベル3	0x40001B5A	0xB0001B5A	1	100	0	52901000	52901000
201030070	ブロック宝箱【レベル3_トゥメル】1F　候補8	01	4	7002	儀式素材【コモンA】レベル3	0x40001B5A	0xB0001B5A	1	100	0	52901000	52901000
201030080	ブロック宝箱【レベル3_トゥメル】1F　候補9	01	4	7002	儀式素材【コモンA】レベル3	0x40001B5A	0xB0001B5A	1	100	0	52901000	52901000
201030090	ブロック宝箱【レベル3_トゥメル】1F　候補10	01	8	81110				1	100	0	52901000	52901000
201030100	ブロック宝箱【レベル3_トゥメル】2F　候補1	01	4	7002	儀式素材【コモンA】レベル3	0x40001B5A	0xB0001B5A	3	100	0	52901000	52901000
201030110	ブロック宝箱【レベル3_トゥメル】2F　候補2	01	4	7003	儀式素材【コモンA】レベル4	0x40001B5B	0xB0001B5B	2	100	0	52901000	52901000
201030120	ブロック宝箱【レベル3_トゥメル】2F　候補3	01	4	7003	儀式素材【コモンA】レベル4	0x40001B5B	0xB0001B5B	2	100	0	52901000	52901000
201030130	ブロック宝箱【レベル3_トゥメル】2F　候補4	01	4	7003	儀式素材【コモンA】レベル4	0x40001B5B	0xB0001B5B	1	100	0	52901000	52901000
201030140	ブロック宝箱【レベル3_トゥメル】2F　候補5	01	4	7022	儀式素材【コモンC】レベル3	0x40001B6E	0xB0001B6E	4	100	0	52901000	52901000
201030150	ブロック宝箱【レベル3_トゥメル】2F　候補6	01	4	7022	儀式素材【コモンC】レベル3	0x40001B6E	0xB0001B6E	2	100	0	52901000	52901000
201030160	ブロック宝箱【レベル3_トゥメル】2F　候補7	01	4	7120	儀式素材【アンコモンC】レベル1	0x40001BD0	0xB0001BD0	1	100	0	52901000	52901000
201030170	ブロック宝箱【レベル3_トゥメル】2F　候補8	01	4	7120	儀式素材【アンコモンC】レベル1	0x40001BD0	0xB0001BD0	1	100	0	52901000	52901000
201030180	ブロック宝箱【レベル3_トゥメル】2F　候補9	01	4	7130	儀式素材【アンコモンD】レベル1	0x40001BDA	0xB0001BDA	1	100	0	52901000	52901000
201030190	ブロック宝箱【レベル3_トゥメル】2F　候補10	01	8	81120				1	100	0	52901000	52901000
201030200	ブロック宝箱【レベル3_トゥメル】3F　候補1	01	4	7002	儀式素材【コモンA】レベル3	0x40001B5A	0xB0001B5A	6	100	0	52901000	52901000
201030210	ブロック宝箱【レベル3_トゥメル】3F　候補2	01	4	7003	儀式素材【コモンA】レベル4	0x40001B5B	0xB0001B5B	4	100	0	52901000	52901000
201030220	ブロック宝箱【レベル3_トゥメル】3F　候補3	01	4	7003	儀式素材【コモンA】レベル4	0x40001B5B	0xB0001B5B	3	100	0	52901000	52901000
201030230	ブロック宝箱【レベル3_トゥメル】3F　候補4	01	4	7003	儀式素材【コモンA】レベル4	0x40001B5B	0xB0001B5B	1	100	0	52901000	52901000
201030240	ブロック宝箱【レベル3_トゥメル】3F　候補5	01	4	7022	儀式素材【コモンC】レベル3	0x40001B6E	0xB0001B6E	4	100	0	52901000	52901000
201030250	ブロック宝箱【レベル3_トゥメル】3F　候補6	01	4	7022	儀式素材【コモンC】レベル3	0x40001B6E	0xB0001B6E	4	100	0	52901000	52901000
201030260	ブロック宝箱【レベル3_トゥメル】3F　候補7	01	4	7120	儀式素材【アンコモンC】レベル1	0x40001BD0	0xB0001BD0	2	100	0	52901000	52901000
201030270	ブロック宝箱【レベル3_トゥメル】3F　候補8	01	4	7120	儀式素材【アンコモンC】レベル1	0x40001BD0	0xB0001BD0	1	100	0	52901000	52901000
201030280	ブロック宝箱【レベル3_トゥメル】3F　候補9	01	4	7130	儀式素材【アンコモンD】レベル1	0x40001BDA	0xB0001BDA	1	100	0	52901000	52901000
201030290	ブロック宝箱【レベル3_トゥメル】3F　候補10	01	8	81120				1	100	0	52901000	52901000
201030300	ブロック宝箱【レベル3_トゥメル】4F　候補1	01	4	7002	儀式素材【コモンA】レベル3	0x40001B5A	0xB0001B5A	8	100	0	52901000	52901000
201030310	ブロック宝箱【レベル3_トゥメル】4F　候補2	01	4	7003	儀式素材【コモンA】レベル4	0x40001B5B	0xB0001B5B	6	100	0	52901000	52901000
201030320	ブロック宝箱【レベル3_トゥメル】4F　候補3	01	4	7003	儀式素材【コモンA】レベル4	0x40001B5B	0xB0001B5B	3	100	0	52901000	52901000
201030330	ブロック宝箱【レベル3_トゥメル】4F　候補4	01	4	7003	儀式素材【コモンA】レベル4	0x40001B5B	0xB0001B5B	1	100	0	52901000	52901000
201030340	ブロック宝箱【レベル3_トゥメル】4F　候補5	01	4	7022	儀式素材【コモンC】レベル3	0x40001B6E	0xB0001B6E	6	100	0	52901000	52901000
201030350	ブロック宝箱【レベル3_トゥメル】4F　候補6	01	4	7022	儀式素材【コモンC】レベル3	0x40001B6E	0xB0001B6E	6	100	0	52901000	52901000
201030360	ブロック宝箱【レベル3_トゥメル】4F　候補7	01	4	7120	儀式素材【アンコモンC】レベル1	0x40001BD0	0xB0001BD0	2	100	0	52901000	52901000
201030370	ブロック宝箱【レベル3_トゥメル】4F　候補8	01	4	7120	儀式素材【アンコモンC】レベル1	0x40001BD0	0xB0001BD0	1	100	0	52901000	52901000
201030380	ブロック宝箱【レベル3_トゥメル】4F　候補9	01	4	7130	儀式素材【アンコモンD】レベル1	0x40001BDA	0xB0001BDA	2	100	0	52901000	52901000
201030390	ブロック宝箱【レベル3_トゥメル】4F　候補10	01	8	81140				1	100	0	52901000	52901000
201031000	ブロック宝箱【レベル3_僻墓】1F　候補1	01	4	7002	儀式素材【コモンA】レベル3	0x40001B5A	0xB0001B5A	2	100	0	52901000	52901000
201031010	ブロック宝箱【レベル3_僻墓】1F　候補2	01	4	7002	儀式素材【コモンA】レベル3	0x40001B5A	0xB0001B5A	2	100	0	52901000	52901000
201031020	ブロック宝箱【レベル3_僻墓】1F　候補3	01	4	7002	儀式素材【コモンA】レベル3	0x40001B5A	0xB0001B5A	2	100	0	52901000	52901000
201031030	ブロック宝箱【レベル3_僻墓】1F　候補4	01	4	7002	儀式素材【コモンA】レベル3	0x40001B5A	0xB0001B5A	1	100	0	52901000	52901000
201031040	ブロック宝箱【レベル3_僻墓】1F　候補5	01	4	7002	儀式素材【コモンA】レベル3	0x40001B5A	0xB0001B5A	1	100	0	52901000	52901000
201031050	ブロック宝箱【レベル3_僻墓】1F　候補6	01	4	7002	儀式素材【コモンA】レベル3	0x40001B5A	0xB0001B5A	1	100	0	52901000	52901000
201031060	ブロック宝箱【レベル3_僻墓】1F　候補7	01	4	7002	儀式素材【コモンA】レベル3	0x40001B5A	0xB0001B5A	1	100	0	52901000	52901000
201031070	ブロック宝箱【レベル3_僻墓】1F　候補8	01	4	7002	儀式素材【コモンA】レベル3	0x40001B5A	0xB0001B5A	1	100	0	52901000	52901000
201031080	ブロック宝箱【レベル3_僻墓】1F　候補9	01	4	7002	儀式素材【コモンA】レベル3	0x40001B5A	0xB0001B5A	1	100	0	52901000	52901000
201031090	ブロック宝箱【レベル3_僻墓】1F　候補10	01	8	81210				1	100	0	52901000	52901000
201031100	ブロック宝箱【レベル3_僻墓】2F　候補1	01	4	7002	儀式素材【コモンA】レベル3	0x40001B5A	0xB0001B5A	4	100	0	52901000	52901000
201031110	ブロック宝箱【レベル3_僻墓】2F　候補2	01	4	7003	儀式素材【コモンA】レベル4	0x40001B5B	0xB0001B5B	1	100	0	52901000	52901000
201031120	ブロック宝箱【レベル3_僻墓】2F　候補3	01	4	7022	儀式素材【コモンC】レベル3	0x40001B6E	0xB0001B6E	4	100	0	52901000	52901000
201031130	ブロック宝箱【レベル3_僻墓】2F　候補4	01	4	7022	儀式素材【コモンC】レベル3	0x40001B6E	0xB0001B6E	2	100	0	52901000	52901000
201031140	ブロック宝箱【レベル3_僻墓】2F　候補5	01	4	7150	儀式素材【アンコモンF】レベル1	0x40001BEE	0xB0001BEE	4	100	0	52901000	52901000
201031150	ブロック宝箱【レベル3_僻墓】2F　候補6	01	4	7150	儀式素材【アンコモンF】レベル1	0x40001BEE	0xB0001BEE	1	100	0	52901000	52901000
201031160	ブロック宝箱【レベル3_僻墓】2F　候補7	01	4	7150	儀式素材【アンコモンF】レベル1	0x40001BEE	0xB0001BEE	1	100	0	52901000	52901000
201031170	ブロック宝箱【レベル3_僻墓】2F　候補8	01	4	7120	儀式素材【アンコモンC】レベル1	0x40001BD0	0xB0001BD0	1	100	0	52901000	52901000
201031180	ブロック宝箱【レベル3_僻墓】2F　候補9	01	4	7130	儀式素材【アンコモンD】レベル1	0x40001BDA	0xB0001BDA	2	100	0	52901000	52901000
201031190	ブロック宝箱【レベル3_僻墓】2F　候補10	01	8	81220				1	100	0	52901000	52901000
201031200	ブロック宝箱【レベル3_僻墓】3F　候補1	01	4	7002	儀式素材【コモンA】レベル3	0x40001B5A	0xB0001B5A	6	100	0	52901000	52901000
201031210	ブロック宝箱【レベル3_僻墓】3F　候補2	01	4	7003	儀式素材【コモンA】レベル4	0x40001B5B	0xB0001B5B	2	100	0	52901000	52901000
201031220	ブロック宝箱【レベル3_僻墓】3F　候補3	01	4	7022	儀式素材【コモンC】レベル3	0x40001B6E	0xB0001B6E	6	100	0	52901000	52901000
201031230	ブロック宝箱【レベル3_僻墓】3F　候補4	01	4	7022	儀式素材【コモンC】レベル3	0x40001B6E	0xB0001B6E	4	100	0	52901000	52901000
201031240	ブロック宝箱【レベル3_僻墓】3F　候補5	01	4	7150	儀式素材【アンコモンF】レベル1	0x40001BEE	0xB0001BEE	4	100	0	52901000	52901000
201031250	ブロック宝箱【レベル3_僻墓】3F　候補6	01	4	7150	儀式素材【アンコモンF】レベル1	0x40001BEE	0xB0001BEE	3	100	0	52901000	52901000
201031260	ブロック宝箱【レベル3_僻墓】3F　候補7	01	4	7150	儀式素材【アンコモンF】レベル1	0x40001BEE	0xB0001BEE	3	100	0	52901000	52901000
201031270	ブロック宝箱【レベル3_僻墓】3F　候補8	01	4	7120	儀式素材【アンコモンC】レベル1	0x40001BD0	0xB0001BD0	2	100	0	52901000	52901000
201031280	ブロック宝箱【レベル3_僻墓】3F　候補9	01	4	7130	儀式素材【アンコモンD】レベル1	0x40001BDA	0xB0001BDA	3	100	0	52901000	52901000
201031290	ブロック宝箱【レベル3_僻墓】3F　候補10	01	8	81220				1	100	0	52901000	52901000
201031300	ブロック宝箱【レベル3_僻墓】4F　候補1	01	4	7002	儀式素材【コモンA】レベル3	0x40001B5A	0xB0001B5A	8	100	0	52901000	52901000
201031310	ブロック宝箱【レベル3_僻墓】4F　候補2	01	4	7003	儀式素材【コモンA】レベル4	0x40001B5B	0xB0001B5B	5	100	0	52901000	52901000
201031320	ブロック宝箱【レベル3_僻墓】4F　候補3	01	4	7022	儀式素材【コモンC】レベル3	0x40001B6E	0xB0001B6E	8	100	0	52901000	52901000
201031330	ブロック宝箱【レベル3_僻墓】4F　候補4	01	4	7022	儀式素材【コモンC】レベル3	0x40001B6E	0xB0001B6E	6	100	0	52901000	52901000
201031340	ブロック宝箱【レベル3_僻墓】4F　候補5	01	4	7150	儀式素材【アンコモンF】レベル1	0x40001BEE	0xB0001BEE	6	100	0	52901000	52901000
201031350	ブロック宝箱【レベル3_僻墓】4F　候補6	01	4	7150	儀式素材【アンコモンF】レベル1	0x40001BEE	0xB0001BEE	5	100	0	52901000	52901000
201031360	ブロック宝箱【レベル3_僻墓】4F　候補7	01	4	7150	儀式素材【アンコモンF】レベル1	0x40001BEE	0xB0001BEE	5	100	0	52901000	52901000
201031370	ブロック宝箱【レベル3_僻墓】4F　候補8	01	4	7120	儀式素材【アンコモンC】レベル1	0x40001BD0	0xB0001BD0	4	100	0	52901000	52901000
201031380	ブロック宝箱【レベル3_僻墓】4F　候補9	01	4	7130	儀式素材【アンコモンD】レベル1	0x40001BDA	0xB0001BDA	5	100	0	52901000	52901000
201031390	ブロック宝箱【レベル3_僻墓】4F　候補10	01	8	81240				1	100	0	52901000	52901000
201040000	ブロック宝箱【レベル4_トゥメル】1F　候補1	01	4	7003	儀式素材【コモンA】レベル4	0x40001B5B	0xB0001B5B	2	100	0	52901000	52901000
201040010	ブロック宝箱【レベル4_トゥメル】1F　候補2	01	4	7003	儀式素材【コモンA】レベル4	0x40001B5B	0xB0001B5B	2	100	0	52901000	52901000
201040020	ブロック宝箱【レベル4_トゥメル】1F　候補3	01	4	7003	儀式素材【コモンA】レベル4	0x40001B5B	0xB0001B5B	2	100	0	52901000	52901000
201040030	ブロック宝箱【レベル4_トゥメル】1F　候補4	01	4	7003	儀式素材【コモンA】レベル4	0x40001B5B	0xB0001B5B	1	100	0	52901000	52901000
201040040	ブロック宝箱【レベル4_トゥメル】1F　候補5	01	4	7003	儀式素材【コモンA】レベル4	0x40001B5B	0xB0001B5B	1	100	0	52901000	52901000
201040050	ブロック宝箱【レベル4_トゥメル】1F　候補6	01	4	7003	儀式素材【コモンA】レベル4	0x40001B5B	0xB0001B5B	1	100	0	52901000	52901000
201040060	ブロック宝箱【レベル4_トゥメル】1F　候補7	01	4	7003	儀式素材【コモンA】レベル4	0x40001B5B	0xB0001B5B	1	100	0	52901000	52901000
201040070	ブロック宝箱【レベル4_トゥメル】1F　候補8	01	4	7003	儀式素材【コモンA】レベル4	0x40001B5B	0xB0001B5B	1	100	0	52901000	52901000
201040080	ブロック宝箱【レベル4_トゥメル】1F　候補9	01	4	7003	儀式素材【コモンA】レベル4	0x40001B5B	0xB0001B5B	1	100	0	52901000	52901000
201040090	ブロック宝箱【レベル4_トゥメル】1F　候補10	01	8	81110				1	100	0	52901000	52901000
201040100	ブロック宝箱【レベル4_トゥメル】2F　候補1	01	4	7003	儀式素材【コモンA】レベル4	0x40001B5B	0xB0001B5B	4	100	0	52901000	52901000
201040110	ブロック宝箱【レベル4_トゥメル】2F　候補2	01	4	7004	儀式素材【コモンA】レベル5	0x40001B5C	0xB0001B5C	2	100	0	52901000	52901000
201040120	ブロック宝箱【レベル4_トゥメル】2F　候補3	01	4	7004	儀式素材【コモンA】レベル5	0x40001B5C	0xB0001B5C	2	100	0	52901000	52901000
201040130	ブロック宝箱【レベル4_トゥメル】2F　候補4	01	4	7004	儀式素材【コモンA】レベル5	0x40001B5C	0xB0001B5C	1	100	0	52901000	52901000
201040140	ブロック宝箱【レベル4_トゥメル】2F　候補5	01	4	7004	儀式素材【コモンA】レベル5	0x40001B5C	0xB0001B5C	1	100	0	52901000	52901000
201040150	ブロック宝箱【レベル4_トゥメル】2F　候補6	01	4	7023	儀式素材【コモンC】レベル4	0x40001B6F	0xB0001B6F	3	100	0	52901000	52901000
201040160	ブロック宝箱【レベル4_トゥメル】2F　候補7	01	4	7023	儀式素材【コモンC】レベル4	0x40001B6F	0xB0001B6F	1	100	0	52901000	52901000
201040170	ブロック宝箱【レベル4_トゥメル】2F　候補8	01	4	7121	儀式素材【アンコモンC】レベル2	0x40001BD1	0xB0001BD1	1	100	0	52901000	52901000
201040180	ブロック宝箱【レベル4_トゥメル】2F　候補9	01	4	7130	儀式素材【アンコモンD】レベル1	0x40001BDA	0xB0001BDA	2	100	0	52901000	52901000
201040190	ブロック宝箱【レベル4_トゥメル】2F　候補10	01	8	81120				1	100	0	52901000	52901000
201040200	ブロック宝箱【レベル4_トゥメル】3F　候補1	01	4	7003	儀式素材【コモンA】レベル4	0x40001B5B	0xB0001B5B	6	100	0	52901000	52901000
201040210	ブロック宝箱【レベル4_トゥメル】3F　候補2	01	4	7004	儀式素材【コモンA】レベル5	0x40001B5C	0xB0001B5C	4	100	0	52901000	52901000
201040220	ブロック宝箱【レベル4_トゥメル】3F　候補3	01	4	7004	儀式素材【コモンA】レベル5	0x40001B5C	0xB0001B5C	4	100	0	52901000	52901000
201040230	ブロック宝箱【レベル4_トゥメル】3F　候補4	01	4	7004	儀式素材【コモンA】レベル5	0x40001B5C	0xB0001B5C	3	100	0	52901000	52901000
201040240	ブロック宝箱【レベル4_トゥメル】3F　候補5	01	4	7004	儀式素材【コモンA】レベル5	0x40001B5C	0xB0001B5C	3	100	0	52901000	52901000
201040250	ブロック宝箱【レベル4_トゥメル】3F　候補6	01	4	7023	儀式素材【コモンC】レベル4	0x40001B6F	0xB0001B6F	4	100	0	52901000	52901000
201040260	ブロック宝箱【レベル4_トゥメル】3F　候補7	01	4	7023	儀式素材【コモンC】レベル4	0x40001B6F	0xB0001B6F	3	100	0	52901000	52901000
201040270	ブロック宝箱【レベル4_トゥメル】3F　候補8	01	4	7121	儀式素材【アンコモンC】レベル2	0x40001BD1	0xB0001BD1	1	100	0	52901000	52901000
201040280	ブロック宝箱【レベル4_トゥメル】3F　候補9	01	4	7130	儀式素材【アンコモンD】レベル1	0x40001BDA	0xB0001BDA	3	100	0	52901000	52901000
201040290	ブロック宝箱【レベル4_トゥメル】3F　候補10	01	8	81120				1	100	0	52901000	52901000
201040300	ブロック宝箱【レベル4_トゥメル】4F　候補1	01	4	7003	儀式素材【コモンA】レベル4	0x40001B5B	0xB0001B5B	8	100	0	52901000	52901000
201040310	ブロック宝箱【レベル4_トゥメル】4F　候補2	01	4	7004	儀式素材【コモンA】レベル5	0x40001B5C	0xB0001B5C	6	100	0	52901000	52901000
201040320	ブロック宝箱【レベル4_トゥメル】4F　候補3	01	4	7004	儀式素材【コモンA】レベル5	0x40001B5C	0xB0001B5C	6	100	0	52901000	52901000
201040330	ブロック宝箱【レベル4_トゥメル】4F　候補4	01	4	7004	儀式素材【コモンA】レベル5	0x40001B5C	0xB0001B5C	5	100	0	52901000	52901000
201040340	ブロック宝箱【レベル4_トゥメル】4F　候補5	01	4	7004	儀式素材【コモンA】レベル5	0x40001B5C	0xB0001B5C	5	100	0	52901000	52901000
201040350	ブロック宝箱【レベル4_トゥメル】4F　候補6	01	4	7023	儀式素材【コモンC】レベル4	0x40001B6F	0xB0001B6F	6	100	0	52901000	52901000
201040360	ブロック宝箱【レベル4_トゥメル】4F　候補7	01	4	7023	儀式素材【コモンC】レベル4	0x40001B6F	0xB0001B6F	5	100	0	52901000	52901000
201040370	ブロック宝箱【レベル4_トゥメル】4F　候補8	01	4	7121	儀式素材【アンコモンC】レベル2	0x40001BD1	0xB0001BD1	2	100	0	52901000	52901000
201040380	ブロック宝箱【レベル4_トゥメル】4F　候補9	01	4	7130	儀式素材【アンコモンD】レベル1	0x40001BDA	0xB0001BDA	5	100	0	52901000	52901000
201040390	ブロック宝箱【レベル4_トゥメル】4F　候補10	01	8	81140				1	100	0	52901000	52901000
201042000	ブロック宝箱【レベル4_ローラン】1F　候補1	01	4	7003	儀式素材【コモンA】レベル4	0x40001B5B	0xB0001B5B	2	100	0	52901000	52901000
201042010	ブロック宝箱【レベル4_ローラン】1F　候補2	01	4	7003	儀式素材【コモンA】レベル4	0x40001B5B	0xB0001B5B	2	100	0	52901000	52901000
201042020	ブロック宝箱【レベル4_ローラン】1F　候補3	01	4	7003	儀式素材【コモンA】レベル4	0x40001B5B	0xB0001B5B	2	100	0	52901000	52901000
201042030	ブロック宝箱【レベル4_ローラン】1F　候補4	01	4	7003	儀式素材【コモンA】レベル4	0x40001B5B	0xB0001B5B	1	100	0	52901000	52901000
201042040	ブロック宝箱【レベル4_ローラン】1F　候補5	01	4	7003	儀式素材【コモンA】レベル4	0x40001B5B	0xB0001B5B	1	100	0	52901000	52901000
201042050	ブロック宝箱【レベル4_ローラン】1F　候補6	01	4	7003	儀式素材【コモンA】レベル4	0x40001B5B	0xB0001B5B	1	100	0	52901000	52901000
201042060	ブロック宝箱【レベル4_ローラン】1F　候補7	01	4	7003	儀式素材【コモンA】レベル4	0x40001B5B	0xB0001B5B	1	100	0	52901000	52901000
201042070	ブロック宝箱【レベル4_ローラン】1F　候補8	01	4	7023	儀式素材【コモンC】レベル4	0x40001B6F	0xB0001B6F	2	100	0	52901000	52901000
201042080	ブロック宝箱【レベル4_ローラン】1F　候補9	01	4	7023	儀式素材【コモンC】レベル4	0x40001B6F	0xB0001B6F	1	100	0	52901000	52901000
201042090	ブロック宝箱【レベル4_ローラン】1F　候補10	01	8	81310				1	100	0	52901000	52901000
201042100	ブロック宝箱【レベル4_ローラン】2F　候補1	01	4	7003	儀式素材【コモンA】レベル4	0x40001B5B	0xB0001B5B	4	100	0	52901000	52901000
201042110	ブロック宝箱【レベル4_ローラン】2F　候補2	01	4	7004	儀式素材【コモンA】レベル5	0x40001B5C	0xB0001B5C	3	100	0	52901000	52901000
201042120	ブロック宝箱【レベル4_ローラン】2F　候補3	01	4	7013	儀式素材【コモンB】レベル4	0x40001B65	0xB0001B65	3	100	0	52901000	52901000
201042130	ブロック宝箱【レベル4_ローラン】2F　候補4	01	4	7014	儀式素材【コモンB】レベル5	0x40001B66	0xB0001B66	2	100	0	52901000	52901000
201042140	ブロック宝箱【レベル4_ローラン】2F　候補5	01	4	7014	儀式素材【コモンB】レベル5	0x40001B66	0xB0001B66	1	100	0	52901000	52901000
201042150	ブロック宝箱【レベル4_ローラン】2F　候補6	01	4	7014	儀式素材【コモンB】レベル5	0x40001B66	0xB0001B66	1	100	0	52901000	52901000
201042160	ブロック宝箱【レベル4_ローラン】2F　候補7	01	4	7023	儀式素材【コモンC】レベル4	0x40001B6F	0xB0001B6F	3	100	0	52901000	52901000
201042170	ブロック宝箱【レベル4_ローラン】2F　候補8	01	4	7140	儀式素材【アンコモンE】レベル1	0x40001BE4	0xB0001BE4	1	100	0	52901000	52901000
201042180	ブロック宝箱【レベル4_ローラン】2F　候補9	01	4	7121	儀式素材【アンコモンC】レベル2	0x40001BD1	0xB0001BD1	1	100	0	52901000	52901000
201042190	ブロック宝箱【レベル4_ローラン】2F　候補10	01	8	81320				1	100	0	52901000	52901000
201042200	ブロック宝箱【レベル4_ローラン】3F　候補1	01	4	7003	儀式素材【コモンA】レベル4	0x40001B5B	0xB0001B5B	6	100	0	52901000	52901000
201042210	ブロック宝箱【レベル4_ローラン】3F　候補2	01	4	7004	儀式素材【コモンA】レベル5	0x40001B5C	0xB0001B5C	3	100	0	52901000	52901000
201042220	ブロック宝箱【レベル4_ローラン】3F　候補3	01	4	7013	儀式素材【コモンB】レベル4	0x40001B65	0xB0001B65	5	100	0	52901000	52901000
201042230	ブロック宝箱【レベル4_ローラン】3F　候補4	01	4	7014	儀式素材【コモンB】レベル5	0x40001B66	0xB0001B66	4	100	0	52901000	52901000
201042240	ブロック宝箱【レベル4_ローラン】3F　候補5	01	4	7014	儀式素材【コモンB】レベル5	0x40001B66	0xB0001B66	3	100	0	52901000	52901000
201042250	ブロック宝箱【レベル4_ローラン】3F　候補6	01	4	7014	儀式素材【コモンB】レベル5	0x40001B66	0xB0001B66	3	100	0	52901000	52901000
201042260	ブロック宝箱【レベル4_ローラン】3F　候補7	01	4	7023	儀式素材【コモンC】レベル4	0x40001B6F	0xB0001B6F	5	100	0	52901000	52901000
201042270	ブロック宝箱【レベル4_ローラン】3F　候補8	01	4	7140	儀式素材【アンコモンE】レベル1	0x40001BE4	0xB0001BE4	2	100	0	52901000	52901000
201042280	ブロック宝箱【レベル4_ローラン】3F　候補9	01	4	7121	儀式素材【アンコモンC】レベル2	0x40001BD1	0xB0001BD1	2	100	0	52901000	52901000
201042290	ブロック宝箱【レベル4_ローラン】3F　候補10	01	8	81321				1	100	0	52901000	52901000
201042300	ブロック宝箱【レベル4_ローラン】4F　候補1	01	4	7003	儀式素材【コモンA】レベル4	0x40001B5B	0xB0001B5B	8	100	0	52901000	52901000
201042310	ブロック宝箱【レベル4_ローラン】4F　候補2	01	4	7004	儀式素材【コモンA】レベル5	0x40001B5C	0xB0001B5C	5	100	0	52901000	52901000
201042320	ブロック宝箱【レベル4_ローラン】4F　候補3	01	4	7013	儀式素材【コモンB】レベル4	0x40001B65	0xB0001B65	7	100	0	52901000	52901000
201042330	ブロック宝箱【レベル4_ローラン】4F　候補4	01	4	7014	儀式素材【コモンB】レベル5	0x40001B66	0xB0001B66	6	100	0	52901000	52901000
201042340	ブロック宝箱【レベル4_ローラン】4F　候補5	01	4	7014	儀式素材【コモンB】レベル5	0x40001B66	0xB0001B66	5	100	0	52901000	52901000
201042350	ブロック宝箱【レベル4_ローラン】4F　候補6	01	4	7014	儀式素材【コモンB】レベル5	0x40001B66	0xB0001B66	5	100	0	52901000	52901000
201042360	ブロック宝箱【レベル4_ローラン】4F　候補7	01	4	7023	儀式素材【コモンC】レベル4	0x40001B6F	0xB0001B6F	7	100	0	52901000	52901000
201042370	ブロック宝箱【レベル4_ローラン】4F　候補8	01	4	7140	儀式素材【アンコモンE】レベル1	0x40001BE4	0xB0001BE4	2	100	0	52901000	52901000
201042380	ブロック宝箱【レベル4_ローラン】4F　候補9	01	4	7121	儀式素材【アンコモンC】レベル2	0x40001BD1	0xB0001BD1	3	100	0	52901000	52901000
201042390	ブロック宝箱【レベル4_ローラン】4F　候補10	01	8	81340				1	100	0	52901000	52901000
201050000	ブロック宝箱【レベル5_トゥメル】1F　候補1	01	4	7004	儀式素材【コモンA】レベル5	0x40001B5C	0xB0001B5C	2	100	0	52901000	52901000
201050010	ブロック宝箱【レベル5_トゥメル】1F　候補2	01	4	7004	儀式素材【コモンA】レベル5	0x40001B5C	0xB0001B5C	2	100	0	52901000	52901000
201050020	ブロック宝箱【レベル5_トゥメル】1F　候補3	01	4	7004	儀式素材【コモンA】レベル5	0x40001B5C	0xB0001B5C	1	100	0	52901000	52901000
201050030	ブロック宝箱【レベル5_トゥメル】1F　候補4	01	4	7004	儀式素材【コモンA】レベル5	0x40001B5C	0xB0001B5C	1	100	0	52901000	52901000
201050040	ブロック宝箱【レベル5_トゥメル】1F　候補5	01	4	7004	儀式素材【コモンA】レベル5	0x40001B5C	0xB0001B5C	1	100	0	52901000	52901000
201050050	ブロック宝箱【レベル5_トゥメル】1F　候補6	01	4	7004	儀式素材【コモンA】レベル5	0x40001B5C	0xB0001B5C	1	100	0	52901000	52901000
201050060	ブロック宝箱【レベル5_トゥメル】1F　候補7	01	4	7004	儀式素材【コモンA】レベル5	0x40001B5C	0xB0001B5C	1	100	0	52901000	52901000
201050070	ブロック宝箱【レベル5_トゥメル】1F　候補8	01	4	7004	儀式素材【コモンA】レベル5	0x40001B5C	0xB0001B5C	1	100	0	52901000	52901000
201050080	ブロック宝箱【レベル5_トゥメル】1F　候補9	01	4	7004	儀式素材【コモンA】レベル5	0x40001B5C	0xB0001B5C	1	100	0	52901000	52901000
201050090	ブロック宝箱【レベル5_トゥメル】1F　候補10	01	8	81110				1	100	0	52901000	52901000
201050100	ブロック宝箱【レベル5_トゥメル】2F　候補1	01	4	7004	儀式素材【コモンA】レベル5	0x40001B5C	0xB0001B5C	6	100	0	52901000	52901000
201050110	ブロック宝箱【レベル5_トゥメル】2F　候補2	01	4	7004	儀式素材【コモンA】レベル5	0x40001B5C	0xB0001B5C	4	100	0	52901000	52901000
201050120	ブロック宝箱【レベル5_トゥメル】2F　候補3	01	4	7024	儀式素材【コモンC】レベル5	0x40001B70	0xB0001B70	5	100	0	52901000	52901000
201050130	ブロック宝箱【レベル5_トゥメル】2F　候補4	01	4	7024	儀式素材【コモンC】レベル5	0x40001B70	0xB0001B70	2	100	0	52901000	52901000
201050140	ブロック宝箱【レベル5_トゥメル】2F　候補5	01	4	7121	儀式素材【アンコモンC】レベル2	0x40001BD1	0xB0001BD1	2	100	0	52901000	52901000
201050150	ブロック宝箱【レベル5_トゥメル】2F　候補6	01	4	7131	儀式素材【アンコモンD】レベル2	0x40001BDB	0xB0001BDB	1	100	0	52901000	52901000
201050160	ブロック宝箱【レベル5_トゥメル】2F　候補7	01	4	7131	儀式素材【アンコモンD】レベル2	0x40001BDB	0xB0001BDB	1	100	0	52901000	52901000
201050170	ブロック宝箱【レベル5_トゥメル】2F　候補8	01	4	7110	儀式素材【アンコモンB】レベル1	0x40001BC6	0xB0001BC6	2	100	0	52901000	52901000
201050180	ブロック宝箱【レベル5_トゥメル】2F　候補9	01	4	7110	儀式素材【アンコモンB】レベル1	0x40001BC6	0xB0001BC6	2	100	0	52901000	52901000
201050190	ブロック宝箱【レベル5_トゥメル】2F　候補10	01	8	81120				1	100	0	52901000	52901000
201050200	ブロック宝箱【レベル5_トゥメル】3F　候補1	01	4	7004	儀式素材【コモンA】レベル5	0x40001B5C	0xB0001B5C	9	100	0	52901000	52901000
201050210	ブロック宝箱【レベル5_トゥメル】3F　候補2	01	4	7004	儀式素材【コモンA】レベル5	0x40001B5C	0xB0001B5C	6	100	0	52901000	52901000
201050220	ブロック宝箱【レベル5_トゥメル】3F　候補3	01	4	7024	儀式素材【コモンC】レベル5	0x40001B70	0xB0001B70	6	100	0	52901000	52901000
201050230	ブロック宝箱【レベル5_トゥメル】3F　候補4	01	4	7024	儀式素材【コモンC】レベル5	0x40001B70	0xB0001B70	4	100	0	52901000	52901000
201050240	ブロック宝箱【レベル5_トゥメル】3F　候補5	01	4	7121	儀式素材【アンコモンC】レベル2	0x40001BD1	0xB0001BD1	3	100	0	52901000	52901000
201050250	ブロック宝箱【レベル5_トゥメル】3F　候補6	01	4	7131	儀式素材【アンコモンD】レベル2	0x40001BDB	0xB0001BDB	2	100	0	52901000	52901000
201050260	ブロック宝箱【レベル5_トゥメル】3F　候補7	01	4	7131	儀式素材【アンコモンD】レベル2	0x40001BDB	0xB0001BDB	1	100	0	52901000	52901000
201050270	ブロック宝箱【レベル5_トゥメル】3F　候補8	01	4	7110	儀式素材【アンコモンB】レベル1	0x40001BC6	0xB0001BC6	3	100	0	52901000	52901000
201050280	ブロック宝箱【レベル5_トゥメル】3F　候補9	01	4	7110	儀式素材【アンコモンB】レベル1	0x40001BC6	0xB0001BC6	3	100	0	52901000	52901000
201050290	ブロック宝箱【レベル5_トゥメル】3F　候補10	01	8	81120				1	100	0	52901000	52901000
201050300	ブロック宝箱【レベル5_トゥメル】4F　候補1	01	4	7004	儀式素材【コモンA】レベル5	0x40001B5C	0xB0001B5C	12	100	0	52901000	52901000
201050310	ブロック宝箱【レベル5_トゥメル】4F　候補2	01	4	7004	儀式素材【コモンA】レベル5	0x40001B5C	0xB0001B5C	8	100	0	52901000	52901000
201050320	ブロック宝箱【レベル5_トゥメル】4F　候補3	01	4	7024	儀式素材【コモンC】レベル5	0x40001B70	0xB0001B70	7	100	0	52901000	52901000
201050330	ブロック宝箱【レベル5_トゥメル】4F　候補4	01	4	7024	儀式素材【コモンC】レベル5	0x40001B70	0xB0001B70	6	100	0	52901000	52901000
201050340	ブロック宝箱【レベル5_トゥメル】4F　候補5	01	4	7121	儀式素材【アンコモンC】レベル2	0x40001BD1	0xB0001BD1	4	100	0	52901000	52901000
201050350	ブロック宝箱【レベル5_トゥメル】4F　候補6	01	4	7131	儀式素材【アンコモンD】レベル2	0x40001BDB	0xB0001BDB	2	100	0	52901000	52901000
201050360	ブロック宝箱【レベル5_トゥメル】4F　候補7	01	4	7131	儀式素材【アンコモンD】レベル2	0x40001BDB	0xB0001BDB	2	100	0	52901000	52901000
201050370	ブロック宝箱【レベル5_トゥメル】4F　候補8	01	4	7110	儀式素材【アンコモンB】レベル1	0x40001BC6	0xB0001BC6	4	100	0	52901000	52901000
201050380	ブロック宝箱【レベル5_トゥメル】4F　候補9	01	4	7110	儀式素材【アンコモンB】レベル1	0x40001BC6	0xB0001BC6	4	100	0	52901000	52901000
201050390	ブロック宝箱【レベル5_トゥメル】4F　候補10	01	8	81140				1	100	0	52901000	52901000
201052000	ブロック宝箱【レベル5_ローラン】1F　候補1	01	4	7004	儀式素材【コモンA】レベル5	0x40001B5C	0xB0001B5C	2	100	0	52901000	52901000
201052010	ブロック宝箱【レベル5_ローラン】1F　候補2	01	4	7004	儀式素材【コモンA】レベル5	0x40001B5C	0xB0001B5C	2	100	0	52901000	52901000
201052020	ブロック宝箱【レベル5_ローラン】1F　候補3	01	4	7004	儀式素材【コモンA】レベル5	0x40001B5C	0xB0001B5C	2	100	0	52901000	52901000
201052030	ブロック宝箱【レベル5_ローラン】1F　候補4	01	4	7004	儀式素材【コモンA】レベル5	0x40001B5C	0xB0001B5C	1	100	0	52901000	52901000
201052040	ブロック宝箱【レベル5_ローラン】1F　候補5	01	4	7004	儀式素材【コモンA】レベル5	0x40001B5C	0xB0001B5C	1	100	0	52901000	52901000
201052050	ブロック宝箱【レベル5_ローラン】1F　候補6	01	4	7004	儀式素材【コモンA】レベル5	0x40001B5C	0xB0001B5C	1	100	0	52901000	52901000
201052060	ブロック宝箱【レベル5_ローラン】1F　候補7	01	4	7004	儀式素材【コモンA】レベル5	0x40001B5C	0xB0001B5C	1	100	0	52901000	52901000
201052070	ブロック宝箱【レベル5_ローラン】1F　候補8	01	4	7004	儀式素材【コモンA】レベル5	0x40001B5C	0xB0001B5C	1	100	0	52901000	52901000
201052080	ブロック宝箱【レベル5_ローラン】1F　候補9	01	4	7004	儀式素材【コモンA】レベル5	0x40001B5C	0xB0001B5C	1	100	0	52901000	52901000
201052090	ブロック宝箱【レベル5_ローラン】1F　候補10	01	8	81310				1	100	0	52901000	52901000
201052100	ブロック宝箱【レベル5_ローラン】2F　候補1	01	4	7004	儀式素材【コモンA】レベル5	0x40001B5C	0xB0001B5C	6	100	0	52901000	52901000
201052110	ブロック宝箱【レベル5_ローラン】2F　候補2	01	4	7004	儀式素材【コモンA】レベル5	0x40001B5C	0xB0001B5C	3	100	0	52901000	52901000
201052120	ブロック宝箱【レベル5_ローラン】2F　候補3	01	4	7014	儀式素材【コモンB】レベル5	0x40001B66	0xB0001B66	6	100	0	52901000	52901000
201052130	ブロック宝箱【レベル5_ローラン】2F　候補4	01	4	7014	儀式素材【コモンB】レベル5	0x40001B66	0xB0001B66	4	100	0	52901000	52901000
201052140	ブロック宝箱【レベル5_ローラン】2F　候補5	01	4	7014	儀式素材【コモンB】レベル5	0x40001B66	0xB0001B66	3	100	0	52901000	52901000
201052150	ブロック宝箱【レベル5_ローラン】2F　候補6	01	4	7024	儀式素材【コモンC】レベル5	0x40001B70	0xB0001B70	3	100	0	52901000	52901000
201052160	ブロック宝箱【レベル5_ローラン】2F　候補7	01	4	7140	儀式素材【アンコモンE】レベル1	0x40001BE4	0xB0001BE4	1	100	0	52901000	52901000
201052170	ブロック宝箱【レベル5_ローラン】2F　候補8	01	4	7140	儀式素材【アンコモンE】レベル1	0x40001BE4	0xB0001BE4	1	100	0	52901000	52901000
201052180	ブロック宝箱【レベル5_ローラン】2F　候補9	01	4	7110	儀式素材【アンコモンB】レベル1	0x40001BC6	0xB0001BC6	1	100	0	52901000	52901000
201052190	ブロック宝箱【レベル5_ローラン】2F　候補10	01	8	81320				1	100	0	52901000	52901000
201052200	ブロック宝箱【レベル5_ローラン】3F　候補1	01	4	7004	儀式素材【コモンA】レベル5	0x40001B5C	0xB0001B5C	9	100	0	52901000	52901000
201052210	ブロック宝箱【レベル5_ローラン】3F　候補2	01	4	7004	儀式素材【コモンA】レベル5	0x40001B5C	0xB0001B5C	6	100	0	52901000	52901000
201052220	ブロック宝箱【レベル5_ローラン】3F　候補3	01	4	7014	儀式素材【コモンB】レベル5	0x40001B66	0xB0001B66	9	100	0	52901000	52901000
201052230	ブロック宝箱【レベル5_ローラン】3F　候補4	01	4	7014	儀式素材【コモンB】レベル5	0x40001B66	0xB0001B66	6	100	0	52901000	52901000
201052240	ブロック宝箱【レベル5_ローラン】3F　候補5	01	4	7014	儀式素材【コモンB】レベル5	0x40001B66	0xB0001B66	5	100	0	52901000	52901000
201052250	ブロック宝箱【レベル5_ローラン】3F　候補6	01	4	7024	儀式素材【コモンC】レベル5	0x40001B70	0xB0001B70	5	100	0	52901000	52901000
201052260	ブロック宝箱【レベル5_ローラン】3F　候補7	01	4	7140	儀式素材【アンコモンE】レベル1	0x40001BE4	0xB0001BE4	1	100	0	52901000	52901000
201052270	ブロック宝箱【レベル5_ローラン】3F　候補8	01	4	7140	儀式素材【アンコモンE】レベル1	0x40001BE4	0xB0001BE4	1	100	0	52901000	52901000
201052280	ブロック宝箱【レベル5_ローラン】3F　候補9	01	4	7110	儀式素材【アンコモンB】レベル1	0x40001BC6	0xB0001BC6	1	100	0	52901000	52901000
201052290	ブロック宝箱【レベル5_ローラン】3F　候補10	01	8	81321				1	100	0	52901000	52901000
201052300	ブロック宝箱【レベル5_ローラン】4F　候補1	01	4	7004	儀式素材【コモンA】レベル5	0x40001B5C	0xB0001B5C	12	100	0	52901000	52901000
201052310	ブロック宝箱【レベル5_ローラン】4F　候補2	01	4	7004	儀式素材【コモンA】レベル5	0x40001B5C	0xB0001B5C	8	100	0	52901000	52901000
201052320	ブロック宝箱【レベル5_ローラン】4F　候補3	01	4	7014	儀式素材【コモンB】レベル5	0x40001B66	0xB0001B66	12	100	0	52901000	52901000
201052330	ブロック宝箱【レベル5_ローラン】4F　候補4	01	4	7014	儀式素材【コモンB】レベル5	0x40001B66	0xB0001B66	8	100	0	52901000	52901000
201052340	ブロック宝箱【レベル5_ローラン】4F　候補5	01	4	7014	儀式素材【コモンB】レベル5	0x40001B66	0xB0001B66	7	100	0	52901000	52901000
201052350	ブロック宝箱【レベル5_ローラン】4F　候補6	01	4	7024	儀式素材【コモンC】レベル5	0x40001B70	0xB0001B70	7	100	0	52901000	52901000
201052360	ブロック宝箱【レベル5_ローラン】4F　候補7	01	4	7140	儀式素材【アンコモンE】レベル1	0x40001BE4	0xB0001BE4	2	100	0	52901000	52901000
201052370	ブロック宝箱【レベル5_ローラン】4F　候補8	01	4	7140	儀式素材【アンコモンE】レベル1	0x40001BE4	0xB0001BE4	2	100	0	52901000	52901000
201052380	ブロック宝箱【レベル5_ローラン】4F　候補9	01	4	7110	儀式素材【アンコモンB】レベル1	0x40001BC6	0xB0001BC6	1	100	0	52901000	52901000
201052390	ブロック宝箱【レベル5_ローラン】4F　候補10	01	8	81340				1	100	0	52901000	52901000
201053000	ブロック宝箱【レベル5_イズ】1F　候補1	01	4	7004	儀式素材【コモンA】レベル5	0x40001B5C	0xB0001B5C	2	100	0	52901000	52901000
201053010	ブロック宝箱【レベル5_イズ】1F　候補2	01	4	7004	儀式素材【コモンA】レベル5	0x40001B5C	0xB0001B5C	2	100	0	52901000	52901000
201053020	ブロック宝箱【レベル5_イズ】1F　候補3	01	4	7004	儀式素材【コモンA】レベル5	0x40001B5C	0xB0001B5C	2	100	0	52901000	52901000
201053030	ブロック宝箱【レベル5_イズ】1F　候補4	01	4	7004	儀式素材【コモンA】レベル5	0x40001B5C	0xB0001B5C	1	100	0	52901000	52901000
201053040	ブロック宝箱【レベル5_イズ】1F　候補5	01	4	7004	儀式素材【コモンA】レベル5	0x40001B5C	0xB0001B5C	1	100	0	52901000	52901000
201053050	ブロック宝箱【レベル5_イズ】1F　候補6	01	4	7004	儀式素材【コモンA】レベル5	0x40001B5C	0xB0001B5C	1	100	0	52901000	52901000
201053060	ブロック宝箱【レベル5_イズ】1F　候補7	01	4	7004	儀式素材【コモンA】レベル5	0x40001B5C	0xB0001B5C	1	100	0	52901000	52901000
201053070	ブロック宝箱【レベル5_イズ】1F　候補8	01	4	7004	儀式素材【コモンA】レベル5	0x40001B5C	0xB0001B5C	1	100	0	52901000	52901000
201053080	ブロック宝箱【レベル5_イズ】1F　候補9	01	4	7004	儀式素材【コモンA】レベル5	0x40001B5C	0xB0001B5C	1	100	0	52901000	52901000
201053090	ブロック宝箱【レベル5_イズ】1F　候補10	01	8	81410				1	100	0	52901000	52901000
201053100	ブロック宝箱【レベル5_イズ】2F　候補1	01	4	7004	儀式素材【コモンA】レベル5	0x40001B5C	0xB0001B5C	6	100	0	52901000	52901000
201053110	ブロック宝箱【レベル5_イズ】2F　候補2	01	4	7100	儀式素材【アンコモンA】レベル1	0x40001BBC	0xB0001BBC	3	100	0	52901000	52901000
201053120	ブロック宝箱【レベル5_イズ】2F　候補3	01	4	7100	儀式素材【アンコモンA】レベル1	0x40001BBC	0xB0001BBC	2	100	0	52901000	52901000
201053130	ブロック宝箱【レベル5_イズ】2F　候補4	01	4	7100	儀式素材【アンコモンA】レベル1	0x40001BBC	0xB0001BBC	1	100	0	52901000	52901000
201053140	ブロック宝箱【レベル5_イズ】2F　候補5	01	4	7024	儀式素材【コモンC】レベル5	0x40001B70	0xB0001B70	3	100	0	52901000	52901000
201053150	ブロック宝箱【レベル5_イズ】2F　候補6	01	4	7131	儀式素材【アンコモンD】レベル2	0x40001BDB	0xB0001BDB	2	100	0	52901000	52901000
201053160	ブロック宝箱【レベル5_イズ】2F　候補7	01	4	7131	儀式素材【アンコモンD】レベル2	0x40001BDB	0xB0001BDB	1	100	0	52901000	52901000
201053170	ブロック宝箱【レベル5_イズ】2F　候補8	01	4	7140	儀式素材【アンコモンE】レベル1	0x40001BE4	0xB0001BE4	1	100	0	52901000	52901000
201053180	ブロック宝箱【レベル5_イズ】2F　候補9	01	8	81420				1	100	0	52901000	52901000
201053190	ブロック宝箱【レベル5_イズ】2F　候補10	01	8	81420				1	100	0	52901000	52901000
201053200	ブロック宝箱【レベル5_イズ】3F　候補1	01	4	7004	儀式素材【コモンA】レベル5	0x40001B5C	0xB0001B5C	9	100	0	52901000	52901000
201053210	ブロック宝箱【レベル5_イズ】3F　候補2	01	4	7100	儀式素材【アンコモンA】レベル1	0x40001BBC	0xB0001BBC	6	100	0	52901000	52901000
201053220	ブロック宝箱【レベル5_イズ】3F　候補3	01	4	7100	儀式素材【アンコモンA】レベル1	0x40001BBC	0xB0001BBC	4	100	0	52901000	52901000
201053230	ブロック宝箱【レベル5_イズ】3F　候補4	01	4	7100	儀式素材【アンコモンA】レベル1	0x40001BBC	0xB0001BBC	3	100	0	52901000	52901000
201053240	ブロック宝箱【レベル5_イズ】3F　候補5	01	4	7024	儀式素材【コモンC】レベル5	0x40001B70	0xB0001B70	5	100	0	52901000	52901000
201053250	ブロック宝箱【レベル5_イズ】3F　候補6	01	4	7131	儀式素材【アンコモンD】レベル2	0x40001BDB	0xB0001BDB	2	100	0	52901000	52901000
201053260	ブロック宝箱【レベル5_イズ】3F　候補7	01	4	7131	儀式素材【アンコモンD】レベル2	0x40001BDB	0xB0001BDB	1	100	0	52901000	52901000
201053270	ブロック宝箱【レベル5_イズ】3F　候補8	01	4	7140	儀式素材【アンコモンE】レベル1	0x40001BE4	0xB0001BE4	1	100	0	52901000	52901000
201053280	ブロック宝箱【レベル5_イズ】3F　候補9	01	4	7110	儀式素材【アンコモンB】レベル1	0x40001BC6	0xB0001BC6	1	100	0	52901000	52901000
201053290	ブロック宝箱【レベル5_イズ】3F　候補10	01	8	81420				1	100	0	52901000	52901000
201053300	ブロック宝箱【レベル5_イズ】4F　候補1	01	4	7004	儀式素材【コモンA】レベル5	0x40001B5C	0xB0001B5C	12	100	0	52901000	52901000
201053310	ブロック宝箱【レベル5_イズ】4F　候補2	01	4	7100	儀式素材【アンコモンA】レベル1	0x40001BBC	0xB0001BBC	9	100	0	52901000	52901000
201053320	ブロック宝箱【レベル5_イズ】4F　候補3	01	4	7100	儀式素材【アンコモンA】レベル1	0x40001BBC	0xB0001BBC	6	100	0	52901000	52901000
201053330	ブロック宝箱【レベル5_イズ】4F　候補4	01	4	7100	儀式素材【アンコモンA】レベル1	0x40001BBC	0xB0001BBC	5	100	0	52901000	52901000
201053340	ブロック宝箱【レベル5_イズ】4F　候補5	01	4	7024	儀式素材【コモンC】レベル5	0x40001B70	0xB0001B70	7	100	0	52901000	52901000
201053350	ブロック宝箱【レベル5_イズ】4F　候補6	01	4	7131	儀式素材【アンコモンD】レベル2	0x40001BDB	0xB0001BDB	3	100	0	52901000	52901000
201053360	ブロック宝箱【レベル5_イズ】4F　候補7	01	4	7131	儀式素材【アンコモンD】レベル2	0x40001BDB	0xB0001BDB	2	100	0	52901000	52901000
201053370	ブロック宝箱【レベル5_イズ】4F　候補8	01	4	7140	儀式素材【アンコモンE】レベル1	0x40001BE4	0xB0001BE4	2	100	0	52901000	52901000
201053380	ブロック宝箱【レベル5_イズ】4F　候補9	01	4	7110	儀式素材【アンコモンB】レベル1	0x40001BC6	0xB0001BC6	2	100	0	52901000	52901000
201053390	ブロック宝箱【レベル5_イズ】4F　候補10	01	8	81440				1	100	0	52901000	52901000
201110000	黒い宝箱【レベル1_トゥメル】1F　候補1	01	4	7000	儀式素材【コモンA】レベル1	0x40001B58	0xB0001B58	2	100	0	52901100	52901100
201110010	黒い宝箱【レベル1_トゥメル】1F　候補2	01	4	7000	儀式素材【コモンA】レベル1	0x40001B58	0xB0001B58	2	100	0	52901100	52901100
201110020	黒い宝箱【レベル1_トゥメル】1F　候補3	01	4	7000	儀式素材【コモンA】レベル1	0x40001B58	0xB0001B58	2	100	0	52901100	52901100
201110030	黒い宝箱【レベル1_トゥメル】1F　候補4	01	4	7000	儀式素材【コモンA】レベル1	0x40001B58	0xB0001B58	2	100	0	52901100	52901100
201110040	黒い宝箱【レベル1_トゥメル】1F　候補5	01	4	7000	儀式素材【コモンA】レベル1	0x40001B58	0xB0001B58	2	100	0	52901100	52901100
201110050	黒い宝箱【レベル1_トゥメル】1F　候補6	01	4	7000	儀式素材【コモンA】レベル1	0x40001B58	0xB0001B58	2	100	0	52901100	52901100
201110060	黒い宝箱【レベル1_トゥメル】1F　候補7	01	4	1000	HP回復【PG直接指定】	0x400003E8	0xB00003E8	2	100	0	52901100	52901100
201110070	黒い宝箱【レベル1_トゥメル】1F　候補8	01	4	1000	HP回復【PG直接指定】	0x400003E8	0xB00003E8	2	100	0	52901100	52901100
201110080	黒い宝箱【レベル1_トゥメル】1F　候補9	01	4	900	弾丸【PG直接指定】	0x40000384	0xB0000384	2	100	0	52901100	52901100
201110090	黒い宝箱【レベル1_トゥメル】1F　候補10	01	4	900	弾丸【PG直接指定】	0x40000384	0xB0000384	2	100	0	52901100	52901100
201110100	黒い宝箱【レベル1_トゥメル】2F　候補1	01	4	7001	儀式素材【コモンA】レベル2	0x40001B59	0xB0001B59	3	100	0	52901100	52901100
201110110	黒い宝箱【レベル1_トゥメル】2F　候補2	01	4	7001	儀式素材【コモンA】レベル2	0x40001B59	0xB0001B59	3	100	0	52901100	52901100
201110120	黒い宝箱【レベル1_トゥメル】2F　候補3	01	4	7001	儀式素材【コモンA】レベル2	0x40001B59	0xB0001B59	3	100	0	52901100	52901100
201110130	黒い宝箱【レベル1_トゥメル】2F　候補4	01	4	7001	儀式素材【コモンA】レベル2	0x40001B59	0xB0001B59	2	100	0	52901100	52901100
201110140	黒い宝箱【レベル1_トゥメル】2F　候補5	01	4	7001	儀式素材【コモンA】レベル2	0x40001B59	0xB0001B59	2	100	0	52901100	52901100
201110150	黒い宝箱【レベル1_トゥメル】2F　候補6	01	4	7020	儀式素材【コモンC】レベル1	0x40001B6C	0xB0001B6C	4	100	0	52901100	52901100
201110160	黒い宝箱【レベル1_トゥメル】2F　候補7	01	4	7020	儀式素材【コモンC】レベル1	0x40001B6C	0xB0001B6C	4	100	0	52901100	52901100
201110170	黒い宝箱【レベル1_トゥメル】2F　候補8	01	4	7020	儀式素材【コモンC】レベル1	0x40001B6C	0xB0001B6C	4	100	0	52901100	52901100
201110180	黒い宝箱【レベル1_トゥメル】2F　候補9	01	4	7020	儀式素材【コモンC】レベル1	0x40001B6C	0xB0001B6C	3	100	0	52901100	52901100
201110190	黒い宝箱【レベル1_トゥメル】2F　候補10	01	4	1500	SAN値回復＋1	0x400005DC	0xB00005DC	1	100	0	52901100	52901100
201110200	黒い宝箱【レベル1_トゥメル】3F　候補1	01	4	7001	儀式素材【コモンA】レベル2	0x40001B59	0xB0001B59	5	100	0	52901100	52901100
201110210	黒い宝箱【レベル1_トゥメル】3F　候補2	01	4	7001	儀式素材【コモンA】レベル2	0x40001B59	0xB0001B59	5	100	0	52901100	52901100
201110220	黒い宝箱【レベル1_トゥメル】3F　候補3	01	4	7001	儀式素材【コモンA】レベル2	0x40001B59	0xB0001B59	5	100	0	52901100	52901100
201110230	黒い宝箱【レベル1_トゥメル】3F　候補4	01	4	7001	儀式素材【コモンA】レベル2	0x40001B59	0xB0001B59	4	100	0	52901100	52901100
201110240	黒い宝箱【レベル1_トゥメル】3F　候補5	01	4	7001	儀式素材【コモンA】レベル2	0x40001B59	0xB0001B59	4	100	0	52901100	52901100
201110250	黒い宝箱【レベル1_トゥメル】3F　候補6	01	4	7020	儀式素材【コモンC】レベル1	0x40001B6C	0xB0001B6C	6	100	0	52901100	52901100
201110260	黒い宝箱【レベル1_トゥメル】3F　候補7	01	4	7020	儀式素材【コモンC】レベル1	0x40001B6C	0xB0001B6C	6	100	0	52901100	52901100
201110270	黒い宝箱【レベル1_トゥメル】3F　候補8	01	4	7020	儀式素材【コモンC】レベル1	0x40001B6C	0xB0001B6C	6	100	0	52901100	52901100
201110280	黒い宝箱【レベル1_トゥメル】3F　候補9	01	4	7020	儀式素材【コモンC】レベル1	0x40001B6C	0xB0001B6C	5	100	0	52901100	52901100
201110290	黒い宝箱【レベル1_トゥメル】3F　候補10	01	4	1501	SAN値回復＋2	0x400005DD	0xB00005DD	1	100	0	52901100	52901100
201110300	黒い宝箱【レベル1_トゥメル】4F　候補1	01	4	7001	儀式素材【コモンA】レベル2	0x40001B59	0xB0001B59	7	100	0	52901100	52901100
201110310	黒い宝箱【レベル1_トゥメル】4F　候補2	01	4	7001	儀式素材【コモンA】レベル2	0x40001B59	0xB0001B59	7	100	0	52901100	52901100
201110320	黒い宝箱【レベル1_トゥメル】4F　候補3	01	4	7001	儀式素材【コモンA】レベル2	0x40001B59	0xB0001B59	7	100	0	52901100	52901100
201110330	黒い宝箱【レベル1_トゥメル】4F　候補4	01	4	7001	儀式素材【コモンA】レベル2	0x40001B59	0xB0001B59	6	100	0	52901100	52901100
201110340	黒い宝箱【レベル1_トゥメル】4F　候補5	01	4	7001	儀式素材【コモンA】レベル2	0x40001B59	0xB0001B59	6	100	0	52901100	52901100
201110350	黒い宝箱【レベル1_トゥメル】4F　候補6	01	4	7020	儀式素材【コモンC】レベル1	0x40001B6C	0xB0001B6C	8	100	0	52901100	52901100
201110360	黒い宝箱【レベル1_トゥメル】4F　候補7	01	4	7020	儀式素材【コモンC】レベル1	0x40001B6C	0xB0001B6C	8	100	0	52901100	52901100
201110370	黒い宝箱【レベル1_トゥメル】4F　候補8	01	4	7020	儀式素材【コモンC】レベル1	0x40001B6C	0xB0001B6C	8	100	0	52901100	52901100
201110380	黒い宝箱【レベル1_トゥメル】4F　候補9	01	4	7020	儀式素材【コモンC】レベル1	0x40001B6C	0xB0001B6C	7	100	0	52901100	52901100
201110390	黒い宝箱【レベル1_トゥメル】4F　候補10	01	4	1501	SAN値回復＋2	0x400005DD	0xB00005DD	1	100	0	52901100	52901100
201120000	黒い宝箱【レベル2_トゥメル】1F　候補1	01	4	7001	儀式素材【コモンA】レベル2	0x40001B59	0xB0001B59	2	100	0	52901100	52901100
201120010	黒い宝箱【レベル2_トゥメル】1F　候補2	01	4	7001	儀式素材【コモンA】レベル2	0x40001B59	0xB0001B59	2	100	0	52901100	52901100
201120020	黒い宝箱【レベル2_トゥメル】1F　候補3	01	4	7001	儀式素材【コモンA】レベル2	0x40001B59	0xB0001B59	2	100	0	52901100	52901100
201120030	黒い宝箱【レベル2_トゥメル】1F　候補4	01	4	7001	儀式素材【コモンA】レベル2	0x40001B59	0xB0001B59	2	100	0	52901100	52901100
201120040	黒い宝箱【レベル2_トゥメル】1F　候補5	01	4	7001	儀式素材【コモンA】レベル2	0x40001B59	0xB0001B59	2	100	0	52901100	52901100
201120050	黒い宝箱【レベル2_トゥメル】1F　候補6	01	4	7001	儀式素材【コモンA】レベル2	0x40001B59	0xB0001B59	2	100	0	52901100	52901100
201120060	黒い宝箱【レベル2_トゥメル】1F　候補7	01	4	1000	HP回復【PG直接指定】	0x400003E8	0xB00003E8	2	100	0	52901100	52901100
201120070	黒い宝箱【レベル2_トゥメル】1F　候補8	01	4	1000	HP回復【PG直接指定】	0x400003E8	0xB00003E8	2	100	0	52901100	52901100
201120080	黒い宝箱【レベル2_トゥメル】1F　候補9	01	4	900	弾丸【PG直接指定】	0x40000384	0xB0000384	2	100	0	52901100	52901100
201120090	黒い宝箱【レベル2_トゥメル】1F　候補10	01	4	900	弾丸【PG直接指定】	0x40000384	0xB0000384	2	100	0	52901100	52901100
201120100	黒い宝箱【レベル2_トゥメル】2F　候補1	01	4	7120	儀式素材【アンコモンC】レベル1	0x40001BD0	0xB0001BD0	3	100	0	52901100	52901100
201120110	黒い宝箱【レベル2_トゥメル】2F　候補2	01	4	7120	儀式素材【アンコモンC】レベル1	0x40001BD0	0xB0001BD0	2	100	0	52901100	52901100
201120120	黒い宝箱【レベル2_トゥメル】2F　候補3	01	4	7120	儀式素材【アンコモンC】レベル1	0x40001BD0	0xB0001BD0	2	100	0	52901100	52901100
201120130	黒い宝箱【レベル2_トゥメル】2F　候補4	01	4	7120	儀式素材【アンコモンC】レベル1	0x40001BD0	0xB0001BD0	2	100	0	52901100	52901100
201120140	黒い宝箱【レベル2_トゥメル】2F　候補5	01	4	7120	儀式素材【アンコモンC】レベル1	0x40001BD0	0xB0001BD0	1	100	0	52901100	52901100
201120150	黒い宝箱【レベル2_トゥメル】2F　候補6	01	4	7120	儀式素材【アンコモンC】レベル1	0x40001BD0	0xB0001BD0	1	100	0	52901100	52901100
201120160	黒い宝箱【レベル2_トゥメル】2F　候補7	01	4	7120	儀式素材【アンコモンC】レベル1	0x40001BD0	0xB0001BD0	1	100	0	52901100	52901100
201120170	黒い宝箱【レベル2_トゥメル】2F　候補8	01	4	7120	儀式素材【アンコモンC】レベル1	0x40001BD0	0xB0001BD0	1	100	0	52901100	52901100
201120180	黒い宝箱【レベル2_トゥメル】2F　候補9	01	4	7120	儀式素材【アンコモンC】レベル1	0x40001BD0	0xB0001BD0	1	100	0	52901100	52901100
201120190	黒い宝箱【レベル2_トゥメル】2F　候補10	01	4	1500	SAN値回復＋1	0x400005DC	0xB00005DC	1	100	0	52901100	52901100
201120200	黒い宝箱【レベル2_トゥメル】3F　候補1	01	4	7120	儀式素材【アンコモンC】レベル1	0x40001BD0	0xB0001BD0	4	100	0	52901100	52901100
201120210	黒い宝箱【レベル2_トゥメル】3F　候補2	01	4	7120	儀式素材【アンコモンC】レベル1	0x40001BD0	0xB0001BD0	2	100	0	52901100	52901100
201120220	黒い宝箱【レベル2_トゥメル】3F　候補3	01	4	7120	儀式素材【アンコモンC】レベル1	0x40001BD0	0xB0001BD0	2	100	0	52901100	52901100
201120230	黒い宝箱【レベル2_トゥメル】3F　候補4	01	4	7120	儀式素材【アンコモンC】レベル1	0x40001BD0	0xB0001BD0	2	100	0	52901100	52901100
201120240	黒い宝箱【レベル2_トゥメル】3F　候補5	01	4	7120	儀式素材【アンコモンC】レベル1	0x40001BD0	0xB0001BD0	1	100	0	52901100	52901100
201120250	黒い宝箱【レベル2_トゥメル】3F　候補6	01	4	7120	儀式素材【アンコモンC】レベル1	0x40001BD0	0xB0001BD0	1	100	0	52901100	52901100
201120260	黒い宝箱【レベル2_トゥメル】3F　候補7	01	4	7120	儀式素材【アンコモンC】レベル1	0x40001BD0	0xB0001BD0	1	100	0	52901100	52901100
201120270	黒い宝箱【レベル2_トゥメル】3F　候補8	01	4	7120	儀式素材【アンコモンC】レベル1	0x40001BD0	0xB0001BD0	1	100	0	52901100	52901100
201120280	黒い宝箱【レベル2_トゥメル】3F　候補9	01	4	7120	儀式素材【アンコモンC】レベル1	0x40001BD0	0xB0001BD0	1	100	0	52901100	52901100
201120290	黒い宝箱【レベル2_トゥメル】3F　候補10	01	4	1501	SAN値回復＋2	0x400005DD	0xB00005DD	1	100	0	52901100	52901100
201120300	黒い宝箱【レベル2_トゥメル】4F　候補1	01	4	7120	儀式素材【アンコモンC】レベル1	0x40001BD0	0xB0001BD0	5	100	0	52901100	52901100
201120310	黒い宝箱【レベル2_トゥメル】4F　候補2	01	4	7120	儀式素材【アンコモンC】レベル1	0x40001BD0	0xB0001BD0	3	100	0	52901100	52901100
201120320	黒い宝箱【レベル2_トゥメル】4F　候補3	01	4	7120	儀式素材【アンコモンC】レベル1	0x40001BD0	0xB0001BD0	3	100	0	52901100	52901100
201120330	黒い宝箱【レベル2_トゥメル】4F　候補4	01	4	7120	儀式素材【アンコモンC】レベル1	0x40001BD0	0xB0001BD0	3	100	0	52901100	52901100
201120340	黒い宝箱【レベル2_トゥメル】4F　候補5	01	4	7120	儀式素材【アンコモンC】レベル1	0x40001BD0	0xB0001BD0	2	100	0	52901100	52901100
201120350	黒い宝箱【レベル2_トゥメル】4F　候補6	01	4	7120	儀式素材【アンコモンC】レベル1	0x40001BD0	0xB0001BD0	2	100	0	52901100	52901100
201120360	黒い宝箱【レベル2_トゥメル】4F　候補7	01	4	7120	儀式素材【アンコモンC】レベル1	0x40001BD0	0xB0001BD0	2	100	0	52901100	52901100
201120370	黒い宝箱【レベル2_トゥメル】4F　候補8	01	4	7120	儀式素材【アンコモンC】レベル1	0x40001BD0	0xB0001BD0	2	100	0	52901100	52901100
201120380	黒い宝箱【レベル2_トゥメル】4F　候補9	01	4	7120	儀式素材【アンコモンC】レベル1	0x40001BD0	0xB0001BD0	2	100	0	52901100	52901100
201120390	黒い宝箱【レベル2_トゥメル】4F　候補10	01	4	1501	SAN値回復＋2	0x400005DD	0xB00005DD	1	100	0	52901100	52901100
201121000	黒い宝箱【レベル2_僻墓】1F　候補1	01	4	7001	儀式素材【コモンA】レベル2	0x40001B59	0xB0001B59	2	100	0	52901100	52901100
201121010	黒い宝箱【レベル2_僻墓】1F　候補2	01	4	7001	儀式素材【コモンA】レベル2	0x40001B59	0xB0001B59	2	100	0	52901100	52901100
201121020	黒い宝箱【レベル2_僻墓】1F　候補3	01	4	7001	儀式素材【コモンA】レベル2	0x40001B59	0xB0001B59	2	100	0	52901100	52901100
201121030	黒い宝箱【レベル2_僻墓】1F　候補4	01	4	7001	儀式素材【コモンA】レベル2	0x40001B59	0xB0001B59	2	100	0	52901100	52901100
201121040	黒い宝箱【レベル2_僻墓】1F　候補5	01	4	7001	儀式素材【コモンA】レベル2	0x40001B59	0xB0001B59	2	100	0	52901100	52901100
201121050	黒い宝箱【レベル2_僻墓】1F　候補6	01	4	7001	儀式素材【コモンA】レベル2	0x40001B59	0xB0001B59	2	100	0	52901100	52901100
201121060	黒い宝箱【レベル2_僻墓】1F　候補7	01	4	1000	HP回復【PG直接指定】	0x400003E8	0xB00003E8	2	100	0	52901100	52901100
201121070	黒い宝箱【レベル2_僻墓】1F　候補8	01	4	1000	HP回復【PG直接指定】	0x400003E8	0xB00003E8	2	100	0	52901100	52901100
201121080	黒い宝箱【レベル2_僻墓】1F　候補9	01	4	1000	HP回復【PG直接指定】	0x400003E8	0xB00003E8	2	100	0	52901100	52901100
201121090	黒い宝箱【レベル2_僻墓】1F　候補10	01	4	900	弾丸【PG直接指定】	0x40000384	0xB0000384	2	100	0	52901100	52901100
201121100	黒い宝箱【レベル2_僻墓】2F　候補1	01	4	7120	儀式素材【アンコモンC】レベル1	0x40001BD0	0xB0001BD0	3	100	0	52901100	52901100
201121110	黒い宝箱【レベル2_僻墓】2F　候補2	01	4	7120	儀式素材【アンコモンC】レベル1	0x40001BD0	0xB0001BD0	2	100	0	52901100	52901100
201121120	黒い宝箱【レベル2_僻墓】2F　候補3	01	4	7120	儀式素材【アンコモンC】レベル1	0x40001BD0	0xB0001BD0	2	100	0	52901100	52901100
201121130	黒い宝箱【レベル2_僻墓】2F　候補4	01	4	7120	儀式素材【アンコモンC】レベル1	0x40001BD0	0xB0001BD0	2	100	0	52901100	52901100
201121140	黒い宝箱【レベル2_僻墓】2F　候補5	01	4	7120	儀式素材【アンコモンC】レベル1	0x40001BD0	0xB0001BD0	1	100	0	52901100	52901100
201121150	黒い宝箱【レベル2_僻墓】2F　候補6	01	4	7120	儀式素材【アンコモンC】レベル1	0x40001BD0	0xB0001BD0	1	100	0	52901100	52901100
201121160	黒い宝箱【レベル2_僻墓】2F　候補7	01	4	7120	儀式素材【アンコモンC】レベル1	0x40001BD0	0xB0001BD0	1	100	0	52901100	52901100
201121170	黒い宝箱【レベル2_僻墓】2F　候補8	01	4	7120	儀式素材【アンコモンC】レベル1	0x40001BD0	0xB0001BD0	1	100	0	52901100	52901100
201121180	黒い宝箱【レベル2_僻墓】2F　候補9	01	4	7120	儀式素材【アンコモンC】レベル1	0x40001BD0	0xB0001BD0	1	100	0	52901100	52901100
201121190	黒い宝箱【レベル2_僻墓】2F　候補10	01	4	1500	SAN値回復＋1	0x400005DC	0xB00005DC	1	100	0	52901100	52901100
201121200	黒い宝箱【レベル2_僻墓】3F　候補1	01	4	7120	儀式素材【アンコモンC】レベル1	0x40001BD0	0xB0001BD0	4	100	0	52901100	52901100
201121210	黒い宝箱【レベル2_僻墓】3F　候補2	01	4	7120	儀式素材【アンコモンC】レベル1	0x40001BD0	0xB0001BD0	2	100	0	52901100	52901100
201121220	黒い宝箱【レベル2_僻墓】3F　候補3	01	4	7120	儀式素材【アンコモンC】レベル1	0x40001BD0	0xB0001BD0	2	100	0	52901100	52901100
201121230	黒い宝箱【レベル2_僻墓】3F　候補4	01	4	7120	儀式素材【アンコモンC】レベル1	0x40001BD0	0xB0001BD0	2	100	0	52901100	52901100
201121240	黒い宝箱【レベル2_僻墓】3F　候補5	01	4	7120	儀式素材【アンコモンC】レベル1	0x40001BD0	0xB0001BD0	1	100	0	52901100	52901100
201121250	黒い宝箱【レベル2_僻墓】3F　候補6	01	4	7120	儀式素材【アンコモンC】レベル1	0x40001BD0	0xB0001BD0	1	100	0	52901100	52901100
201121260	黒い宝箱【レベル2_僻墓】3F　候補7	01	4	7120	儀式素材【アンコモンC】レベル1	0x40001BD0	0xB0001BD0	1	100	0	52901100	52901100
201121270	黒い宝箱【レベル2_僻墓】3F　候補8	01	4	7120	儀式素材【アンコモンC】レベル1	0x40001BD0	0xB0001BD0	1	100	0	52901100	52901100
201121280	黒い宝箱【レベル2_僻墓】3F　候補9	01	4	7120	儀式素材【アンコモンC】レベル1	0x40001BD0	0xB0001BD0	1	100	0	52901100	52901100
201121290	黒い宝箱【レベル2_僻墓】3F　候補10	01	4	1501	SAN値回復＋2	0x400005DD	0xB00005DD	1	100	0	52901100	52901100
201121300	黒い宝箱【レベル2_僻墓】4F　候補1	01	4	7120	儀式素材【アンコモンC】レベル1	0x40001BD0	0xB0001BD0	5	100	0	52901100	52901100
201121310	黒い宝箱【レベル2_僻墓】4F　候補2	01	4	7120	儀式素材【アンコモンC】レベル1	0x40001BD0	0xB0001BD0	3	100	0	52901100	52901100
201121320	黒い宝箱【レベル2_僻墓】4F　候補3	01	4	7120	儀式素材【アンコモンC】レベル1	0x40001BD0	0xB0001BD0	3	100	0	52901100	52901100
201121330	黒い宝箱【レベル2_僻墓】4F　候補4	01	4	7120	儀式素材【アンコモンC】レベル1	0x40001BD0	0xB0001BD0	3	100	0	52901100	52901100
201121340	黒い宝箱【レベル2_僻墓】4F　候補5	01	4	7120	儀式素材【アンコモンC】レベル1	0x40001BD0	0xB0001BD0	2	100	0	52901100	52901100
201121350	黒い宝箱【レベル2_僻墓】4F　候補6	01	4	7120	儀式素材【アンコモンC】レベル1	0x40001BD0	0xB0001BD0	2	100	0	52901100	52901100
201121360	黒い宝箱【レベル2_僻墓】4F　候補7	01	4	7120	儀式素材【アンコモンC】レベル1	0x40001BD0	0xB0001BD0	2	100	0	52901100	52901100
201121370	黒い宝箱【レベル2_僻墓】4F　候補8	01	4	7120	儀式素材【アンコモンC】レベル1	0x40001BD0	0xB0001BD0	2	100	0	52901100	52901100
201121380	黒い宝箱【レベル2_僻墓】4F　候補9	01	4	7120	儀式素材【アンコモンC】レベル1	0x40001BD0	0xB0001BD0	2	100	0	52901100	52901100
201121390	黒い宝箱【レベル2_僻墓】4F　候補10	01	4	1501	SAN値回復＋2	0x400005DD	0xB00005DD	1	100	0	52901100	52901100
201130000	黒い宝箱【レベル3_トゥメル】1F　候補1	01	4	7002	儀式素材【コモンA】レベル3	0x40001B5A	0xB0001B5A	2	100	0	52901100	52901100
201130010	黒い宝箱【レベル3_トゥメル】1F　候補2	01	4	7002	儀式素材【コモンA】レベル3	0x40001B5A	0xB0001B5A	2	100	0	52901100	52901100
201130020	黒い宝箱【レベル3_トゥメル】1F　候補3	01	4	7002	儀式素材【コモンA】レベル3	0x40001B5A	0xB0001B5A	2	100	0	52901100	52901100
201130030	黒い宝箱【レベル3_トゥメル】1F　候補4	01	4	7002	儀式素材【コモンA】レベル3	0x40001B5A	0xB0001B5A	2	100	0	52901100	52901100
201130040	黒い宝箱【レベル3_トゥメル】1F　候補5	01	4	7002	儀式素材【コモンA】レベル3	0x40001B5A	0xB0001B5A	2	100	0	52901100	52901100
201130050	黒い宝箱【レベル3_トゥメル】1F　候補6	01	4	7002	儀式素材【コモンA】レベル3	0x40001B5A	0xB0001B5A	2	100	0	52901100	52901100
201130060	黒い宝箱【レベル3_トゥメル】1F　候補7	01	4	1000	HP回復【PG直接指定】	0x400003E8	0xB00003E8	2	100	0	52901100	52901100
201130070	黒い宝箱【レベル3_トゥメル】1F　候補8	01	4	1000	HP回復【PG直接指定】	0x400003E8	0xB00003E8	2	100	0	52901100	52901100
201130080	黒い宝箱【レベル3_トゥメル】1F　候補9	01	4	900	弾丸【PG直接指定】	0x40000384	0xB0000384	2	100	0	52901100	52901100
201130090	黒い宝箱【レベル3_トゥメル】1F　候補10	01	4	900	弾丸【PG直接指定】	0x40000384	0xB0000384	2	100	0	52901100	52901100
201130100	黒い宝箱【レベル3_トゥメル】2F　候補1	01	4	7130	儀式素材【アンコモンD】レベル1	0x40001BDA	0xB0001BDA	3	100	0	52901100	52901100
201130110	黒い宝箱【レベル3_トゥメル】2F　候補2	01	4	7130	儀式素材【アンコモンD】レベル1	0x40001BDA	0xB0001BDA	2	100	0	52901100	52901100
201130120	黒い宝箱【レベル3_トゥメル】2F　候補3	01	4	7130	儀式素材【アンコモンD】レベル1	0x40001BDA	0xB0001BDA	2	100	0	52901100	52901100
201130130	黒い宝箱【レベル3_トゥメル】2F　候補4	01	4	7130	儀式素材【アンコモンD】レベル1	0x40001BDA	0xB0001BDA	2	100	0	52901100	52901100
201130140	黒い宝箱【レベル3_トゥメル】2F　候補5	01	4	7130	儀式素材【アンコモンD】レベル1	0x40001BDA	0xB0001BDA	1	100	0	52901100	52901100
201130150	黒い宝箱【レベル3_トゥメル】2F　候補6	01	4	7130	儀式素材【アンコモンD】レベル1	0x40001BDA	0xB0001BDA	1	100	0	52901100	52901100
201130160	黒い宝箱【レベル3_トゥメル】2F　候補7	01	4	7130	儀式素材【アンコモンD】レベル1	0x40001BDA	0xB0001BDA	1	100	0	52901100	52901100
201130170	黒い宝箱【レベル3_トゥメル】2F　候補8	01	4	7130	儀式素材【アンコモンD】レベル1	0x40001BDA	0xB0001BDA	1	100	0	52901100	52901100
201130180	黒い宝箱【レベル3_トゥメル】2F　候補9	01	4	7130	儀式素材【アンコモンD】レベル1	0x40001BDA	0xB0001BDA	1	100	0	52901100	52901100
201130190	黒い宝箱【レベル3_トゥメル】2F　候補10	01	4	1500	SAN値回復＋1	0x400005DC	0xB00005DC	1	100	0	52901100	52901100
201130200	黒い宝箱【レベル3_トゥメル】3F　候補1	01	4	7130	儀式素材【アンコモンD】レベル1	0x40001BDA	0xB0001BDA	4	100	0	52901100	52901100
201130210	黒い宝箱【レベル3_トゥメル】3F　候補2	01	4	7130	儀式素材【アンコモンD】レベル1	0x40001BDA	0xB0001BDA	2	100	0	52901100	52901100
201130220	黒い宝箱【レベル3_トゥメル】3F　候補3	01	4	7130	儀式素材【アンコモンD】レベル1	0x40001BDA	0xB0001BDA	2	100	0	52901100	52901100
201130230	黒い宝箱【レベル3_トゥメル】3F　候補4	01	4	7130	儀式素材【アンコモンD】レベル1	0x40001BDA	0xB0001BDA	2	100	0	52901100	52901100
201130240	黒い宝箱【レベル3_トゥメル】3F　候補5	01	4	7130	儀式素材【アンコモンD】レベル1	0x40001BDA	0xB0001BDA	1	100	0	52901100	52901100
201130250	黒い宝箱【レベル3_トゥメル】3F　候補6	01	4	7130	儀式素材【アンコモンD】レベル1	0x40001BDA	0xB0001BDA	1	100	0	52901100	52901100
201130260	黒い宝箱【レベル3_トゥメル】3F　候補7	01	4	7130	儀式素材【アンコモンD】レベル1	0x40001BDA	0xB0001BDA	1	100	0	52901100	52901100
201130270	黒い宝箱【レベル3_トゥメル】3F　候補8	01	4	7130	儀式素材【アンコモンD】レベル1	0x40001BDA	0xB0001BDA	1	100	0	52901100	52901100
201130280	黒い宝箱【レベル3_トゥメル】3F　候補9	01	4	7130	儀式素材【アンコモンD】レベル1	0x40001BDA	0xB0001BDA	1	100	0	52901100	52901100
201130290	黒い宝箱【レベル3_トゥメル】3F　候補10	01	4	1501	SAN値回復＋2	0x400005DD	0xB00005DD	1	100	0	52901100	52901100
201130300	黒い宝箱【レベル3_トゥメル】4F　候補1	01	4	7130	儀式素材【アンコモンD】レベル1	0x40001BDA	0xB0001BDA	5	100	0	52901100	52901100
201130310	黒い宝箱【レベル3_トゥメル】4F　候補2	01	4	7130	儀式素材【アンコモンD】レベル1	0x40001BDA	0xB0001BDA	3	100	0	52901100	52901100
201130320	黒い宝箱【レベル3_トゥメル】4F　候補3	01	4	7130	儀式素材【アンコモンD】レベル1	0x40001BDA	0xB0001BDA	3	100	0	52901100	52901100
201130330	黒い宝箱【レベル3_トゥメル】4F　候補4	01	4	7130	儀式素材【アンコモンD】レベル1	0x40001BDA	0xB0001BDA	3	100	0	52901100	52901100
201130340	黒い宝箱【レベル3_トゥメル】4F　候補5	01	4	7130	儀式素材【アンコモンD】レベル1	0x40001BDA	0xB0001BDA	2	100	0	52901100	52901100
201130350	黒い宝箱【レベル3_トゥメル】4F　候補6	01	4	7130	儀式素材【アンコモンD】レベル1	0x40001BDA	0xB0001BDA	2	100	0	52901100	52901100
201130360	黒い宝箱【レベル3_トゥメル】4F　候補7	01	4	7130	儀式素材【アンコモンD】レベル1	0x40001BDA	0xB0001BDA	2	100	0	52901100	52901100
201130370	黒い宝箱【レベル3_トゥメル】4F　候補8	01	4	7130	儀式素材【アンコモンD】レベル1	0x40001BDA	0xB0001BDA	2	100	0	52901100	52901100
201130380	黒い宝箱【レベル3_トゥメル】4F　候補9	01	4	7130	儀式素材【アンコモンD】レベル1	0x40001BDA	0xB0001BDA	2	100	0	52901100	52901100
201130390	黒い宝箱【レベル3_トゥメル】4F　候補10	01	4	1501	SAN値回復＋2	0x400005DD	0xB00005DD	1	100	0	52901100	52901100
201131000	黒い宝箱【レベル3_僻墓】1F　候補1	01	4	7002	儀式素材【コモンA】レベル3	0x40001B5A	0xB0001B5A	2	100	0	52901100	52901100
201131010	黒い宝箱【レベル3_僻墓】1F　候補2	01	4	7002	儀式素材【コモンA】レベル3	0x40001B5A	0xB0001B5A	2	100	0	52901100	52901100
201131020	黒い宝箱【レベル3_僻墓】1F　候補3	01	4	7002	儀式素材【コモンA】レベル3	0x40001B5A	0xB0001B5A	2	100	0	52901100	52901100
201131030	黒い宝箱【レベル3_僻墓】1F　候補4	01	4	7002	儀式素材【コモンA】レベル3	0x40001B5A	0xB0001B5A	2	100	0	52901100	52901100
201131040	黒い宝箱【レベル3_僻墓】1F　候補5	01	4	7002	儀式素材【コモンA】レベル3	0x40001B5A	0xB0001B5A	2	100	0	52901100	52901100
201131050	黒い宝箱【レベル3_僻墓】1F　候補6	01	4	7002	儀式素材【コモンA】レベル3	0x40001B5A	0xB0001B5A	2	100	0	52901100	52901100
201131060	黒い宝箱【レベル3_僻墓】1F　候補7	01	4	1000	HP回復【PG直接指定】	0x400003E8	0xB00003E8	2	100	0	52901100	52901100
201131070	黒い宝箱【レベル3_僻墓】1F　候補8	01	4	1000	HP回復【PG直接指定】	0x400003E8	0xB00003E8	2	100	0	52901100	52901100
201131080	黒い宝箱【レベル3_僻墓】1F　候補9	01	4	1000	HP回復【PG直接指定】	0x400003E8	0xB00003E8	2	100	0	52901100	52901100
201131090	黒い宝箱【レベル3_僻墓】1F　候補10	01	4	900	弾丸【PG直接指定】	0x40000384	0xB0000384	2	100	0	52901100	52901100
201131100	黒い宝箱【レベル3_僻墓】2F　候補1	01	4	7120	儀式素材【アンコモンC】レベル1	0x40001BD0	0xB0001BD0	5	100	0	52901100	52901100
201131110	黒い宝箱【レベル3_僻墓】2F　候補2	01	4	7120	儀式素材【アンコモンC】レベル1	0x40001BD0	0xB0001BD0	3	100	0	52901100	52901100
201131120	黒い宝箱【レベル3_僻墓】2F　候補3	01	4	7120	儀式素材【アンコモンC】レベル1	0x40001BD0	0xB0001BD0	3	100	0	52901100	52901100
201131130	黒い宝箱【レベル3_僻墓】2F　候補4	01	4	7120	儀式素材【アンコモンC】レベル1	0x40001BD0	0xB0001BD0	3	100	0	52901100	52901100
201131140	黒い宝箱【レベル3_僻墓】2F　候補5	01	4	7120	儀式素材【アンコモンC】レベル1	0x40001BD0	0xB0001BD0	2	100	0	52901100	52901100
201131150	黒い宝箱【レベル3_僻墓】2F　候補6	01	4	7120	儀式素材【アンコモンC】レベル1	0x40001BD0	0xB0001BD0	2	100	0	52901100	52901100
201131160	黒い宝箱【レベル3_僻墓】2F　候補7	01	4	7120	儀式素材【アンコモンC】レベル1	0x40001BD0	0xB0001BD0	2	100	0	52901100	52901100
201131170	黒い宝箱【レベル3_僻墓】2F　候補8	01	4	7120	儀式素材【アンコモンC】レベル1	0x40001BD0	0xB0001BD0	2	100	0	52901100	52901100
201131180	黒い宝箱【レベル3_僻墓】2F　候補9	01	4	7120	儀式素材【アンコモンC】レベル1	0x40001BD0	0xB0001BD0	2	100	0	52901100	52901100
201131190	黒い宝箱【レベル3_僻墓】2F　候補10	01	4	1500	SAN値回復＋1	0x400005DC	0xB00005DC	1	100	0	52901100	52901100
201131200	黒い宝箱【レベル3_僻墓】3F　候補1	01	4	7120	儀式素材【アンコモンC】レベル1	0x40001BD0	0xB0001BD0	8	100	0	52901100	52901100
201131210	黒い宝箱【レベル3_僻墓】3F　候補2	01	4	7120	儀式素材【アンコモンC】レベル1	0x40001BD0	0xB0001BD0	4	100	0	52901100	52901100
201131220	黒い宝箱【レベル3_僻墓】3F　候補3	01	4	7120	儀式素材【アンコモンC】レベル1	0x40001BD0	0xB0001BD0	4	100	0	52901100	52901100
201131230	黒い宝箱【レベル3_僻墓】3F　候補4	01	4	7120	儀式素材【アンコモンC】レベル1	0x40001BD0	0xB0001BD0	4	100	0	52901100	52901100
201131240	黒い宝箱【レベル3_僻墓】3F　候補5	01	4	7120	儀式素材【アンコモンC】レベル1	0x40001BD0	0xB0001BD0	4	100	0	52901100	52901100
201131250	黒い宝箱【レベル3_僻墓】3F　候補6	01	4	7120	儀式素材【アンコモンC】レベル1	0x40001BD0	0xB0001BD0	4	100	0	52901100	52901100
201131260	黒い宝箱【レベル3_僻墓】3F　候補7	01	4	7120	儀式素材【アンコモンC】レベル1	0x40001BD0	0xB0001BD0	4	100	0	52901100	52901100
201131270	黒い宝箱【レベル3_僻墓】3F　候補8	01	4	7120	儀式素材【アンコモンC】レベル1	0x40001BD0	0xB0001BD0	4	100	0	52901100	52901100
201131280	黒い宝箱【レベル3_僻墓】3F　候補9	01	4	7120	儀式素材【アンコモンC】レベル1	0x40001BD0	0xB0001BD0	4	100	0	52901100	52901100
201131290	黒い宝箱【レベル3_僻墓】3F　候補10	01	4	1501	SAN値回復＋2	0x400005DD	0xB00005DD	1	100	0	52901100	52901100
201131300	黒い宝箱【レベル3_僻墓】4F　候補1	01	4	7120	儀式素材【アンコモンC】レベル1	0x40001BD0	0xB0001BD0	10	100	0	52901100	52901100
201131310	黒い宝箱【レベル3_僻墓】4F　候補2	01	4	7120	儀式素材【アンコモンC】レベル1	0x40001BD0	0xB0001BD0	8	100	0	52901100	52901100
201131320	黒い宝箱【レベル3_僻墓】4F　候補3	01	4	7120	儀式素材【アンコモンC】レベル1	0x40001BD0	0xB0001BD0	8	100	0	52901100	52901100
201131330	黒い宝箱【レベル3_僻墓】4F　候補4	01	4	7120	儀式素材【アンコモンC】レベル1	0x40001BD0	0xB0001BD0	8	100	0	52901100	52901100
201131340	黒い宝箱【レベル3_僻墓】4F　候補5	01	4	7120	儀式素材【アンコモンC】レベル1	0x40001BD0	0xB0001BD0	6	100	0	52901100	52901100
201131350	黒い宝箱【レベル3_僻墓】4F　候補6	01	4	7120	儀式素材【アンコモンC】レベル1	0x40001BD0	0xB0001BD0	6	100	0	52901100	52901100
201131360	黒い宝箱【レベル3_僻墓】4F　候補7	01	4	7120	儀式素材【アンコモンC】レベル1	0x40001BD0	0xB0001BD0	6	100	0	52901100	52901100
201131370	黒い宝箱【レベル3_僻墓】4F　候補8	01	4	7120	儀式素材【アンコモンC】レベル1	0x40001BD0	0xB0001BD0	6	100	0	52901100	52901100
201131380	黒い宝箱【レベル3_僻墓】4F　候補9	01	4	7120	儀式素材【アンコモンC】レベル1	0x40001BD0	0xB0001BD0	6	100	0	52901100	52901100
201131390	黒い宝箱【レベル3_僻墓】4F　候補10	01	4	1501	SAN値回復＋2	0x400005DD	0xB00005DD	1	100	0	52901100	52901100
201140000	黒い宝箱【レベル4_トゥメル】1F　候補1	01	4	7003	儀式素材【コモンA】レベル4	0x40001B5B	0xB0001B5B	2	100	0	52901100	52901100
201140010	黒い宝箱【レベル4_トゥメル】1F　候補2	01	4	7003	儀式素材【コモンA】レベル4	0x40001B5B	0xB0001B5B	2	100	0	52901100	52901100
201140020	黒い宝箱【レベル4_トゥメル】1F　候補3	01	4	7003	儀式素材【コモンA】レベル4	0x40001B5B	0xB0001B5B	2	100	0	52901100	52901100
201140030	黒い宝箱【レベル4_トゥメル】1F　候補4	01	4	7003	儀式素材【コモンA】レベル4	0x40001B5B	0xB0001B5B	2	100	0	52901100	52901100
201140040	黒い宝箱【レベル4_トゥメル】1F　候補5	01	4	7003	儀式素材【コモンA】レベル4	0x40001B5B	0xB0001B5B	2	100	0	52901100	52901100
201140050	黒い宝箱【レベル4_トゥメル】1F　候補6	01	4	7003	儀式素材【コモンA】レベル4	0x40001B5B	0xB0001B5B	2	100	0	52901100	52901100
201140060	黒い宝箱【レベル4_トゥメル】1F　候補7	01	4	1000	HP回復【PG直接指定】	0x400003E8	0xB00003E8	2	100	0	52901100	52901100
201140070	黒い宝箱【レベル4_トゥメル】1F　候補8	01	4	1000	HP回復【PG直接指定】	0x400003E8	0xB00003E8	2	100	0	52901100	52901100
201140080	黒い宝箱【レベル4_トゥメル】1F　候補9	01	4	900	弾丸【PG直接指定】	0x40000384	0xB0000384	2	100	0	52901100	52901100
201140090	黒い宝箱【レベル4_トゥメル】1F　候補10	01	4	900	弾丸【PG直接指定】	0x40000384	0xB0000384	2	100	0	52901100	52901100
201140100	黒い宝箱【レベル4_トゥメル】2F　候補1	01	4	7130	儀式素材【アンコモンD】レベル1	0x40001BDA	0xB0001BDA	5	100	0	52901100	52901100
201140110	黒い宝箱【レベル4_トゥメル】2F　候補2	01	4	7130	儀式素材【アンコモンD】レベル1	0x40001BDA	0xB0001BDA	3	100	0	52901100	52901100
201140120	黒い宝箱【レベル4_トゥメル】2F　候補3	01	4	7130	儀式素材【アンコモンD】レベル1	0x40001BDA	0xB0001BDA	3	100	0	52901100	52901100
201140130	黒い宝箱【レベル4_トゥメル】2F　候補4	01	4	7130	儀式素材【アンコモンD】レベル1	0x40001BDA	0xB0001BDA	3	100	0	52901100	52901100
201140140	黒い宝箱【レベル4_トゥメル】2F　候補5	01	4	7130	儀式素材【アンコモンD】レベル1	0x40001BDA	0xB0001BDA	2	100	0	52901100	52901100
201140150	黒い宝箱【レベル4_トゥメル】2F　候補6	01	4	7130	儀式素材【アンコモンD】レベル1	0x40001BDA	0xB0001BDA	2	100	0	52901100	52901100
201140160	黒い宝箱【レベル4_トゥメル】2F　候補7	01	4	7121	儀式素材【アンコモンC】レベル2	0x40001BD1	0xB0001BD1	3	100	0	52901100	52901100
201140170	黒い宝箱【レベル4_トゥメル】2F　候補8	01	4	7121	儀式素材【アンコモンC】レベル2	0x40001BD1	0xB0001BD1	2	100	0	52901100	52901100
201140180	黒い宝箱【レベル4_トゥメル】2F　候補9	01	4	7121	儀式素材【アンコモンC】レベル2	0x40001BD1	0xB0001BD1	2	100	0	52901100	52901100
201140190	黒い宝箱【レベル4_トゥメル】2F　候補10	01	4	1500	SAN値回復＋1	0x400005DC	0xB00005DC	1	100	0	52901100	52901100
201140200	黒い宝箱【レベル4_トゥメル】3F　候補1	01	4	7130	儀式素材【アンコモンD】レベル1	0x40001BDA	0xB0001BDA	8	100	0	52901100	52901100
201140210	黒い宝箱【レベル4_トゥメル】3F　候補2	01	4	7130	儀式素材【アンコモンD】レベル1	0x40001BDA	0xB0001BDA	4	100	0	52901100	52901100
201140220	黒い宝箱【レベル4_トゥメル】3F　候補3	01	4	7130	儀式素材【アンコモンD】レベル1	0x40001BDA	0xB0001BDA	4	100	0	52901100	52901100
201140230	黒い宝箱【レベル4_トゥメル】3F　候補4	01	4	7130	儀式素材【アンコモンD】レベル1	0x40001BDA	0xB0001BDA	4	100	0	52901100	52901100
201140240	黒い宝箱【レベル4_トゥメル】3F　候補5	01	4	7130	儀式素材【アンコモンD】レベル1	0x40001BDA	0xB0001BDA	4	100	0	52901100	52901100
201140250	黒い宝箱【レベル4_トゥメル】3F　候補6	01	4	7130	儀式素材【アンコモンD】レベル1	0x40001BDA	0xB0001BDA	4	100	0	52901100	52901100
201140260	黒い宝箱【レベル4_トゥメル】3F　候補7	01	4	7121	儀式素材【アンコモンC】レベル2	0x40001BD1	0xB0001BD1	4	100	0	52901100	52901100
201140270	黒い宝箱【レベル4_トゥメル】3F　候補8	01	4	7121	儀式素材【アンコモンC】レベル2	0x40001BD1	0xB0001BD1	2	100	0	52901100	52901100
201140280	黒い宝箱【レベル4_トゥメル】3F　候補9	01	4	7121	儀式素材【アンコモンC】レベル2	0x40001BD1	0xB0001BD1	2	100	0	52901100	52901100
201140290	黒い宝箱【レベル4_トゥメル】3F　候補10	01	4	1501	SAN値回復＋2	0x400005DD	0xB00005DD	1	100	0	52901100	52901100
201140300	黒い宝箱【レベル4_トゥメル】4F　候補1	01	4	7130	儀式素材【アンコモンD】レベル1	0x40001BDA	0xB0001BDA	10	100	0	52901100	52901100
201140310	黒い宝箱【レベル4_トゥメル】4F　候補2	01	4	7130	儀式素材【アンコモンD】レベル1	0x40001BDA	0xB0001BDA	8	100	0	52901100	52901100
201140320	黒い宝箱【レベル4_トゥメル】4F　候補3	01	4	7130	儀式素材【アンコモンD】レベル1	0x40001BDA	0xB0001BDA	8	100	0	52901100	52901100
201140330	黒い宝箱【レベル4_トゥメル】4F　候補4	01	4	7130	儀式素材【アンコモンD】レベル1	0x40001BDA	0xB0001BDA	8	100	0	52901100	52901100
201140340	黒い宝箱【レベル4_トゥメル】4F　候補5	01	4	7130	儀式素材【アンコモンD】レベル1	0x40001BDA	0xB0001BDA	6	100	0	52901100	52901100
201140350	黒い宝箱【レベル4_トゥメル】4F　候補6	01	4	7130	儀式素材【アンコモンD】レベル1	0x40001BDA	0xB0001BDA	6	100	0	52901100	52901100
201140360	黒い宝箱【レベル4_トゥメル】4F　候補7	01	4	7121	儀式素材【アンコモンC】レベル2	0x40001BD1	0xB0001BD1	5	100	0	52901100	52901100
201140370	黒い宝箱【レベル4_トゥメル】4F　候補8	01	4	7121	儀式素材【アンコモンC】レベル2	0x40001BD1	0xB0001BD1	3	100	0	52901100	52901100
201140380	黒い宝箱【レベル4_トゥメル】4F　候補9	01	4	7121	儀式素材【アンコモンC】レベル2	0x40001BD1	0xB0001BD1	3	100	0	52901100	52901100
201140390	黒い宝箱【レベル4_トゥメル】4F　候補10	01	4	1501	SAN値回復＋2	0x400005DD	0xB00005DD	1	100	0	52901100	52901100
201142000	黒い宝箱【レベル4_ローラン】1F　候補1	01	4	7003	儀式素材【コモンA】レベル4	0x40001B5B	0xB0001B5B	2	100	0	52901100	52901100
201142010	黒い宝箱【レベル4_ローラン】1F　候補2	01	4	7003	儀式素材【コモンA】レベル4	0x40001B5B	0xB0001B5B	2	100	0	52901100	52901100
201142020	黒い宝箱【レベル4_ローラン】1F　候補3	01	4	7003	儀式素材【コモンA】レベル4	0x40001B5B	0xB0001B5B	2	100	0	52901100	52901100
201142030	黒い宝箱【レベル4_ローラン】1F　候補4	01	4	7003	儀式素材【コモンA】レベル4	0x40001B5B	0xB0001B5B	2	100	0	52901100	52901100
201142040	黒い宝箱【レベル4_ローラン】1F　候補5	01	4	7003	儀式素材【コモンA】レベル4	0x40001B5B	0xB0001B5B	2	100	0	52901100	52901100
201142050	黒い宝箱【レベル4_ローラン】1F　候補6	01	4	7003	儀式素材【コモンA】レベル4	0x40001B5B	0xB0001B5B	2	100	0	52901100	52901100
201142060	黒い宝箱【レベル4_ローラン】1F　候補7	01	4	1000	HP回復【PG直接指定】	0x400003E8	0xB00003E8	2	100	0	52901100	52901100
201142070	黒い宝箱【レベル4_ローラン】1F　候補8	01	4	900	弾丸【PG直接指定】	0x40000384	0xB0000384	2	100	0	52901100	52901100
201142080	黒い宝箱【レベル4_ローラン】1F　候補9	01	4	900	弾丸【PG直接指定】	0x40000384	0xB0000384	2	100	0	52901100	52901100
201142090	黒い宝箱【レベル4_ローラン】1F　候補10	01	4	900	弾丸【PG直接指定】	0x40000384	0xB0000384	2	100	0	52901100	52901100
201142100	黒い宝箱【レベル4_ローラン】2F　候補1	01	4	7140	儀式素材【アンコモンE】レベル1	0x40001BE4	0xB0001BE4	3	100	0	52901100	52901100
201142110	黒い宝箱【レベル4_ローラン】2F　候補2	01	4	7140	儀式素材【アンコモンE】レベル1	0x40001BE4	0xB0001BE4	2	100	0	52901100	52901100
201142120	黒い宝箱【レベル4_ローラン】2F　候補3	01	4	7140	儀式素材【アンコモンE】レベル1	0x40001BE4	0xB0001BE4	2	100	0	52901100	52901100
201142130	黒い宝箱【レベル4_ローラン】2F　候補4	01	4	7140	儀式素材【アンコモンE】レベル1	0x40001BE4	0xB0001BE4	2	100	0	52901100	52901100
201142140	黒い宝箱【レベル4_ローラン】2F　候補5	01	4	7140	儀式素材【アンコモンE】レベル1	0x40001BE4	0xB0001BE4	1	100	0	52901100	52901100
201142150	黒い宝箱【レベル4_ローラン】2F　候補6	01	4	7140	儀式素材【アンコモンE】レベル1	0x40001BE4	0xB0001BE4	1	100	0	52901100	52901100
201142160	黒い宝箱【レベル4_ローラン】2F　候補7	01	4	7121	儀式素材【アンコモンC】レベル2	0x40001BD1	0xB0001BD1	3	100	0	52901100	52901100
201142170	黒い宝箱【レベル4_ローラン】2F　候補8	01	4	7121	儀式素材【アンコモンC】レベル2	0x40001BD1	0xB0001BD1	2	100	0	52901100	52901100
201142180	黒い宝箱【レベル4_ローラン】2F　候補9	01	4	7121	儀式素材【アンコモンC】レベル2	0x40001BD1	0xB0001BD1	2	100	0	52901100	52901100
201142190	黒い宝箱【レベル4_ローラン】2F　候補10	01	4	1500	SAN値回復＋1	0x400005DC	0xB00005DC	1	100	0	52901100	52901100
201142200	黒い宝箱【レベル4_ローラン】3F　候補1	01	4	7140	儀式素材【アンコモンE】レベル1	0x40001BE4	0xB0001BE4	4	100	0	52901100	52901100
201142210	黒い宝箱【レベル4_ローラン】3F　候補2	01	4	7140	儀式素材【アンコモンE】レベル1	0x40001BE4	0xB0001BE4	2	100	0	52901100	52901100
201142220	黒い宝箱【レベル4_ローラン】3F　候補3	01	4	7140	儀式素材【アンコモンE】レベル1	0x40001BE4	0xB0001BE4	2	100	0	52901100	52901100
201142230	黒い宝箱【レベル4_ローラン】3F　候補4	01	4	7140	儀式素材【アンコモンE】レベル1	0x40001BE4	0xB0001BE4	2	100	0	52901100	52901100
201142240	黒い宝箱【レベル4_ローラン】3F　候補5	01	4	7140	儀式素材【アンコモンE】レベル1	0x40001BE4	0xB0001BE4	1	100	0	52901100	52901100
201142250	黒い宝箱【レベル4_ローラン】3F　候補6	01	4	7140	儀式素材【アンコモンE】レベル1	0x40001BE4	0xB0001BE4	1	100	0	52901100	52901100
201142260	黒い宝箱【レベル4_ローラン】3F　候補7	01	4	7121	儀式素材【アンコモンC】レベル2	0x40001BD1	0xB0001BD1	4	100	0	52901100	52901100
201142270	黒い宝箱【レベル4_ローラン】3F　候補8	01	4	7121	儀式素材【アンコモンC】レベル2	0x40001BD1	0xB0001BD1	2	100	0	52901100	52901100
201142280	黒い宝箱【レベル4_ローラン】3F　候補9	01	4	7121	儀式素材【アンコモンC】レベル2	0x40001BD1	0xB0001BD1	2	100	0	52901100	52901100
201142290	黒い宝箱【レベル4_ローラン】3F　候補10	01	4	1501	SAN値回復＋2	0x400005DD	0xB00005DD	1	100	0	52901100	52901100
201142300	黒い宝箱【レベル4_ローラン】4F　候補1	01	4	7140	儀式素材【アンコモンE】レベル1	0x40001BE4	0xB0001BE4	5	100	0	52901100	52901100
201142310	黒い宝箱【レベル4_ローラン】4F　候補2	01	4	7140	儀式素材【アンコモンE】レベル1	0x40001BE4	0xB0001BE4	3	100	0	52901100	52901100
201142320	黒い宝箱【レベル4_ローラン】4F　候補3	01	4	7140	儀式素材【アンコモンE】レベル1	0x40001BE4	0xB0001BE4	3	100	0	52901100	52901100
201142330	黒い宝箱【レベル4_ローラン】4F　候補4	01	4	7140	儀式素材【アンコモンE】レベル1	0x40001BE4	0xB0001BE4	3	100	0	52901100	52901100
201142340	黒い宝箱【レベル4_ローラン】4F　候補5	01	4	7140	儀式素材【アンコモンE】レベル1	0x40001BE4	0xB0001BE4	2	100	0	52901100	52901100
201142350	黒い宝箱【レベル4_ローラン】4F　候補6	01	4	7140	儀式素材【アンコモンE】レベル1	0x40001BE4	0xB0001BE4	2	100	0	52901100	52901100
201142360	黒い宝箱【レベル4_ローラン】4F　候補7	01	4	7121	儀式素材【アンコモンC】レベル2	0x40001BD1	0xB0001BD1	5	100	0	52901100	52901100
201142370	黒い宝箱【レベル4_ローラン】4F　候補8	01	4	7121	儀式素材【アンコモンC】レベル2	0x40001BD1	0xB0001BD1	3	100	0	52901100	52901100
201142380	黒い宝箱【レベル4_ローラン】4F　候補9	01	4	7121	儀式素材【アンコモンC】レベル2	0x40001BD1	0xB0001BD1	3	100	0	52901100	52901100
201142390	黒い宝箱【レベル4_ローラン】4F　候補10	01	4	1501	SAN値回復＋2	0x400005DD	0xB00005DD	1	100	0	52901100	52901100
201150000	黒い宝箱【レベル5_トゥメル】1F　候補1	01	4	7004	儀式素材【コモンA】レベル5	0x40001B5C	0xB0001B5C	2	100	0	52901100	52901100
201150010	黒い宝箱【レベル5_トゥメル】1F　候補2	01	4	7004	儀式素材【コモンA】レベル5	0x40001B5C	0xB0001B5C	2	100	0	52901100	52901100
201150020	黒い宝箱【レベル5_トゥメル】1F　候補3	01	4	7004	儀式素材【コモンA】レベル5	0x40001B5C	0xB0001B5C	2	100	0	52901100	52901100
201150030	黒い宝箱【レベル5_トゥメル】1F　候補4	01	4	7004	儀式素材【コモンA】レベル5	0x40001B5C	0xB0001B5C	2	100	0	52901100	52901100
201150040	黒い宝箱【レベル5_トゥメル】1F　候補5	01	4	7004	儀式素材【コモンA】レベル5	0x40001B5C	0xB0001B5C	2	100	0	52901100	52901100
201150050	黒い宝箱【レベル5_トゥメル】1F　候補6	01	4	7004	儀式素材【コモンA】レベル5	0x40001B5C	0xB0001B5C	2	100	0	52901100	52901100
201150060	黒い宝箱【レベル5_トゥメル】1F　候補7	01	4	1000	HP回復【PG直接指定】	0x400003E8	0xB00003E8	2	100	0	52901100	52901100
201150070	黒い宝箱【レベル5_トゥメル】1F　候補8	01	4	1000	HP回復【PG直接指定】	0x400003E8	0xB00003E8	2	100	0	52901100	52901100
201150080	黒い宝箱【レベル5_トゥメル】1F　候補9	01	4	900	弾丸【PG直接指定】	0x40000384	0xB0000384	2	100	0	52901100	52901100
201150090	黒い宝箱【レベル5_トゥメル】1F　候補10	01	4	900	弾丸【PG直接指定】	0x40000384	0xB0000384	2	100	0	52901100	52901100
201150100	黒い宝箱【レベル5_トゥメル】2F　候補1	01	4	7131	儀式素材【アンコモンD】レベル2	0x40001BDB	0xB0001BDB	3	100	0	52901100	52901100
201150110	黒い宝箱【レベル5_トゥメル】2F　候補2	01	4	7131	儀式素材【アンコモンD】レベル2	0x40001BDB	0xB0001BDB	2	100	0	52901100	52901100
201150120	黒い宝箱【レベル5_トゥメル】2F　候補3	01	4	7131	儀式素材【アンコモンD】レベル2	0x40001BDB	0xB0001BDB	2	100	0	52901100	52901100
201150130	黒い宝箱【レベル5_トゥメル】2F　候補4	01	4	7131	儀式素材【アンコモンD】レベル2	0x40001BDB	0xB0001BDB	2	100	0	52901100	52901100
201150140	黒い宝箱【レベル5_トゥメル】2F　候補5	01	4	7110	儀式素材【アンコモンB】レベル1	0x40001BC6	0xB0001BC6	2	100	0	52901100	52901100
201150150	黒い宝箱【レベル5_トゥメル】2F　候補6	01	4	7110	儀式素材【アンコモンB】レベル1	0x40001BC6	0xB0001BC6	2	100	0	52901100	52901100
201150160	黒い宝箱【レベル5_トゥメル】2F　候補7	01	4	7121	儀式素材【アンコモンC】レベル2	0x40001BD1	0xB0001BD1	5	100	0	52901100	52901100
201150170	黒い宝箱【レベル5_トゥメル】2F　候補8	01	4	7121	儀式素材【アンコモンC】レベル2	0x40001BD1	0xB0001BD1	3	100	0	52901100	52901100
201150180	黒い宝箱【レベル5_トゥメル】2F　候補9	01	4	7121	儀式素材【アンコモンC】レベル2	0x40001BD1	0xB0001BD1	3	100	0	52901100	52901100
201150190	黒い宝箱【レベル5_トゥメル】2F　候補10	01	4	1500	SAN値回復＋1	0x400005DC	0xB00005DC	1	100	0	52901100	52901100
201150200	黒い宝箱【レベル5_トゥメル】3F　候補1	01	4	7131	儀式素材【アンコモンD】レベル2	0x40001BDB	0xB0001BDB	4	100	0	52901100	52901100
201150210	黒い宝箱【レベル5_トゥメル】3F　候補2	01	4	7131	儀式素材【アンコモンD】レベル2	0x40001BDB	0xB0001BDB	2	100	0	52901100	52901100
201150220	黒い宝箱【レベル5_トゥメル】3F　候補3	01	4	7131	儀式素材【アンコモンD】レベル2	0x40001BDB	0xB0001BDB	2	100	0	52901100	52901100
201150230	黒い宝箱【レベル5_トゥメル】3F　候補4	01	4	7131	儀式素材【アンコモンD】レベル2	0x40001BDB	0xB0001BDB	2	100	0	52901100	52901100
201150240	黒い宝箱【レベル5_トゥメル】3F　候補5	01	4	7110	儀式素材【アンコモンB】レベル1	0x40001BC6	0xB0001BC6	2	100	0	52901100	52901100
201150250	黒い宝箱【レベル5_トゥメル】3F　候補6	01	4	7110	儀式素材【アンコモンB】レベル1	0x40001BC6	0xB0001BC6	3	100	0	52901100	52901100
201150260	黒い宝箱【レベル5_トゥメル】3F　候補7	01	4	7121	儀式素材【アンコモンC】レベル2	0x40001BD1	0xB0001BD1	8	100	0	52901100	52901100
201150270	黒い宝箱【レベル5_トゥメル】3F　候補8	01	4	7121	儀式素材【アンコモンC】レベル2	0x40001BD1	0xB0001BD1	4	100	0	52901100	52901100
201150280	黒い宝箱【レベル5_トゥメル】3F　候補9	01	4	7121	儀式素材【アンコモンC】レベル2	0x40001BD1	0xB0001BD1	4	100	0	52901100	52901100
201150290	黒い宝箱【レベル5_トゥメル】3F　候補10	01	4	1501	SAN値回復＋2	0x400005DD	0xB00005DD	1	100	0	52901100	52901100
201150300	黒い宝箱【レベル5_トゥメル】4F　候補1	01	4	7131	儀式素材【アンコモンD】レベル2	0x40001BDB	0xB0001BDB	5	100	0	52901100	52901100
201150310	黒い宝箱【レベル5_トゥメル】4F　候補2	01	4	7131	儀式素材【アンコモンD】レベル2	0x40001BDB	0xB0001BDB	3	100	0	52901100	52901100
201150320	黒い宝箱【レベル5_トゥメル】4F　候補3	01	4	7131	儀式素材【アンコモンD】レベル2	0x40001BDB	0xB0001BDB	3	100	0	52901100	52901100
201150330	黒い宝箱【レベル5_トゥメル】4F　候補4	01	4	7131	儀式素材【アンコモンD】レベル2	0x40001BDB	0xB0001BDB	3	100	0	52901100	52901100
201150340	黒い宝箱【レベル5_トゥメル】4F　候補5	01	4	7110	儀式素材【アンコモンB】レベル1	0x40001BC6	0xB0001BC6	3	100	0	52901100	52901100
201150350	黒い宝箱【レベル5_トゥメル】4F　候補6	01	4	7110	儀式素材【アンコモンB】レベル1	0x40001BC6	0xB0001BC6	4	100	0	52901100	52901100
201150360	黒い宝箱【レベル5_トゥメル】4F　候補7	01	4	7121	儀式素材【アンコモンC】レベル2	0x40001BD1	0xB0001BD1	10	100	0	52901100	52901100
201150370	黒い宝箱【レベル5_トゥメル】4F　候補8	01	4	7121	儀式素材【アンコモンC】レベル2	0x40001BD1	0xB0001BD1	8	100	0	52901100	52901100
201150380	黒い宝箱【レベル5_トゥメル】4F　候補9	01	4	7121	儀式素材【アンコモンC】レベル2	0x40001BD1	0xB0001BD1	8	100	0	52901100	52901100
201150390	黒い宝箱【レベル5_トゥメル】4F　候補10	01	4	1501	SAN値回復＋2	0x400005DD	0xB00005DD	1	100	0	52901100	52901100
201152000	黒い宝箱【レベル5_ローラン】1F　候補1	01	4	7004	儀式素材【コモンA】レベル5	0x40001B5C	0xB0001B5C	2	100	0	52901100	52901100
201152010	黒い宝箱【レベル5_ローラン】1F　候補2	01	4	7004	儀式素材【コモンA】レベル5	0x40001B5C	0xB0001B5C	2	100	0	52901100	52901100
201152020	黒い宝箱【レベル5_ローラン】1F　候補3	01	4	7004	儀式素材【コモンA】レベル5	0x40001B5C	0xB0001B5C	2	100	0	52901100	52901100
201152030	黒い宝箱【レベル5_ローラン】1F　候補4	01	4	7004	儀式素材【コモンA】レベル5	0x40001B5C	0xB0001B5C	2	100	0	52901100	52901100
201152040	黒い宝箱【レベル5_ローラン】1F　候補5	01	4	7004	儀式素材【コモンA】レベル5	0x40001B5C	0xB0001B5C	2	100	0	52901100	52901100
201152050	黒い宝箱【レベル5_ローラン】1F　候補6	01	4	7004	儀式素材【コモンA】レベル5	0x40001B5C	0xB0001B5C	2	100	0	52901100	52901100
201152060	黒い宝箱【レベル5_ローラン】1F　候補7	01	4	1000	HP回復【PG直接指定】	0x400003E8	0xB00003E8	2	100	0	52901100	52901100
201152070	黒い宝箱【レベル5_ローラン】1F　候補8	01	4	900	弾丸【PG直接指定】	0x40000384	0xB0000384	2	100	0	52901100	52901100
201152080	黒い宝箱【レベル5_ローラン】1F　候補9	01	4	900	弾丸【PG直接指定】	0x40000384	0xB0000384	2	100	0	52901100	52901100
201152090	黒い宝箱【レベル5_ローラン】1F　候補10	01	4	900	弾丸【PG直接指定】	0x40000384	0xB0000384	2	100	0	52901100	52901100
201152100	黒い宝箱【レベル5_ローラン】2F　候補1	01	4	7140	儀式素材【アンコモンE】レベル1	0x40001BE4	0xB0001BE4	3	100	0	52901100	52901100
201152110	黒い宝箱【レベル5_ローラン】2F　候補2	01	4	7140	儀式素材【アンコモンE】レベル1	0x40001BE4	0xB0001BE4	2	100	0	52901100	52901100
201152120	黒い宝箱【レベル5_ローラン】2F　候補3	01	4	7140	儀式素材【アンコモンE】レベル1	0x40001BE4	0xB0001BE4	2	100	0	52901100	52901100
201152130	黒い宝箱【レベル5_ローラン】2F　候補4	01	4	7140	儀式素材【アンコモンE】レベル1	0x40001BE4	0xB0001BE4	2	100	0	52901100	52901100
201152140	黒い宝箱【レベル5_ローラン】2F　候補5	01	4	7110	儀式素材【アンコモンB】レベル1	0x40001BC6	0xB0001BC6	2	100	0	52901100	52901100
201152150	黒い宝箱【レベル5_ローラン】2F　候補6	01	4	7110	儀式素材【アンコモンB】レベル1	0x40001BC6	0xB0001BC6	1	100	0	52901100	52901100
201152160	黒い宝箱【レベル5_ローラン】2F　候補7	01	4	7121	儀式素材【アンコモンC】レベル2	0x40001BD1	0xB0001BD1	5	100	0	52901100	52901100
201152170	黒い宝箱【レベル5_ローラン】2F　候補8	01	4	7121	儀式素材【アンコモンC】レベル2	0x40001BD1	0xB0001BD1	3	100	0	52901100	52901100
201152180	黒い宝箱【レベル5_ローラン】2F　候補9	01	4	7121	儀式素材【アンコモンC】レベル2	0x40001BD1	0xB0001BD1	3	100	0	52901100	52901100
201152190	黒い宝箱【レベル5_ローラン】2F　候補10	01	4	1500	SAN値回復＋1	0x400005DC	0xB00005DC	1	100	0	52901100	52901100
201152200	黒い宝箱【レベル5_ローラン】3F　候補1	01	4	7140	儀式素材【アンコモンE】レベル1	0x40001BE4	0xB0001BE4	4	100	0	52901100	52901100
201152210	黒い宝箱【レベル5_ローラン】3F　候補2	01	4	7140	儀式素材【アンコモンE】レベル1	0x40001BE4	0xB0001BE4	2	100	0	52901100	52901100
201152220	黒い宝箱【レベル5_ローラン】3F　候補3	01	4	7140	儀式素材【アンコモンE】レベル1	0x40001BE4	0xB0001BE4	2	100	0	52901100	52901100
201152230	黒い宝箱【レベル5_ローラン】3F　候補4	01	4	7140	儀式素材【アンコモンE】レベル1	0x40001BE4	0xB0001BE4	2	100	0	52901100	52901100
201152240	黒い宝箱【レベル5_ローラン】3F　候補5	01	4	7110	儀式素材【アンコモンB】レベル1	0x40001BC6	0xB0001BC6	2	100	0	52901100	52901100
201152250	黒い宝箱【レベル5_ローラン】3F　候補6	01	4	7110	儀式素材【アンコモンB】レベル1	0x40001BC6	0xB0001BC6	1	100	0	52901100	52901100
201152260	黒い宝箱【レベル5_ローラン】3F　候補7	01	4	7121	儀式素材【アンコモンC】レベル2	0x40001BD1	0xB0001BD1	8	100	0	52901100	52901100
201152270	黒い宝箱【レベル5_ローラン】3F　候補8	01	4	7121	儀式素材【アンコモンC】レベル2	0x40001BD1	0xB0001BD1	4	100	0	52901100	52901100
201152280	黒い宝箱【レベル5_ローラン】3F　候補9	01	4	7121	儀式素材【アンコモンC】レベル2	0x40001BD1	0xB0001BD1	4	100	0	52901100	52901100
201152290	黒い宝箱【レベル5_ローラン】3F　候補10	01	4	1501	SAN値回復＋2	0x400005DD	0xB00005DD	1	100	0	52901100	52901100
201152300	黒い宝箱【レベル5_ローラン】4F　候補1	01	4	7140	儀式素材【アンコモンE】レベル1	0x40001BE4	0xB0001BE4	5	100	0	52901100	52901100
201152310	黒い宝箱【レベル5_ローラン】4F　候補2	01	4	7140	儀式素材【アンコモンE】レベル1	0x40001BE4	0xB0001BE4	3	100	0	52901100	52901100
201152320	黒い宝箱【レベル5_ローラン】4F　候補3	01	4	7140	儀式素材【アンコモンE】レベル1	0x40001BE4	0xB0001BE4	3	100	0	52901100	52901100
201152330	黒い宝箱【レベル5_ローラン】4F　候補4	01	4	7140	儀式素材【アンコモンE】レベル1	0x40001BE4	0xB0001BE4	3	100	0	52901100	52901100
201152340	黒い宝箱【レベル5_ローラン】4F　候補5	01	4	7110	儀式素材【アンコモンB】レベル1	0x40001BC6	0xB0001BC6	3	100	0	52901100	52901100
201152350	黒い宝箱【レベル5_ローラン】4F　候補6	01	4	7110	儀式素材【アンコモンB】レベル1	0x40001BC6	0xB0001BC6	2	100	0	52901100	52901100
201152360	黒い宝箱【レベル5_ローラン】4F　候補7	01	4	7121	儀式素材【アンコモンC】レベル2	0x40001BD1	0xB0001BD1	10	100	0	52901100	52901100
201152370	黒い宝箱【レベル5_ローラン】4F　候補8	01	4	7121	儀式素材【アンコモンC】レベル2	0x40001BD1	0xB0001BD1	8	100	0	52901100	52901100
201152380	黒い宝箱【レベル5_ローラン】4F　候補9	01	4	7121	儀式素材【アンコモンC】レベル2	0x40001BD1	0xB0001BD1	8	100	0	52901100	52901100
201152390	黒い宝箱【レベル5_ローラン】4F　候補10	01	4	1501	SAN値回復＋2	0x400005DD	0xB00005DD	1	100	0	52901100	52901100
201153000	黒い宝箱【レベル5_イズ】1F　候補1	01	4	7002	儀式素材【コモンA】レベル3	0x40001B5A	0xB0001B5A	2	100	0	52901100	52901100
201153010	黒い宝箱【レベル5_イズ】1F　候補2	01	4	7002	儀式素材【コモンA】レベル3	0x40001B5A	0xB0001B5A	2	100	0	52901100	52901100
201153020	黒い宝箱【レベル5_イズ】1F　候補3	01	4	7002	儀式素材【コモンA】レベル3	0x40001B5A	0xB0001B5A	2	100	0	52901100	52901100
201153030	黒い宝箱【レベル5_イズ】1F　候補4	01	4	7002	儀式素材【コモンA】レベル3	0x40001B5A	0xB0001B5A	2	100	0	52901100	52901100
201153040	黒い宝箱【レベル5_イズ】1F　候補5	01	4	7002	儀式素材【コモンA】レベル3	0x40001B5A	0xB0001B5A	2	100	0	52901100	52901100
201153050	黒い宝箱【レベル5_イズ】1F　候補6	01	4	7002	儀式素材【コモンA】レベル3	0x40001B5A	0xB0001B5A	2	100	0	52901100	52901100
201153060	黒い宝箱【レベル5_イズ】1F　候補7	01	4	1000	HP回復【PG直接指定】	0x400003E8	0xB00003E8	2	100	0	52901100	52901100
201153070	黒い宝箱【レベル5_イズ】1F　候補8	01	4	1000	HP回復【PG直接指定】	0x400003E8	0xB00003E8	2	100	0	52901100	52901100
201153080	黒い宝箱【レベル5_イズ】1F　候補9	01	4	1000	HP回復【PG直接指定】	0x400003E8	0xB00003E8	2	100	0	52901100	52901100
201153090	黒い宝箱【レベル5_イズ】1F　候補10	01	4	900	弾丸【PG直接指定】	0x40000384	0xB0000384	2	100	0	52901100	52901100
201153100	黒い宝箱【レベル5_イズ】2F　候補1	01	4	7121	儀式素材【アンコモンC】レベル2	0x40001BD1	0xB0001BD1	5	100	0	52901100	52901100
201153110	黒い宝箱【レベル5_イズ】2F　候補2	01	4	7121	儀式素材【アンコモンC】レベル2	0x40001BD1	0xB0001BD1	3	100	0	52901100	52901100
201153120	黒い宝箱【レベル5_イズ】2F　候補3	01	4	7121	儀式素材【アンコモンC】レベル2	0x40001BD1	0xB0001BD1	3	100	0	52901100	52901100
201153130	黒い宝箱【レベル5_イズ】2F　候補4	01	4	7131	儀式素材【アンコモンD】レベル2	0x40001BDB	0xB0001BDB	2	100	0	52901100	52901100
201153140	黒い宝箱【レベル5_イズ】2F　候補5	01	4	7131	儀式素材【アンコモンD】レベル2	0x40001BDB	0xB0001BDB	1	100	0	52901100	52901100
201153150	黒い宝箱【レベル5_イズ】2F　候補6	01	4	7140	儀式素材【アンコモンE】レベル1	0x40001BE4	0xB0001BE4	2	100	0	52901100	52901100
201153160	黒い宝箱【レベル5_イズ】2F　候補7	01	4	7140	儀式素材【アンコモンE】レベル1	0x40001BE4	0xB0001BE4	1	100	0	52901100	52901100
201153170	黒い宝箱【レベル5_イズ】2F　候補8	01	4	7110	儀式素材【アンコモンB】レベル1	0x40001BC6	0xB0001BC6	2	100	0	52901100	52901100
201153180	黒い宝箱【レベル5_イズ】2F　候補9	01	4	7110	儀式素材【アンコモンB】レベル1	0x40001BC6	0xB0001BC6	1	100	0	52901100	52901100
201153190	黒い宝箱【レベル5_イズ】2F　候補10	01	4	1500	SAN値回復＋1	0x400005DC	0xB00005DC	1	100	0	52901100	52901100
201153200	黒い宝箱【レベル5_イズ】3F　候補1	01	4	7121	儀式素材【アンコモンC】レベル2	0x40001BD1	0xB0001BD1	8	100	0	52901100	52901100
201153210	黒い宝箱【レベル5_イズ】3F　候補2	01	4	7121	儀式素材【アンコモンC】レベル2	0x40001BD1	0xB0001BD1	4	100	0	52901100	52901100
201153220	黒い宝箱【レベル5_イズ】3F　候補3	01	4	7121	儀式素材【アンコモンC】レベル2	0x40001BD1	0xB0001BD1	4	100	0	52901100	52901100
201153230	黒い宝箱【レベル5_イズ】3F　候補4	01	4	7131	儀式素材【アンコモンD】レベル2	0x40001BDB	0xB0001BDB	2	100	0	52901100	52901100
201153240	黒い宝箱【レベル5_イズ】3F　候補5	01	4	7131	儀式素材【アンコモンD】レベル2	0x40001BDB	0xB0001BDB	1	100	0	52901100	52901100
201153250	黒い宝箱【レベル5_イズ】3F　候補6	01	4	7140	儀式素材【アンコモンE】レベル1	0x40001BE4	0xB0001BE4	2	100	0	52901100	52901100
201153260	黒い宝箱【レベル5_イズ】3F　候補7	01	4	7140	儀式素材【アンコモンE】レベル1	0x40001BE4	0xB0001BE4	1	100	0	52901100	52901100
201153270	黒い宝箱【レベル5_イズ】3F　候補8	01	4	7110	儀式素材【アンコモンB】レベル1	0x40001BC6	0xB0001BC6	2	100	0	52901100	52901100
201153280	黒い宝箱【レベル5_イズ】3F　候補9	01	4	7110	儀式素材【アンコモンB】レベル1	0x40001BC6	0xB0001BC6	1	100	0	52901100	52901100
201153290	黒い宝箱【レベル5_イズ】3F　候補10	01	4	1501	SAN値回復＋2	0x400005DD	0xB00005DD	1	100	0	52901100	52901100
201153300	黒い宝箱【レベル5_イズ】4F　候補1	01	4	7121	儀式素材【アンコモンC】レベル2	0x40001BD1	0xB0001BD1	10	100	0	52901100	52901100
201153310	黒い宝箱【レベル5_イズ】4F　候補2	01	4	7121	儀式素材【アンコモンC】レベル2	0x40001BD1	0xB0001BD1	8	100	0	52901100	52901100
201153320	黒い宝箱【レベル5_イズ】4F　候補3	01	4	7121	儀式素材【アンコモンC】レベル2	0x40001BD1	0xB0001BD1	8	100	0	52901100	52901100
201153330	黒い宝箱【レベル5_イズ】4F　候補4	01	4	7131	儀式素材【アンコモンD】レベル2	0x40001BDB	0xB0001BDB	3	100	0	52901100	52901100
201153340	黒い宝箱【レベル5_イズ】4F　候補5	01	4	7131	儀式素材【アンコモンD】レベル2	0x40001BDB	0xB0001BDB	2	100	0	52901100	52901100
201153350	黒い宝箱【レベル5_イズ】4F　候補6	01	4	7140	儀式素材【アンコモンE】レベル1	0x40001BE4	0xB0001BE4	3	100	0	52901100	52901100
201153360	黒い宝箱【レベル5_イズ】4F　候補7	01	4	7140	儀式素材【アンコモンE】レベル1	0x40001BE4	0xB0001BE4	2	100	0	52901100	52901100
201153370	黒い宝箱【レベル5_イズ】4F　候補8	01	4	7110	儀式素材【アンコモンB】レベル1	0x40001BC6	0xB0001BC6	3	100	0	52901100	52901100
201153380	黒い宝箱【レベル5_イズ】4F　候補9	01	4	7110	儀式素材【アンコモンB】レベル1	0x40001BC6	0xB0001BC6	2	100	0	52901100	52901100
201153390	黒い宝箱【レベル5_イズ】4F　候補10	01	4	1501	SAN値回復＋2	0x400005DD	0xB00005DD	1	100	0	52901100	52901100
201210000	宝箱（大）【レベル1_トゥメル】1F　候補1	01	4	7000	儀式素材【コモンA】レベル1	0x40001B58	0xB0001B58	2	100	0	52901200	52901200
201210010	宝箱（大）【レベル1_トゥメル】1F　候補2	01	4	7000	儀式素材【コモンA】レベル1	0x40001B58	0xB0001B58	2	100	0	52901200	52901200
201210020	宝箱（大）【レベル1_トゥメル】1F　候補3	01	4	7000	儀式素材【コモンA】レベル1	0x40001B58	0xB0001B58	2	100	0	52901200	52901200
201210030	宝箱（大）【レベル1_トゥメル】1F　候補4	01	4	7000	儀式素材【コモンA】レベル1	0x40001B58	0xB0001B58	2	100	0	52901200	52901200
201210040	宝箱（大）【レベル1_トゥメル】1F　候補5	01	4	7000	儀式素材【コモンA】レベル1	0x40001B58	0xB0001B58	2	100	0	52901200	52901200
201210050	宝箱（大）【レベル1_トゥメル】1F　候補6	01	4	7000	儀式素材【コモンA】レベル1	0x40001B58	0xB0001B58	2	100	0	52901200	52901200
201210060	宝箱（大）【レベル1_トゥメル】1F　候補7	01	4	7000	儀式素材【コモンA】レベル1	0x40001B58	0xB0001B58	1	100	0	52901200	52901200
201210070	宝箱（大）【レベル1_トゥメル】1F　候補8	01	4	7000	儀式素材【コモンA】レベル1	0x40001B58	0xB0001B58	1	100	0	52901200	52901200
201210080	宝箱（大）【レベル1_トゥメル】1F　候補9	01	8	80110				1	100	0	52901200	52901200
201210090	宝箱（大）【レベル1_トゥメル】1F　候補10	01	8	80110				1	100	0	52901200	52901200
201210100	宝箱（大）【レベル1_トゥメル】2F　候補1	01	4	7001	儀式素材【コモンA】レベル2	0x40001B59	0xB0001B59	2	100	0	52901200	52901200
201210110	宝箱（大）【レベル1_トゥメル】2F　候補2	01	4	7001	儀式素材【コモンA】レベル2	0x40001B59	0xB0001B59	2	100	0	52901200	52901200
201210120	宝箱（大）【レベル1_トゥメル】2F　候補3	01	4	7001	儀式素材【コモンA】レベル2	0x40001B59	0xB0001B59	2	100	0	52901200	52901200
201210130	宝箱（大）【レベル1_トゥメル】2F　候補4	01	4	7001	儀式素材【コモンA】レベル2	0x40001B59	0xB0001B59	1	100	0	52901200	52901200
201210140	宝箱（大）【レベル1_トゥメル】2F　候補5	01	4	7020	儀式素材【コモンC】レベル1	0x40001B6C	0xB0001B6C	4	100	0	52901200	52901200
201210150	宝箱（大）【レベル1_トゥメル】2F　候補6	01	4	7020	儀式素材【コモンC】レベル1	0x40001B6C	0xB0001B6C	4	100	0	52901200	52901200
201210160	宝箱（大）【レベル1_トゥメル】2F　候補7	01	4	7020	儀式素材【コモンC】レベル1	0x40001B6C	0xB0001B6C	2	100	0	52901200	52901200
201210170	宝箱（大）【レベル1_トゥメル】2F　候補8	01	4	7020	儀式素材【コモンC】レベル1	0x40001B6C	0xB0001B6C	2	100	0	52901200	52901200
201210180	宝箱（大）【レベル1_トゥメル】2F　候補9	01	8	80120				1	100	0	52901200	52901200
201210190	宝箱（大）【レベル1_トゥメル】2F　候補10	01	8	80120				1	100	0	52901200	52901200
201210200	宝箱（大）【レベル1_トゥメル】3F　候補1	01	4	7001	儀式素材【コモンA】レベル2	0x40001B59	0xB0001B59	4	100	0	52901200	52901200
201210210	宝箱（大）【レベル1_トゥメル】3F　候補2	01	4	7001	儀式素材【コモンA】レベル2	0x40001B59	0xB0001B59	4	100	0	52901200	52901200
201210220	宝箱（大）【レベル1_トゥメル】3F　候補3	01	4	7001	儀式素材【コモンA】レベル2	0x40001B59	0xB0001B59	4	100	0	52901200	52901200
201210230	宝箱（大）【レベル1_トゥメル】3F　候補4	01	4	7001	儀式素材【コモンA】レベル2	0x40001B59	0xB0001B59	3	100	0	52901200	52901200
201210240	宝箱（大）【レベル1_トゥメル】3F　候補5	01	4	7020	儀式素材【コモンC】レベル1	0x40001B6C	0xB0001B6C	6	100	0	52901200	52901200
201210250	宝箱（大）【レベル1_トゥメル】3F　候補6	01	4	7020	儀式素材【コモンC】レベル1	0x40001B6C	0xB0001B6C	6	100	0	52901200	52901200
201210260	宝箱（大）【レベル1_トゥメル】3F　候補7	01	4	7020	儀式素材【コモンC】レベル1	0x40001B6C	0xB0001B6C	4	100	0	52901200	52901200
201210270	宝箱（大）【レベル1_トゥメル】3F　候補8	01	4	7020	儀式素材【コモンC】レベル1	0x40001B6C	0xB0001B6C	4	100	0	52901200	52901200
201210280	宝箱（大）【レベル1_トゥメル】3F　候補9	01	8	80120				1	100	0	52901200	52901200
201210290	宝箱（大）【レベル1_トゥメル】3F　候補10	01	8	80120				1	100	0	52901200	52901200
201210300	宝箱（大）【レベル1_トゥメル】4F　候補1	01	4	7001	儀式素材【コモンA】レベル2	0x40001B59	0xB0001B59	6	100	0	52901200	52901200
201210310	宝箱（大）【レベル1_トゥメル】4F　候補2	01	4	7001	儀式素材【コモンA】レベル2	0x40001B59	0xB0001B59	6	100	0	52901200	52901200
201210320	宝箱（大）【レベル1_トゥメル】4F　候補3	01	4	7001	儀式素材【コモンA】レベル2	0x40001B59	0xB0001B59	6	100	0	52901200	52901200
201210330	宝箱（大）【レベル1_トゥメル】4F　候補4	01	4	7001	儀式素材【コモンA】レベル2	0x40001B59	0xB0001B59	5	100	0	52901200	52901200
201210340	宝箱（大）【レベル1_トゥメル】4F　候補5	01	4	7020	儀式素材【コモンC】レベル1	0x40001B6C	0xB0001B6C	8	100	0	52901200	52901200
201210350	宝箱（大）【レベル1_トゥメル】4F　候補6	01	4	7020	儀式素材【コモンC】レベル1	0x40001B6C	0xB0001B6C	8	100	0	52901200	52901200
201210360	宝箱（大）【レベル1_トゥメル】4F　候補7	01	4	7020	儀式素材【コモンC】レベル1	0x40001B6C	0xB0001B6C	6	100	0	52901200	52901200
201210370	宝箱（大）【レベル1_トゥメル】4F　候補8	01	4	7020	儀式素材【コモンC】レベル1	0x40001B6C	0xB0001B6C	6	100	0	52901200	52901200
201210380	宝箱（大）【レベル1_トゥメル】4F　候補9	01	8	80140				1	100	0	52901200	52901200
201210390	宝箱（大）【レベル1_トゥメル】4F　候補10	01	8	80141				1	100	0	52901200	52901200
201220000	宝箱（大）【レベル2_トゥメル】1F　候補1	01	4	7001	儀式素材【コモンA】レベル2	0x40001B59	0xB0001B59	2	100	0	52901200	52901200
201220010	宝箱（大）【レベル2_トゥメル】1F　候補2	01	4	7001	儀式素材【コモンA】レベル2	0x40001B59	0xB0001B59	2	100	0	52901200	52901200
201220020	宝箱（大）【レベル2_トゥメル】1F　候補3	01	4	7001	儀式素材【コモンA】レベル2	0x40001B59	0xB0001B59	2	100	0	52901200	52901200
201220030	宝箱（大）【レベル2_トゥメル】1F　候補4	01	4	7001	儀式素材【コモンA】レベル2	0x40001B59	0xB0001B59	2	100	0	52901200	52901200
201220040	宝箱（大）【レベル2_トゥメル】1F　候補5	01	4	7001	儀式素材【コモンA】レベル2	0x40001B59	0xB0001B59	2	100	0	52901200	52901200
201220050	宝箱（大）【レベル2_トゥメル】1F　候補6	01	4	7001	儀式素材【コモンA】レベル2	0x40001B59	0xB0001B59	2	100	0	52901200	52901200
201220060	宝箱（大）【レベル2_トゥメル】1F　候補7	01	4	7001	儀式素材【コモンA】レベル2	0x40001B59	0xB0001B59	1	100	0	52901200	52901200
201220070	宝箱（大）【レベル2_トゥメル】1F　候補8	01	4	7001	儀式素材【コモンA】レベル2	0x40001B59	0xB0001B59	1	100	0	52901200	52901200
201220080	宝箱（大）【レベル2_トゥメル】1F　候補9	01	8	80110				1	100	0	52901200	52901200
201220090	宝箱（大）【レベル2_トゥメル】1F　候補10	01	8	80110				1	100	0	52901200	52901200
201220100	宝箱（大）【レベル2_トゥメル】2F　候補1	01	4	7002	儀式素材【コモンA】レベル3	0x40001B5A	0xB0001B5A	3	100	0	52901200	52901200
201220110	宝箱（大）【レベル2_トゥメル】2F　候補2	01	4	7002	儀式素材【コモンA】レベル3	0x40001B5A	0xB0001B5A	2	100	0	52901200	52901200
201220120	宝箱（大）【レベル2_トゥメル】2F　候補3	01	4	7002	儀式素材【コモンA】レベル3	0x40001B5A	0xB0001B5A	2	100	0	52901200	52901200
201220130	宝箱（大）【レベル2_トゥメル】2F　候補4	01	4	7002	儀式素材【コモンA】レベル3	0x40001B5A	0xB0001B5A	1	100	0	52901200	52901200
201220140	宝箱（大）【レベル2_トゥメル】2F　候補5	01	4	7021	儀式素材【コモンC】レベル2	0x40001B6D	0xB0001B6D	4	100	0	52901200	52901200
201220150	宝箱（大）【レベル2_トゥメル】2F　候補6	01	4	7021	儀式素材【コモンC】レベル2	0x40001B6D	0xB0001B6D	3	100	0	52901200	52901200
201220160	宝箱（大）【レベル2_トゥメル】2F　候補7	01	4	7120	儀式素材【アンコモンC】レベル1	0x40001BD0	0xB0001BD0	1	100	0	52901200	52901200
201220170	宝箱（大）【レベル2_トゥメル】2F　候補8	01	4	7120	儀式素材【アンコモンC】レベル1	0x40001BD0	0xB0001BD0	1	100	0	52901200	52901200
201220180	宝箱（大）【レベル2_トゥメル】2F　候補9	01	8	80120				1	100	0	52901200	52901200
201220190	宝箱（大）【レベル2_トゥメル】2F　候補10	01	8	80120				1	100	0	52901200	52901200
201220200	宝箱（大）【レベル2_トゥメル】3F　候補1	01	4	7002	儀式素材【コモンA】レベル3	0x40001B5A	0xB0001B5A	4	100	0	52901200	52901200
201220210	宝箱（大）【レベル2_トゥメル】3F　候補2	01	4	7002	儀式素材【コモンA】レベル3	0x40001B5A	0xB0001B5A	4	100	0	52901200	52901200
201220220	宝箱（大）【レベル2_トゥメル】3F　候補3	01	4	7002	儀式素材【コモンA】レベル3	0x40001B5A	0xB0001B5A	4	100	0	52901200	52901200
201220230	宝箱（大）【レベル2_トゥメル】3F　候補4	01	4	7002	儀式素材【コモンA】レベル3	0x40001B5A	0xB0001B5A	3	100	0	52901200	52901200
201220240	宝箱（大）【レベル2_トゥメル】3F　候補5	01	4	7021	儀式素材【コモンC】レベル2	0x40001B6D	0xB0001B6D	6	100	0	52901200	52901200
201220250	宝箱（大）【レベル2_トゥメル】3F　候補6	01	4	7021	儀式素材【コモンC】レベル2	0x40001B6D	0xB0001B6D	5	100	0	52901200	52901200
201220260	宝箱（大）【レベル2_トゥメル】3F　候補7	01	4	7120	儀式素材【アンコモンC】レベル1	0x40001BD0	0xB0001BD0	2	100	0	52901200	52901200
201220270	宝箱（大）【レベル2_トゥメル】3F　候補8	01	4	7120	儀式素材【アンコモンC】レベル1	0x40001BD0	0xB0001BD0	1	100	0	52901200	52901200
201220280	宝箱（大）【レベル2_トゥメル】3F　候補9	01	8	80120				1	100	0	52901200	52901200
201220290	宝箱（大）【レベル2_トゥメル】3F　候補10	01	8	80120				1	100	0	52901200	52901200
201220300	宝箱（大）【レベル2_トゥメル】4F　候補1	01	4	7002	儀式素材【コモンA】レベル3	0x40001B5A	0xB0001B5A	6	100	0	52901200	52901200
201220310	宝箱（大）【レベル2_トゥメル】4F　候補2	01	4	7002	儀式素材【コモンA】レベル3	0x40001B5A	0xB0001B5A	6	100	0	52901200	52901200
201220320	宝箱（大）【レベル2_トゥメル】4F　候補3	01	4	7002	儀式素材【コモンA】レベル3	0x40001B5A	0xB0001B5A	6	100	0	52901200	52901200
201220330	宝箱（大）【レベル2_トゥメル】4F　候補4	01	4	7002	儀式素材【コモンA】レベル3	0x40001B5A	0xB0001B5A	5	100	0	52901200	52901200
201220340	宝箱（大）【レベル2_トゥメル】4F　候補5	01	4	7021	儀式素材【コモンC】レベル2	0x40001B6D	0xB0001B6D	8	100	0	52901200	52901200
201220350	宝箱（大）【レベル2_トゥメル】4F　候補6	01	4	7021	儀式素材【コモンC】レベル2	0x40001B6D	0xB0001B6D	7	100	0	52901200	52901200
201220360	宝箱（大）【レベル2_トゥメル】4F　候補7	01	4	7120	儀式素材【アンコモンC】レベル1	0x40001BD0	0xB0001BD0	3	100	0	52901200	52901200
201220370	宝箱（大）【レベル2_トゥメル】4F　候補8	01	4	7120	儀式素材【アンコモンC】レベル1	0x40001BD0	0xB0001BD0	2	100	0	52901200	52901200
201220380	宝箱（大）【レベル2_トゥメル】4F　候補9	01	8	80140				1	100	0	52901200	52901200
201220390	宝箱（大）【レベル2_トゥメル】4F　候補10	01	8	80141				1	100	0	52901200	52901200
201221000	宝箱（大）【レベル2_僻墓】1F　候補1	01	4	7001	儀式素材【コモンA】レベル2	0x40001B59	0xB0001B59	2	100	0	52901200	52901200
201221010	宝箱（大）【レベル2_僻墓】1F　候補2	01	4	7001	儀式素材【コモンA】レベル2	0x40001B59	0xB0001B59	2	100	0	52901200	52901200
201221020	宝箱（大）【レベル2_僻墓】1F　候補3	01	4	7001	儀式素材【コモンA】レベル2	0x40001B59	0xB0001B59	2	100	0	52901200	52901200
201221030	宝箱（大）【レベル2_僻墓】1F　候補4	01	4	7001	儀式素材【コモンA】レベル2	0x40001B59	0xB0001B59	2	100	0	52901200	52901200
201221040	宝箱（大）【レベル2_僻墓】1F　候補5	01	4	7001	儀式素材【コモンA】レベル2	0x40001B59	0xB0001B59	2	100	0	52901200	52901200
201221050	宝箱（大）【レベル2_僻墓】1F　候補6	01	4	7001	儀式素材【コモンA】レベル2	0x40001B59	0xB0001B59	2	100	0	52901200	52901200
201221060	宝箱（大）【レベル2_僻墓】1F　候補7	01	4	7001	儀式素材【コモンA】レベル2	0x40001B59	0xB0001B59	1	100	0	52901200	52901200
201221070	宝箱（大）【レベル2_僻墓】1F　候補8	01	4	7001	儀式素材【コモンA】レベル2	0x40001B59	0xB0001B59	1	100	0	52901200	52901200
201221080	宝箱（大）【レベル2_僻墓】1F　候補9	01	8	80210				1	100	0	52901200	52901200
201221090	宝箱（大）【レベル2_僻墓】1F　候補10	01	8	80210				1	100	0	52901200	52901200
201221100	宝箱（大）【レベル2_僻墓】2F　候補1	01	4	7002	儀式素材【コモンA】レベル3	0x40001B5A	0xB0001B5A	2	100	0	52901200	52901200
201221110	宝箱（大）【レベル2_僻墓】2F　候補2	01	4	7021	儀式素材【コモンC】レベル2	0x40001B6D	0xB0001B6D	5	100	0	52901200	52901200
201221120	宝箱（大）【レベル2_僻墓】2F　候補3	01	4	7021	儀式素材【コモンC】レベル2	0x40001B6D	0xB0001B6D	4	100	0	52901200	52901200
201221130	宝箱（大）【レベル2_僻墓】2F　候補4	01	4	7150	儀式素材【アンコモンF】レベル1	0x40001BEE	0xB0001BEE	2	100	0	52901200	52901200
201221140	宝箱（大）【レベル2_僻墓】2F　候補5	01	4	7150	儀式素材【アンコモンF】レベル1	0x40001BEE	0xB0001BEE	1	100	0	52901200	52901200
201221150	宝箱（大）【レベル2_僻墓】2F　候補6	01	4	7120	儀式素材【アンコモンC】レベル1	0x40001BD0	0xB0001BD0	3	100	0	52901200	52901200
201221160	宝箱（大）【レベル2_僻墓】2F　候補7	01	4	7120	儀式素材【アンコモンC】レベル1	0x40001BD0	0xB0001BD0	2	100	0	52901200	52901200
201221170	宝箱（大）【レベル2_僻墓】2F　候補8	01	4	7120	儀式素材【アンコモンC】レベル1	0x40001BD0	0xB0001BD0	2	100	0	52901200	52901200
201221180	宝箱（大）【レベル2_僻墓】2F　候補9	01	8	80220				1	100	0	52901200	52901200
201221190	宝箱（大）【レベル2_僻墓】2F　候補10	01	8	80220				1	100	0	52901200	52901200
201221200	宝箱（大）【レベル2_僻墓】3F　候補1	01	4	7002	儀式素材【コモンA】レベル3	0x40001B5A	0xB0001B5A	2	100	0	52901200	52901200
201221210	宝箱（大）【レベル2_僻墓】3F　候補2	01	4	7021	儀式素材【コモンC】レベル2	0x40001B6D	0xB0001B6D	7	100	0	52901200	52901200
201221220	宝箱（大）【レベル2_僻墓】3F　候補3	01	4	7021	儀式素材【コモンC】レベル2	0x40001B6D	0xB0001B6D	4	100	0	52901200	52901200
201221230	宝箱（大）【レベル2_僻墓】3F　候補4	01	4	7150	儀式素材【アンコモンF】レベル1	0x40001BEE	0xB0001BEE	4	100	0	52901200	52901200
201221240	宝箱（大）【レベル2_僻墓】3F　候補5	01	4	7150	儀式素材【アンコモンF】レベル1	0x40001BEE	0xB0001BEE	3	100	0	52901200	52901200
201221250	宝箱（大）【レベル2_僻墓】3F　候補6	01	4	7120	儀式素材【アンコモンC】レベル1	0x40001BD0	0xB0001BD0	3	100	0	52901200	52901200
201221260	宝箱（大）【レベル2_僻墓】3F　候補7	01	4	7120	儀式素材【アンコモンC】レベル1	0x40001BD0	0xB0001BD0	2	100	0	52901200	52901200
201221270	宝箱（大）【レベル2_僻墓】3F　候補8	01	4	7120	儀式素材【アンコモンC】レベル1	0x40001BD0	0xB0001BD0	2	100	0	52901200	52901200
201221280	宝箱（大）【レベル2_僻墓】3F　候補9	01	8	80220				1	100	0	52901200	52901200
201221290	宝箱（大）【レベル2_僻墓】3F　候補10	01	8	80220				1	100	0	52901200	52901200
201221300	宝箱（大）【レベル2_僻墓】4F　候補1	01	4	7002	儀式素材【コモンA】レベル3	0x40001B5A	0xB0001B5A	6	100	0	52901200	52901200
201221310	宝箱（大）【レベル2_僻墓】4F　候補2	01	4	7021	儀式素材【コモンC】レベル2	0x40001B6D	0xB0001B6D	9	100	0	52901200	52901200
201221320	宝箱（大）【レベル2_僻墓】4F　候補3	01	4	7021	儀式素材【コモンC】レベル2	0x40001B6D	0xB0001B6D	8	100	0	52901200	52901200
201221330	宝箱（大）【レベル2_僻墓】4F　候補4	01	4	7150	儀式素材【アンコモンF】レベル1	0x40001BEE	0xB0001BEE	6	100	0	52901200	52901200
201221340	宝箱（大）【レベル2_僻墓】4F　候補5	01	4	7150	儀式素材【アンコモンF】レベル1	0x40001BEE	0xB0001BEE	5	100	0	52901200	52901200
201221350	宝箱（大）【レベル2_僻墓】4F　候補6	01	4	7120	儀式素材【アンコモンC】レベル1	0x40001BD0	0xB0001BD0	4	100	0	52901200	52901200
201221360	宝箱（大）【レベル2_僻墓】4F　候補7	01	4	7120	儀式素材【アンコモンC】レベル1	0x40001BD0	0xB0001BD0	3	100	0	52901200	52901200
201221370	宝箱（大）【レベル2_僻墓】4F　候補8	01	4	7120	儀式素材【アンコモンC】レベル1	0x40001BD0	0xB0001BD0	3	100	0	52901200	52901200
201221380	宝箱（大）【レベル2_僻墓】4F　候補9	01	8	80240				1	100	0	52901200	52901200
201221390	宝箱（大）【レベル2_僻墓】4F　候補10	01	8	80241				1	100	0	52901200	52901200
201230000	宝箱（大）【レベル3_トゥメル】1F　候補1	01	4	7002	儀式素材【コモンA】レベル3	0x40001B5A	0xB0001B5A	2	100	0	52901200	52901200
201230010	宝箱（大）【レベル3_トゥメル】1F　候補2	01	4	7002	儀式素材【コモンA】レベル3	0x40001B5A	0xB0001B5A	2	100	0	52901200	52901200
201230020	宝箱（大）【レベル3_トゥメル】1F　候補3	01	4	7002	儀式素材【コモンA】レベル3	0x40001B5A	0xB0001B5A	2	100	0	52901200	52901200
201230030	宝箱（大）【レベル3_トゥメル】1F　候補4	01	4	7002	儀式素材【コモンA】レベル3	0x40001B5A	0xB0001B5A	2	100	0	52901200	52901200
201230040	宝箱（大）【レベル3_トゥメル】1F　候補5	01	4	7002	儀式素材【コモンA】レベル3	0x40001B5A	0xB0001B5A	2	100	0	52901200	52901200
201230050	宝箱（大）【レベル3_トゥメル】1F　候補6	01	4	7002	儀式素材【コモンA】レベル3	0x40001B5A	0xB0001B5A	2	100	0	52901200	52901200
201230060	宝箱（大）【レベル3_トゥメル】1F　候補7	01	4	7002	儀式素材【コモンA】レベル3	0x40001B5A	0xB0001B5A	1	100	0	52901200	52901200
201230070	宝箱（大）【レベル3_トゥメル】1F　候補8	01	4	7002	儀式素材【コモンA】レベル3	0x40001B5A	0xB0001B5A	1	100	0	52901200	52901200
201230080	宝箱（大）【レベル3_トゥメル】1F　候補9	01	8	80110				1	100	0	52901200	52901200
201230090	宝箱（大）【レベル3_トゥメル】1F　候補10	01	8	80110				1	100	0	52901200	52901200
201230100	宝箱（大）【レベル3_トゥメル】2F　候補1	01	4	7003	儀式素材【コモンA】レベル4	0x40001B5B	0xB0001B5B	2	100	0	52901200	52901200
201230110	宝箱（大）【レベル3_トゥメル】2F　候補2	01	4	7003	儀式素材【コモンA】レベル4	0x40001B5B	0xB0001B5B	2	100	0	52901200	52901200
201230120	宝箱（大）【レベル3_トゥメル】2F　候補3	01	4	7022	儀式素材【コモンC】レベル3	0x40001B6E	0xB0001B6E	4	100	0	52901200	52901200
201230130	宝箱（大）【レベル3_トゥメル】2F　候補4	01	4	7130	儀式素材【アンコモンD】レベル1	0x40001BDA	0xB0001BDA	2	100	0	52901200	52901200
201230140	宝箱（大）【レベル3_トゥメル】2F　候補5	01	4	7130	儀式素材【アンコモンD】レベル1	0x40001BDA	0xB0001BDA	1	100	0	52901200	52901200
201230150	宝箱（大）【レベル3_トゥメル】2F　候補6	01	4	7130	儀式素材【アンコモンD】レベル1	0x40001BDA	0xB0001BDA	1	100	0	52901200	52901200
201230160	宝箱（大）【レベル3_トゥメル】2F　候補7	01	4	7120	儀式素材【アンコモンC】レベル1	0x40001BD0	0xB0001BD0	4	100	0	52901200	52901200
201230170	宝箱（大）【レベル3_トゥメル】2F　候補8	01	4	7120	儀式素材【アンコモンC】レベル1	0x40001BD0	0xB0001BD0	2	100	0	52901200	52901200
201230180	宝箱（大）【レベル3_トゥメル】2F　候補9	01	8	80120				1	100	0	52901200	52901200
201230190	宝箱（大）【レベル3_トゥメル】2F　候補10	01	8	80120				1	100	0	52901200	52901200
201230200	宝箱（大）【レベル3_トゥメル】3F　候補1	01	4	7003	儀式素材【コモンA】レベル4	0x40001B5B	0xB0001B5B	4	100	0	52901200	52901200
201230210	宝箱（大）【レベル3_トゥメル】3F　候補2	01	4	7003	儀式素材【コモンA】レベル4	0x40001B5B	0xB0001B5B	3	100	0	52901200	52901200
201230220	宝箱（大）【レベル3_トゥメル】3F　候補3	01	4	7022	儀式素材【コモンC】レベル3	0x40001B6E	0xB0001B6E	6	100	0	52901200	52901200
201230230	宝箱（大）【レベル3_トゥメル】3F　候補4	01	4	7130	儀式素材【アンコモンD】レベル1	0x40001BDA	0xB0001BDA	3	100	0	52901200	52901200
201230240	宝箱（大）【レベル3_トゥメル】3F　候補5	01	4	7130	儀式素材【アンコモンD】レベル1	0x40001BDA	0xB0001BDA	2	100	0	52901200	52901200
201230250	宝箱（大）【レベル3_トゥメル】3F　候補6	01	4	7130	儀式素材【アンコモンD】レベル1	0x40001BDA	0xB0001BDA	1	100	0	52901200	52901200
201230260	宝箱（大）【レベル3_トゥメル】3F　候補7	01	4	7120	儀式素材【アンコモンC】レベル1	0x40001BD0	0xB0001BD0	5	100	0	52901200	52901200
201230270	宝箱（大）【レベル3_トゥメル】3F　候補8	01	4	7120	儀式素材【アンコモンC】レベル1	0x40001BD0	0xB0001BD0	2	100	0	52901200	52901200
201230280	宝箱（大）【レベル3_トゥメル】3F　候補9	01	8	80120				1	100	0	52901200	52901200
201230290	宝箱（大）【レベル3_トゥメル】3F　候補10	01	8	80120				1	100	0	52901200	52901200
201230300	宝箱（大）【レベル3_トゥメル】4F　候補1	01	4	7003	儀式素材【コモンA】レベル4	0x40001B5B	0xB0001B5B	6	100	0	52901200	52901200
201230310	宝箱（大）【レベル3_トゥメル】4F　候補2	01	4	7003	儀式素材【コモンA】レベル4	0x40001B5B	0xB0001B5B	5	100	0	52901200	52901200
201230320	宝箱（大）【レベル3_トゥメル】4F　候補3	01	4	7022	儀式素材【コモンC】レベル3	0x40001B6E	0xB0001B6E	8	100	0	52901200	52901200
201230330	宝箱（大）【レベル3_トゥメル】4F　候補4	01	4	7130	儀式素材【アンコモンD】レベル1	0x40001BDA	0xB0001BDA	4	100	0	52901200	52901200
201230340	宝箱（大）【レベル3_トゥメル】4F　候補5	01	4	7130	儀式素材【アンコモンD】レベル1	0x40001BDA	0xB0001BDA	3	100	0	52901200	52901200
201230350	宝箱（大）【レベル3_トゥメル】4F　候補6	01	4	7130	儀式素材【アンコモンD】レベル1	0x40001BDA	0xB0001BDA	2	100	0	52901200	52901200
201230360	宝箱（大）【レベル3_トゥメル】4F　候補7	01	4	7120	儀式素材【アンコモンC】レベル1	0x40001BD0	0xB0001BD0	6	100	0	52901200	52901200
201230370	宝箱（大）【レベル3_トゥメル】4F　候補8	01	4	7120	儀式素材【アンコモンC】レベル1	0x40001BD0	0xB0001BD0	4	100	0	52901200	52901200
201230380	宝箱（大）【レベル3_トゥメル】4F　候補9	01	8	80140				1	100	0	52901200	52901200
201230390	宝箱（大）【レベル3_トゥメル】4F　候補10	01	8	80141				1	100	0	52901200	52901200
201231000	宝箱（大）【レベル3_僻墓】1F　候補1	01	4	7002	儀式素材【コモンA】レベル3	0x40001B5A	0xB0001B5A	2	100	0	52901200	52901200
201231010	宝箱（大）【レベル3_僻墓】1F　候補2	01	4	7002	儀式素材【コモンA】レベル3	0x40001B5A	0xB0001B5A	2	100	0	52901200	52901200
201231020	宝箱（大）【レベル3_僻墓】1F　候補3	01	4	7002	儀式素材【コモンA】レベル3	0x40001B5A	0xB0001B5A	2	100	0	52901200	52901200
201231030	宝箱（大）【レベル3_僻墓】1F　候補4	01	4	7002	儀式素材【コモンA】レベル3	0x40001B5A	0xB0001B5A	2	100	0	52901200	52901200
201231040	宝箱（大）【レベル3_僻墓】1F　候補5	01	4	7002	儀式素材【コモンA】レベル3	0x40001B5A	0xB0001B5A	2	100	0	52901200	52901200
201231050	宝箱（大）【レベル3_僻墓】1F　候補6	01	4	7002	儀式素材【コモンA】レベル3	0x40001B5A	0xB0001B5A	2	100	0	52901200	52901200
201231060	宝箱（大）【レベル3_僻墓】1F　候補7	01	4	7002	儀式素材【コモンA】レベル3	0x40001B5A	0xB0001B5A	1	100	0	52901200	52901200
201231070	宝箱（大）【レベル3_僻墓】1F　候補8	01	4	7002	儀式素材【コモンA】レベル3	0x40001B5A	0xB0001B5A	1	100	0	52901200	52901200
201231080	宝箱（大）【レベル3_僻墓】1F　候補9	01	8	80210				1	100	0	52901200	52901200
201231090	宝箱（大）【レベル3_僻墓】1F　候補10	01	8	80210				1	100	0	52901200	52901200
201231100	宝箱（大）【レベル3_僻墓】2F　候補1	01	4	7003	儀式素材【コモンA】レベル4	0x40001B5B	0xB0001B5B	2	100	0	52901200	52901200
201231110	宝箱（大）【レベル3_僻墓】2F　候補2	01	4	7022	儀式素材【コモンC】レベル3	0x40001B6E	0xB0001B6E	5	100	0	52901200	52901200
201231120	宝箱（大）【レベル3_僻墓】2F　候補3	01	4	7022	儀式素材【コモンC】レベル3	0x40001B6E	0xB0001B6E	4	100	0	52901200	52901200
201231130	宝箱（大）【レベル3_僻墓】2F　候補4	01	4	7150	儀式素材【アンコモンF】レベル1	0x40001BEE	0xB0001BEE	2	100	0	52901200	52901200
201231140	宝箱（大）【レベル3_僻墓】2F　候補5	01	4	7150	儀式素材【アンコモンF】レベル1	0x40001BEE	0xB0001BEE	1	100	0	52901200	52901200
201231150	宝箱（大）【レベル3_僻墓】2F　候補6	01	4	7130	儀式素材【アンコモンD】レベル1	0x40001BDA	0xB0001BDA	1	100	0	52901200	52901200
201231160	宝箱（大）【レベル3_僻墓】2F　候補7	01	4	7120	儀式素材【アンコモンC】レベル1	0x40001BD0	0xB0001BD0	2	100	0	52901200	52901200
201231170	宝箱（大）【レベル3_僻墓】2F　候補8	01	4	7120	儀式素材【アンコモンC】レベル1	0x40001BD0	0xB0001BD0	2	100	0	52901200	52901200
201231180	宝箱（大）【レベル3_僻墓】2F　候補9	01	8	80220				1	100	0	52901200	52901200
201231190	宝箱（大）【レベル3_僻墓】2F　候補10	01	8	80220				1	100	0	52901200	52901200
201231200	宝箱（大）【レベル3_僻墓】3F　候補1	01	4	7003	儀式素材【コモンA】レベル4	0x40001B5B	0xB0001B5B	4	100	0	52901200	52901200
201231210	宝箱（大）【レベル3_僻墓】3F　候補2	01	4	7022	儀式素材【コモンC】レベル3	0x40001B6E	0xB0001B6E	7	100	0	52901200	52901200
201231220	宝箱（大）【レベル3_僻墓】3F　候補3	01	4	7022	儀式素材【コモンC】レベル3	0x40001B6E	0xB0001B6E	6	100	0	52901200	52901200
201231230	宝箱（大）【レベル3_僻墓】3F　候補4	01	4	7150	儀式素材【アンコモンF】レベル1	0x40001BEE	0xB0001BEE	4	100	0	52901200	52901200
201231240	宝箱（大）【レベル3_僻墓】3F　候補5	01	4	7150	儀式素材【アンコモンF】レベル1	0x40001BEE	0xB0001BEE	3	100	0	52901200	52901200
201231250	宝箱（大）【レベル3_僻墓】3F　候補6	01	4	7130	儀式素材【アンコモンD】レベル1	0x40001BDA	0xB0001BDA	3	100	0	52901200	52901200
201231260	宝箱（大）【レベル3_僻墓】3F　候補7	01	4	7120	儀式素材【アンコモンC】レベル1	0x40001BD0	0xB0001BD0	3	100	0	52901200	52901200
201231270	宝箱（大）【レベル3_僻墓】3F　候補8	01	4	7120	儀式素材【アンコモンC】レベル1	0x40001BD0	0xB0001BD0	3	100	0	52901200	52901200
201231280	宝箱（大）【レベル3_僻墓】3F　候補9	01	8	80220				1	100	0	52901200	52901200
201231290	宝箱（大）【レベル3_僻墓】3F　候補10	01	8	80220				1	100	0	52901200	52901200
201231300	宝箱（大）【レベル3_僻墓】4F　候補1	01	4	7003	儀式素材【コモンA】レベル4	0x40001B5B	0xB0001B5B	6	100	0	52901200	52901200
201231310	宝箱（大）【レベル3_僻墓】4F　候補2	01	4	7022	儀式素材【コモンC】レベル3	0x40001B6E	0xB0001B6E	9	100	0	52901200	52901200
201231320	宝箱（大）【レベル3_僻墓】4F　候補3	01	4	7022	儀式素材【コモンC】レベル3	0x40001B6E	0xB0001B6E	8	100	0	52901200	52901200
201231330	宝箱（大）【レベル3_僻墓】4F　候補4	01	4	7150	儀式素材【アンコモンF】レベル1	0x40001BEE	0xB0001BEE	6	100	0	52901200	52901200
201231340	宝箱（大）【レベル3_僻墓】4F　候補5	01	4	7150	儀式素材【アンコモンF】レベル1	0x40001BEE	0xB0001BEE	5	100	0	52901200	52901200
201231350	宝箱（大）【レベル3_僻墓】4F　候補6	01	4	7130	儀式素材【アンコモンD】レベル1	0x40001BDA	0xB0001BDA	6	100	0	52901200	52901200
201231360	宝箱（大）【レベル3_僻墓】4F　候補7	01	4	7120	儀式素材【アンコモンC】レベル1	0x40001BD0	0xB0001BD0	5	100	0	52901200	52901200
201231370	宝箱（大）【レベル3_僻墓】4F　候補8	01	4	7120	儀式素材【アンコモンC】レベル1	0x40001BD0	0xB0001BD0	5	100	0	52901200	52901200
201231380	宝箱（大）【レベル3_僻墓】4F　候補9	01	8	80240				1	100	0	52901200	52901200
201231390	宝箱（大）【レベル3_僻墓】4F　候補10	01	8	80241				1	100	0	52901200	52901200
201240000	宝箱（大）【レベル4_トゥメル】1F　候補1	01	4	7003	儀式素材【コモンA】レベル4	0x40001B5B	0xB0001B5B	2	100	0	52901200	52901200
201240010	宝箱（大）【レベル4_トゥメル】1F　候補2	01	4	7003	儀式素材【コモンA】レベル4	0x40001B5B	0xB0001B5B	2	100	0	52901200	52901200
201240020	宝箱（大）【レベル4_トゥメル】1F　候補3	01	4	7003	儀式素材【コモンA】レベル4	0x40001B5B	0xB0001B5B	2	100	0	52901200	52901200
201240030	宝箱（大）【レベル4_トゥメル】1F　候補4	01	4	7003	儀式素材【コモンA】レベル4	0x40001B5B	0xB0001B5B	2	100	0	52901200	52901200
201240040	宝箱（大）【レベル4_トゥメル】1F　候補5	01	4	7003	儀式素材【コモンA】レベル4	0x40001B5B	0xB0001B5B	2	100	0	52901200	52901200
201240050	宝箱（大）【レベル4_トゥメル】1F　候補6	01	4	7003	儀式素材【コモンA】レベル4	0x40001B5B	0xB0001B5B	2	100	0	52901200	52901200
201240060	宝箱（大）【レベル4_トゥメル】1F　候補7	01	4	7003	儀式素材【コモンA】レベル4	0x40001B5B	0xB0001B5B	1	100	0	52901200	52901200
201240070	宝箱（大）【レベル4_トゥメル】1F　候補8	01	4	7003	儀式素材【コモンA】レベル4	0x40001B5B	0xB0001B5B	1	100	0	52901200	52901200
201240080	宝箱（大）【レベル4_トゥメル】1F　候補9	01	8	80110				1	100	0	52901200	52901200
201240090	宝箱（大）【レベル4_トゥメル】1F　候補10	01	8	80110				1	100	0	52901200	52901200
201240100	宝箱（大）【レベル4_トゥメル】2F　候補1	01	4	7004	儀式素材【コモンA】レベル5	0x40001B5C	0xB0001B5C	3	100	0	52901200	52901200
201240110	宝箱（大）【レベル4_トゥメル】2F　候補2	01	4	7004	儀式素材【コモンA】レベル5	0x40001B5C	0xB0001B5C	2	100	0	52901200	52901200
201240120	宝箱（大）【レベル4_トゥメル】2F　候補3	01	4	7004	儀式素材【コモンA】レベル5	0x40001B5C	0xB0001B5C	1	100	0	52901200	52901200
201240130	宝箱（大）【レベル4_トゥメル】2F　候補4	01	4	7023	儀式素材【コモンC】レベル4	0x40001B6F	0xB0001B6F	4	100	0	52901200	52901200
201240140	宝箱（大）【レベル4_トゥメル】2F　候補5	01	4	7130	儀式素材【アンコモンD】レベル1	0x40001BDA	0xB0001BDA	3	100	0	52901200	52901200
201240150	宝箱（大）【レベル4_トゥメル】2F　候補6	01	4	7130	儀式素材【アンコモンD】レベル1	0x40001BDA	0xB0001BDA	3	100	0	52901200	52901200
201240160	宝箱（大）【レベル4_トゥメル】2F　候補7	01	4	7130	儀式素材【アンコモンD】レベル1	0x40001BDA	0xB0001BDA	2	100	0	52901200	52901200
201240170	宝箱（大）【レベル4_トゥメル】2F　候補8	01	4	7121	儀式素材【アンコモンC】レベル2	0x40001BD1	0xB0001BD1	2	100	0	52901200	52901200
201240180	宝箱（大）【レベル4_トゥメル】2F　候補9	01	4	7121	儀式素材【アンコモンC】レベル2	0x40001BD1	0xB0001BD1	1	100	0	52901200	52901200
201240190	宝箱（大）【レベル4_トゥメル】2F　候補10	01	8	80120				1	100	0	52901200	52901200
201240200	宝箱（大）【レベル4_トゥメル】3F　候補1	01	4	7004	儀式素材【コモンA】レベル5	0x40001B5C	0xB0001B5C	4	100	0	52901200	52901200
201240210	宝箱（大）【レベル4_トゥメル】3F　候補2	01	4	7004	儀式素材【コモンA】レベル5	0x40001B5C	0xB0001B5C	4	100	0	52901200	52901200
201240220	宝箱（大）【レベル4_トゥメル】3F　候補3	01	4	7004	儀式素材【コモンA】レベル5	0x40001B5C	0xB0001B5C	3	100	0	52901200	52901200
201240230	宝箱（大）【レベル4_トゥメル】3F　候補4	01	4	7023	儀式素材【コモンC】レベル4	0x40001B6F	0xB0001B6F	6	100	0	52901200	52901200
201240240	宝箱（大）【レベル4_トゥメル】3F　候補5	01	4	7130	儀式素材【アンコモンD】レベル1	0x40001BDA	0xB0001BDA	4	100	0	52901200	52901200
201240250	宝箱（大）【レベル4_トゥメル】3F　候補6	01	4	7130	儀式素材【アンコモンD】レベル1	0x40001BDA	0xB0001BDA	4	100	0	52901200	52901200
201240260	宝箱（大）【レベル4_トゥメル】3F　候補7	01	4	7130	儀式素材【アンコモンD】レベル1	0x40001BDA	0xB0001BDA	3	100	0	52901200	52901200
201240270	宝箱（大）【レベル4_トゥメル】3F　候補8	01	4	7121	儀式素材【アンコモンC】レベル2	0x40001BD1	0xB0001BD1	3	100	0	52901200	52901200
201240280	宝箱（大）【レベル4_トゥメル】3F　候補9	01	4	7121	儀式素材【アンコモンC】レベル2	0x40001BD1	0xB0001BD1	2	100	0	52901200	52901200
201240290	宝箱（大）【レベル4_トゥメル】3F　候補10	01	8	80120				1	100	0	52901200	52901200
201240300	宝箱（大）【レベル4_トゥメル】4F　候補1	01	4	7004	儀式素材【コモンA】レベル5	0x40001B5C	0xB0001B5C	6	100	0	52901200	52901200
201240310	宝箱（大）【レベル4_トゥメル】4F　候補2	01	4	7004	儀式素材【コモンA】レベル5	0x40001B5C	0xB0001B5C	6	100	0	52901200	52901200
201240320	宝箱（大）【レベル4_トゥメル】4F　候補3	01	4	7004	儀式素材【コモンA】レベル5	0x40001B5C	0xB0001B5C	5	100	0	52901200	52901200
201240330	宝箱（大）【レベル4_トゥメル】4F　候補4	01	4	7023	儀式素材【コモンC】レベル4	0x40001B6F	0xB0001B6F	8	100	0	52901200	52901200
201240340	宝箱（大）【レベル4_トゥメル】4F　候補5	01	4	7130	儀式素材【アンコモンD】レベル1	0x40001BDA	0xB0001BDA	6	100	0	52901200	52901200
201240350	宝箱（大）【レベル4_トゥメル】4F　候補6	01	4	7130	儀式素材【アンコモンD】レベル1	0x40001BDA	0xB0001BDA	6	100	0	52901200	52901200
201240360	宝箱（大）【レベル4_トゥメル】4F　候補7	01	4	7130	儀式素材【アンコモンD】レベル1	0x40001BDA	0xB0001BDA	5	100	0	52901200	52901200
201240370	宝箱（大）【レベル4_トゥメル】4F　候補8	01	4	7121	儀式素材【アンコモンC】レベル2	0x40001BD1	0xB0001BD1	4	100	0	52901200	52901200
201240380	宝箱（大）【レベル4_トゥメル】4F　候補9	01	4	7121	儀式素材【アンコモンC】レベル2	0x40001BD1	0xB0001BD1	3	100	0	52901200	52901200
201240390	宝箱（大）【レベル4_トゥメル】4F　候補10	01	8	80140				1	100	0	52901200	52901200
201242000	宝箱（大）【レベル4_ローラン】1F　候補1	01	4	7003	儀式素材【コモンA】レベル4	0x40001B5B	0xB0001B5B	2	100	0	52901200	52901200
201242010	宝箱（大）【レベル4_ローラン】1F　候補2	01	4	7003	儀式素材【コモンA】レベル4	0x40001B5B	0xB0001B5B	2	100	0	52901200	52901200
201242020	宝箱（大）【レベル4_ローラン】1F　候補3	01	4	7003	儀式素材【コモンA】レベル4	0x40001B5B	0xB0001B5B	2	100	0	52901200	52901200
201242030	宝箱（大）【レベル4_ローラン】1F　候補4	01	4	7003	儀式素材【コモンA】レベル4	0x40001B5B	0xB0001B5B	2	100	0	52901200	52901200
201242040	宝箱（大）【レベル4_ローラン】1F　候補5	01	4	7003	儀式素材【コモンA】レベル4	0x40001B5B	0xB0001B5B	2	100	0	52901200	52901200
201242050	宝箱（大）【レベル4_ローラン】1F　候補6	01	4	7003	儀式素材【コモンA】レベル4	0x40001B5B	0xB0001B5B	2	100	0	52901200	52901200
201242060	宝箱（大）【レベル4_ローラン】1F　候補7	01	4	7003	儀式素材【コモンA】レベル4	0x40001B5B	0xB0001B5B	1	100	0	52901200	52901200
201242070	宝箱（大）【レベル4_ローラン】1F　候補8	01	4	7003	儀式素材【コモンA】レベル4	0x40001B5B	0xB0001B5B	1	100	0	52901200	52901200
201242080	宝箱（大）【レベル4_ローラン】1F　候補9	01	8	80310				1	100	0	52901200	52901200
201242090	宝箱（大）【レベル4_ローラン】1F　候補10	01	8	80311				1	100	0	52901200	52901200
201242100	宝箱（大）【レベル4_ローラン】2F　候補1	01	4	7004	儀式素材【コモンA】レベル5	0x40001B5C	0xB0001B5C	2	100	0	52901200	52901200
201242110	宝箱（大）【レベル4_ローラン】2F　候補2	01	4	7014	儀式素材【コモンB】レベル5	0x40001B66	0xB0001B66	2	100	0	52901200	52901200
201242120	宝箱（大）【レベル4_ローラン】2F　候補3	01	4	7014	儀式素材【コモンB】レベル5	0x40001B66	0xB0001B66	1	100	0	52901200	52901200
201242130	宝箱（大）【レベル4_ローラン】2F　候補4	01	4	7023	儀式素材【コモンC】レベル4	0x40001B6F	0xB0001B6F	4	100	0	52901200	52901200
201242140	宝箱（大）【レベル4_ローラン】2F　候補5	01	4	7140	儀式素材【アンコモンE】レベル1	0x40001BE4	0xB0001BE4	2	100	0	52901200	52901200
201242150	宝箱（大）【レベル4_ローラン】2F　候補6	01	4	7140	儀式素材【アンコモンE】レベル1	0x40001BE4	0xB0001BE4	2	100	0	52901200	52901200
201242160	宝箱（大）【レベル4_ローラン】2F　候補7	01	4	7140	儀式素材【アンコモンE】レベル1	0x40001BE4	0xB0001BE4	1	100	0	52901200	52901200
201242170	宝箱（大）【レベル4_ローラン】2F　候補8	01	4	7121	儀式素材【アンコモンC】レベル2	0x40001BD1	0xB0001BD1	3	100	0	52901200	52901200
201242180	宝箱（大）【レベル4_ローラン】2F　候補9	01	4	7121	儀式素材【アンコモンC】レベル2	0x40001BD1	0xB0001BD1	1	100	0	52901200	52901200
201242190	宝箱（大）【レベル4_ローラン】2F　候補10	01	8	80320				1	100	0	52901200	52901200
201242200	宝箱（大）【レベル4_ローラン】3F　候補1	01	4	7004	儀式素材【コモンA】レベル5	0x40001B5C	0xB0001B5C	4	100	0	52901200	52901200
201242210	宝箱（大）【レベル4_ローラン】3F　候補2	01	4	7014	儀式素材【コモンB】レベル5	0x40001B66	0xB0001B66	4	100	0	52901200	52901200
201242220	宝箱（大）【レベル4_ローラン】3F　候補3	01	4	7014	儀式素材【コモンB】レベル5	0x40001B66	0xB0001B66	3	100	0	52901200	52901200
201242230	宝箱（大）【レベル4_ローラン】3F　候補4	01	4	7023	儀式素材【コモンC】レベル4	0x40001B6F	0xB0001B6F	6	100	0	52901200	52901200
201242240	宝箱（大）【レベル4_ローラン】3F　候補5	01	4	7140	儀式素材【アンコモンE】レベル1	0x40001BE4	0xB0001BE4	4	100	0	52901200	52901200
201242250	宝箱（大）【レベル4_ローラン】3F　候補6	01	4	7140	儀式素材【アンコモンE】レベル1	0x40001BE4	0xB0001BE4	4	100	0	52901200	52901200
201242260	宝箱（大）【レベル4_ローラン】3F　候補7	01	4	7140	儀式素材【アンコモンE】レベル1	0x40001BE4	0xB0001BE4	2	100	0	52901200	52901200
201242270	宝箱（大）【レベル4_ローラン】3F　候補8	01	4	7121	儀式素材【アンコモンC】レベル2	0x40001BD1	0xB0001BD1	4	100	0	52901200	52901200
201242280	宝箱（大）【レベル4_ローラン】3F　候補9	01	4	7121	儀式素材【アンコモンC】レベル2	0x40001BD1	0xB0001BD1	2	100	0	52901200	52901200
201242290	宝箱（大）【レベル4_ローラン】3F　候補10	01	8	80321				1	100	0	52901200	52901200
201242300	宝箱（大）【レベル4_ローラン】4F　候補1	01	4	7004	儀式素材【コモンA】レベル5	0x40001B5C	0xB0001B5C	6	100	0	52901200	52901200
201242310	宝箱（大）【レベル4_ローラン】4F　候補2	01	4	7014	儀式素材【コモンB】レベル5	0x40001B66	0xB0001B66	6	100	0	52901200	52901200
201242320	宝箱（大）【レベル4_ローラン】4F　候補3	01	4	7014	儀式素材【コモンB】レベル5	0x40001B66	0xB0001B66	5	100	0	52901200	52901200
201242330	宝箱（大）【レベル4_ローラン】4F　候補4	01	4	7023	儀式素材【コモンC】レベル4	0x40001B6F	0xB0001B6F	8	100	0	52901200	52901200
201242340	宝箱（大）【レベル4_ローラン】4F　候補5	01	4	7140	儀式素材【アンコモンE】レベル1	0x40001BE4	0xB0001BE4	6	100	0	52901200	52901200
201242350	宝箱（大）【レベル4_ローラン】4F　候補6	01	4	7140	儀式素材【アンコモンE】レベル1	0x40001BE4	0xB0001BE4	6	100	0	52901200	52901200
201242360	宝箱（大）【レベル4_ローラン】4F　候補7	01	4	7140	儀式素材【アンコモンE】レベル1	0x40001BE4	0xB0001BE4	5	100	0	52901200	52901200
201242370	宝箱（大）【レベル4_ローラン】4F　候補8	01	4	7121	儀式素材【アンコモンC】レベル2	0x40001BD1	0xB0001BD1	6	100	0	52901200	52901200
201242380	宝箱（大）【レベル4_ローラン】4F　候補9	01	4	7121	儀式素材【アンコモンC】レベル2	0x40001BD1	0xB0001BD1	3	100	0	52901200	52901200
201242390	宝箱（大）【レベル4_ローラン】4F　候補10	01	8	80340				1	100	0	52901200	52901200
201250000	宝箱（大）【レベル5_トゥメル】1F　候補1	01	4	7004	儀式素材【コモンA】レベル5	0x40001B5C	0xB0001B5C	2	100	0	52901200	52901200
201250010	宝箱（大）【レベル5_トゥメル】1F　候補2	01	4	7004	儀式素材【コモンA】レベル5	0x40001B5C	0xB0001B5C	2	100	0	52901200	52901200
201250020	宝箱（大）【レベル5_トゥメル】1F　候補3	01	4	7004	儀式素材【コモンA】レベル5	0x40001B5C	0xB0001B5C	2	100	0	52901200	52901200
201250030	宝箱（大）【レベル5_トゥメル】1F　候補4	01	4	7004	儀式素材【コモンA】レベル5	0x40001B5C	0xB0001B5C	2	100	0	52901200	52901200
201250040	宝箱（大）【レベル5_トゥメル】1F　候補5	01	4	7004	儀式素材【コモンA】レベル5	0x40001B5C	0xB0001B5C	2	100	0	52901200	52901200
201250050	宝箱（大）【レベル5_トゥメル】1F　候補6	01	4	7004	儀式素材【コモンA】レベル5	0x40001B5C	0xB0001B5C	2	100	0	52901200	52901200
201250060	宝箱（大）【レベル5_トゥメル】1F　候補7	01	4	7004	儀式素材【コモンA】レベル5	0x40001B5C	0xB0001B5C	1	100	0	52901200	52901200
201250070	宝箱（大）【レベル5_トゥメル】1F　候補8	01	4	7004	儀式素材【コモンA】レベル5	0x40001B5C	0xB0001B5C	1	100	0	52901200	52901200
201250080	宝箱（大）【レベル5_トゥメル】1F　候補9	01	8	80110				1	100	0	52901200	52901200
201250090	宝箱（大）【レベル5_トゥメル】1F　候補10	01	8	80110				1	100	0	52901200	52901200
201250100	宝箱（大）【レベル5_トゥメル】2F　候補1	01	4	7004	儀式素材【コモンA】レベル5	0x40001B5C	0xB0001B5C	6	100	0	52901200	52901200
201250110	宝箱（大）【レベル5_トゥメル】2F　候補2	01	4	7024	儀式素材【コモンC】レベル5	0x40001B70	0xB0001B70	4	100	0	52901200	52901200
201250120	宝箱（大）【レベル5_トゥメル】2F　候補3	01	4	7131	儀式素材【アンコモンD】レベル2	0x40001BDB	0xB0001BDB	2	100	0	52901200	52901200
201250130	宝箱（大）【レベル5_トゥメル】2F　候補4	01	4	7131	儀式素材【アンコモンD】レベル2	0x40001BDB	0xB0001BDB	2	100	0	52901200	52901200
201250140	宝箱（大）【レベル5_トゥメル】2F　候補5	01	4	7131	儀式素材【アンコモンD】レベル2	0x40001BDB	0xB0001BDB	1	100	0	52901200	52901200
201250150	宝箱（大）【レベル5_トゥメル】2F　候補6	01	4	7131	儀式素材【アンコモンD】レベル2	0x40001BDB	0xB0001BDB	1	100	0	52901200	52901200
201250160	宝箱（大）【レベル5_トゥメル】2F　候補7	01	4	7121	儀式素材【アンコモンC】レベル2	0x40001BD1	0xB0001BD1	3	100	0	52901200	52901200
201250170	宝箱（大）【レベル5_トゥメル】2F　候補8	01	4	7121	儀式素材【アンコモンC】レベル2	0x40001BD1	0xB0001BD1	2	100	0	52901200	52901200
201250180	宝箱（大）【レベル5_トゥメル】2F　候補9	01	8	80120				1	100	0	52901200	52901200
201250190	宝箱（大）【レベル5_トゥメル】2F　候補10	01	8	80120				1	100	0	52901200	52901200
201250200	宝箱（大）【レベル5_トゥメル】3F　候補1	01	4	7004	儀式素材【コモンA】レベル5	0x40001B5C	0xB0001B5C	9	100	0	52901200	52901200
201250210	宝箱（大）【レベル5_トゥメル】3F　候補2	01	4	7024	儀式素材【コモンC】レベル5	0x40001B70	0xB0001B70	6	100	0	52901200	52901200
201250220	宝箱（大）【レベル5_トゥメル】3F　候補3	01	4	7131	儀式素材【アンコモンD】レベル2	0x40001BDB	0xB0001BDB	3	100	0	52901200	52901200
201250230	宝箱（大）【レベル5_トゥメル】3F　候補4	01	4	7131	儀式素材【アンコモンD】レベル2	0x40001BDB	0xB0001BDB	3	100	0	52901200	52901200
201250240	宝箱（大）【レベル5_トゥメル】3F　候補5	01	4	7131	儀式素材【アンコモンD】レベル2	0x40001BDB	0xB0001BDB	3	100	0	52901200	52901200
201250250	宝箱（大）【レベル5_トゥメル】3F　候補6	01	4	7131	儀式素材【アンコモンD】レベル2	0x40001BDB	0xB0001BDB	3	100	0	52901200	52901200
201250260	宝箱（大）【レベル5_トゥメル】3F　候補7	01	4	7121	儀式素材【アンコモンC】レベル2	0x40001BD1	0xB0001BD1	4	100	0	52901200	52901200
201250270	宝箱（大）【レベル5_トゥメル】3F　候補8	01	4	7121	儀式素材【アンコモンC】レベル2	0x40001BD1	0xB0001BD1	3	100	0	52901200	52901200
201250280	宝箱（大）【レベル5_トゥメル】3F　候補9	01	4	7110	儀式素材【アンコモンB】レベル1	0x40001BC6	0xB0001BC6	4	100	0	52901200	52901200
201250290	宝箱（大）【レベル5_トゥメル】3F　候補10	01	8	80120				1	100	0	52901200	52901200
201250300	宝箱（大）【レベル5_トゥメル】4F　候補1	01	4	7004	儀式素材【コモンA】レベル5	0x40001B5C	0xB0001B5C	12	100	0	52901200	52901200
201250310	宝箱（大）【レベル5_トゥメル】4F　候補2	01	4	7024	儀式素材【コモンC】レベル5	0x40001B70	0xB0001B70	8	100	0	52901200	52901200
201250320	宝箱（大）【レベル5_トゥメル】4F　候補3	01	4	7131	儀式素材【アンコモンD】レベル2	0x40001BDB	0xB0001BDB	4	100	0	52901200	52901200
201250330	宝箱（大）【レベル5_トゥメル】4F　候補4	01	4	7131	儀式素材【アンコモンD】レベル2	0x40001BDB	0xB0001BDB	4	100	0	52901200	52901200
201250340	宝箱（大）【レベル5_トゥメル】4F　候補5	01	4	7131	儀式素材【アンコモンD】レベル2	0x40001BDB	0xB0001BDB	5	100	0	52901200	52901200
201250350	宝箱（大）【レベル5_トゥメル】4F　候補6	01	4	7131	儀式素材【アンコモンD】レベル2	0x40001BDB	0xB0001BDB	5	100	0	52901200	52901200
201250360	宝箱（大）【レベル5_トゥメル】4F　候補7	01	4	7121	儀式素材【アンコモンC】レベル2	0x40001BD1	0xB0001BD1	6	100	0	52901200	52901200
201250370	宝箱（大）【レベル5_トゥメル】4F　候補8	01	4	7121	儀式素材【アンコモンC】レベル2	0x40001BD1	0xB0001BD1	5	100	0	52901200	52901200
201250380	宝箱（大）【レベル5_トゥメル】4F　候補9	01	4	7110	儀式素材【アンコモンB】レベル1	0x40001BC6	0xB0001BC6	5	100	0	52901200	52901200
201250390	宝箱（大）【レベル5_トゥメル】4F　候補10	01	8	80140				1	100	0	52901200	52901200
201252000	宝箱（大）【レベル5_ローラン】1F　候補1	01	4	7004	儀式素材【コモンA】レベル5	0x40001B5C	0xB0001B5C	2	100	0	52901200	52901200
201252010	宝箱（大）【レベル5_ローラン】1F　候補2	01	4	7004	儀式素材【コモンA】レベル5	0x40001B5C	0xB0001B5C	2	100	0	52901200	52901200
201252020	宝箱（大）【レベル5_ローラン】1F　候補3	01	4	7004	儀式素材【コモンA】レベル5	0x40001B5C	0xB0001B5C	2	100	0	52901200	52901200
201252030	宝箱（大）【レベル5_ローラン】1F　候補4	01	4	7004	儀式素材【コモンA】レベル5	0x40001B5C	0xB0001B5C	2	100	0	52901200	52901200
201252040	宝箱（大）【レベル5_ローラン】1F　候補5	01	4	7004	儀式素材【コモンA】レベル5	0x40001B5C	0xB0001B5C	2	100	0	52901200	52901200
201252050	宝箱（大）【レベル5_ローラン】1F　候補6	01	4	7004	儀式素材【コモンA】レベル5	0x40001B5C	0xB0001B5C	2	100	0	52901200	52901200
201252060	宝箱（大）【レベル5_ローラン】1F　候補7	01	4	7004	儀式素材【コモンA】レベル5	0x40001B5C	0xB0001B5C	1	100	0	52901200	52901200
201252070	宝箱（大）【レベル5_ローラン】1F　候補8	01	4	7004	儀式素材【コモンA】レベル5	0x40001B5C	0xB0001B5C	1	100	0	52901200	52901200
201252080	宝箱（大）【レベル5_ローラン】1F　候補9	01	8	80310				1	100	0	52901200	52901200
201252090	宝箱（大）【レベル5_ローラン】1F　候補10	01	8	80310				1	100	0	52901200	52901200
201252100	宝箱（大）【レベル5_ローラン】2F　候補1	01	4	7004	儀式素材【コモンA】レベル5	0x40001B5C	0xB0001B5C	6	100	0	52901200	52901200
201252110	宝箱（大）【レベル5_ローラン】2F　候補2	01	4	7014	儀式素材【コモンB】レベル5	0x40001B66	0xB0001B66	6	100	0	52901200	52901200
201252120	宝箱（大）【レベル5_ローラン】2F　候補3	01	4	7140	儀式素材【アンコモンE】レベル1	0x40001BE4	0xB0001BE4	2	100	0	52901200	52901200
201252130	宝箱（大）【レベル5_ローラン】2F　候補4	01	4	7140	儀式素材【アンコモンE】レベル1	0x40001BE4	0xB0001BE4	2	100	0	52901200	52901200
201252140	宝箱（大）【レベル5_ローラン】2F　候補5	01	4	7140	儀式素材【アンコモンE】レベル1	0x40001BE4	0xB0001BE4	1	100	0	52901200	52901200
201252150	宝箱（大）【レベル5_ローラン】2F　候補6	01	4	7121	儀式素材【アンコモンC】レベル2	0x40001BD1	0xB0001BD1	3	100	0	52901200	52901200
201252160	宝箱（大）【レベル5_ローラン】2F　候補7	01	4	7121	儀式素材【アンコモンC】レベル2	0x40001BD1	0xB0001BD1	2	100	0	52901200	52901200
201252170	宝箱（大）【レベル5_ローラン】2F　候補8	01	4	7110	儀式素材【アンコモンB】レベル1	0x40001BC6	0xB0001BC6	1	100	0	52901200	52901200
201252180	宝箱（大）【レベル5_ローラン】2F　候補9	01	8	80320				1	100	0	52901200	52901200
201252190	宝箱（大）【レベル5_ローラン】2F　候補10	01	8	80321				1	100	0	52901200	52901200
201252200	宝箱（大）【レベル5_ローラン】3F　候補1	01	4	7004	儀式素材【コモンA】レベル5	0x40001B5C	0xB0001B5C	9	100	0	52901200	52901200
201252210	宝箱（大）【レベル5_ローラン】3F　候補2	01	4	7014	儀式素材【コモンB】レベル5	0x40001B66	0xB0001B66	9	100	0	52901200	52901200
201252220	宝箱（大）【レベル5_ローラン】3F　候補3	01	4	7140	儀式素材【アンコモンE】レベル1	0x40001BE4	0xB0001BE4	4	100	0	52901200	52901200
201252230	宝箱（大）【レベル5_ローラン】3F　候補4	01	4	7140	儀式素材【アンコモンE】レベル1	0x40001BE4	0xB0001BE4	4	100	0	52901200	52901200
201252240	宝箱（大）【レベル5_ローラン】3F　候補5	01	4	7140	儀式素材【アンコモンE】レベル1	0x40001BE4	0xB0001BE4	3	100	0	52901200	52901200
201252250	宝箱（大）【レベル5_ローラン】3F　候補6	01	4	7121	儀式素材【アンコモンC】レベル2	0x40001BD1	0xB0001BD1	6	100	0	52901200	52901200
201252260	宝箱（大）【レベル5_ローラン】3F　候補7	01	4	7121	儀式素材【アンコモンC】レベル2	0x40001BD1	0xB0001BD1	3	100	0	52901200	52901200
201252270	宝箱（大）【レベル5_ローラン】3F　候補8	01	4	7110	儀式素材【アンコモンB】レベル1	0x40001BC6	0xB0001BC6	2	100	0	52901200	52901200
201252280	宝箱（大）【レベル5_ローラン】3F　候補9	01	4	7110	儀式素材【アンコモンB】レベル1	0x40001BC6	0xB0001BC6	2	100	0	52901200	52901200
201252290	宝箱（大）【レベル5_ローラン】3F　候補10	01	8	80321				1	100	0	52901200	52901200
201252300	宝箱（大）【レベル5_ローラン】4F　候補1	01	4	7004	儀式素材【コモンA】レベル5	0x40001B5C	0xB0001B5C	12	100	0	52901200	52901200
201252310	宝箱（大）【レベル5_ローラン】4F　候補2	01	4	7014	儀式素材【コモンB】レベル5	0x40001B66	0xB0001B66	12	100	0	52901200	52901200
201252320	宝箱（大）【レベル5_ローラン】4F　候補3	01	4	7140	儀式素材【アンコモンE】レベル1	0x40001BE4	0xB0001BE4	6	100	0	52901200	52901200
201252330	宝箱（大）【レベル5_ローラン】4F　候補4	01	4	7140	儀式素材【アンコモンE】レベル1	0x40001BE4	0xB0001BE4	6	100	0	52901200	52901200
201252340	宝箱（大）【レベル5_ローラン】4F　候補5	01	4	7140	儀式素材【アンコモンE】レベル1	0x40001BE4	0xB0001BE4	5	100	0	52901200	52901200
201252350	宝箱（大）【レベル5_ローラン】4F　候補6	01	4	7121	儀式素材【アンコモンC】レベル2	0x40001BD1	0xB0001BD1	9	100	0	52901200	52901200
201252360	宝箱（大）【レベル5_ローラン】4F　候補7	01	4	7121	儀式素材【アンコモンC】レベル2	0x40001BD1	0xB0001BD1	5	100	0	52901200	52901200
201252370	宝箱（大）【レベル5_ローラン】4F　候補8	01	4	7110	儀式素材【アンコモンB】レベル1	0x40001BC6	0xB0001BC6	2	100	0	52901200	52901200
201252380	宝箱（大）【レベル5_ローラン】4F　候補9	01	4	7110	儀式素材【アンコモンB】レベル1	0x40001BC6	0xB0001BC6	2	100	0	52901200	52901200
201252390	宝箱（大）【レベル5_ローラン】4F　候補10	01	8	80340				1	100	0	52901200	52901200
201253000	宝箱（大）【レベル5_イズ】1F　候補1	01	4	7004	儀式素材【コモンA】レベル5	0x40001B5C	0xB0001B5C	2	100	0	52901200	52901200
201253010	宝箱（大）【レベル5_イズ】1F　候補2	01	4	7004	儀式素材【コモンA】レベル5	0x40001B5C	0xB0001B5C	2	100	0	52901200	52901200
201253020	宝箱（大）【レベル5_イズ】1F　候補3	01	4	7004	儀式素材【コモンA】レベル5	0x40001B5C	0xB0001B5C	2	100	0	52901200	52901200
201253030	宝箱（大）【レベル5_イズ】1F　候補4	01	4	7004	儀式素材【コモンA】レベル5	0x40001B5C	0xB0001B5C	2	100	0	52901200	52901200
201253040	宝箱（大）【レベル5_イズ】1F　候補5	01	4	7004	儀式素材【コモンA】レベル5	0x40001B5C	0xB0001B5C	2	100	0	52901200	52901200
201253050	宝箱（大）【レベル5_イズ】1F　候補6	01	4	7004	儀式素材【コモンA】レベル5	0x40001B5C	0xB0001B5C	2	100	0	52901200	52901200
201253060	宝箱（大）【レベル5_イズ】1F　候補7	01	4	7004	儀式素材【コモンA】レベル5	0x40001B5C	0xB0001B5C	1	100	0	52901200	52901200
201253070	宝箱（大）【レベル5_イズ】1F　候補8	01	4	7004	儀式素材【コモンA】レベル5	0x40001B5C	0xB0001B5C	1	100	0	52901200	52901200
201253080	宝箱（大）【レベル5_イズ】1F　候補9	01	8	80410				1	100	0	52901200	52901200
201253090	宝箱（大）【レベル5_イズ】1F　候補10	01	8	80410				1	100	0	52901200	52901200
201253100	宝箱（大）【レベル5_イズ】2F　候補1	01	4	7004	儀式素材【コモンA】レベル5	0x40001B5C	0xB0001B5C	4	100	0	52901200	52901200
201253110	宝箱（大）【レベル5_イズ】2F　候補2	01	4	7100	儀式素材【アンコモンA】レベル1	0x40001BBC	0xB0001BBC	6	100	0	52901200	52901200
201253120	宝箱（大）【レベル5_イズ】2F　候補3	01	4	7100	儀式素材【アンコモンA】レベル1	0x40001BBC	0xB0001BBC	4	100	0	52901200	52901200
201253130	宝箱（大）【レベル5_イズ】2F　候補4	01	4	7024	儀式素材【コモンC】レベル5	0x40001B70	0xB0001B70	4	100	0	52901200	52901200
201253140	宝箱（大）【レベル5_イズ】2F　候補5	01	4	7131	儀式素材【アンコモンD】レベル2	0x40001BDB	0xB0001BDB	3	100	0	52901200	52901200
201253150	宝箱（大）【レベル5_イズ】2F　候補6	01	4	7140	儀式素材【アンコモンE】レベル1	0x40001BE4	0xB0001BE4	2	100	0	52901200	52901200
201253160	宝箱（大）【レベル5_イズ】2F　候補7	01	4	7121	儀式素材【アンコモンC】レベル2	0x40001BD1	0xB0001BD1	3	100	0	52901200	52901200
201253170	宝箱（大）【レベル5_イズ】2F　候補8	01	4	7121	儀式素材【アンコモンC】レベル2	0x40001BD1	0xB0001BD1	2	100	0	52901200	52901200
201253180	宝箱（大）【レベル5_イズ】2F　候補9	01	8	80420				1	100	0	52901200	52901200
201253190	宝箱（大）【レベル5_イズ】2F　候補10	01	8	80420				1	100	0	52901200	52901200
201253200	宝箱（大）【レベル5_イズ】3F　候補1	01	4	7004	儀式素材【コモンA】レベル5	0x40001B5C	0xB0001B5C	9	100	0	52901200	52901200
201253210	宝箱（大）【レベル5_イズ】3F　候補2	01	4	7100	儀式素材【アンコモンA】レベル1	0x40001BBC	0xB0001BBC	9	100	0	52901200	52901200
201253220	宝箱（大）【レベル5_イズ】3F　候補3	01	4	7100	儀式素材【アンコモンA】レベル1	0x40001BBC	0xB0001BBC	6	100	0	52901200	52901200
201253230	宝箱（大）【レベル5_イズ】3F　候補4	01	4	7024	儀式素材【コモンC】レベル5	0x40001B70	0xB0001B70	6	100	0	52901200	52901200
201253240	宝箱（大）【レベル5_イズ】3F　候補5	01	4	7131	儀式素材【アンコモンD】レベル2	0x40001BDB	0xB0001BDB	3	100	0	52901200	52901200
201253250	宝箱（大）【レベル5_イズ】3F　候補6	01	4	7140	儀式素材【アンコモンE】レベル1	0x40001BE4	0xB0001BE4	4	100	0	52901200	52901200
201253260	宝箱（大）【レベル5_イズ】3F　候補7	01	4	7121	儀式素材【アンコモンC】レベル2	0x40001BD1	0xB0001BD1	6	100	0	52901200	52901200
201253270	宝箱（大）【レベル5_イズ】3F　候補8	01	4	7121	儀式素材【アンコモンC】レベル2	0x40001BD1	0xB0001BD1	3	100	0	52901200	52901200
201253280	宝箱（大）【レベル5_イズ】3F　候補9	01	4	7110	儀式素材【アンコモンB】レベル1	0x40001BC6	0xB0001BC6	1	100	0	52901200	52901200
201253290	宝箱（大）【レベル5_イズ】3F　候補10	01	8	80420				1	100	0	52901200	52901200
201253300	宝箱（大）【レベル5_イズ】4F　候補1	01	4	7004	儀式素材【コモンA】レベル5	0x40001B5C	0xB0001B5C	12	100	0	52901200	52901200
201253310	宝箱（大）【レベル5_イズ】4F　候補2	01	4	7100	儀式素材【アンコモンA】レベル1	0x40001BBC	0xB0001BBC	12	100	0	52901200	52901200
201253320	宝箱（大）【レベル5_イズ】4F　候補3	01	4	7100	儀式素材【アンコモンA】レベル1	0x40001BBC	0xB0001BBC	8	100	0	52901200	52901200
201253330	宝箱（大）【レベル5_イズ】4F　候補4	01	4	7024	儀式素材【コモンC】レベル5	0x40001B70	0xB0001B70	8	100	0	52901200	52901200
201253340	宝箱（大）【レベル5_イズ】4F　候補5	01	4	7131	儀式素材【アンコモンD】レベル2	0x40001BDB	0xB0001BDB	5	100	0	52901200	52901200
201253350	宝箱（大）【レベル5_イズ】4F　候補6	01	4	7140	儀式素材【アンコモンE】レベル1	0x40001BE4	0xB0001BE4	6	100	0	52901200	52901200
201253360	宝箱（大）【レベル5_イズ】4F　候補7	01	4	7121	儀式素材【アンコモンC】レベル2	0x40001BD1	0xB0001BD1	9	100	0	52901200	52901200
201253370	宝箱（大）【レベル5_イズ】4F　候補8	01	4	7121	儀式素材【アンコモンC】レベル2	0x40001BD1	0xB0001BD1	5	100	0	52901200	52901200
201253380	宝箱（大）【レベル5_イズ】4F　候補9	01	4	7110	儀式素材【アンコモンB】レベル1	0x40001BC6	0xB0001BC6	2	100	0	52901200	52901200
201253390	宝箱（大）【レベル5_イズ】4F　候補10	01	8	80440				1	100	0	52901200	52901200
201310000	宝箱（中）【レベル1_トゥメル】1F　候補1	01	4	7000	儀式素材【コモンA】レベル1	0x40001B58	0xB0001B58	2	100	0	52901300	52901300
201310010	宝箱（中）【レベル1_トゥメル】1F　候補2	01	4	7000	儀式素材【コモンA】レベル1	0x40001B58	0xB0001B58	2	100	0	52901300	52901300
201310020	宝箱（中）【レベル1_トゥメル】1F　候補3	01	4	7000	儀式素材【コモンA】レベル1	0x40001B58	0xB0001B58	2	100	0	52901300	52901300
201310030	宝箱（中）【レベル1_トゥメル】1F　候補4	01	4	7000	儀式素材【コモンA】レベル1	0x40001B58	0xB0001B58	1	100	0	52901300	52901300
201310040	宝箱（中）【レベル1_トゥメル】1F　候補5	01	4	7000	儀式素材【コモンA】レベル1	0x40001B58	0xB0001B58	1	100	0	52901300	52901300
201310050	宝箱（中）【レベル1_トゥメル】1F　候補6	01	4	7000	儀式素材【コモンA】レベル1	0x40001B58	0xB0001B58	1	100	0	52901300	52901300
201310060	宝箱（中）【レベル1_トゥメル】1F　候補7	01	4	7000	儀式素材【コモンA】レベル1	0x40001B58	0xB0001B58	1	100	0	52901300	52901300
201310070	宝箱（中）【レベル1_トゥメル】1F　候補8	01	4	7000	儀式素材【コモンA】レベル1	0x40001B58	0xB0001B58	1	100	0	52901300	52901300
201310080	宝箱（中）【レベル1_トゥメル】1F　候補9	01	4	7000	儀式素材【コモンA】レベル1	0x40001B58	0xB0001B58	1	100	0	52901300	52901300
201310090	宝箱（中）【レベル1_トゥメル】1F　候補10	01	8	80110				1	100	0	52901300	52901300
201310100	宝箱（中）【レベル1_トゥメル】2F　候補1	01	4	7000	儀式素材【コモンA】レベル1	0x40001B58	0xB0001B58	2	100	0	52901300	52901300
201310110	宝箱（中）【レベル1_トゥメル】2F　候補2	01	4	7001	儀式素材【コモンA】レベル2	0x40001B59	0xB0001B59	2	100	0	52901300	52901300
201310120	宝箱（中）【レベル1_トゥメル】2F　候補3	01	4	7001	儀式素材【コモンA】レベル2	0x40001B59	0xB0001B59	2	100	0	52901300	52901300
201310130	宝箱（中）【レベル1_トゥメル】2F　候補4	01	4	7001	儀式素材【コモンA】レベル2	0x40001B59	0xB0001B59	1	100	0	52901300	52901300
201310140	宝箱（中）【レベル1_トゥメル】2F　候補5	01	4	7001	儀式素材【コモンA】レベル2	0x40001B59	0xB0001B59	1	100	0	52901300	52901300
201310150	宝箱（中）【レベル1_トゥメル】2F　候補6	01	4	7020	儀式素材【コモンC】レベル1	0x40001B6C	0xB0001B6C	2	100	0	52901300	52901300
201310160	宝箱（中）【レベル1_トゥメル】2F　候補7	01	4	7020	儀式素材【コモンC】レベル1	0x40001B6C	0xB0001B6C	2	100	0	52901300	52901300
201310170	宝箱（中）【レベル1_トゥメル】2F　候補8	01	4	7020	儀式素材【コモンC】レベル1	0x40001B6C	0xB0001B6C	1	100	0	52901300	52901300
201310180	宝箱（中）【レベル1_トゥメル】2F　候補9	01	4	7020	儀式素材【コモンC】レベル1	0x40001B6C	0xB0001B6C	1	100	0	52901300	52901300
201310190	宝箱（中）【レベル1_トゥメル】2F　候補10	01	8	80120				1	100	0	52901300	52901300
201310200	宝箱（中）【レベル1_トゥメル】3F　候補1	01	4	7000	儀式素材【コモンA】レベル1	0x40001B58	0xB0001B58	4	100	0	52901300	52901300
201310210	宝箱（中）【レベル1_トゥメル】3F　候補2	01	4	7001	儀式素材【コモンA】レベル2	0x40001B59	0xB0001B59	4	100	0	52901300	52901300
201310220	宝箱（中）【レベル1_トゥメル】3F　候補3	01	4	7001	儀式素材【コモンA】レベル2	0x40001B59	0xB0001B59	4	100	0	52901300	52901300
201310230	宝箱（中）【レベル1_トゥメル】3F　候補4	01	4	7001	儀式素材【コモンA】レベル2	0x40001B59	0xB0001B59	3	100	0	52901300	52901300
201310240	宝箱（中）【レベル1_トゥメル】3F　候補5	01	4	7001	儀式素材【コモンA】レベル2	0x40001B59	0xB0001B59	3	100	0	52901300	52901300
201310250	宝箱（中）【レベル1_トゥメル】3F　候補6	01	4	7020	儀式素材【コモンC】レベル1	0x40001B6C	0xB0001B6C	4	100	0	52901300	52901300
201310260	宝箱（中）【レベル1_トゥメル】3F　候補7	01	4	7020	儀式素材【コモンC】レベル1	0x40001B6C	0xB0001B6C	4	100	0	52901300	52901300
201310270	宝箱（中）【レベル1_トゥメル】3F　候補8	01	4	7020	儀式素材【コモンC】レベル1	0x40001B6C	0xB0001B6C	3	100	0	52901300	52901300
201310280	宝箱（中）【レベル1_トゥメル】3F　候補9	01	4	7020	儀式素材【コモンC】レベル1	0x40001B6C	0xB0001B6C	2	100	0	52901300	52901300
201310290	宝箱（中）【レベル1_トゥメル】3F　候補10	01	8	80120				1	100	0	52901300	52901300
201310300	宝箱（中）【レベル1_トゥメル】4F　候補1	01	4	7000	儀式素材【コモンA】レベル1	0x40001B58	0xB0001B58	6	100	0	52901300	52901300
201310310	宝箱（中）【レベル1_トゥメル】4F　候補2	01	4	7001	儀式素材【コモンA】レベル2	0x40001B59	0xB0001B59	6	100	0	52901300	52901300
201310320	宝箱（中）【レベル1_トゥメル】4F　候補3	01	4	7001	儀式素材【コモンA】レベル2	0x40001B59	0xB0001B59	6	100	0	52901300	52901300
201310330	宝箱（中）【レベル1_トゥメル】4F　候補4	01	4	7001	儀式素材【コモンA】レベル2	0x40001B59	0xB0001B59	5	100	0	52901300	52901300
201310340	宝箱（中）【レベル1_トゥメル】4F　候補5	01	4	7001	儀式素材【コモンA】レベル2	0x40001B59	0xB0001B59	5	100	0	52901300	52901300
201310350	宝箱（中）【レベル1_トゥメル】4F　候補6	01	4	7020	儀式素材【コモンC】レベル1	0x40001B6C	0xB0001B6C	6	100	0	52901300	52901300
201310360	宝箱（中）【レベル1_トゥメル】4F　候補7	01	4	7020	儀式素材【コモンC】レベル1	0x40001B6C	0xB0001B6C	6	100	0	52901300	52901300
201310370	宝箱（中）【レベル1_トゥメル】4F　候補8	01	4	7020	儀式素材【コモンC】レベル1	0x40001B6C	0xB0001B6C	5	100	0	52901300	52901300
201310380	宝箱（中）【レベル1_トゥメル】4F　候補9	01	4	7020	儀式素材【コモンC】レベル1	0x40001B6C	0xB0001B6C	3	100	0	52901300	52901300
201310390	宝箱（中）【レベル1_トゥメル】4F　候補10	01	8	80140				1	100	0	52901300	52901300
201320000	宝箱（中）【レベル2_トゥメル】1F　候補1	01	4	7001	儀式素材【コモンA】レベル2	0x40001B59	0xB0001B59	2	100	0	52901300	52901300
201320010	宝箱（中）【レベル2_トゥメル】1F　候補2	01	4	7001	儀式素材【コモンA】レベル2	0x40001B59	0xB0001B59	2	100	0	52901300	52901300
201320020	宝箱（中）【レベル2_トゥメル】1F　候補3	01	4	7001	儀式素材【コモンA】レベル2	0x40001B59	0xB0001B59	2	100	0	52901300	52901300
201320030	宝箱（中）【レベル2_トゥメル】1F　候補4	01	4	7001	儀式素材【コモンA】レベル2	0x40001B59	0xB0001B59	1	100	0	52901300	52901300
201320040	宝箱（中）【レベル2_トゥメル】1F　候補5	01	4	7001	儀式素材【コモンA】レベル2	0x40001B59	0xB0001B59	1	100	0	52901300	52901300
201320050	宝箱（中）【レベル2_トゥメル】1F　候補6	01	4	7001	儀式素材【コモンA】レベル2	0x40001B59	0xB0001B59	1	100	0	52901300	52901300
201320060	宝箱（中）【レベル2_トゥメル】1F　候補7	01	4	7001	儀式素材【コモンA】レベル2	0x40001B59	0xB0001B59	1	100	0	52901300	52901300
201320070	宝箱（中）【レベル2_トゥメル】1F　候補8	01	4	7001	儀式素材【コモンA】レベル2	0x40001B59	0xB0001B59	1	100	0	52901300	52901300
201320080	宝箱（中）【レベル2_トゥメル】1F　候補9	01	4	7001	儀式素材【コモンA】レベル2	0x40001B59	0xB0001B59	1	100	0	52901300	52901300
201320090	宝箱（中）【レベル2_トゥメル】1F　候補10	01	8	80110				1	100	0	52901300	52901300
201320100	宝箱（中）【レベル2_トゥメル】2F　候補1	01	4	7001	儀式素材【コモンA】レベル2	0x40001B59	0xB0001B59	4	100	0	52901300	52901300
201320110	宝箱（中）【レベル2_トゥメル】2F　候補2	01	4	7002	儀式素材【コモンA】レベル3	0x40001B5A	0xB0001B5A	2	100	0	52901300	52901300
201320120	宝箱（中）【レベル2_トゥメル】2F　候補3	01	4	7002	儀式素材【コモンA】レベル3	0x40001B5A	0xB0001B5A	2	100	0	52901300	52901300
201320130	宝箱（中）【レベル2_トゥメル】2F　候補4	01	4	7002	儀式素材【コモンA】レベル3	0x40001B5A	0xB0001B5A	1	100	0	52901300	52901300
201320140	宝箱（中）【レベル2_トゥメル】2F　候補5	01	4	7002	儀式素材【コモンA】レベル3	0x40001B5A	0xB0001B5A	1	100	0	52901300	52901300
201320150	宝箱（中）【レベル2_トゥメル】2F　候補6	01	4	7021	儀式素材【コモンC】レベル2	0x40001B6D	0xB0001B6D	2	100	0	52901300	52901300
201320160	宝箱（中）【レベル2_トゥメル】2F　候補7	01	4	7021	儀式素材【コモンC】レベル2	0x40001B6D	0xB0001B6D	2	100	0	52901300	52901300
201320170	宝箱（中）【レベル2_トゥメル】2F　候補8	01	4	7021	儀式素材【コモンC】レベル2	0x40001B6D	0xB0001B6D	1	100	0	52901300	52901300
201320180	宝箱（中）【レベル2_トゥメル】2F　候補9	01	4	7021	儀式素材【コモンC】レベル2	0x40001B6D	0xB0001B6D	1	100	0	52901300	52901300
201320190	宝箱（中）【レベル2_トゥメル】2F　候補10	01	8	80120				1	100	0	52901300	52901300
201320200	宝箱（中）【レベル2_トゥメル】3F　候補1	01	4	7001	儀式素材【コモンA】レベル2	0x40001B59	0xB0001B59	6	100	0	52901300	52901300
201320210	宝箱（中）【レベル2_トゥメル】3F　候補2	01	4	7002	儀式素材【コモンA】レベル3	0x40001B5A	0xB0001B5A	4	100	0	52901300	52901300
201320220	宝箱（中）【レベル2_トゥメル】3F　候補3	01	4	7002	儀式素材【コモンA】レベル3	0x40001B5A	0xB0001B5A	4	100	0	52901300	52901300
201320230	宝箱（中）【レベル2_トゥメル】3F　候補4	01	4	7002	儀式素材【コモンA】レベル3	0x40001B5A	0xB0001B5A	3	100	0	52901300	52901300
201320240	宝箱（中）【レベル2_トゥメル】3F　候補5	01	4	7002	儀式素材【コモンA】レベル3	0x40001B5A	0xB0001B5A	2	100	0	52901300	52901300
201320250	宝箱（中）【レベル2_トゥメル】3F　候補6	01	4	7021	儀式素材【コモンC】レベル2	0x40001B6D	0xB0001B6D	4	100	0	52901300	52901300
201320260	宝箱（中）【レベル2_トゥメル】3F　候補7	01	4	7021	儀式素材【コモンC】レベル2	0x40001B6D	0xB0001B6D	4	100	0	52901300	52901300
201320270	宝箱（中）【レベル2_トゥメル】3F　候補8	01	4	7021	儀式素材【コモンC】レベル2	0x40001B6D	0xB0001B6D	3	100	0	52901300	52901300
201320280	宝箱（中）【レベル2_トゥメル】3F　候補9	01	4	7021	儀式素材【コモンC】レベル2	0x40001B6D	0xB0001B6D	3	100	0	52901300	52901300
201320290	宝箱（中）【レベル2_トゥメル】3F　候補10	01	8	80120				1	100	0	52901300	52901300
201320300	宝箱（中）【レベル2_トゥメル】4F　候補1	01	4	7001	儀式素材【コモンA】レベル2	0x40001B59	0xB0001B59	8	100	0	52901300	52901300
201320310	宝箱（中）【レベル2_トゥメル】4F　候補2	01	4	7002	儀式素材【コモンA】レベル3	0x40001B5A	0xB0001B5A	6	100	0	52901300	52901300
201320320	宝箱（中）【レベル2_トゥメル】4F　候補3	01	4	7002	儀式素材【コモンA】レベル3	0x40001B5A	0xB0001B5A	6	100	0	52901300	52901300
201320330	宝箱（中）【レベル2_トゥメル】4F　候補4	01	4	7002	儀式素材【コモンA】レベル3	0x40001B5A	0xB0001B5A	5	100	0	52901300	52901300
201320340	宝箱（中）【レベル2_トゥメル】4F　候補5	01	4	7002	儀式素材【コモンA】レベル3	0x40001B5A	0xB0001B5A	5	100	0	52901300	52901300
201320350	宝箱（中）【レベル2_トゥメル】4F　候補6	01	4	7021	儀式素材【コモンC】レベル2	0x40001B6D	0xB0001B6D	6	100	0	52901300	52901300
201320360	宝箱（中）【レベル2_トゥメル】4F　候補7	01	4	7021	儀式素材【コモンC】レベル2	0x40001B6D	0xB0001B6D	6	100	0	52901300	52901300
201320370	宝箱（中）【レベル2_トゥメル】4F　候補8	01	4	7021	儀式素材【コモンC】レベル2	0x40001B6D	0xB0001B6D	5	100	0	52901300	52901300
201320380	宝箱（中）【レベル2_トゥメル】4F　候補9	01	4	7021	儀式素材【コモンC】レベル2	0x40001B6D	0xB0001B6D	5	100	0	52901300	52901300
201320390	宝箱（中）【レベル2_トゥメル】4F　候補10	01	8	80140				1	100	0	52901300	52901300
201321000	宝箱（中）【レベル2_僻墓】1F　候補1	01	4	7001	儀式素材【コモンA】レベル2	0x40001B59	0xB0001B59	2	100	0	52901300	52901300
201321010	宝箱（中）【レベル2_僻墓】1F　候補2	01	4	7001	儀式素材【コモンA】レベル2	0x40001B59	0xB0001B59	2	100	0	52901300	52901300
201321020	宝箱（中）【レベル2_僻墓】1F　候補3	01	4	7001	儀式素材【コモンA】レベル2	0x40001B59	0xB0001B59	2	100	0	52901300	52901300
201321030	宝箱（中）【レベル2_僻墓】1F　候補4	01	4	7001	儀式素材【コモンA】レベル2	0x40001B59	0xB0001B59	1	100	0	52901300	52901300
201321040	宝箱（中）【レベル2_僻墓】1F　候補5	01	4	7001	儀式素材【コモンA】レベル2	0x40001B59	0xB0001B59	1	100	0	52901300	52901300
201321050	宝箱（中）【レベル2_僻墓】1F　候補6	01	4	7001	儀式素材【コモンA】レベル2	0x40001B59	0xB0001B59	1	100	0	52901300	52901300
201321060	宝箱（中）【レベル2_僻墓】1F　候補7	01	4	7001	儀式素材【コモンA】レベル2	0x40001B59	0xB0001B59	1	100	0	52901300	52901300
201321070	宝箱（中）【レベル2_僻墓】1F　候補8	01	4	7001	儀式素材【コモンA】レベル2	0x40001B59	0xB0001B59	1	100	0	52901300	52901300
201321080	宝箱（中）【レベル2_僻墓】1F　候補9	01	4	7001	儀式素材【コモンA】レベル2	0x40001B59	0xB0001B59	1	100	0	52901300	52901300
201321090	宝箱（中）【レベル2_僻墓】1F　候補10	01	8	80210				1	100	0	52901300	52901300
201321100	宝箱（中）【レベル2_僻墓】2F　候補1	01	4	7001	儀式素材【コモンA】レベル2	0x40001B59	0xB0001B59	2	100	0	52901300	52901300
201321110	宝箱（中）【レベル2_僻墓】2F　候補2	01	4	7002	儀式素材【コモンA】レベル3	0x40001B5A	0xB0001B5A	2	100	0	52901300	52901300
201321120	宝箱（中）【レベル2_僻墓】2F　候補3	01	4	7021	儀式素材【コモンC】レベル2	0x40001B6D	0xB0001B6D	4	100	0	52901300	52901300
201321130	宝箱（中）【レベル2_僻墓】2F　候補4	01	4	7021	儀式素材【コモンC】レベル2	0x40001B6D	0xB0001B6D	4	100	0	52901300	52901300
201321140	宝箱（中）【レベル2_僻墓】2F　候補5	01	4	7021	儀式素材【コモンC】レベル2	0x40001B6D	0xB0001B6D	3	100	0	52901300	52901300
201321150	宝箱（中）【レベル2_僻墓】2F　候補6	01	4	7150	儀式素材【アンコモンF】レベル1	0x40001BEE	0xB0001BEE	2	100	0	52901300	52901300
201321160	宝箱（中）【レベル2_僻墓】2F　候補7	01	4	7150	儀式素材【アンコモンF】レベル1	0x40001BEE	0xB0001BEE	1	100	0	52901300	52901300
201321170	宝箱（中）【レベル2_僻墓】2F　候補8	01	4	7150	儀式素材【アンコモンF】レベル1	0x40001BEE	0xB0001BEE	1	100	0	52901300	52901300
201321180	宝箱（中）【レベル2_僻墓】2F　候補9	01	4	7120	儀式素材【アンコモンC】レベル1	0x40001BD0	0xB0001BD0	1	100	0	52901300	52901300
201321190	宝箱（中）【レベル2_僻墓】2F　候補10	01	8	80220				1	100	0	52901300	52901300
201321200	宝箱（中）【レベル2_僻墓】3F　候補1	01	4	7001	儀式素材【コモンA】レベル2	0x40001B59	0xB0001B59	1	100	0	52901300	52901300
201321210	宝箱（中）【レベル2_僻墓】3F　候補2	01	4	7002	儀式素材【コモンA】レベル3	0x40001B5A	0xB0001B5A	3	100	0	52901300	52901300
201321220	宝箱（中）【レベル2_僻墓】3F　候補3	01	4	7002	儀式素材【コモンA】レベル3	0x40001B5A	0xB0001B5A	1	100	0	52901300	52901300
201321230	宝箱（中）【レベル2_僻墓】3F　候補4	01	4	7021	儀式素材【コモンC】レベル2	0x40001B6D	0xB0001B6D	6	100	0	52901300	52901300
201321240	宝箱（中）【レベル2_僻墓】3F　候補5	01	4	7021	儀式素材【コモンC】レベル2	0x40001B6D	0xB0001B6D	5	100	0	52901300	52901300
201321250	宝箱（中）【レベル2_僻墓】3F　候補6	01	4	7150	儀式素材【アンコモンF】レベル1	0x40001BEE	0xB0001BEE	4	100	0	52901300	52901300
201321260	宝箱（中）【レベル2_僻墓】3F　候補7	01	4	7150	儀式素材【アンコモンF】レベル1	0x40001BEE	0xB0001BEE	3	100	0	52901300	52901300
201321270	宝箱（中）【レベル2_僻墓】3F　候補8	01	4	7150	儀式素材【アンコモンF】レベル1	0x40001BEE	0xB0001BEE	2	100	0	52901300	52901300
201321280	宝箱（中）【レベル2_僻墓】3F　候補9	01	4	7120	儀式素材【アンコモンC】レベル1	0x40001BD0	0xB0001BD0	1	100	0	52901300	52901300
201321290	宝箱（中）【レベル2_僻墓】3F　候補10	01	8	80220				1	100	0	52901300	52901300
201321300	宝箱（中）【レベル2_僻墓】4F　候補1	01	4	7001	儀式素材【コモンA】レベル2	0x40001B59	0xB0001B59	8	100	0	52901300	52901300
201321310	宝箱（中）【レベル2_僻墓】4F　候補2	01	4	7002	儀式素材【コモンA】レベル3	0x40001B5A	0xB0001B5A	5	100	0	52901300	52901300
201321320	宝箱（中）【レベル2_僻墓】4F　候補3	01	4	7021	儀式素材【コモンC】レベル2	0x40001B6D	0xB0001B6D	8	100	0	52901300	52901300
201321330	宝箱（中）【レベル2_僻墓】4F　候補4	01	4	7021	儀式素材【コモンC】レベル2	0x40001B6D	0xB0001B6D	8	100	0	52901300	52901300
201321340	宝箱（中）【レベル2_僻墓】4F　候補5	01	4	7021	儀式素材【コモンC】レベル2	0x40001B6D	0xB0001B6D	7	100	0	52901300	52901300
201321350	宝箱（中）【レベル2_僻墓】4F　候補6	01	4	7150	儀式素材【アンコモンF】レベル1	0x40001BEE	0xB0001BEE	6	100	0	52901300	52901300
201321360	宝箱（中）【レベル2_僻墓】4F　候補7	01	4	7150	儀式素材【アンコモンF】レベル1	0x40001BEE	0xB0001BEE	5	100	0	52901300	52901300
201321370	宝箱（中）【レベル2_僻墓】4F　候補8	01	4	7150	儀式素材【アンコモンF】レベル1	0x40001BEE	0xB0001BEE	5	100	0	52901300	52901300
201321380	宝箱（中）【レベル2_僻墓】4F　候補9	01	4	7120	儀式素材【アンコモンC】レベル1	0x40001BD0	0xB0001BD0	2	100	0	52901300	52901300
201321390	宝箱（中）【レベル2_僻墓】4F　候補10	01	8	80240				1	100	0	52901300	52901300
201330000	宝箱（中）【レベル3_トゥメル】1F　候補1	01	4	7002	儀式素材【コモンA】レベル3	0x40001B5A	0xB0001B5A	2	100	0	52901300	52901300
201330010	宝箱（中）【レベル3_トゥメル】1F　候補2	01	4	7002	儀式素材【コモンA】レベル3	0x40001B5A	0xB0001B5A	2	100	0	52901300	52901300
201330020	宝箱（中）【レベル3_トゥメル】1F　候補3	01	4	7002	儀式素材【コモンA】レベル3	0x40001B5A	0xB0001B5A	2	100	0	52901300	52901300
201330030	宝箱（中）【レベル3_トゥメル】1F　候補4	01	4	7002	儀式素材【コモンA】レベル3	0x40001B5A	0xB0001B5A	1	100	0	52901300	52901300
201330040	宝箱（中）【レベル3_トゥメル】1F　候補5	01	4	7002	儀式素材【コモンA】レベル3	0x40001B5A	0xB0001B5A	1	100	0	52901300	52901300
201330050	宝箱（中）【レベル3_トゥメル】1F　候補6	01	4	7002	儀式素材【コモンA】レベル3	0x40001B5A	0xB0001B5A	1	100	0	52901300	52901300
201330060	宝箱（中）【レベル3_トゥメル】1F　候補7	01	4	7002	儀式素材【コモンA】レベル3	0x40001B5A	0xB0001B5A	1	100	0	52901300	52901300
201330070	宝箱（中）【レベル3_トゥメル】1F　候補8	01	4	7002	儀式素材【コモンA】レベル3	0x40001B5A	0xB0001B5A	1	100	0	52901300	52901300
201330080	宝箱（中）【レベル3_トゥメル】1F　候補9	01	4	7002	儀式素材【コモンA】レベル3	0x40001B5A	0xB0001B5A	1	100	0	52901300	52901300
201330090	宝箱（中）【レベル3_トゥメル】1F　候補10	01	8	80110				1	100	0	52901300	52901300
201330100	宝箱（中）【レベル3_トゥメル】2F　候補1	01	4	7002	儀式素材【コモンA】レベル3	0x40001B5A	0xB0001B5A	3	100	0	52901300	52901300
201330110	宝箱（中）【レベル3_トゥメル】2F　候補2	01	4	7003	儀式素材【コモンA】レベル4	0x40001B5B	0xB0001B5B	2	100	0	52901300	52901300
201330120	宝箱（中）【レベル3_トゥメル】2F　候補3	01	4	7003	儀式素材【コモンA】レベル4	0x40001B5B	0xB0001B5B	2	100	0	52901300	52901300
201330130	宝箱（中）【レベル3_トゥメル】2F　候補4	01	4	7003	儀式素材【コモンA】レベル4	0x40001B5B	0xB0001B5B	1	100	0	52901300	52901300
201330140	宝箱（中）【レベル3_トゥメル】2F　候補5	01	4	7022	儀式素材【コモンC】レベル3	0x40001B6E	0xB0001B6E	4	100	0	52901300	52901300
201330150	宝箱（中）【レベル3_トゥメル】2F　候補6	01	4	7022	儀式素材【コモンC】レベル3	0x40001B6E	0xB0001B6E	2	100	0	52901300	52901300
201330160	宝箱（中）【レベル3_トゥメル】2F　候補7	01	4	7120	儀式素材【アンコモンC】レベル1	0x40001BD0	0xB0001BD0	1	100	0	52901300	52901300
201330170	宝箱（中）【レベル3_トゥメル】2F　候補8	01	4	7120	儀式素材【アンコモンC】レベル1	0x40001BD0	0xB0001BD0	1	100	0	52901300	52901300
201330180	宝箱（中）【レベル3_トゥメル】2F　候補9	01	4	7130	儀式素材【アンコモンD】レベル1	0x40001BDA	0xB0001BDA	1	100	0	52901300	52901300
201330190	宝箱（中）【レベル3_トゥメル】2F　候補10	01	8	80120				1	100	0	52901300	52901300
201330200	宝箱（中）【レベル3_トゥメル】3F　候補1	01	4	7002	儀式素材【コモンA】レベル3	0x40001B5A	0xB0001B5A	6	100	0	52901300	52901300
201330210	宝箱（中）【レベル3_トゥメル】3F　候補2	01	4	7003	儀式素材【コモンA】レベル4	0x40001B5B	0xB0001B5B	4	100	0	52901300	52901300
201330220	宝箱（中）【レベル3_トゥメル】3F　候補3	01	4	7003	儀式素材【コモンA】レベル4	0x40001B5B	0xB0001B5B	3	100	0	52901300	52901300
201330230	宝箱（中）【レベル3_トゥメル】3F　候補4	01	4	7003	儀式素材【コモンA】レベル4	0x40001B5B	0xB0001B5B	1	100	0	52901300	52901300
201330240	宝箱（中）【レベル3_トゥメル】3F　候補5	01	4	7022	儀式素材【コモンC】レベル3	0x40001B6E	0xB0001B6E	4	100	0	52901300	52901300
201330250	宝箱（中）【レベル3_トゥメル】3F　候補6	01	4	7022	儀式素材【コモンC】レベル3	0x40001B6E	0xB0001B6E	4	100	0	52901300	52901300
201330260	宝箱（中）【レベル3_トゥメル】3F　候補7	01	4	7120	儀式素材【アンコモンC】レベル1	0x40001BD0	0xB0001BD0	2	100	0	52901300	52901300
201330270	宝箱（中）【レベル3_トゥメル】3F　候補8	01	4	7120	儀式素材【アンコモンC】レベル1	0x40001BD0	0xB0001BD0	1	100	0	52901300	52901300
201330280	宝箱（中）【レベル3_トゥメル】3F　候補9	01	4	7130	儀式素材【アンコモンD】レベル1	0x40001BDA	0xB0001BDA	1	100	0	52901300	52901300
201330290	宝箱（中）【レベル3_トゥメル】3F　候補10	01	8	80120				1	100	0	52901300	52901300
201330300	宝箱（中）【レベル3_トゥメル】4F　候補1	01	4	7002	儀式素材【コモンA】レベル3	0x40001B5A	0xB0001B5A	8	100	0	52901300	52901300
201330310	宝箱（中）【レベル3_トゥメル】4F　候補2	01	4	7003	儀式素材【コモンA】レベル4	0x40001B5B	0xB0001B5B	6	100	0	52901300	52901300
201330320	宝箱（中）【レベル3_トゥメル】4F　候補3	01	4	7003	儀式素材【コモンA】レベル4	0x40001B5B	0xB0001B5B	3	100	0	52901300	52901300
201330330	宝箱（中）【レベル3_トゥメル】4F　候補4	01	4	7003	儀式素材【コモンA】レベル4	0x40001B5B	0xB0001B5B	1	100	0	52901300	52901300
201330340	宝箱（中）【レベル3_トゥメル】4F　候補5	01	4	7022	儀式素材【コモンC】レベル3	0x40001B6E	0xB0001B6E	6	100	0	52901300	52901300
201330350	宝箱（中）【レベル3_トゥメル】4F　候補6	01	4	7022	儀式素材【コモンC】レベル3	0x40001B6E	0xB0001B6E	6	100	0	52901300	52901300
201330360	宝箱（中）【レベル3_トゥメル】4F　候補7	01	4	7120	儀式素材【アンコモンC】レベル1	0x40001BD0	0xB0001BD0	2	100	0	52901300	52901300
201330370	宝箱（中）【レベル3_トゥメル】4F　候補8	01	4	7120	儀式素材【アンコモンC】レベル1	0x40001BD0	0xB0001BD0	1	100	0	52901300	52901300
201330380	宝箱（中）【レベル3_トゥメル】4F　候補9	01	4	7130	儀式素材【アンコモンD】レベル1	0x40001BDA	0xB0001BDA	2	100	0	52901300	52901300
201330390	宝箱（中）【レベル3_トゥメル】4F　候補10	01	8	80140				1	100	0	52901300	52901300
201331000	宝箱（中）【レベル3_僻墓】1F　候補1	01	4	7002	儀式素材【コモンA】レベル3	0x40001B5A	0xB0001B5A	2	100	0	52901300	52901300
201331010	宝箱（中）【レベル3_僻墓】1F　候補2	01	4	7002	儀式素材【コモンA】レベル3	0x40001B5A	0xB0001B5A	2	100	0	52901300	52901300
201331020	宝箱（中）【レベル3_僻墓】1F　候補3	01	4	7002	儀式素材【コモンA】レベル3	0x40001B5A	0xB0001B5A	2	100	0	52901300	52901300
201331030	宝箱（中）【レベル3_僻墓】1F　候補4	01	4	7002	儀式素材【コモンA】レベル3	0x40001B5A	0xB0001B5A	1	100	0	52901300	52901300
201331040	宝箱（中）【レベル3_僻墓】1F　候補5	01	4	7002	儀式素材【コモンA】レベル3	0x40001B5A	0xB0001B5A	1	100	0	52901300	52901300
201331050	宝箱（中）【レベル3_僻墓】1F　候補6	01	4	7002	儀式素材【コモンA】レベル3	0x40001B5A	0xB0001B5A	1	100	0	52901300	52901300
201331060	宝箱（中）【レベル3_僻墓】1F　候補7	01	4	7002	儀式素材【コモンA】レベル3	0x40001B5A	0xB0001B5A	1	100	0	52901300	52901300
201331070	宝箱（中）【レベル3_僻墓】1F　候補8	01	4	7002	儀式素材【コモンA】レベル3	0x40001B5A	0xB0001B5A	1	100	0	52901300	52901300
201331080	宝箱（中）【レベル3_僻墓】1F　候補9	01	4	7002	儀式素材【コモンA】レベル3	0x40001B5A	0xB0001B5A	1	100	0	52901300	52901300
201331090	宝箱（中）【レベル3_僻墓】1F　候補10	01	8	80210				1	100	0	52901300	52901300
201331100	宝箱（中）【レベル3_僻墓】2F　候補1	01	4	7002	儀式素材【コモンA】レベル3	0x40001B5A	0xB0001B5A	4	100	0	52901300	52901300
201331110	宝箱（中）【レベル3_僻墓】2F　候補2	01	4	7003	儀式素材【コモンA】レベル4	0x40001B5B	0xB0001B5B	1	100	0	52901300	52901300
201331120	宝箱（中）【レベル3_僻墓】2F　候補3	01	4	7022	儀式素材【コモンC】レベル3	0x40001B6E	0xB0001B6E	4	100	0	52901300	52901300
201331130	宝箱（中）【レベル3_僻墓】2F　候補4	01	4	7022	儀式素材【コモンC】レベル3	0x40001B6E	0xB0001B6E	2	100	0	52901300	52901300
201331140	宝箱（中）【レベル3_僻墓】2F　候補5	01	4	7150	儀式素材【アンコモンF】レベル1	0x40001BEE	0xB0001BEE	4	100	0	52901300	52901300
201331150	宝箱（中）【レベル3_僻墓】2F　候補6	01	4	7150	儀式素材【アンコモンF】レベル1	0x40001BEE	0xB0001BEE	1	100	0	52901300	52901300
201331160	宝箱（中）【レベル3_僻墓】2F　候補7	01	4	7150	儀式素材【アンコモンF】レベル1	0x40001BEE	0xB0001BEE	1	100	0	52901300	52901300
201331170	宝箱（中）【レベル3_僻墓】2F　候補8	01	4	7120	儀式素材【アンコモンC】レベル1	0x40001BD0	0xB0001BD0	1	100	0	52901300	52901300
201331180	宝箱（中）【レベル3_僻墓】2F　候補9	01	4	7130	儀式素材【アンコモンD】レベル1	0x40001BDA	0xB0001BDA	2	100	0	52901300	52901300
201331190	宝箱（中）【レベル3_僻墓】2F　候補10	01	8	80220				1	100	0	52901300	52901300
201331200	宝箱（中）【レベル3_僻墓】3F　候補1	01	4	7002	儀式素材【コモンA】レベル3	0x40001B5A	0xB0001B5A	6	100	0	52901300	52901300
201331210	宝箱（中）【レベル3_僻墓】3F　候補2	01	4	7003	儀式素材【コモンA】レベル4	0x40001B5B	0xB0001B5B	2	100	0	52901300	52901300
201331220	宝箱（中）【レベル3_僻墓】3F　候補3	01	4	7022	儀式素材【コモンC】レベル3	0x40001B6E	0xB0001B6E	6	100	0	52901300	52901300
201331230	宝箱（中）【レベル3_僻墓】3F　候補4	01	4	7022	儀式素材【コモンC】レベル3	0x40001B6E	0xB0001B6E	4	100	0	52901300	52901300
201331240	宝箱（中）【レベル3_僻墓】3F　候補5	01	4	7150	儀式素材【アンコモンF】レベル1	0x40001BEE	0xB0001BEE	4	100	0	52901300	52901300
201331250	宝箱（中）【レベル3_僻墓】3F　候補6	01	4	7150	儀式素材【アンコモンF】レベル1	0x40001BEE	0xB0001BEE	3	100	0	52901300	52901300
201331260	宝箱（中）【レベル3_僻墓】3F　候補7	01	4	7150	儀式素材【アンコモンF】レベル1	0x40001BEE	0xB0001BEE	3	100	0	52901300	52901300
201331270	宝箱（中）【レベル3_僻墓】3F　候補8	01	4	7120	儀式素材【アンコモンC】レベル1	0x40001BD0	0xB0001BD0	2	100	0	52901300	52901300
201331280	宝箱（中）【レベル3_僻墓】3F　候補9	01	4	7130	儀式素材【アンコモンD】レベル1	0x40001BDA	0xB0001BDA	3	100	0	52901300	52901300
201331290	宝箱（中）【レベル3_僻墓】3F　候補10	01	8	80220				1	100	0	52901300	52901300
201331300	宝箱（中）【レベル3_僻墓】4F　候補1	01	4	7002	儀式素材【コモンA】レベル3	0x40001B5A	0xB0001B5A	8	100	0	52901300	52901300
201331310	宝箱（中）【レベル3_僻墓】4F　候補2	01	4	7003	儀式素材【コモンA】レベル4	0x40001B5B	0xB0001B5B	5	100	0	52901300	52901300
201331320	宝箱（中）【レベル3_僻墓】4F　候補3	01	4	7022	儀式素材【コモンC】レベル3	0x40001B6E	0xB0001B6E	8	100	0	52901300	52901300
201331330	宝箱（中）【レベル3_僻墓】4F　候補4	01	4	7022	儀式素材【コモンC】レベル3	0x40001B6E	0xB0001B6E	6	100	0	52901300	52901300
201331340	宝箱（中）【レベル3_僻墓】4F　候補5	01	4	7150	儀式素材【アンコモンF】レベル1	0x40001BEE	0xB0001BEE	6	100	0	52901300	52901300
201331350	宝箱（中）【レベル3_僻墓】4F　候補6	01	4	7150	儀式素材【アンコモンF】レベル1	0x40001BEE	0xB0001BEE	5	100	0	52901300	52901300
201331360	宝箱（中）【レベル3_僻墓】4F　候補7	01	4	7150	儀式素材【アンコモンF】レベル1	0x40001BEE	0xB0001BEE	5	100	0	52901300	52901300
201331370	宝箱（中）【レベル3_僻墓】4F　候補8	01	4	7120	儀式素材【アンコモンC】レベル1	0x40001BD0	0xB0001BD0	4	100	0	52901300	52901300
201331380	宝箱（中）【レベル3_僻墓】4F　候補9	01	4	7130	儀式素材【アンコモンD】レベル1	0x40001BDA	0xB0001BDA	5	100	0	52901300	52901300
201331390	宝箱（中）【レベル3_僻墓】4F　候補10	01	8	80240				1	100	0	52901300	52901300
201340000	宝箱（中）【レベル4_トゥメル】1F　候補1	01	4	7003	儀式素材【コモンA】レベル4	0x40001B5B	0xB0001B5B	2	100	0	52901300	52901300
201340010	宝箱（中）【レベル4_トゥメル】1F　候補2	01	4	7003	儀式素材【コモンA】レベル4	0x40001B5B	0xB0001B5B	2	100	0	52901300	52901300
201340020	宝箱（中）【レベル4_トゥメル】1F　候補3	01	4	7003	儀式素材【コモンA】レベル4	0x40001B5B	0xB0001B5B	2	100	0	52901300	52901300
201340030	宝箱（中）【レベル4_トゥメル】1F　候補4	01	4	7003	儀式素材【コモンA】レベル4	0x40001B5B	0xB0001B5B	1	100	0	52901300	52901300
201340040	宝箱（中）【レベル4_トゥメル】1F　候補5	01	4	7003	儀式素材【コモンA】レベル4	0x40001B5B	0xB0001B5B	1	100	0	52901300	52901300
201340050	宝箱（中）【レベル4_トゥメル】1F　候補6	01	4	7003	儀式素材【コモンA】レベル4	0x40001B5B	0xB0001B5B	1	100	0	52901300	52901300
201340060	宝箱（中）【レベル4_トゥメル】1F　候補7	01	4	7003	儀式素材【コモンA】レベル4	0x40001B5B	0xB0001B5B	1	100	0	52901300	52901300
201340070	宝箱（中）【レベル4_トゥメル】1F　候補8	01	4	7003	儀式素材【コモンA】レベル4	0x40001B5B	0xB0001B5B	1	100	0	52901300	52901300
201340080	宝箱（中）【レベル4_トゥメル】1F　候補9	01	4	7003	儀式素材【コモンA】レベル4	0x40001B5B	0xB0001B5B	1	100	0	52901300	52901300
201340090	宝箱（中）【レベル4_トゥメル】1F　候補10	01	8	80110				1	100	0	52901300	52901300
201340100	宝箱（中）【レベル4_トゥメル】2F　候補1	01	4	7003	儀式素材【コモンA】レベル4	0x40001B5B	0xB0001B5B	4	100	0	52901300	52901300
201340110	宝箱（中）【レベル4_トゥメル】2F　候補2	01	4	7004	儀式素材【コモンA】レベル5	0x40001B5C	0xB0001B5C	2	100	0	52901300	52901300
201340120	宝箱（中）【レベル4_トゥメル】2F　候補3	01	4	7004	儀式素材【コモンA】レベル5	0x40001B5C	0xB0001B5C	2	100	0	52901300	52901300
201340130	宝箱（中）【レベル4_トゥメル】2F　候補4	01	4	7004	儀式素材【コモンA】レベル5	0x40001B5C	0xB0001B5C	1	100	0	52901300	52901300
201340140	宝箱（中）【レベル4_トゥメル】2F　候補5	01	4	7004	儀式素材【コモンA】レベル5	0x40001B5C	0xB0001B5C	1	100	0	52901300	52901300
201340150	宝箱（中）【レベル4_トゥメル】2F　候補6	01	4	7023	儀式素材【コモンC】レベル4	0x40001B6F	0xB0001B6F	3	100	0	52901300	52901300
201340160	宝箱（中）【レベル4_トゥメル】2F　候補7	01	4	7023	儀式素材【コモンC】レベル4	0x40001B6F	0xB0001B6F	1	100	0	52901300	52901300
201340170	宝箱（中）【レベル4_トゥメル】2F　候補8	01	4	7121	儀式素材【アンコモンC】レベル2	0x40001BD1	0xB0001BD1	1	100	0	52901300	52901300
201340180	宝箱（中）【レベル4_トゥメル】2F　候補9	01	4	7130	儀式素材【アンコモンD】レベル1	0x40001BDA	0xB0001BDA	2	100	0	52901300	52901300
201340190	宝箱（中）【レベル4_トゥメル】2F　候補10	01	8	80120				1	100	0	52901300	52901300
201340200	宝箱（中）【レベル4_トゥメル】3F　候補1	01	4	7003	儀式素材【コモンA】レベル4	0x40001B5B	0xB0001B5B	6	100	0	52901300	52901300
201340210	宝箱（中）【レベル4_トゥメル】3F　候補2	01	4	7004	儀式素材【コモンA】レベル5	0x40001B5C	0xB0001B5C	4	100	0	52901300	52901300
201340220	宝箱（中）【レベル4_トゥメル】3F　候補3	01	4	7004	儀式素材【コモンA】レベル5	0x40001B5C	0xB0001B5C	4	100	0	52901300	52901300
201340230	宝箱（中）【レベル4_トゥメル】3F　候補4	01	4	7004	儀式素材【コモンA】レベル5	0x40001B5C	0xB0001B5C	3	100	0	52901300	52901300
201340240	宝箱（中）【レベル4_トゥメル】3F　候補5	01	4	7004	儀式素材【コモンA】レベル5	0x40001B5C	0xB0001B5C	3	100	0	52901300	52901300
201340250	宝箱（中）【レベル4_トゥメル】3F　候補6	01	4	7023	儀式素材【コモンC】レベル4	0x40001B6F	0xB0001B6F	4	100	0	52901300	52901300
201340260	宝箱（中）【レベル4_トゥメル】3F　候補7	01	4	7023	儀式素材【コモンC】レベル4	0x40001B6F	0xB0001B6F	3	100	0	52901300	52901300
201340270	宝箱（中）【レベル4_トゥメル】3F　候補8	01	4	7121	儀式素材【アンコモンC】レベル2	0x40001BD1	0xB0001BD1	1	100	0	52901300	52901300
201340280	宝箱（中）【レベル4_トゥメル】3F　候補9	01	4	7130	儀式素材【アンコモンD】レベル1	0x40001BDA	0xB0001BDA	3	100	0	52901300	52901300
201340290	宝箱（中）【レベル4_トゥメル】3F　候補10	01	8	80120				1	100	0	52901300	52901300
201340300	宝箱（中）【レベル4_トゥメル】4F　候補1	01	4	7003	儀式素材【コモンA】レベル4	0x40001B5B	0xB0001B5B	8	100	0	52901300	52901300
201340310	宝箱（中）【レベル4_トゥメル】4F　候補2	01	4	7004	儀式素材【コモンA】レベル5	0x40001B5C	0xB0001B5C	6	100	0	52901300	52901300
201340320	宝箱（中）【レベル4_トゥメル】4F　候補3	01	4	7004	儀式素材【コモンA】レベル5	0x40001B5C	0xB0001B5C	6	100	0	52901300	52901300
201340330	宝箱（中）【レベル4_トゥメル】4F　候補4	01	4	7004	儀式素材【コモンA】レベル5	0x40001B5C	0xB0001B5C	5	100	0	52901300	52901300
201340340	宝箱（中）【レベル4_トゥメル】4F　候補5	01	4	7004	儀式素材【コモンA】レベル5	0x40001B5C	0xB0001B5C	5	100	0	52901300	52901300
201340350	宝箱（中）【レベル4_トゥメル】4F　候補6	01	4	7023	儀式素材【コモンC】レベル4	0x40001B6F	0xB0001B6F	6	100	0	52901300	52901300
201340360	宝箱（中）【レベル4_トゥメル】4F　候補7	01	4	7023	儀式素材【コモンC】レベル4	0x40001B6F	0xB0001B6F	5	100	0	52901300	52901300
201340370	宝箱（中）【レベル4_トゥメル】4F　候補8	01	4	7121	儀式素材【アンコモンC】レベル2	0x40001BD1	0xB0001BD1	2	100	0	52901300	52901300
201340380	宝箱（中）【レベル4_トゥメル】4F　候補9	01	4	7130	儀式素材【アンコモンD】レベル1	0x40001BDA	0xB0001BDA	5	100	0	52901300	52901300
201340390	宝箱（中）【レベル4_トゥメル】4F　候補10	01	8	80140				1	100	0	52901300	52901300
201342000	宝箱（中）【レベル4_ローラン】1F　候補1	01	4	7003	儀式素材【コモンA】レベル4	0x40001B5B	0xB0001B5B	2	100	0	52901300	52901300
201342010	宝箱（中）【レベル4_ローラン】1F　候補2	01	4	7003	儀式素材【コモンA】レベル4	0x40001B5B	0xB0001B5B	2	100	0	52901300	52901300
201342020	宝箱（中）【レベル4_ローラン】1F　候補3	01	4	7003	儀式素材【コモンA】レベル4	0x40001B5B	0xB0001B5B	2	100	0	52901300	52901300
201342030	宝箱（中）【レベル4_ローラン】1F　候補4	01	4	7003	儀式素材【コモンA】レベル4	0x40001B5B	0xB0001B5B	1	100	0	52901300	52901300
201342040	宝箱（中）【レベル4_ローラン】1F　候補5	01	4	7003	儀式素材【コモンA】レベル4	0x40001B5B	0xB0001B5B	1	100	0	52901300	52901300
201342050	宝箱（中）【レベル4_ローラン】1F　候補6	01	4	7003	儀式素材【コモンA】レベル4	0x40001B5B	0xB0001B5B	1	100	0	52901300	52901300
201342060	宝箱（中）【レベル4_ローラン】1F　候補7	01	4	7003	儀式素材【コモンA】レベル4	0x40001B5B	0xB0001B5B	1	100	0	52901300	52901300
201342070	宝箱（中）【レベル4_ローラン】1F　候補8	01	4	7023	儀式素材【コモンC】レベル4	0x40001B6F	0xB0001B6F	2	100	0	52901300	52901300
201342080	宝箱（中）【レベル4_ローラン】1F　候補9	01	4	7023	儀式素材【コモンC】レベル4	0x40001B6F	0xB0001B6F	1	100	0	52901300	52901300
201342090	宝箱（中）【レベル4_ローラン】1F　候補10	01	8	80310				1	100	0	52901300	52901300
201342100	宝箱（中）【レベル4_ローラン】2F　候補1	01	4	7003	儀式素材【コモンA】レベル4	0x40001B5B	0xB0001B5B	4	100	0	52901300	52901300
201342110	宝箱（中）【レベル4_ローラン】2F　候補2	01	4	7004	儀式素材【コモンA】レベル5	0x40001B5C	0xB0001B5C	3	100	0	52901300	52901300
201342120	宝箱（中）【レベル4_ローラン】2F　候補3	01	4	7013	儀式素材【コモンB】レベル4	0x40001B65	0xB0001B65	3	100	0	52901300	52901300
201342130	宝箱（中）【レベル4_ローラン】2F　候補4	01	4	7014	儀式素材【コモンB】レベル5	0x40001B66	0xB0001B66	2	100	0	52901300	52901300
201342140	宝箱（中）【レベル4_ローラン】2F　候補5	01	4	7014	儀式素材【コモンB】レベル5	0x40001B66	0xB0001B66	1	100	0	52901300	52901300
201342150	宝箱（中）【レベル4_ローラン】2F　候補6	01	4	7014	儀式素材【コモンB】レベル5	0x40001B66	0xB0001B66	1	100	0	52901300	52901300
201342160	宝箱（中）【レベル4_ローラン】2F　候補7	01	4	7023	儀式素材【コモンC】レベル4	0x40001B6F	0xB0001B6F	3	100	0	52901300	52901300
201342170	宝箱（中）【レベル4_ローラン】2F　候補8	01	4	7140	儀式素材【アンコモンE】レベル1	0x40001BE4	0xB0001BE4	1	100	0	52901300	52901300
201342180	宝箱（中）【レベル4_ローラン】2F　候補9	01	4	7121	儀式素材【アンコモンC】レベル2	0x40001BD1	0xB0001BD1	1	100	0	52901300	52901300
201342190	宝箱（中）【レベル4_ローラン】2F　候補10	01	8	80320				1	100	0	52901300	52901300
201342200	宝箱（中）【レベル4_ローラン】3F　候補1	01	4	7003	儀式素材【コモンA】レベル4	0x40001B5B	0xB0001B5B	6	100	0	52901300	52901300
201342210	宝箱（中）【レベル4_ローラン】3F　候補2	01	4	7004	儀式素材【コモンA】レベル5	0x40001B5C	0xB0001B5C	3	100	0	52901300	52901300
201342220	宝箱（中）【レベル4_ローラン】3F　候補3	01	4	7013	儀式素材【コモンB】レベル4	0x40001B65	0xB0001B65	5	100	0	52901300	52901300
201342230	宝箱（中）【レベル4_ローラン】3F　候補4	01	4	7014	儀式素材【コモンB】レベル5	0x40001B66	0xB0001B66	4	100	0	52901300	52901300
201342240	宝箱（中）【レベル4_ローラン】3F　候補5	01	4	7014	儀式素材【コモンB】レベル5	0x40001B66	0xB0001B66	3	100	0	52901300	52901300
201342250	宝箱（中）【レベル4_ローラン】3F　候補6	01	4	7014	儀式素材【コモンB】レベル5	0x40001B66	0xB0001B66	3	100	0	52901300	52901300
201342260	宝箱（中）【レベル4_ローラン】3F　候補7	01	4	7023	儀式素材【コモンC】レベル4	0x40001B6F	0xB0001B6F	5	100	0	52901300	52901300
201342270	宝箱（中）【レベル4_ローラン】3F　候補8	01	4	7140	儀式素材【アンコモンE】レベル1	0x40001BE4	0xB0001BE4	2	100	0	52901300	52901300
201342280	宝箱（中）【レベル4_ローラン】3F　候補9	01	4	7121	儀式素材【アンコモンC】レベル2	0x40001BD1	0xB0001BD1	2	100	0	52901300	52901300
201342290	宝箱（中）【レベル4_ローラン】3F　候補10	01	8	80321				1	100	0	52901300	52901300
201342300	宝箱（中）【レベル4_ローラン】4F　候補1	01	4	7003	儀式素材【コモンA】レベル4	0x40001B5B	0xB0001B5B	8	100	0	52901300	52901300
201342310	宝箱（中）【レベル4_ローラン】4F　候補2	01	4	7004	儀式素材【コモンA】レベル5	0x40001B5C	0xB0001B5C	5	100	0	52901300	52901300
201342320	宝箱（中）【レベル4_ローラン】4F　候補3	01	4	7013	儀式素材【コモンB】レベル4	0x40001B65	0xB0001B65	7	100	0	52901300	52901300
201342330	宝箱（中）【レベル4_ローラン】4F　候補4	01	4	7014	儀式素材【コモンB】レベル5	0x40001B66	0xB0001B66	6	100	0	52901300	52901300
201342340	宝箱（中）【レベル4_ローラン】4F　候補5	01	4	7014	儀式素材【コモンB】レベル5	0x40001B66	0xB0001B66	5	100	0	52901300	52901300
201342350	宝箱（中）【レベル4_ローラン】4F　候補6	01	4	7014	儀式素材【コモンB】レベル5	0x40001B66	0xB0001B66	5	100	0	52901300	52901300
201342360	宝箱（中）【レベル4_ローラン】4F　候補7	01	4	7023	儀式素材【コモンC】レベル4	0x40001B6F	0xB0001B6F	7	100	0	52901300	52901300
201342370	宝箱（中）【レベル4_ローラン】4F　候補8	01	4	7140	儀式素材【アンコモンE】レベル1	0x40001BE4	0xB0001BE4	2	100	0	52901300	52901300
201342380	宝箱（中）【レベル4_ローラン】4F　候補9	01	4	7121	儀式素材【アンコモンC】レベル2	0x40001BD1	0xB0001BD1	3	100	0	52901300	52901300
201342390	宝箱（中）【レベル4_ローラン】4F　候補10	01	8	80340				1	100	0	52901300	52901300
201350000	宝箱（中）【レベル5_トゥメル】1F　候補1	01	4	7004	儀式素材【コモンA】レベル5	0x40001B5C	0xB0001B5C	2	100	0	52901300	52901300
201350010	宝箱（中）【レベル5_トゥメル】1F　候補2	01	4	7004	儀式素材【コモンA】レベル5	0x40001B5C	0xB0001B5C	2	100	0	52901300	52901300
201350020	宝箱（中）【レベル5_トゥメル】1F　候補3	01	4	7004	儀式素材【コモンA】レベル5	0x40001B5C	0xB0001B5C	1	100	0	52901300	52901300
201350030	宝箱（中）【レベル5_トゥメル】1F　候補4	01	4	7004	儀式素材【コモンA】レベル5	0x40001B5C	0xB0001B5C	1	100	0	52901300	52901300
201350040	宝箱（中）【レベル5_トゥメル】1F　候補5	01	4	7004	儀式素材【コモンA】レベル5	0x40001B5C	0xB0001B5C	1	100	0	52901300	52901300
201350050	宝箱（中）【レベル5_トゥメル】1F　候補6	01	4	7004	儀式素材【コモンA】レベル5	0x40001B5C	0xB0001B5C	1	100	0	52901300	52901300
201350060	宝箱（中）【レベル5_トゥメル】1F　候補7	01	4	7004	儀式素材【コモンA】レベル5	0x40001B5C	0xB0001B5C	1	100	0	52901300	52901300
201350070	宝箱（中）【レベル5_トゥメル】1F　候補8	01	4	7004	儀式素材【コモンA】レベル5	0x40001B5C	0xB0001B5C	1	100	0	52901300	52901300
201350080	宝箱（中）【レベル5_トゥメル】1F　候補9	01	4	7004	儀式素材【コモンA】レベル5	0x40001B5C	0xB0001B5C	1	100	0	52901300	52901300
201350090	宝箱（中）【レベル5_トゥメル】1F　候補10	01	8	80110				1	100	0	52901300	52901300
201350100	宝箱（中）【レベル5_トゥメル】2F　候補1	01	4	7004	儀式素材【コモンA】レベル5	0x40001B5C	0xB0001B5C	6	100	0	52901300	52901300
201350110	宝箱（中）【レベル5_トゥメル】2F　候補2	01	4	7004	儀式素材【コモンA】レベル5	0x40001B5C	0xB0001B5C	4	100	0	52901300	52901300
201350120	宝箱（中）【レベル5_トゥメル】2F　候補3	01	4	7024	儀式素材【コモンC】レベル5	0x40001B70	0xB0001B70	5	100	0	52901300	52901300
201350130	宝箱（中）【レベル5_トゥメル】2F　候補4	01	4	7024	儀式素材【コモンC】レベル5	0x40001B70	0xB0001B70	2	100	0	52901300	52901300
201350140	宝箱（中）【レベル5_トゥメル】2F　候補5	01	4	7121	儀式素材【アンコモンC】レベル2	0x40001BD1	0xB0001BD1	2	100	0	52901300	52901300
201350150	宝箱（中）【レベル5_トゥメル】2F　候補6	01	4	7131	儀式素材【アンコモンD】レベル2	0x40001BDB	0xB0001BDB	1	100	0	52901300	52901300
201350160	宝箱（中）【レベル5_トゥメル】2F　候補7	01	4	7131	儀式素材【アンコモンD】レベル2	0x40001BDB	0xB0001BDB	1	100	0	52901300	52901300
201350170	宝箱（中）【レベル5_トゥメル】2F　候補8	01	4	7110	儀式素材【アンコモンB】レベル1	0x40001BC6	0xB0001BC6	2	100	0	52901300	52901300
201350180	宝箱（中）【レベル5_トゥメル】2F　候補9	01	4	7110	儀式素材【アンコモンB】レベル1	0x40001BC6	0xB0001BC6	2	100	0	52901300	52901300
201350190	宝箱（中）【レベル5_トゥメル】2F　候補10	01	8	80120				1	100	0	52901300	52901300
201350200	宝箱（中）【レベル5_トゥメル】3F　候補1	01	4	7004	儀式素材【コモンA】レベル5	0x40001B5C	0xB0001B5C	9	100	0	52901300	52901300
201350210	宝箱（中）【レベル5_トゥメル】3F　候補2	01	4	7004	儀式素材【コモンA】レベル5	0x40001B5C	0xB0001B5C	6	100	0	52901300	52901300
201350220	宝箱（中）【レベル5_トゥメル】3F　候補3	01	4	7024	儀式素材【コモンC】レベル5	0x40001B70	0xB0001B70	6	100	0	52901300	52901300
201350230	宝箱（中）【レベル5_トゥメル】3F　候補4	01	4	7024	儀式素材【コモンC】レベル5	0x40001B70	0xB0001B70	4	100	0	52901300	52901300
201350240	宝箱（中）【レベル5_トゥメル】3F　候補5	01	4	7121	儀式素材【アンコモンC】レベル2	0x40001BD1	0xB0001BD1	3	100	0	52901300	52901300
201350250	宝箱（中）【レベル5_トゥメル】3F　候補6	01	4	7131	儀式素材【アンコモンD】レベル2	0x40001BDB	0xB0001BDB	2	100	0	52901300	52901300
201350260	宝箱（中）【レベル5_トゥメル】3F　候補7	01	4	7131	儀式素材【アンコモンD】レベル2	0x40001BDB	0xB0001BDB	1	100	0	52901300	52901300
201350270	宝箱（中）【レベル5_トゥメル】3F　候補8	01	4	7110	儀式素材【アンコモンB】レベル1	0x40001BC6	0xB0001BC6	3	100	0	52901300	52901300
201350280	宝箱（中）【レベル5_トゥメル】3F　候補9	01	4	7110	儀式素材【アンコモンB】レベル1	0x40001BC6	0xB0001BC6	3	100	0	52901300	52901300
201350290	宝箱（中）【レベル5_トゥメル】3F　候補10	01	8	80120				1	100	0	52901300	52901300
201350300	宝箱（中）【レベル5_トゥメル】4F　候補1	01	4	7004	儀式素材【コモンA】レベル5	0x40001B5C	0xB0001B5C	12	100	0	52901300	52901300
201350310	宝箱（中）【レベル5_トゥメル】4F　候補2	01	4	7004	儀式素材【コモンA】レベル5	0x40001B5C	0xB0001B5C	8	100	0	52901300	52901300
201350320	宝箱（中）【レベル5_トゥメル】4F　候補3	01	4	7024	儀式素材【コモンC】レベル5	0x40001B70	0xB0001B70	7	100	0	52901300	52901300
201350330	宝箱（中）【レベル5_トゥメル】4F　候補4	01	4	7024	儀式素材【コモンC】レベル5	0x40001B70	0xB0001B70	6	100	0	52901300	52901300
201350340	宝箱（中）【レベル5_トゥメル】4F　候補5	01	4	7121	儀式素材【アンコモンC】レベル2	0x40001BD1	0xB0001BD1	4	100	0	52901300	52901300
201350350	宝箱（中）【レベル5_トゥメル】4F　候補6	01	4	7131	儀式素材【アンコモンD】レベル2	0x40001BDB	0xB0001BDB	2	100	0	52901300	52901300
201350360	宝箱（中）【レベル5_トゥメル】4F　候補7	01	4	7131	儀式素材【アンコモンD】レベル2	0x40001BDB	0xB0001BDB	2	100	0	52901300	52901300
201350370	宝箱（中）【レベル5_トゥメル】4F　候補8	01	4	7110	儀式素材【アンコモンB】レベル1	0x40001BC6	0xB0001BC6	4	100	0	52901300	52901300
201350380	宝箱（中）【レベル5_トゥメル】4F　候補9	01	4	7110	儀式素材【アンコモンB】レベル1	0x40001BC6	0xB0001BC6	4	100	0	52901300	52901300
201350390	宝箱（中）【レベル5_トゥメル】4F　候補10	01	8	80140				1	100	0	52901300	52901300
201352000	宝箱（中）【レベル5_ローラン】1F　候補1	01	4	7004	儀式素材【コモンA】レベル5	0x40001B5C	0xB0001B5C	2	100	0	52901300	52901300
201352010	宝箱（中）【レベル5_ローラン】1F　候補2	01	4	7004	儀式素材【コモンA】レベル5	0x40001B5C	0xB0001B5C	2	100	0	52901300	52901300
201352020	宝箱（中）【レベル5_ローラン】1F　候補3	01	4	7004	儀式素材【コモンA】レベル5	0x40001B5C	0xB0001B5C	2	100	0	52901300	52901300
201352030	宝箱（中）【レベル5_ローラン】1F　候補4	01	4	7004	儀式素材【コモンA】レベル5	0x40001B5C	0xB0001B5C	1	100	0	52901300	52901300
201352040	宝箱（中）【レベル5_ローラン】1F　候補5	01	4	7004	儀式素材【コモンA】レベル5	0x40001B5C	0xB0001B5C	1	100	0	52901300	52901300
201352050	宝箱（中）【レベル5_ローラン】1F　候補6	01	4	7004	儀式素材【コモンA】レベル5	0x40001B5C	0xB0001B5C	1	100	0	52901300	52901300
201352060	宝箱（中）【レベル5_ローラン】1F　候補7	01	4	7004	儀式素材【コモンA】レベル5	0x40001B5C	0xB0001B5C	1	100	0	52901300	52901300
201352070	宝箱（中）【レベル5_ローラン】1F　候補8	01	4	7004	儀式素材【コモンA】レベル5	0x40001B5C	0xB0001B5C	1	100	0	52901300	52901300
201352080	宝箱（中）【レベル5_ローラン】1F　候補9	01	4	7004	儀式素材【コモンA】レベル5	0x40001B5C	0xB0001B5C	1	100	0	52901300	52901300
201352090	宝箱（中）【レベル5_ローラン】1F　候補10	01	8	80310				1	100	0	52901300	52901300
201352100	宝箱（中）【レベル5_ローラン】2F　候補1	01	4	7004	儀式素材【コモンA】レベル5	0x40001B5C	0xB0001B5C	6	100	0	52901300	52901300
201352110	宝箱（中）【レベル5_ローラン】2F　候補2	01	4	7004	儀式素材【コモンA】レベル5	0x40001B5C	0xB0001B5C	3	100	0	52901300	52901300
201352120	宝箱（中）【レベル5_ローラン】2F　候補3	01	4	7014	儀式素材【コモンB】レベル5	0x40001B66	0xB0001B66	6	100	0	52901300	52901300
201352130	宝箱（中）【レベル5_ローラン】2F　候補4	01	4	7014	儀式素材【コモンB】レベル5	0x40001B66	0xB0001B66	4	100	0	52901300	52901300
201352140	宝箱（中）【レベル5_ローラン】2F　候補5	01	4	7014	儀式素材【コモンB】レベル5	0x40001B66	0xB0001B66	3	100	0	52901300	52901300
201352150	宝箱（中）【レベル5_ローラン】2F　候補6	01	4	7024	儀式素材【コモンC】レベル5	0x40001B70	0xB0001B70	3	100	0	52901300	52901300
201352160	宝箱（中）【レベル5_ローラン】2F　候補7	01	4	7140	儀式素材【アンコモンE】レベル1	0x40001BE4	0xB0001BE4	1	100	0	52901300	52901300
201352170	宝箱（中）【レベル5_ローラン】2F　候補8	01	4	7140	儀式素材【アンコモンE】レベル1	0x40001BE4	0xB0001BE4	1	100	0	52901300	52901300
201352180	宝箱（中）【レベル5_ローラン】2F　候補9	01	4	7110	儀式素材【アンコモンB】レベル1	0x40001BC6	0xB0001BC6	1	100	0	52901300	52901300
201352190	宝箱（中）【レベル5_ローラン】2F　候補10	01	8	80320				1	100	0	52901300	52901300
201352200	宝箱（中）【レベル5_ローラン】3F　候補1	01	4	7004	儀式素材【コモンA】レベル5	0x40001B5C	0xB0001B5C	9	100	0	52901300	52901300
201352210	宝箱（中）【レベル5_ローラン】3F　候補2	01	4	7004	儀式素材【コモンA】レベル5	0x40001B5C	0xB0001B5C	6	100	0	52901300	52901300
201352220	宝箱（中）【レベル5_ローラン】3F　候補3	01	4	7014	儀式素材【コモンB】レベル5	0x40001B66	0xB0001B66	9	100	0	52901300	52901300
201352230	宝箱（中）【レベル5_ローラン】3F　候補4	01	4	7014	儀式素材【コモンB】レベル5	0x40001B66	0xB0001B66	6	100	0	52901300	52901300
201352240	宝箱（中）【レベル5_ローラン】3F　候補5	01	4	7014	儀式素材【コモンB】レベル5	0x40001B66	0xB0001B66	5	100	0	52901300	52901300
201352250	宝箱（中）【レベル5_ローラン】3F　候補6	01	4	7024	儀式素材【コモンC】レベル5	0x40001B70	0xB0001B70	5	100	0	52901300	52901300
201352260	宝箱（中）【レベル5_ローラン】3F　候補7	01	4	7140	儀式素材【アンコモンE】レベル1	0x40001BE4	0xB0001BE4	1	100	0	52901300	52901300
201352270	宝箱（中）【レベル5_ローラン】3F　候補8	01	4	7140	儀式素材【アンコモンE】レベル1	0x40001BE4	0xB0001BE4	1	100	0	52901300	52901300
201352280	宝箱（中）【レベル5_ローラン】3F　候補9	01	4	7110	儀式素材【アンコモンB】レベル1	0x40001BC6	0xB0001BC6	1	100	0	52901300	52901300
201352290	宝箱（中）【レベル5_ローラン】3F　候補10	01	8	80321				1	100	0	52901300	52901300
201352300	宝箱（中）【レベル5_ローラン】4F　候補1	01	4	7004	儀式素材【コモンA】レベル5	0x40001B5C	0xB0001B5C	12	100	0	52901300	52901300
201352310	宝箱（中）【レベル5_ローラン】4F　候補2	01	4	7004	儀式素材【コモンA】レベル5	0x40001B5C	0xB0001B5C	8	100	0	52901300	52901300
201352320	宝箱（中）【レベル5_ローラン】4F　候補3	01	4	7014	儀式素材【コモンB】レベル5	0x40001B66	0xB0001B66	12	100	0	52901300	52901300
201352330	宝箱（中）【レベル5_ローラン】4F　候補4	01	4	7014	儀式素材【コモンB】レベル5	0x40001B66	0xB0001B66	8	100	0	52901300	52901300
201352340	宝箱（中）【レベル5_ローラン】4F　候補5	01	4	7014	儀式素材【コモンB】レベル5	0x40001B66	0xB0001B66	7	100	0	52901300	52901300
201352350	宝箱（中）【レベル5_ローラン】4F　候補6	01	4	7024	儀式素材【コモンC】レベル5	0x40001B70	0xB0001B70	7	100	0	52901300	52901300
201352360	宝箱（中）【レベル5_ローラン】4F　候補7	01	4	7140	儀式素材【アンコモンE】レベル1	0x40001BE4	0xB0001BE4	2	100	0	52901300	52901300
201352370	宝箱（中）【レベル5_ローラン】4F　候補8	01	4	7140	儀式素材【アンコモンE】レベル1	0x40001BE4	0xB0001BE4	2	100	0	52901300	52901300
201352380	宝箱（中）【レベル5_ローラン】4F　候補9	01	4	7110	儀式素材【アンコモンB】レベル1	0x40001BC6	0xB0001BC6	1	100	0	52901300	52901300
201352390	宝箱（中）【レベル5_ローラン】4F　候補10	01	8	80340				1	100	0	52901300	52901300
201353000	宝箱（中）【レベル5_イズ】1F　候補1	01	4	7004	儀式素材【コモンA】レベル5	0x40001B5C	0xB0001B5C	2	100	0	52901300	52901300
201353010	宝箱（中）【レベル5_イズ】1F　候補2	01	4	7004	儀式素材【コモンA】レベル5	0x40001B5C	0xB0001B5C	2	100	0	52901300	52901300
201353020	宝箱（中）【レベル5_イズ】1F　候補3	01	4	7004	儀式素材【コモンA】レベル5	0x40001B5C	0xB0001B5C	2	100	0	52901300	52901300
201353030	宝箱（中）【レベル5_イズ】1F　候補4	01	4	7004	儀式素材【コモンA】レベル5	0x40001B5C	0xB0001B5C	1	100	0	52901300	52901300
201353040	宝箱（中）【レベル5_イズ】1F　候補5	01	4	7004	儀式素材【コモンA】レベル5	0x40001B5C	0xB0001B5C	1	100	0	52901300	52901300
201353050	宝箱（中）【レベル5_イズ】1F　候補6	01	4	7004	儀式素材【コモンA】レベル5	0x40001B5C	0xB0001B5C	1	100	0	52901300	52901300
201353060	宝箱（中）【レベル5_イズ】1F　候補7	01	4	7004	儀式素材【コモンA】レベル5	0x40001B5C	0xB0001B5C	1	100	0	52901300	52901300
201353070	宝箱（中）【レベル5_イズ】1F　候補8	01	4	7004	儀式素材【コモンA】レベル5	0x40001B5C	0xB0001B5C	1	100	0	52901300	52901300
201353080	宝箱（中）【レベル5_イズ】1F　候補9	01	4	7004	儀式素材【コモンA】レベル5	0x40001B5C	0xB0001B5C	1	100	0	52901300	52901300
201353090	宝箱（中）【レベル5_イズ】1F　候補10	01	8	80410				1	100	0	52901300	52901300
201353100	宝箱（中）【レベル5_イズ】2F　候補1	01	4	7004	儀式素材【コモンA】レベル5	0x40001B5C	0xB0001B5C	6	100	0	52901300	52901300
201353110	宝箱（中）【レベル5_イズ】2F　候補2	01	4	7100	儀式素材【アンコモンA】レベル1	0x40001BBC	0xB0001BBC	3	100	0	52901300	52901300
201353120	宝箱（中）【レベル5_イズ】2F　候補3	01	4	7100	儀式素材【アンコモンA】レベル1	0x40001BBC	0xB0001BBC	2	100	0	52901300	52901300
201353130	宝箱（中）【レベル5_イズ】2F　候補4	01	4	7100	儀式素材【アンコモンA】レベル1	0x40001BBC	0xB0001BBC	1	100	0	52901300	52901300
201353140	宝箱（中）【レベル5_イズ】2F　候補5	01	4	7024	儀式素材【コモンC】レベル5	0x40001B70	0xB0001B70	3	100	0	52901300	52901300
201353150	宝箱（中）【レベル5_イズ】2F　候補6	01	4	7131	儀式素材【アンコモンD】レベル2	0x40001BDB	0xB0001BDB	2	100	0	52901300	52901300
201353160	宝箱（中）【レベル5_イズ】2F　候補7	01	4	7131	儀式素材【アンコモンD】レベル2	0x40001BDB	0xB0001BDB	1	100	0	52901300	52901300
201353170	宝箱（中）【レベル5_イズ】2F　候補8	01	4	7140	儀式素材【アンコモンE】レベル1	0x40001BE4	0xB0001BE4	1	100	0	52901300	52901300
201353180	宝箱（中）【レベル5_イズ】2F　候補9	01	8	80420				1	100	0	52901300	52901300
201353190	宝箱（中）【レベル5_イズ】2F　候補10	01	8	80420				1	100	0	52901300	52901300
201353200	宝箱（中）【レベル5_イズ】3F　候補1	01	4	7004	儀式素材【コモンA】レベル5	0x40001B5C	0xB0001B5C	9	100	0	52901300	52901300
201353210	宝箱（中）【レベル5_イズ】3F　候補2	01	4	7100	儀式素材【アンコモンA】レベル1	0x40001BBC	0xB0001BBC	6	100	0	52901300	52901300
201353220	宝箱（中）【レベル5_イズ】3F　候補3	01	4	7100	儀式素材【アンコモンA】レベル1	0x40001BBC	0xB0001BBC	4	100	0	52901300	52901300
201353230	宝箱（中）【レベル5_イズ】3F　候補4	01	4	7100	儀式素材【アンコモンA】レベル1	0x40001BBC	0xB0001BBC	3	100	0	52901300	52901300
201353240	宝箱（中）【レベル5_イズ】3F　候補5	01	4	7024	儀式素材【コモンC】レベル5	0x40001B70	0xB0001B70	5	100	0	52901300	52901300
201353250	宝箱（中）【レベル5_イズ】3F　候補6	01	4	7131	儀式素材【アンコモンD】レベル2	0x40001BDB	0xB0001BDB	2	100	0	52901300	52901300
201353260	宝箱（中）【レベル5_イズ】3F　候補7	01	4	7131	儀式素材【アンコモンD】レベル2	0x40001BDB	0xB0001BDB	1	100	0	52901300	52901300
201353270	宝箱（中）【レベル5_イズ】3F　候補8	01	4	7140	儀式素材【アンコモンE】レベル1	0x40001BE4	0xB0001BE4	1	100	0	52901300	52901300
201353280	宝箱（中）【レベル5_イズ】3F　候補9	01	4	7110	儀式素材【アンコモンB】レベル1	0x40001BC6	0xB0001BC6	1	100	0	52901300	52901300
201353290	宝箱（中）【レベル5_イズ】3F　候補10	01	8	80420				1	100	0	52901300	52901300
201353300	宝箱（中）【レベル5_イズ】4F　候補1	01	4	7004	儀式素材【コモンA】レベル5	0x40001B5C	0xB0001B5C	12	100	0	52901300	52901300
201353310	宝箱（中）【レベル5_イズ】4F　候補2	01	4	7100	儀式素材【アンコモンA】レベル1	0x40001BBC	0xB0001BBC	9	100	0	52901300	52901300
201353320	宝箱（中）【レベル5_イズ】4F　候補3	01	4	7100	儀式素材【アンコモンA】レベル1	0x40001BBC	0xB0001BBC	6	100	0	52901300	52901300
201353330	宝箱（中）【レベル5_イズ】4F　候補4	01	4	7100	儀式素材【アンコモンA】レベル1	0x40001BBC	0xB0001BBC	5	100	0	52901300	52901300
201353340	宝箱（中）【レベル5_イズ】4F　候補5	01	4	7024	儀式素材【コモンC】レベル5	0x40001B70	0xB0001B70	7	100	0	52901300	52901300
201353350	宝箱（中）【レベル5_イズ】4F　候補6	01	4	7131	儀式素材【アンコモンD】レベル2	0x40001BDB	0xB0001BDB	3	100	0	52901300	52901300
201353360	宝箱（中）【レベル5_イズ】4F　候補7	01	4	7131	儀式素材【アンコモンD】レベル2	0x40001BDB	0xB0001BDB	2	100	0	52901300	52901300
201353370	宝箱（中）【レベル5_イズ】4F　候補8	01	4	7140	儀式素材【アンコモンE】レベル1	0x40001BE4	0xB0001BE4	2	100	0	52901300	52901300
201353380	宝箱（中）【レベル5_イズ】4F　候補9	01	4	7110	儀式素材【アンコモンB】レベル1	0x40001BC6	0xB0001BC6	2	100	0	52901300	52901300
201353390	宝箱（中）【レベル5_イズ】4F　候補10	01	8	80440				1	100	0	52901300	52901300
201410000	宝箱（小）【レベル1_トゥメル】1F　候補1	01	4	7000	儀式素材【コモンA】レベル1	0x40001B58	0xB0001B58	1	100	0	52901400	52901400
201410010	宝箱（小）【レベル1_トゥメル】1F　候補2	01	4	7000	儀式素材【コモンA】レベル1	0x40001B58	0xB0001B58	1	100	0	52901400	52901400
201410020	宝箱（小）【レベル1_トゥメル】1F　候補3	01	4	7000	儀式素材【コモンA】レベル1	0x40001B58	0xB0001B58	1	100	0	52901400	52901400
201410030	宝箱（小）【レベル1_トゥメル】1F　候補4	01	4	7000	儀式素材【コモンA】レベル1	0x40001B58	0xB0001B58	1	100	0	52901400	52901400
201410040	宝箱（小）【レベル1_トゥメル】1F　候補5	01	4	7000	儀式素材【コモンA】レベル1	0x40001B58	0xB0001B58	1	100	0	52901400	52901400
201410050	宝箱（小）【レベル1_トゥメル】1F　候補6	01	4	1000	HP回復【PG直接指定】	0x400003E8	0xB00003E8	2	100	0	52901400	52901400
201410060	宝箱（小）【レベル1_トゥメル】1F　候補7	01	4	1000	HP回復【PG直接指定】	0x400003E8	0xB00003E8	2	100	0	52901400	52901400
201410070	宝箱（小）【レベル1_トゥメル】1F　候補8	01	4	1000	HP回復【PG直接指定】	0x400003E8	0xB00003E8	2	100	0	52901400	52901400
201410080	宝箱（小）【レベル1_トゥメル】1F　候補9	01	4	900	弾丸【PG直接指定】	0x40000384	0xB0000384	2	100	0	52901400	52901400
201410090	宝箱（小）【レベル1_トゥメル】1F　候補10	01	4	900	弾丸【PG直接指定】	0x40000384	0xB0000384	2	100	0	52901400	52901400
201410100	宝箱（小）【レベル1_トゥメル】2F　候補1	01	4	7000	儀式素材【コモンA】レベル1	0x40001B58	0xB0001B58	1	100	0	52901400	52901400
201410110	宝箱（小）【レベル1_トゥメル】2F　候補2	01	4	7000	儀式素材【コモンA】レベル1	0x40001B58	0xB0001B58	1	100	0	52901400	52901400
201410120	宝箱（小）【レベル1_トゥメル】2F　候補3	01	4	7000	儀式素材【コモンA】レベル1	0x40001B58	0xB0001B58	1	100	0	52901400	52901400
201410130	宝箱（小）【レベル1_トゥメル】2F　候補4	01	4	7000	儀式素材【コモンA】レベル1	0x40001B58	0xB0001B58	1	100	0	52901400	52901400
201410140	宝箱（小）【レベル1_トゥメル】2F　候補5	01	4	7020	儀式素材【コモンC】レベル1	0x40001B6C	0xB0001B6C	2	100	0	52901400	52901400
201410150	宝箱（小）【レベル1_トゥメル】2F　候補6	01	4	7020	儀式素材【コモンC】レベル1	0x40001B6C	0xB0001B6C	1	100	0	52901400	52901400
201410160	宝箱（小）【レベル1_トゥメル】2F　候補7	01	4	7020	儀式素材【コモンC】レベル1	0x40001B6C	0xB0001B6C	1	100	0	52901400	52901400
201410170	宝箱（小）【レベル1_トゥメル】2F　候補8	01	4	1000	HP回復【PG直接指定】	0x400003E8	0xB00003E8	4	100	0	52901400	52901400
201410180	宝箱（小）【レベル1_トゥメル】2F　候補9	01	4	1000	HP回復【PG直接指定】	0x400003E8	0xB00003E8	4	100	0	52901400	52901400
201410190	宝箱（小）【レベル1_トゥメル】2F　候補10	01	4	900	弾丸【PG直接指定】	0x40000384	0xB0000384	4	100	0	52901400	52901400
201410200	宝箱（小）【レベル1_トゥメル】3F　候補1	01	4	7000	儀式素材【コモンA】レベル1	0x40001B58	0xB0001B58	3	100	0	52901400	52901400
201410210	宝箱（小）【レベル1_トゥメル】3F　候補2	01	4	7000	儀式素材【コモンA】レベル1	0x40001B58	0xB0001B58	3	100	0	52901400	52901400
201410220	宝箱（小）【レベル1_トゥメル】3F　候補3	01	4	7000	儀式素材【コモンA】レベル1	0x40001B58	0xB0001B58	2	100	0	52901400	52901400
201410230	宝箱（小）【レベル1_トゥメル】3F　候補4	01	4	7000	儀式素材【コモンA】レベル1	0x40001B58	0xB0001B58	2	100	0	52901400	52901400
201410240	宝箱（小）【レベル1_トゥメル】3F　候補5	01	4	7020	儀式素材【コモンC】レベル1	0x40001B6C	0xB0001B6C	4	100	0	52901400	52901400
201410250	宝箱（小）【レベル1_トゥメル】3F　候補6	01	4	7020	儀式素材【コモンC】レベル1	0x40001B6C	0xB0001B6C	3	100	0	52901400	52901400
201410260	宝箱（小）【レベル1_トゥメル】3F　候補7	01	4	7020	儀式素材【コモンC】レベル1	0x40001B6C	0xB0001B6C	3	100	0	52901400	52901400
201410270	宝箱（小）【レベル1_トゥメル】3F　候補8	01	4	1000	HP回復【PG直接指定】	0x400003E8	0xB00003E8	4	100	0	52901400	52901400
201410280	宝箱（小）【レベル1_トゥメル】3F　候補9	01	4	1000	HP回復【PG直接指定】	0x400003E8	0xB00003E8	4	100	0	52901400	52901400
201410290	宝箱（小）【レベル1_トゥメル】3F　候補10	01	4	900	弾丸【PG直接指定】	0x40000384	0xB0000384	4	100	0	52901400	52901400
201410300	宝箱（小）【レベル1_トゥメル】4F　候補1	01	4	7000	儀式素材【コモンA】レベル1	0x40001B58	0xB0001B58	5	100	0	52901400	52901400
201410310	宝箱（小）【レベル1_トゥメル】4F　候補2	01	4	7000	儀式素材【コモンA】レベル1	0x40001B58	0xB0001B58	5	100	0	52901400	52901400
201410320	宝箱（小）【レベル1_トゥメル】4F　候補3	01	4	7000	儀式素材【コモンA】レベル1	0x40001B58	0xB0001B58	4	100	0	52901400	52901400
201410330	宝箱（小）【レベル1_トゥメル】4F　候補4	01	4	7000	儀式素材【コモンA】レベル1	0x40001B58	0xB0001B58	4	100	0	52901400	52901400
201410340	宝箱（小）【レベル1_トゥメル】4F　候補5	01	4	7020	儀式素材【コモンC】レベル1	0x40001B6C	0xB0001B6C	6	100	0	52901400	52901400
201410350	宝箱（小）【レベル1_トゥメル】4F　候補6	01	4	7020	儀式素材【コモンC】レベル1	0x40001B6C	0xB0001B6C	5	100	0	52901400	52901400
201410360	宝箱（小）【レベル1_トゥメル】4F　候補7	01	4	7020	儀式素材【コモンC】レベル1	0x40001B6C	0xB0001B6C	5	100	0	52901400	52901400
201410370	宝箱（小）【レベル1_トゥメル】4F　候補8	01	4	1000	HP回復【PG直接指定】	0x400003E8	0xB00003E8	4	100	0	52901400	52901400
201410380	宝箱（小）【レベル1_トゥメル】4F　候補9	01	4	1000	HP回復【PG直接指定】	0x400003E8	0xB00003E8	4	100	0	52901400	52901400
201410390	宝箱（小）【レベル1_トゥメル】4F　候補10	01	4	900	弾丸【PG直接指定】	0x40000384	0xB0000384	4	100	0	52901400	52901400
201420000	宝箱（小）【レベル2_トゥメル】1F　候補1	01	4	7001	儀式素材【コモンA】レベル2	0x40001B59	0xB0001B59	1	100	0	52901400	52901400
201420010	宝箱（小）【レベル2_トゥメル】1F　候補2	01	4	7001	儀式素材【コモンA】レベル2	0x40001B59	0xB0001B59	1	100	0	52901400	52901400
201420020	宝箱（小）【レベル2_トゥメル】1F　候補3	01	4	7001	儀式素材【コモンA】レベル2	0x40001B59	0xB0001B59	1	100	0	52901400	52901400
201420030	宝箱（小）【レベル2_トゥメル】1F　候補4	01	4	7001	儀式素材【コモンA】レベル2	0x40001B59	0xB0001B59	1	100	0	52901400	52901400
201420040	宝箱（小）【レベル2_トゥメル】1F　候補5	01	4	7001	儀式素材【コモンA】レベル2	0x40001B59	0xB0001B59	1	100	0	52901400	52901400
201420050	宝箱（小）【レベル2_トゥメル】1F　候補6	01	4	7001	儀式素材【コモンA】レベル2	0x40001B59	0xB0001B59	1	100	0	52901400	52901400
201420060	宝箱（小）【レベル2_トゥメル】1F　候補7	01	4	1000	HP回復【PG直接指定】	0x400003E8	0xB00003E8	2	100	0	52901400	52901400
201420070	宝箱（小）【レベル2_トゥメル】1F　候補8	01	4	1000	HP回復【PG直接指定】	0x400003E8	0xB00003E8	2	100	0	52901400	52901400
201420080	宝箱（小）【レベル2_トゥメル】1F　候補9	01	4	900	弾丸【PG直接指定】	0x40000384	0xB0000384	2	100	0	52901400	52901400
201420090	宝箱（小）【レベル2_トゥメル】1F　候補10	01	4	900	弾丸【PG直接指定】	0x40000384	0xB0000384	2	100	0	52901400	52901400
201420100	宝箱（小）【レベル2_トゥメル】2F　候補1	01	4	7001	儀式素材【コモンA】レベル2	0x40001B59	0xB0001B59	3	100	0	52901400	52901400
201420110	宝箱（小）【レベル2_トゥメル】2F　候補2	01	4	7001	儀式素材【コモンA】レベル2	0x40001B59	0xB0001B59	3	100	0	52901400	52901400
201420120	宝箱（小）【レベル2_トゥメル】2F　候補3	01	4	7001	儀式素材【コモンA】レベル2	0x40001B59	0xB0001B59	2	100	0	52901400	52901400
201420130	宝箱（小）【レベル2_トゥメル】2F　候補4	01	4	7001	儀式素材【コモンA】レベル2	0x40001B59	0xB0001B59	2	100	0	52901400	52901400
201420140	宝箱（小）【レベル2_トゥメル】2F　候補5	01	4	7021	儀式素材【コモンC】レベル2	0x40001B6D	0xB0001B6D	1	100	0	52901400	52901400
201420150	宝箱（小）【レベル2_トゥメル】2F　候補6	01	4	7021	儀式素材【コモンC】レベル2	0x40001B6D	0xB0001B6D	1	100	0	52901400	52901400
201420160	宝箱（小）【レベル2_トゥメル】2F　候補7	01	4	7021	儀式素材【コモンC】レベル2	0x40001B6D	0xB0001B6D	1	100	0	52901400	52901400
201420170	宝箱（小）【レベル2_トゥメル】2F　候補8	01	4	1000	HP回復【PG直接指定】	0x400003E8	0xB00003E8	4	100	0	52901400	52901400
201420180	宝箱（小）【レベル2_トゥメル】2F　候補9	01	4	1000	HP回復【PG直接指定】	0x400003E8	0xB00003E8	4	100	0	52901400	52901400
201420190	宝箱（小）【レベル2_トゥメル】2F　候補10	01	4	900	弾丸【PG直接指定】	0x40000384	0xB0000384	4	100	0	52901400	52901400
201420200	宝箱（小）【レベル2_トゥメル】3F　候補1	01	4	7002	儀式素材【コモンA】レベル3	0x40001B5A	0xB0001B5A	1	100	0	52901400	52901400
201420210	宝箱（小）【レベル2_トゥメル】3F　候補2	01	4	7001	儀式素材【コモンA】レベル2	0x40001B59	0xB0001B59	5	100	0	52901400	52901400
201420220	宝箱（小）【レベル2_トゥメル】3F　候補3	01	4	7001	儀式素材【コモンA】レベル2	0x40001B59	0xB0001B59	3	100	0	52901400	52901400
201420230	宝箱（小）【レベル2_トゥメル】3F　候補4	01	4	7001	儀式素材【コモンA】レベル2	0x40001B59	0xB0001B59	2	100	0	52901400	52901400
201420240	宝箱（小）【レベル2_トゥメル】3F　候補5	01	4	7021	儀式素材【コモンC】レベル2	0x40001B6D	0xB0001B6D	3	100	0	52901400	52901400
201420250	宝箱（小）【レベル2_トゥメル】3F　候補6	01	4	7021	儀式素材【コモンC】レベル2	0x40001B6D	0xB0001B6D	3	100	0	52901400	52901400
201420260	宝箱（小）【レベル2_トゥメル】3F　候補7	01	4	7021	儀式素材【コモンC】レベル2	0x40001B6D	0xB0001B6D	3	100	0	52901400	52901400
201420270	宝箱（小）【レベル2_トゥメル】3F　候補8	01	4	1000	HP回復【PG直接指定】	0x400003E8	0xB00003E8	4	100	0	52901400	52901400
201420280	宝箱（小）【レベル2_トゥメル】3F　候補9	01	4	1000	HP回復【PG直接指定】	0x400003E8	0xB00003E8	4	100	0	52901400	52901400
201420290	宝箱（小）【レベル2_トゥメル】3F　候補10	01	4	900	弾丸【PG直接指定】	0x40000384	0xB0000384	4	100	0	52901400	52901400
201420300	宝箱（小）【レベル2_トゥメル】4F　候補1	01	4	7001	儀式素材【コモンA】レベル2	0x40001B59	0xB0001B59	7	100	0	52901400	52901400
201420310	宝箱（小）【レベル2_トゥメル】4F　候補2	01	4	7001	儀式素材【コモンA】レベル2	0x40001B59	0xB0001B59	7	100	0	52901400	52901400
201420320	宝箱（小）【レベル2_トゥメル】4F　候補3	01	4	7001	儀式素材【コモンA】レベル2	0x40001B59	0xB0001B59	6	100	0	52901400	52901400
201420330	宝箱（小）【レベル2_トゥメル】4F　候補4	01	4	7001	儀式素材【コモンA】レベル2	0x40001B59	0xB0001B59	6	100	0	52901400	52901400
201420340	宝箱（小）【レベル2_トゥメル】4F　候補5	01	4	7021	儀式素材【コモンC】レベル2	0x40001B6D	0xB0001B6D	5	100	0	52901400	52901400
201420350	宝箱（小）【レベル2_トゥメル】4F　候補6	01	4	7021	儀式素材【コモンC】レベル2	0x40001B6D	0xB0001B6D	5	100	0	52901400	52901400
201420360	宝箱（小）【レベル2_トゥメル】4F　候補7	01	4	7021	儀式素材【コモンC】レベル2	0x40001B6D	0xB0001B6D	5	100	0	52901400	52901400
201420370	宝箱（小）【レベル2_トゥメル】4F　候補8	01	4	1000	HP回復【PG直接指定】	0x400003E8	0xB00003E8	4	100	0	52901400	52901400
201420380	宝箱（小）【レベル2_トゥメル】4F　候補9	01	4	1000	HP回復【PG直接指定】	0x400003E8	0xB00003E8	4	100	0	52901400	52901400
201420390	宝箱（小）【レベル2_トゥメル】4F　候補10	01	4	900	弾丸【PG直接指定】	0x40000384	0xB0000384	4	100	0	52901400	52901400
201421000	宝箱（小）【レベル2_僻墓】1F　候補1	01	4	7001	儀式素材【コモンA】レベル2	0x40001B59	0xB0001B59	1	100	0	52901400	52901400
201421010	宝箱（小）【レベル2_僻墓】1F　候補2	01	4	7001	儀式素材【コモンA】レベル2	0x40001B59	0xB0001B59	1	100	0	52901400	52901400
201421020	宝箱（小）【レベル2_僻墓】1F　候補3	01	4	7001	儀式素材【コモンA】レベル2	0x40001B59	0xB0001B59	1	100	0	52901400	52901400
201421030	宝箱（小）【レベル2_僻墓】1F　候補4	01	4	7001	儀式素材【コモンA】レベル2	0x40001B59	0xB0001B59	1	100	0	52901400	52901400
201421040	宝箱（小）【レベル2_僻墓】1F　候補5	01	4	7001	儀式素材【コモンA】レベル2	0x40001B59	0xB0001B59	1	100	0	52901400	52901400
201421050	宝箱（小）【レベル2_僻墓】1F　候補6	01	4	7001	儀式素材【コモンA】レベル2	0x40001B59	0xB0001B59	1	100	0	52901400	52901400
201421060	宝箱（小）【レベル2_僻墓】1F　候補7	01	4	1000	HP回復【PG直接指定】	0x400003E8	0xB00003E8	2	100	0	52901400	52901400
201421070	宝箱（小）【レベル2_僻墓】1F　候補8	01	4	1000	HP回復【PG直接指定】	0x400003E8	0xB00003E8	2	100	0	52901400	52901400
201421080	宝箱（小）【レベル2_僻墓】1F　候補9	01	4	1000	HP回復【PG直接指定】	0x400003E8	0xB00003E8	2	100	0	52901400	52901400
201421090	宝箱（小）【レベル2_僻墓】1F　候補10	01	4	900	弾丸【PG直接指定】	0x40000384	0xB0000384	2	100	0	52901400	52901400
201421100	宝箱（小）【レベル2_僻墓】2F　候補1	01	4	7001	儀式素材【コモンA】レベル2	0x40001B59	0xB0001B59	3	100	0	52901400	52901400
201421110	宝箱（小）【レベル2_僻墓】2F　候補2	01	4	7001	儀式素材【コモンA】レベル2	0x40001B59	0xB0001B59	2	100	0	52901400	52901400
201421120	宝箱（小）【レベル2_僻墓】2F　候補3	01	4	7021	儀式素材【コモンC】レベル2	0x40001B6D	0xB0001B6D	3	100	0	52901400	52901400
201421130	宝箱（小）【レベル2_僻墓】2F　候補4	01	4	7021	儀式素材【コモンC】レベル2	0x40001B6D	0xB0001B6D	3	100	0	52901400	52901400
201421140	宝箱（小）【レベル2_僻墓】2F　候補5	01	4	7021	儀式素材【コモンC】レベル2	0x40001B6D	0xB0001B6D	3	100	0	52901400	52901400
201421150	宝箱（小）【レベル2_僻墓】2F　候補6	01	4	7021	儀式素材【コモンC】レベル2	0x40001B6D	0xB0001B6D	2	100	0	52901400	52901400
201421160	宝箱（小）【レベル2_僻墓】2F　候補7	01	4	7150	儀式素材【アンコモンF】レベル1	0x40001BEE	0xB0001BEE	1	100	0	52901400	52901400
201421170	宝箱（小）【レベル2_僻墓】2F　候補8	01	4	1000	HP回復【PG直接指定】	0x400003E8	0xB00003E8	4	100	0	52901400	52901400
201421180	宝箱（小）【レベル2_僻墓】2F　候補9	01	4	1000	HP回復【PG直接指定】	0x400003E8	0xB00003E8	4	100	0	52901400	52901400
201421190	宝箱（小）【レベル2_僻墓】2F　候補10	01	4	1000	HP回復【PG直接指定】	0x400003E8	0xB00003E8	4	100	0	52901400	52901400
201421200	宝箱（小）【レベル2_僻墓】3F　候補1	01	4	7001	儀式素材【コモンA】レベル2	0x40001B59	0xB0001B59	5	100	0	52901400	52901400
201421210	宝箱（小）【レベル2_僻墓】3F　候補2	01	4	7001	儀式素材【コモンA】レベル2	0x40001B59	0xB0001B59	4	100	0	52901400	52901400
201421220	宝箱（小）【レベル2_僻墓】3F　候補3	01	4	7021	儀式素材【コモンC】レベル2	0x40001B6D	0xB0001B6D	5	100	0	52901400	52901400
201421230	宝箱（小）【レベル2_僻墓】3F　候補4	01	4	7021	儀式素材【コモンC】レベル2	0x40001B6D	0xB0001B6D	5	100	0	52901400	52901400
201421240	宝箱（小）【レベル2_僻墓】3F　候補5	01	4	7021	儀式素材【コモンC】レベル2	0x40001B6D	0xB0001B6D	5	100	0	52901400	52901400
201421250	宝箱（小）【レベル2_僻墓】3F　候補6	01	4	7021	儀式素材【コモンC】レベル2	0x40001B6D	0xB0001B6D	4	100	0	52901400	52901400
201421260	宝箱（小）【レベル2_僻墓】3F　候補7	01	4	7150	儀式素材【アンコモンF】レベル1	0x40001BEE	0xB0001BEE	3	100	0	52901400	52901400
201421270	宝箱（小）【レベル2_僻墓】3F　候補8	01	4	1000	HP回復【PG直接指定】	0x400003E8	0xB00003E8	4	100	0	52901400	52901400
201421280	宝箱（小）【レベル2_僻墓】3F　候補9	01	4	1000	HP回復【PG直接指定】	0x400003E8	0xB00003E8	4	100	0	52901400	52901400
201421290	宝箱（小）【レベル2_僻墓】3F　候補10	01	4	1000	HP回復【PG直接指定】	0x400003E8	0xB00003E8	4	100	0	52901400	52901400
201421300	宝箱（小）【レベル2_僻墓】4F　候補1	01	4	7001	儀式素材【コモンA】レベル2	0x40001B59	0xB0001B59	7	100	0	52901400	52901400
201421310	宝箱（小）【レベル2_僻墓】4F　候補2	01	4	7001	儀式素材【コモンA】レベル2	0x40001B59	0xB0001B59	6	100	0	52901400	52901400
201421320	宝箱（小）【レベル2_僻墓】4F　候補3	01	4	7021	儀式素材【コモンC】レベル2	0x40001B6D	0xB0001B6D	7	100	0	52901400	52901400
201421330	宝箱（小）【レベル2_僻墓】4F　候補4	01	4	7021	儀式素材【コモンC】レベル2	0x40001B6D	0xB0001B6D	7	100	0	52901400	52901400
201421340	宝箱（小）【レベル2_僻墓】4F　候補5	01	4	7021	儀式素材【コモンC】レベル2	0x40001B6D	0xB0001B6D	7	100	0	52901400	52901400
201421350	宝箱（小）【レベル2_僻墓】4F　候補6	01	4	7021	儀式素材【コモンC】レベル2	0x40001B6D	0xB0001B6D	6	100	0	52901400	52901400
201421360	宝箱（小）【レベル2_僻墓】4F　候補7	01	4	7150	儀式素材【アンコモンF】レベル1	0x40001BEE	0xB0001BEE	5	100	0	52901400	52901400
201421370	宝箱（小）【レベル2_僻墓】4F　候補8	01	4	1000	HP回復【PG直接指定】	0x400003E8	0xB00003E8	4	100	0	52901400	52901400
201421380	宝箱（小）【レベル2_僻墓】4F　候補9	01	4	1000	HP回復【PG直接指定】	0x400003E8	0xB00003E8	4	100	0	52901400	52901400
201421390	宝箱（小）【レベル2_僻墓】4F　候補10	01	4	1000	HP回復【PG直接指定】	0x400003E8	0xB00003E8	4	100	0	52901400	52901400
201430000	宝箱（小）【レベル3_トゥメル】1F　候補1	01	4	7002	儀式素材【コモンA】レベル3	0x40001B5A	0xB0001B5A	1	100	0	52901400	52901400
201430010	宝箱（小）【レベル3_トゥメル】1F　候補2	01	4	7002	儀式素材【コモンA】レベル3	0x40001B5A	0xB0001B5A	1	100	0	52901400	52901400
201430020	宝箱（小）【レベル3_トゥメル】1F　候補3	01	4	7002	儀式素材【コモンA】レベル3	0x40001B5A	0xB0001B5A	1	100	0	52901400	52901400
201430030	宝箱（小）【レベル3_トゥメル】1F　候補4	01	4	7002	儀式素材【コモンA】レベル3	0x40001B5A	0xB0001B5A	1	100	0	52901400	52901400
201430040	宝箱（小）【レベル3_トゥメル】1F　候補5	01	4	7002	儀式素材【コモンA】レベル3	0x40001B5A	0xB0001B5A	1	100	0	52901400	52901400
201430050	宝箱（小）【レベル3_トゥメル】1F　候補6	01	4	7002	儀式素材【コモンA】レベル3	0x40001B5A	0xB0001B5A	1	100	0	52901400	52901400
201430060	宝箱（小）【レベル3_トゥメル】1F　候補7	01	4	1000	HP回復【PG直接指定】	0x400003E8	0xB00003E8	2	100	0	52901400	52901400
201430070	宝箱（小）【レベル3_トゥメル】1F　候補8	01	4	1000	HP回復【PG直接指定】	0x400003E8	0xB00003E8	2	100	0	52901400	52901400
201430080	宝箱（小）【レベル3_トゥメル】1F　候補9	01	4	900	弾丸【PG直接指定】	0x40000384	0xB0000384	2	100	0	52901400	52901400
201430090	宝箱（小）【レベル3_トゥメル】1F　候補10	01	4	900	弾丸【PG直接指定】	0x40000384	0xB0000384	2	100	0	52901400	52901400
201430100	宝箱（小）【レベル3_トゥメル】2F　候補1	01	4	7002	儀式素材【コモンA】レベル3	0x40001B5A	0xB0001B5A	3	100	0	52901400	52901400
201430110	宝箱（小）【レベル3_トゥメル】2F　候補2	01	4	7002	儀式素材【コモンA】レベル3	0x40001B5A	0xB0001B5A	3	100	0	52901400	52901400
201430120	宝箱（小）【レベル3_トゥメル】2F　候補3	01	4	7002	儀式素材【コモンA】レベル3	0x40001B5A	0xB0001B5A	2	100	0	52901400	52901400
201430130	宝箱（小）【レベル3_トゥメル】2F　候補4	01	4	7002	儀式素材【コモンA】レベル3	0x40001B5A	0xB0001B5A	1	100	0	52901400	52901400
201430140	宝箱（小）【レベル3_トゥメル】2F　候補5	01	4	7022	儀式素材【コモンC】レベル3	0x40001B6E	0xB0001B6E	3	100	0	52901400	52901400
201430150	宝箱（小）【レベル3_トゥメル】2F　候補6	01	4	7022	儀式素材【コモンC】レベル3	0x40001B6E	0xB0001B6E	3	100	0	52901400	52901400
201430160	宝箱（小）【レベル3_トゥメル】2F　候補7	01	4	7022	儀式素材【コモンC】レベル3	0x40001B6E	0xB0001B6E	2	100	0	52901400	52901400
201430170	宝箱（小）【レベル3_トゥメル】2F　候補8	01	4	7022	儀式素材【コモンC】レベル3	0x40001B6E	0xB0001B6E	2	100	0	52901400	52901400
201430180	宝箱（小）【レベル3_トゥメル】2F　候補9	01	4	1000	HP回復【PG直接指定】	0x400003E8	0xB00003E8	4	100	0	52901400	52901400
201430190	宝箱（小）【レベル3_トゥメル】2F　候補10	01	4	900	弾丸【PG直接指定】	0x40000384	0xB0000384	4	100	0	52901400	52901400
201430200	宝箱（小）【レベル3_トゥメル】3F　候補1	01	4	7002	儀式素材【コモンA】レベル3	0x40001B5A	0xB0001B5A	5	100	0	52901400	52901400
201430210	宝箱（小）【レベル3_トゥメル】3F　候補2	01	4	7002	儀式素材【コモンA】レベル3	0x40001B5A	0xB0001B5A	5	100	0	52901400	52901400
201430220	宝箱（小）【レベル3_トゥメル】3F　候補3	01	4	7002	儀式素材【コモンA】レベル3	0x40001B5A	0xB0001B5A	2	100	0	52901400	52901400
201430230	宝箱（小）【レベル3_トゥメル】3F　候補4	01	4	7003	儀式素材【コモンA】レベル4	0x40001B5B	0xB0001B5B	1	100	0	52901400	52901400
201430240	宝箱（小）【レベル3_トゥメル】3F　候補5	01	4	7022	儀式素材【コモンC】レベル3	0x40001B6E	0xB0001B6E	5	100	0	52901400	52901400
201430250	宝箱（小）【レベル3_トゥメル】3F　候補6	01	4	7022	儀式素材【コモンC】レベル3	0x40001B6E	0xB0001B6E	5	100	0	52901400	52901400
201430260	宝箱（小）【レベル3_トゥメル】3F　候補7	01	4	7022	儀式素材【コモンC】レベル3	0x40001B6E	0xB0001B6E	4	100	0	52901400	52901400
201430270	宝箱（小）【レベル3_トゥメル】3F　候補8	01	4	7022	儀式素材【コモンC】レベル3	0x40001B6E	0xB0001B6E	4	100	0	52901400	52901400
201430280	宝箱（小）【レベル3_トゥメル】3F　候補9	01	4	1000	HP回復【PG直接指定】	0x400003E8	0xB00003E8	4	100	0	52901400	52901400
201430290	宝箱（小）【レベル3_トゥメル】3F　候補10	01	4	900	弾丸【PG直接指定】	0x40000384	0xB0000384	8	100	0	52901400	52901400
201430300	宝箱（小）【レベル3_トゥメル】4F　候補1	01	4	7002	儀式素材【コモンA】レベル3	0x40001B5A	0xB0001B5A	7	100	0	52901400	52901400
201430310	宝箱（小）【レベル3_トゥメル】4F　候補2	01	4	7002	儀式素材【コモンA】レベル3	0x40001B5A	0xB0001B5A	7	100	0	52901400	52901400
201430320	宝箱（小）【レベル3_トゥメル】4F　候補3	01	4	7002	儀式素材【コモンA】レベル3	0x40001B5A	0xB0001B5A	6	100	0	52901400	52901400
201430330	宝箱（小）【レベル3_トゥメル】4F　候補4	01	4	7002	儀式素材【コモンA】レベル3	0x40001B5A	0xB0001B5A	2	100	0	52901400	52901400
201430340	宝箱（小）【レベル3_トゥメル】4F　候補5	01	4	7022	儀式素材【コモンC】レベル3	0x40001B6E	0xB0001B6E	7	100	0	52901400	52901400
201430350	宝箱（小）【レベル3_トゥメル】4F　候補6	01	4	7022	儀式素材【コモンC】レベル3	0x40001B6E	0xB0001B6E	7	100	0	52901400	52901400
201430360	宝箱（小）【レベル3_トゥメル】4F　候補7	01	4	7022	儀式素材【コモンC】レベル3	0x40001B6E	0xB0001B6E	6	100	0	52901400	52901400
201430370	宝箱（小）【レベル3_トゥメル】4F　候補8	01	4	7022	儀式素材【コモンC】レベル3	0x40001B6E	0xB0001B6E	6	100	0	52901400	52901400
201430380	宝箱（小）【レベル3_トゥメル】4F　候補9	01	4	1000	HP回復【PG直接指定】	0x400003E8	0xB00003E8	4	100	0	52901400	52901400
201430390	宝箱（小）【レベル3_トゥメル】4F　候補10	01	4	900	弾丸【PG直接指定】	0x40000384	0xB0000384	4	100	0	52901400	52901400
201431000	宝箱（小）【レベル3_僻墓】1F　候補1	01	4	7002	儀式素材【コモンA】レベル3	0x40001B5A	0xB0001B5A	1	100	0	52901400	52901400
201431010	宝箱（小）【レベル3_僻墓】1F　候補2	01	4	7002	儀式素材【コモンA】レベル3	0x40001B5A	0xB0001B5A	1	100	0	52901400	52901400
201431020	宝箱（小）【レベル3_僻墓】1F　候補3	01	4	7002	儀式素材【コモンA】レベル3	0x40001B5A	0xB0001B5A	1	100	0	52901400	52901400
201431030	宝箱（小）【レベル3_僻墓】1F　候補4	01	4	7002	儀式素材【コモンA】レベル3	0x40001B5A	0xB0001B5A	1	100	0	52901400	52901400
201431040	宝箱（小）【レベル3_僻墓】1F　候補5	01	4	7002	儀式素材【コモンA】レベル3	0x40001B5A	0xB0001B5A	1	100	0	52901400	52901400
201431050	宝箱（小）【レベル3_僻墓】1F　候補6	01	4	7002	儀式素材【コモンA】レベル3	0x40001B5A	0xB0001B5A	1	100	0	52901400	52901400
201431060	宝箱（小）【レベル3_僻墓】1F　候補7	01	4	1000	HP回復【PG直接指定】	0x400003E8	0xB00003E8	2	100	0	52901400	52901400
201431070	宝箱（小）【レベル3_僻墓】1F　候補8	01	4	1000	HP回復【PG直接指定】	0x400003E8	0xB00003E8	2	100	0	52901400	52901400
201431080	宝箱（小）【レベル3_僻墓】1F　候補9	01	4	1000	HP回復【PG直接指定】	0x400003E8	0xB00003E8	2	100	0	52901400	52901400
201431090	宝箱（小）【レベル3_僻墓】1F　候補10	01	4	900	弾丸【PG直接指定】	0x40000384	0xB0000384	2	100	0	52901400	52901400
201431100	宝箱（小）【レベル3_僻墓】2F　候補1	01	4	7002	儀式素材【コモンA】レベル3	0x40001B5A	0xB0001B5A	3	100	0	52901400	52901400
201431110	宝箱（小）【レベル3_僻墓】2F　候補2	01	4	7002	儀式素材【コモンA】レベル3	0x40001B5A	0xB0001B5A	2	100	0	52901400	52901400
201431120	宝箱（小）【レベル3_僻墓】2F　候補3	01	4	7022	儀式素材【コモンC】レベル3	0x40001B6E	0xB0001B6E	2	100	0	52901400	52901400
201431130	宝箱（小）【レベル3_僻墓】2F　候補4	01	4	7022	儀式素材【コモンC】レベル3	0x40001B6E	0xB0001B6E	2	100	0	52901400	52901400
201431140	宝箱（小）【レベル3_僻墓】2F　候補5	01	4	7022	儀式素材【コモンC】レベル3	0x40001B6E	0xB0001B6E	1	100	0	52901400	52901400
201431150	宝箱（小）【レベル3_僻墓】2F　候補6	01	4	7022	儀式素材【コモンC】レベル3	0x40001B6E	0xB0001B6E	1	100	0	52901400	52901400
201431160	宝箱（小）【レベル3_僻墓】2F　候補7	01	4	7022	儀式素材【コモンC】レベル3	0x40001B6E	0xB0001B6E	1	100	0	52901400	52901400
201431170	宝箱（小）【レベル3_僻墓】2F　候補8	01	4	7150	儀式素材【アンコモンF】レベル1	0x40001BEE	0xB0001BEE	1	100	0	52901400	52901400
201431180	宝箱（小）【レベル3_僻墓】2F　候補9	01	4	1000	HP回復【PG直接指定】	0x400003E8	0xB00003E8	4	100	0	52901400	52901400
201431190	宝箱（小）【レベル3_僻墓】2F　候補10	01	4	1000	HP回復【PG直接指定】	0x400003E8	0xB00003E8	4	100	0	52901400	52901400
201431200	宝箱（小）【レベル3_僻墓】3F　候補1	01	4	7002	儀式素材【コモンA】レベル3	0x40001B5A	0xB0001B5A	5	100	0	52901400	52901400
201431210	宝箱（小）【レベル3_僻墓】3F　候補2	01	4	7002	儀式素材【コモンA】レベル3	0x40001B5A	0xB0001B5A	4	100	0	52901400	52901400
201431220	宝箱（小）【レベル3_僻墓】3F　候補3	01	4	7022	儀式素材【コモンC】レベル3	0x40001B6E	0xB0001B6E	4	100	0	52901400	52901400
201431230	宝箱（小）【レベル3_僻墓】3F　候補4	01	4	7022	儀式素材【コモンC】レベル3	0x40001B6E	0xB0001B6E	4	100	0	52901400	52901400
201431240	宝箱（小）【レベル3_僻墓】3F　候補5	01	4	7022	儀式素材【コモンC】レベル3	0x40001B6E	0xB0001B6E	2	100	0	52901400	52901400
201431250	宝箱（小）【レベル3_僻墓】3F　候補6	01	4	7022	儀式素材【コモンC】レベル3	0x40001B6E	0xB0001B6E	2	100	0	52901400	52901400
201431260	宝箱（小）【レベル3_僻墓】3F　候補7	01	4	7022	儀式素材【コモンC】レベル3	0x40001B6E	0xB0001B6E	2	100	0	52901400	52901400
201431270	宝箱（小）【レベル3_僻墓】3F　候補8	01	4	7150	儀式素材【アンコモンF】レベル1	0x40001BEE	0xB0001BEE	3	100	0	52901400	52901400
201431280	宝箱（小）【レベル3_僻墓】3F　候補9	01	4	1000	HP回復【PG直接指定】	0x400003E8	0xB00003E8	4	100	0	52901400	52901400
201431290	宝箱（小）【レベル3_僻墓】3F　候補10	01	4	1000	HP回復【PG直接指定】	0x400003E8	0xB00003E8	4	100	0	52901400	52901400
201431300	宝箱（小）【レベル3_僻墓】4F　候補1	01	4	7002	儀式素材【コモンA】レベル3	0x40001B5A	0xB0001B5A	7	100	0	52901400	52901400
201431310	宝箱（小）【レベル3_僻墓】4F　候補2	01	4	7002	儀式素材【コモンA】レベル3	0x40001B5A	0xB0001B5A	6	100	0	52901400	52901400
201431320	宝箱（小）【レベル3_僻墓】4F　候補3	01	4	7022	儀式素材【コモンC】レベル3	0x40001B6E	0xB0001B6E	6	100	0	52901400	52901400
201431330	宝箱（小）【レベル3_僻墓】4F　候補4	01	4	7022	儀式素材【コモンC】レベル3	0x40001B6E	0xB0001B6E	6	100	0	52901400	52901400
201431340	宝箱（小）【レベル3_僻墓】4F　候補5	01	4	7022	儀式素材【コモンC】レベル3	0x40001B6E	0xB0001B6E	3	100	0	52901400	52901400
201431350	宝箱（小）【レベル3_僻墓】4F　候補6	01	4	7022	儀式素材【コモンC】レベル3	0x40001B6E	0xB0001B6E	3	100	0	52901400	52901400
201431360	宝箱（小）【レベル3_僻墓】4F　候補7	01	4	7022	儀式素材【コモンC】レベル3	0x40001B6E	0xB0001B6E	3	100	0	52901400	52901400
201431370	宝箱（小）【レベル3_僻墓】4F　候補8	01	4	7150	儀式素材【アンコモンF】レベル1	0x40001BEE	0xB0001BEE	5	100	0	52901400	52901400
201431380	宝箱（小）【レベル3_僻墓】4F　候補9	01	4	1000	HP回復【PG直接指定】	0x400003E8	0xB00003E8	4	100	0	52901400	52901400
201431390	宝箱（小）【レベル3_僻墓】4F　候補10	01	4	1000	HP回復【PG直接指定】	0x400003E8	0xB00003E8	4	100	0	52901400	52901400
201440000	宝箱（小）【レベル4_トゥメル】1F　候補1	01	4	7003	儀式素材【コモンA】レベル4	0x40001B5B	0xB0001B5B	1	100	0	52901400	52901400
201440010	宝箱（小）【レベル4_トゥメル】1F　候補2	01	4	7003	儀式素材【コモンA】レベル4	0x40001B5B	0xB0001B5B	1	100	0	52901400	52901400
201440020	宝箱（小）【レベル4_トゥメル】1F　候補3	01	4	7003	儀式素材【コモンA】レベル4	0x40001B5B	0xB0001B5B	1	100	0	52901400	52901400
201440030	宝箱（小）【レベル4_トゥメル】1F　候補4	01	4	7003	儀式素材【コモンA】レベル4	0x40001B5B	0xB0001B5B	1	100	0	52901400	52901400
201440040	宝箱（小）【レベル4_トゥメル】1F　候補5	01	4	7003	儀式素材【コモンA】レベル4	0x40001B5B	0xB0001B5B	1	100	0	52901400	52901400
201440050	宝箱（小）【レベル4_トゥメル】1F　候補6	01	4	7023	儀式素材【コモンC】レベル4	0x40001B6F	0xB0001B6F	1	100	0	52901400	52901400
201440060	宝箱（小）【レベル4_トゥメル】1F　候補7	01	4	1000	HP回復【PG直接指定】	0x400003E8	0xB00003E8	2	100	0	52901400	52901400
201440070	宝箱（小）【レベル4_トゥメル】1F　候補8	01	4	1000	HP回復【PG直接指定】	0x400003E8	0xB00003E8	2	100	0	52901400	52901400
201440080	宝箱（小）【レベル4_トゥメル】1F　候補9	01	4	900	弾丸【PG直接指定】	0x40000384	0xB0000384	2	100	0	52901400	52901400
201440090	宝箱（小）【レベル4_トゥメル】1F　候補10	01	4	900	弾丸【PG直接指定】	0x40000384	0xB0000384	2	100	0	52901400	52901400
201440100	宝箱（小）【レベル4_トゥメル】2F　候補1	01	4	7003	儀式素材【コモンA】レベル4	0x40001B5B	0xB0001B5B	5	100	0	52901400	52901400
201440110	宝箱（小）【レベル4_トゥメル】2F　候補2	01	4	7003	儀式素材【コモンA】レベル4	0x40001B5B	0xB0001B5B	3	100	0	52901400	52901400
201440120	宝箱（小）【レベル4_トゥメル】2F　候補3	01	4	7003	儀式素材【コモンA】レベル4	0x40001B5B	0xB0001B5B	2	100	0	52901400	52901400
201440130	宝箱（小）【レベル4_トゥメル】2F　候補4	01	4	7003	儀式素材【コモンA】レベル4	0x40001B5B	0xB0001B5B	2	100	0	52901400	52901400
201440140	宝箱（小）【レベル4_トゥメル】2F　候補5	01	4	7023	儀式素材【コモンC】レベル4	0x40001B6F	0xB0001B6F	3	100	0	52901400	52901400
201440150	宝箱（小）【レベル4_トゥメル】2F　候補6	01	4	7023	儀式素材【コモンC】レベル4	0x40001B6F	0xB0001B6F	3	100	0	52901400	52901400
201440160	宝箱（小）【レベル4_トゥメル】2F　候補7	01	4	7023	儀式素材【コモンC】レベル4	0x40001B6F	0xB0001B6F	2	100	0	52901400	52901400
201440170	宝箱（小）【レベル4_トゥメル】2F　候補8	01	4	7023	儀式素材【コモンC】レベル4	0x40001B6F	0xB0001B6F	2	100	0	52901400	52901400
201440180	宝箱（小）【レベル4_トゥメル】2F　候補9	01	4	1000	HP回復【PG直接指定】	0x400003E8	0xB00003E8	4	100	0	52901400	52901400
201440190	宝箱（小）【レベル4_トゥメル】2F　候補10	01	4	900	弾丸【PG直接指定】	0x40000384	0xB0000384	4	100	0	52901400	52901400
201440200	宝箱（小）【レベル4_トゥメル】3F　候補1	01	4	7003	儀式素材【コモンA】レベル4	0x40001B5B	0xB0001B5B	5	100	0	52901400	52901400
201440210	宝箱（小）【レベル4_トゥメル】3F　候補2	01	4	7003	儀式素材【コモンA】レベル4	0x40001B5B	0xB0001B5B	5	100	0	52901400	52901400
201440220	宝箱（小）【レベル4_トゥメル】3F　候補3	01	4	7003	儀式素材【コモンA】レベル4	0x40001B5B	0xB0001B5B	4	100	0	52901400	52901400
201440230	宝箱（小）【レベル4_トゥメル】3F　候補4	01	4	7004	儀式素材【コモンA】レベル5	0x40001B5C	0xB0001B5C	1	100	0	52901400	52901400
201440240	宝箱（小）【レベル4_トゥメル】3F　候補5	01	4	7023	儀式素材【コモンC】レベル4	0x40001B6F	0xB0001B6F	5	100	0	52901400	52901400
201440250	宝箱（小）【レベル4_トゥメル】3F　候補6	01	4	7023	儀式素材【コモンC】レベル4	0x40001B6F	0xB0001B6F	5	100	0	52901400	52901400
201440260	宝箱（小）【レベル4_トゥメル】3F　候補7	01	4	7023	儀式素材【コモンC】レベル4	0x40001B6F	0xB0001B6F	4	100	0	52901400	52901400
201440270	宝箱（小）【レベル4_トゥメル】3F　候補8	01	4	7023	儀式素材【コモンC】レベル4	0x40001B6F	0xB0001B6F	4	100	0	52901400	52901400
201440280	宝箱（小）【レベル4_トゥメル】3F　候補9	01	4	1000	HP回復【PG直接指定】	0x400003E8	0xB00003E8	4	100	0	52901400	52901400
201440290	宝箱（小）【レベル4_トゥメル】3F　候補10	01	4	900	弾丸【PG直接指定】	0x40000384	0xB0000384	4	100	0	52901400	52901400
201440300	宝箱（小）【レベル4_トゥメル】4F　候補1	01	4	7003	儀式素材【コモンA】レベル4	0x40001B5B	0xB0001B5B	7	100	0	52901400	52901400
201440310	宝箱（小）【レベル4_トゥメル】4F　候補2	01	4	7003	儀式素材【コモンA】レベル4	0x40001B5B	0xB0001B5B	7	100	0	52901400	52901400
201440320	宝箱（小）【レベル4_トゥメル】4F　候補3	01	4	7003	儀式素材【コモンA】レベル4	0x40001B5B	0xB0001B5B	6	100	0	52901400	52901400
201440330	宝箱（小）【レベル4_トゥメル】4F　候補4	01	4	7003	儀式素材【コモンA】レベル4	0x40001B5B	0xB0001B5B	6	100	0	52901400	52901400
201440340	宝箱（小）【レベル4_トゥメル】4F　候補5	01	4	7023	儀式素材【コモンC】レベル4	0x40001B6F	0xB0001B6F	7	100	0	52901400	52901400
201440350	宝箱（小）【レベル4_トゥメル】4F　候補6	01	4	7023	儀式素材【コモンC】レベル4	0x40001B6F	0xB0001B6F	7	100	0	52901400	52901400
201440360	宝箱（小）【レベル4_トゥメル】4F　候補7	01	4	7023	儀式素材【コモンC】レベル4	0x40001B6F	0xB0001B6F	6	100	0	52901400	52901400
201440370	宝箱（小）【レベル4_トゥメル】4F　候補8	01	4	7023	儀式素材【コモンC】レベル4	0x40001B6F	0xB0001B6F	6	100	0	52901400	52901400
201440380	宝箱（小）【レベル4_トゥメル】4F　候補9	01	4	1000	HP回復【PG直接指定】	0x400003E8	0xB00003E8	4	100	0	52901400	52901400
201440390	宝箱（小）【レベル4_トゥメル】4F　候補10	01	4	900	弾丸【PG直接指定】	0x40000384	0xB0000384	4	100	0	52901400	52901400
201442000	宝箱（小）【レベル4_ローラン】1F　候補1	01	4	7003	儀式素材【コモンA】レベル4	0x40001B5B	0xB0001B5B	1	100	0	52901400	52901400
201442010	宝箱（小）【レベル4_ローラン】1F　候補2	01	4	7003	儀式素材【コモンA】レベル4	0x40001B5B	0xB0001B5B	1	100	0	52901400	52901400
201442020	宝箱（小）【レベル4_ローラン】1F　候補3	01	4	7003	儀式素材【コモンA】レベル4	0x40001B5B	0xB0001B5B	1	100	0	52901400	52901400
201442030	宝箱（小）【レベル4_ローラン】1F　候補4	01	4	7003	儀式素材【コモンA】レベル4	0x40001B5B	0xB0001B5B	1	100	0	52901400	52901400
201442040	宝箱（小）【レベル4_ローラン】1F　候補5	01	4	7003	儀式素材【コモンA】レベル4	0x40001B5B	0xB0001B5B	1	100	0	52901400	52901400
201442050	宝箱（小）【レベル4_ローラン】1F　候補6	01	4	7004	儀式素材【コモンA】レベル5	0x40001B5C	0xB0001B5C	2	100	0	52901400	52901400
201442060	宝箱（小）【レベル4_ローラン】1F　候補7	01	4	1000	HP回復【PG直接指定】	0x400003E8	0xB00003E8	2	100	0	52901400	52901400
201442070	宝箱（小）【レベル4_ローラン】1F　候補8	01	4	900	弾丸【PG直接指定】	0x40000384	0xB0000384	2	100	0	52901400	52901400
201442080	宝箱（小）【レベル4_ローラン】1F　候補9	01	4	900	弾丸【PG直接指定】	0x40000384	0xB0000384	2	100	0	52901400	52901400
201442090	宝箱（小）【レベル4_ローラン】1F　候補10	01	4	900	弾丸【PG直接指定】	0x40000384	0xB0000384	2	100	0	52901400	52901400
201442100	宝箱（小）【レベル4_ローラン】2F　候補1	01	4	7003	儀式素材【コモンA】レベル4	0x40001B5B	0xB0001B5B	3	100	0	52901400	52901400
201442110	宝箱（小）【レベル4_ローラン】2F　候補2	01	4	7003	儀式素材【コモンA】レベル4	0x40001B5B	0xB0001B5B	2	100	0	52901400	52901400
201442120	宝箱（小）【レベル4_ローラン】2F　候補3	01	4	7013	儀式素材【コモンB】レベル4	0x40001B65	0xB0001B65	3	100	0	52901400	52901400
201442130	宝箱（小）【レベル4_ローラン】2F　候補4	01	4	7013	儀式素材【コモンB】レベル4	0x40001B65	0xB0001B65	3	100	0	52901400	52901400
201442140	宝箱（小）【レベル4_ローラン】2F　候補5	01	4	7013	儀式素材【コモンB】レベル4	0x40001B65	0xB0001B65	2	100	0	52901400	52901400
201442150	宝箱（小）【レベル4_ローラン】2F　候補6	01	4	7023	儀式素材【コモンC】レベル4	0x40001B6F	0xB0001B6F	3	100	0	52901400	52901400
201442160	宝箱（小）【レベル4_ローラン】2F　候補7	01	4	7023	儀式素材【コモンC】レベル4	0x40001B6F	0xB0001B6F	2	100	0	52901400	52901400
201442170	宝箱（小）【レベル4_ローラン】2F　候補8	01	4	7023	儀式素材【コモンC】レベル4	0x40001B6F	0xB0001B6F	2	100	0	52901400	52901400
201442180	宝箱（小）【レベル4_ローラン】2F　候補9	01	4	900	弾丸【PG直接指定】	0x40000384	0xB0000384	4	100	0	52901400	52901400
201442190	宝箱（小）【レベル4_ローラン】2F　候補10	01	4	900	弾丸【PG直接指定】	0x40000384	0xB0000384	4	100	0	52901400	52901400
201442200	宝箱（小）【レベル4_ローラン】3F　候補1	01	4	7003	儀式素材【コモンA】レベル4	0x40001B5B	0xB0001B5B	5	100	0	52901400	52901400
201442210	宝箱（小）【レベル4_ローラン】3F　候補2	01	4	7003	儀式素材【コモンA】レベル4	0x40001B5B	0xB0001B5B	4	100	0	52901400	52901400
201442220	宝箱（小）【レベル4_ローラン】3F　候補3	01	4	7013	儀式素材【コモンB】レベル4	0x40001B65	0xB0001B65	5	100	0	52901400	52901400
201442230	宝箱（小）【レベル4_ローラン】3F　候補4	01	4	7013	儀式素材【コモンB】レベル4	0x40001B65	0xB0001B65	5	100	0	52901400	52901400
201442240	宝箱（小）【レベル4_ローラン】3F　候補5	01	4	7013	儀式素材【コモンB】レベル4	0x40001B65	0xB0001B65	4	100	0	52901400	52901400
201442250	宝箱（小）【レベル4_ローラン】3F　候補6	01	4	7023	儀式素材【コモンC】レベル4	0x40001B6F	0xB0001B6F	5	100	0	52901400	52901400
201442260	宝箱（小）【レベル4_ローラン】3F　候補7	01	4	7023	儀式素材【コモンC】レベル4	0x40001B6F	0xB0001B6F	4	100	0	52901400	52901400
201442270	宝箱（小）【レベル4_ローラン】3F　候補8	01	4	7023	儀式素材【コモンC】レベル4	0x40001B6F	0xB0001B6F	3	100	0	52901400	52901400
201442280	宝箱（小）【レベル4_ローラン】3F　候補9	01	4	900	弾丸【PG直接指定】	0x40000384	0xB0000384	4	100	0	52901400	52901400
201442290	宝箱（小）【レベル4_ローラン】3F　候補10	01	4	900	弾丸【PG直接指定】	0x40000384	0xB0000384	4	100	0	52901400	52901400
201442300	宝箱（小）【レベル4_ローラン】4F　候補1	01	4	7003	儀式素材【コモンA】レベル4	0x40001B5B	0xB0001B5B	7	100	0	52901400	52901400
201442310	宝箱（小）【レベル4_ローラン】4F　候補2	01	4	7003	儀式素材【コモンA】レベル4	0x40001B5B	0xB0001B5B	6	100	0	52901400	52901400
201442320	宝箱（小）【レベル4_ローラン】4F　候補3	01	4	7013	儀式素材【コモンB】レベル4	0x40001B65	0xB0001B65	7	100	0	52901400	52901400
201442330	宝箱（小）【レベル4_ローラン】4F　候補4	01	4	7013	儀式素材【コモンB】レベル4	0x40001B65	0xB0001B65	7	100	0	52901400	52901400
201442340	宝箱（小）【レベル4_ローラン】4F　候補5	01	4	7013	儀式素材【コモンB】レベル4	0x40001B65	0xB0001B65	6	100	0	52901400	52901400
201442350	宝箱（小）【レベル4_ローラン】4F　候補6	01	4	7023	儀式素材【コモンC】レベル4	0x40001B6F	0xB0001B6F	7	100	0	52901400	52901400
201442360	宝箱（小）【レベル4_ローラン】4F　候補7	01	4	7023	儀式素材【コモンC】レベル4	0x40001B6F	0xB0001B6F	6	100	0	52901400	52901400
201442370	宝箱（小）【レベル4_ローラン】4F　候補8	01	4	7023	儀式素材【コモンC】レベル4	0x40001B6F	0xB0001B6F	6	100	0	52901400	52901400
201442380	宝箱（小）【レベル4_ローラン】4F　候補9	01	4	900	弾丸【PG直接指定】	0x40000384	0xB0000384	4	100	0	52901400	52901400
201442390	宝箱（小）【レベル4_ローラン】4F　候補10	01	4	900	弾丸【PG直接指定】	0x40000384	0xB0000384	4	100	0	52901400	52901400
201450000	宝箱（小）【レベル5_トゥメル】1F　候補1	01	4	7004	儀式素材【コモンA】レベル5	0x40001B5C	0xB0001B5C	1	100	0	52901400	52901400
201450010	宝箱（小）【レベル5_トゥメル】1F　候補2	01	4	7004	儀式素材【コモンA】レベル5	0x40001B5C	0xB0001B5C	1	100	0	52901400	52901400
201450020	宝箱（小）【レベル5_トゥメル】1F　候補3	01	4	7004	儀式素材【コモンA】レベル5	0x40001B5C	0xB0001B5C	1	100	0	52901400	52901400
201450030	宝箱（小）【レベル5_トゥメル】1F　候補4	01	4	7004	儀式素材【コモンA】レベル5	0x40001B5C	0xB0001B5C	1	100	0	52901400	52901400
201450040	宝箱（小）【レベル5_トゥメル】1F　候補5	01	4	7004	儀式素材【コモンA】レベル5	0x40001B5C	0xB0001B5C	1	100	0	52901400	52901400
201450050	宝箱（小）【レベル5_トゥメル】1F　候補6	01	4	7024	儀式素材【コモンC】レベル5	0x40001B70	0xB0001B70	2	100	0	52901400	52901400
201450060	宝箱（小）【レベル5_トゥメル】1F　候補7	01	4	1000	HP回復【PG直接指定】	0x400003E8	0xB00003E8	2	100	0	52901400	52901400
201450070	宝箱（小）【レベル5_トゥメル】1F　候補8	01	4	1000	HP回復【PG直接指定】	0x400003E8	0xB00003E8	2	100	0	52901400	52901400
201450080	宝箱（小）【レベル5_トゥメル】1F　候補9	01	4	900	弾丸【PG直接指定】	0x40000384	0xB0000384	2	100	0	52901400	52901400
201450090	宝箱（小）【レベル5_トゥメル】1F　候補10	01	4	900	弾丸【PG直接指定】	0x40000384	0xB0000384	2	100	0	52901400	52901400
201450100	宝箱（小）【レベル5_トゥメル】2F　候補1	01	4	7004	儀式素材【コモンA】レベル5	0x40001B5C	0xB0001B5C	3	100	0	52901400	52901400
201450110	宝箱（小）【レベル5_トゥメル】2F　候補2	01	4	7004	儀式素材【コモンA】レベル5	0x40001B5C	0xB0001B5C	3	100	0	52901400	52901400
201450120	宝箱（小）【レベル5_トゥメル】2F　候補3	01	4	7004	儀式素材【コモンA】レベル5	0x40001B5C	0xB0001B5C	2	100	0	52901400	52901400
201450130	宝箱（小）【レベル5_トゥメル】2F　候補4	01	4	7004	儀式素材【コモンA】レベル5	0x40001B5C	0xB0001B5C	2	100	0	52901400	52901400
201450140	宝箱（小）【レベル5_トゥメル】2F　候補5	01	4	7024	儀式素材【コモンC】レベル5	0x40001B70	0xB0001B70	3	100	0	52901400	52901400
201450150	宝箱（小）【レベル5_トゥメル】2F　候補6	01	4	7024	儀式素材【コモンC】レベル5	0x40001B70	0xB0001B70	3	100	0	52901400	52901400
201450160	宝箱（小）【レベル5_トゥメル】2F　候補7	01	4	7024	儀式素材【コモンC】レベル5	0x40001B70	0xB0001B70	2	100	0	52901400	52901400
201450170	宝箱（小）【レベル5_トゥメル】2F　候補8	01	4	7024	儀式素材【コモンC】レベル5	0x40001B70	0xB0001B70	2	100	0	52901400	52901400
201450180	宝箱（小）【レベル5_トゥメル】2F　候補9	01	4	1000	HP回復【PG直接指定】	0x400003E8	0xB00003E8	4	100	0	52901400	52901400
201450190	宝箱（小）【レベル5_トゥメル】2F　候補10	01	4	900	弾丸【PG直接指定】	0x40000384	0xB0000384	4	100	0	52901400	52901400
201450200	宝箱（小）【レベル5_トゥメル】3F　候補1	01	4	7004	儀式素材【コモンA】レベル5	0x40001B5C	0xB0001B5C	5	100	0	52901400	52901400
201450210	宝箱（小）【レベル5_トゥメル】3F　候補2	01	4	7004	儀式素材【コモンA】レベル5	0x40001B5C	0xB0001B5C	5	100	0	52901400	52901400
201450220	宝箱（小）【レベル5_トゥメル】3F　候補3	01	4	7004	儀式素材【コモンA】レベル5	0x40001B5C	0xB0001B5C	4	100	0	52901400	52901400
201450230	宝箱（小）【レベル5_トゥメル】3F　候補4	01	4	7004	儀式素材【コモンA】レベル5	0x40001B5C	0xB0001B5C	4	100	0	52901400	52901400
201450240	宝箱（小）【レベル5_トゥメル】3F　候補5	01	4	7024	儀式素材【コモンC】レベル5	0x40001B70	0xB0001B70	5	100	0	52901400	52901400
201450250	宝箱（小）【レベル5_トゥメル】3F　候補6	01	4	7024	儀式素材【コモンC】レベル5	0x40001B70	0xB0001B70	5	100	0	52901400	52901400
201450260	宝箱（小）【レベル5_トゥメル】3F　候補7	01	4	7024	儀式素材【コモンC】レベル5	0x40001B70	0xB0001B70	4	100	0	52901400	52901400
201450270	宝箱（小）【レベル5_トゥメル】3F　候補8	01	4	7024	儀式素材【コモンC】レベル5	0x40001B70	0xB0001B70	4	100	0	52901400	52901400
201450280	宝箱（小）【レベル5_トゥメル】3F　候補9	01	4	1000	HP回復【PG直接指定】	0x400003E8	0xB00003E8	4	100	0	52901400	52901400
201450290	宝箱（小）【レベル5_トゥメル】3F　候補10	01	4	900	弾丸【PG直接指定】	0x40000384	0xB0000384	4	100	0	52901400	52901400
201450300	宝箱（小）【レベル5_トゥメル】4F　候補1	01	4	7004	儀式素材【コモンA】レベル5	0x40001B5C	0xB0001B5C	7	100	0	52901400	52901400
201450310	宝箱（小）【レベル5_トゥメル】4F　候補2	01	4	7004	儀式素材【コモンA】レベル5	0x40001B5C	0xB0001B5C	7	100	0	52901400	52901400
201450320	宝箱（小）【レベル5_トゥメル】4F　候補3	01	4	7004	儀式素材【コモンA】レベル5	0x40001B5C	0xB0001B5C	6	100	0	52901400	52901400
201450330	宝箱（小）【レベル5_トゥメル】4F　候補4	01	4	7004	儀式素材【コモンA】レベル5	0x40001B5C	0xB0001B5C	6	100	0	52901400	52901400
201450340	宝箱（小）【レベル5_トゥメル】4F　候補5	01	4	7024	儀式素材【コモンC】レベル5	0x40001B70	0xB0001B70	7	100	0	52901400	52901400
201450350	宝箱（小）【レベル5_トゥメル】4F　候補6	01	4	7024	儀式素材【コモンC】レベル5	0x40001B70	0xB0001B70	7	100	0	52901400	52901400
201450360	宝箱（小）【レベル5_トゥメル】4F　候補7	01	4	7024	儀式素材【コモンC】レベル5	0x40001B70	0xB0001B70	6	100	0	52901400	52901400
201450370	宝箱（小）【レベル5_トゥメル】4F　候補8	01	4	7024	儀式素材【コモンC】レベル5	0x40001B70	0xB0001B70	6	100	0	52901400	52901400
201450380	宝箱（小）【レベル5_トゥメル】4F　候補9	01	4	1000	HP回復【PG直接指定】	0x400003E8	0xB00003E8	4	100	0	52901400	52901400
201450390	宝箱（小）【レベル5_トゥメル】4F　候補10	01	4	900	弾丸【PG直接指定】	0x40000384	0xB0000384	4	100	0	52901400	52901400
201452000	宝箱（小）【レベル5_ローラン】1F　候補1	01	4	7004	儀式素材【コモンA】レベル5	0x40001B5C	0xB0001B5C	1	100	0	52901400	52901400
201452010	宝箱（小）【レベル5_ローラン】1F　候補2	01	4	7004	儀式素材【コモンA】レベル5	0x40001B5C	0xB0001B5C	1	100	0	52901400	52901400
201452020	宝箱（小）【レベル5_ローラン】1F　候補3	01	4	7004	儀式素材【コモンA】レベル5	0x40001B5C	0xB0001B5C	1	100	0	52901400	52901400
201452030	宝箱（小）【レベル5_ローラン】1F　候補4	01	4	7004	儀式素材【コモンA】レベル5	0x40001B5C	0xB0001B5C	1	100	0	52901400	52901400
201452040	宝箱（小）【レベル5_ローラン】1F　候補5	01	4	7004	儀式素材【コモンA】レベル5	0x40001B5C	0xB0001B5C	1	100	0	52901400	52901400
201452050	宝箱（小）【レベル5_ローラン】1F　候補6	01	4	7004	儀式素材【コモンA】レベル5	0x40001B5C	0xB0001B5C	1	100	0	52901400	52901400
201452060	宝箱（小）【レベル5_ローラン】1F　候補7	01	4	1000	HP回復【PG直接指定】	0x400003E8	0xB00003E8	2	100	0	52901400	52901400
201452070	宝箱（小）【レベル5_ローラン】1F　候補8	01	4	1000	HP回復【PG直接指定】	0x400003E8	0xB00003E8	2	100	0	52901400	52901400
201452080	宝箱（小）【レベル5_ローラン】1F　候補9	01	4	900	弾丸【PG直接指定】	0x40000384	0xB0000384	2	100	0	52901400	52901400
201452090	宝箱（小）【レベル5_ローラン】1F　候補10	01	4	900	弾丸【PG直接指定】	0x40000384	0xB0000384	2	100	0	52901400	52901400
201452100	宝箱（小）【レベル5_ローラン】2F　候補1	01	4	7004	儀式素材【コモンA】レベル5	0x40001B5C	0xB0001B5C	3	100	0	52901400	52901400
201452110	宝箱（小）【レベル5_ローラン】2F　候補2	01	4	7004	儀式素材【コモンA】レベル5	0x40001B5C	0xB0001B5C	2	100	0	52901400	52901400
201452120	宝箱（小）【レベル5_ローラン】2F　候補3	01	4	7014	儀式素材【コモンB】レベル5	0x40001B66	0xB0001B66	3	100	0	52901400	52901400
201452130	宝箱（小）【レベル5_ローラン】2F　候補4	01	4	7014	儀式素材【コモンB】レベル5	0x40001B66	0xB0001B66	3	100	0	52901400	52901400
201452140	宝箱（小）【レベル5_ローラン】2F　候補5	01	4	7014	儀式素材【コモンB】レベル5	0x40001B66	0xB0001B66	2	100	0	52901400	52901400
201452150	宝箱（小）【レベル5_ローラン】2F　候補6	01	4	7024	儀式素材【コモンC】レベル5	0x40001B70	0xB0001B70	3	100	0	52901400	52901400
201452160	宝箱（小）【レベル5_ローラン】2F　候補7	01	4	7024	儀式素材【コモンC】レベル5	0x40001B70	0xB0001B70	2	100	0	52901400	52901400
201452170	宝箱（小）【レベル5_ローラン】2F　候補8	01	4	7024	儀式素材【コモンC】レベル5	0x40001B70	0xB0001B70	2	100	0	52901400	52901400
201452180	宝箱（小）【レベル5_ローラン】2F　候補9	01	4	900	弾丸【PG直接指定】	0x40000384	0xB0000384	4	100	0	52901400	52901400
201452190	宝箱（小）【レベル5_ローラン】2F　候補10	01	4	900	弾丸【PG直接指定】	0x40000384	0xB0000384	4	100	0	52901400	52901400
201452200	宝箱（小）【レベル5_ローラン】3F　候補1	01	4	7004	儀式素材【コモンA】レベル5	0x40001B5C	0xB0001B5C	5	100	0	52901400	52901400
201452210	宝箱（小）【レベル5_ローラン】3F　候補2	01	4	7004	儀式素材【コモンA】レベル5	0x40001B5C	0xB0001B5C	4	100	0	52901400	52901400
201452220	宝箱（小）【レベル5_ローラン】3F　候補3	01	4	7014	儀式素材【コモンB】レベル5	0x40001B66	0xB0001B66	5	100	0	52901400	52901400
201452230	宝箱（小）【レベル5_ローラン】3F　候補4	01	4	7014	儀式素材【コモンB】レベル5	0x40001B66	0xB0001B66	5	100	0	52901400	52901400
201452240	宝箱（小）【レベル5_ローラン】3F　候補5	01	4	7014	儀式素材【コモンB】レベル5	0x40001B66	0xB0001B66	4	100	0	52901400	52901400
201452250	宝箱（小）【レベル5_ローラン】3F　候補6	01	4	7024	儀式素材【コモンC】レベル5	0x40001B70	0xB0001B70	5	100	0	52901400	52901400
201452260	宝箱（小）【レベル5_ローラン】3F　候補7	01	4	7024	儀式素材【コモンC】レベル5	0x40001B70	0xB0001B70	4	100	0	52901400	52901400
201452270	宝箱（小）【レベル5_ローラン】3F　候補8	01	4	7024	儀式素材【コモンC】レベル5	0x40001B70	0xB0001B70	4	100	0	52901400	52901400
201452280	宝箱（小）【レベル5_ローラン】3F　候補9	01	4	900	弾丸【PG直接指定】	0x40000384	0xB0000384	4	100	0	52901400	52901400
201452290	宝箱（小）【レベル5_ローラン】3F　候補10	01	4	900	弾丸【PG直接指定】	0x40000384	0xB0000384	4	100	0	52901400	52901400
201452300	宝箱（小）【レベル5_ローラン】4F　候補1	01	4	7004	儀式素材【コモンA】レベル5	0x40001B5C	0xB0001B5C	7	100	0	52901400	52901400
201452310	宝箱（小）【レベル5_ローラン】4F　候補2	01	4	7004	儀式素材【コモンA】レベル5	0x40001B5C	0xB0001B5C	6	100	0	52901400	52901400
201452320	宝箱（小）【レベル5_ローラン】4F　候補3	01	4	7014	儀式素材【コモンB】レベル5	0x40001B66	0xB0001B66	7	100	0	52901400	52901400
201452330	宝箱（小）【レベル5_ローラン】4F　候補4	01	4	7014	儀式素材【コモンB】レベル5	0x40001B66	0xB0001B66	7	100	0	52901400	52901400
201452340	宝箱（小）【レベル5_ローラン】4F　候補5	01	4	7014	儀式素材【コモンB】レベル5	0x40001B66	0xB0001B66	6	100	0	52901400	52901400
201452350	宝箱（小）【レベル5_ローラン】4F　候補6	01	4	7024	儀式素材【コモンC】レベル5	0x40001B70	0xB0001B70	7	100	0	52901400	52901400
201452360	宝箱（小）【レベル5_ローラン】4F　候補7	01	4	7024	儀式素材【コモンC】レベル5	0x40001B70	0xB0001B70	6	100	0	52901400	52901400
201452370	宝箱（小）【レベル5_ローラン】4F　候補8	01	4	7024	儀式素材【コモンC】レベル5	0x40001B70	0xB0001B70	6	100	0	52901400	52901400
201452380	宝箱（小）【レベル5_ローラン】4F　候補9	01	4	900	弾丸【PG直接指定】	0x40000384	0xB0000384	4	100	0	52901400	52901400
201452390	宝箱（小）【レベル5_ローラン】4F　候補10	01	4	900	弾丸【PG直接指定】	0x40000384	0xB0000384	4	100	0	52901400	52901400
201453000	宝箱（小）【レベル5_イズ】1F　候補1	01	4	7004	儀式素材【コモンA】レベル5	0x40001B5C	0xB0001B5C	1	100	0	52901400	52901400
201453010	宝箱（小）【レベル5_イズ】1F　候補2	01	4	7004	儀式素材【コモンA】レベル5	0x40001B5C	0xB0001B5C	1	100	0	52901400	52901400
201453020	宝箱（小）【レベル5_イズ】1F　候補3	01	4	7004	儀式素材【コモンA】レベル5	0x40001B5C	0xB0001B5C	1	100	0	52901400	52901400
201453030	宝箱（小）【レベル5_イズ】1F　候補4	01	4	7004	儀式素材【コモンA】レベル5	0x40001B5C	0xB0001B5C	1	100	0	52901400	52901400
201453040	宝箱（小）【レベル5_イズ】1F　候補5	01	4	7004	儀式素材【コモンA】レベル5	0x40001B5C	0xB0001B5C	1	100	0	52901400	52901400
201453050	宝箱（小）【レベル5_イズ】1F　候補6	01	4	7004	儀式素材【コモンA】レベル5	0x40001B5C	0xB0001B5C	1	100	0	52901400	52901400
201453060	宝箱（小）【レベル5_イズ】1F　候補7	01	4	1000	HP回復【PG直接指定】	0x400003E8	0xB00003E8	2	100	0	52901400	52901400
201453070	宝箱（小）【レベル5_イズ】1F　候補8	01	4	1000	HP回復【PG直接指定】	0x400003E8	0xB00003E8	2	100	0	52901400	52901400
201453080	宝箱（小）【レベル5_イズ】1F　候補9	01	4	1000	HP回復【PG直接指定】	0x400003E8	0xB00003E8	2	100	0	52901400	52901400
201453090	宝箱（小）【レベル5_イズ】1F　候補10	01	4	900	弾丸【PG直接指定】	0x40000384	0xB0000384	2	100	0	52901400	52901400
201453100	宝箱（小）【レベル5_イズ】2F　候補1	01	4	7004	儀式素材【コモンA】レベル5	0x40001B5C	0xB0001B5C	3	100	0	52901400	52901400
201453110	宝箱（小）【レベル5_イズ】2F　候補2	01	4	7004	儀式素材【コモンA】レベル5	0x40001B5C	0xB0001B5C	2	100	0	52901400	52901400
201453120	宝箱（小）【レベル5_イズ】2F　候補3	01	4	7100	儀式素材【アンコモンA】レベル1	0x40001BBC	0xB0001BBC	1	100	0	52901400	52901400
201453130	宝箱（小）【レベル5_イズ】2F　候補4	01	4	7100	儀式素材【アンコモンA】レベル1	0x40001BBC	0xB0001BBC	1	100	0	52901400	52901400
201453140	宝箱（小）【レベル5_イズ】2F　候補5	01	4	7100	儀式素材【アンコモンA】レベル1	0x40001BBC	0xB0001BBC	1	100	0	52901400	52901400
201453150	宝箱（小）【レベル5_イズ】2F　候補6	01	4	7024	儀式素材【コモンC】レベル5	0x40001B70	0xB0001B70	3	100	0	52901400	52901400
201453160	宝箱（小）【レベル5_イズ】2F　候補7	01	4	7024	儀式素材【コモンC】レベル5	0x40001B70	0xB0001B70	2	100	0	52901400	52901400
201453170	宝箱（小）【レベル5_イズ】2F　候補8	01	4	7024	儀式素材【コモンC】レベル5	0x40001B70	0xB0001B70	2	100	0	52901400	52901400
201453180	宝箱（小）【レベル5_イズ】2F　候補9	01	4	1000	HP回復【PG直接指定】	0x400003E8	0xB00003E8	4	100	0	52901400	52901400
201453190	宝箱（小）【レベル5_イズ】2F　候補10	01	4	1000	HP回復【PG直接指定】	0x400003E8	0xB00003E8	4	100	0	52901400	52901400
201453200	宝箱（小）【レベル5_イズ】3F　候補1	01	4	7004	儀式素材【コモンA】レベル5	0x40001B5C	0xB0001B5C	5	100	0	52901400	52901400
201453210	宝箱（小）【レベル5_イズ】3F　候補2	01	4	7004	儀式素材【コモンA】レベル5	0x40001B5C	0xB0001B5C	4	100	0	52901400	52901400
201453220	宝箱（小）【レベル5_イズ】3F　候補3	01	4	7100	儀式素材【アンコモンA】レベル1	0x40001BBC	0xB0001BBC	2	100	0	52901400	52901400
201453230	宝箱（小）【レベル5_イズ】3F　候補4	01	4	7100	儀式素材【アンコモンA】レベル1	0x40001BBC	0xB0001BBC	2	100	0	52901400	52901400
201453240	宝箱（小）【レベル5_イズ】3F　候補5	01	4	7100	儀式素材【アンコモンA】レベル1	0x40001BBC	0xB0001BBC	2	100	0	52901400	52901400
201453250	宝箱（小）【レベル5_イズ】3F　候補6	01	4	7024	儀式素材【コモンC】レベル5	0x40001B70	0xB0001B70	5	100	0	52901400	52901400
201453260	宝箱（小）【レベル5_イズ】3F　候補7	01	4	7024	儀式素材【コモンC】レベル5	0x40001B70	0xB0001B70	4	100	0	52901400	52901400
201453270	宝箱（小）【レベル5_イズ】3F　候補8	01	4	7024	儀式素材【コモンC】レベル5	0x40001B70	0xB0001B70	4	100	0	52901400	52901400
201453280	宝箱（小）【レベル5_イズ】3F　候補9	01	4	7110	儀式素材【アンコモンB】レベル1	0x40001BC6	0xB0001BC6	1	100	0	52901400	52901400
201453290	宝箱（小）【レベル5_イズ】3F　候補10	01	4	1000	HP回復【PG直接指定】	0x400003E8	0xB00003E8	4	100	0	52901400	52901400
201453300	宝箱（小）【レベル5_イズ】4F　候補1	01	4	7004	儀式素材【コモンA】レベル5	0x40001B5C	0xB0001B5C	7	100	0	52901400	52901400
201453310	宝箱（小）【レベル5_イズ】4F　候補2	01	4	7004	儀式素材【コモンA】レベル5	0x40001B5C	0xB0001B5C	6	100	0	52901400	52901400
201453320	宝箱（小）【レベル5_イズ】4F　候補3	01	4	7100	儀式素材【アンコモンA】レベル1	0x40001BBC	0xB0001BBC	3	100	0	52901400	52901400
201453330	宝箱（小）【レベル5_イズ】4F　候補4	01	4	7100	儀式素材【アンコモンA】レベル1	0x40001BBC	0xB0001BBC	3	100	0	52901400	52901400
201453340	宝箱（小）【レベル5_イズ】4F　候補5	01	4	7100	儀式素材【アンコモンA】レベル1	0x40001BBC	0xB0001BBC	3	100	0	52901400	52901400
201453350	宝箱（小）【レベル5_イズ】4F　候補6	01	4	7024	儀式素材【コモンC】レベル5	0x40001B70	0xB0001B70	7	100	0	52901400	52901400
201453360	宝箱（小）【レベル5_イズ】4F　候補7	01	4	7024	儀式素材【コモンC】レベル5	0x40001B70	0xB0001B70	6	100	0	52901400	52901400
201453370	宝箱（小）【レベル5_イズ】4F　候補8	01	4	7024	儀式素材【コモンC】レベル5	0x40001B70	0xB0001B70	6	100	0	52901400	52901400
201453380	宝箱（小）【レベル5_イズ】4F　候補9	01	4	7110	儀式素材【アンコモンB】レベル1	0x40001BC6	0xB0001BC6	1	100	0	52901400	52901400
201453390	宝箱（小）【レベル5_イズ】4F　候補10	01	4	1000	HP回復【PG直接指定】	0x400003E8	0xB00003E8	4	100	0	52901400	52901400
201510000	宝死体_ご褒美【レベル1_トゥメル】1F　候補1	01	4	1000	HP回復【PG直接指定】	0x400003E8	0xB00003E8	3	100	0	52901500	52901500
201510010	宝死体_ご褒美【レベル1_トゥメル】1F　候補2	01	4	1000	HP回復【PG直接指定】	0x400003E8	0xB00003E8	3	100	0	52901500	52901500
201510020	宝死体_ご褒美【レベル1_トゥメル】1F　候補3	01	4	1000	HP回復【PG直接指定】	0x400003E8	0xB00003E8	3	100	0	52901500	52901500
201510030	宝死体_ご褒美【レベル1_トゥメル】1F　候補4	01	4	1000	HP回復【PG直接指定】	0x400003E8	0xB00003E8	2	100	0	52901500	52901500
201510040	宝死体_ご褒美【レベル1_トゥメル】1F　候補5	01	4	900	弾丸【PG直接指定】	0x40000384	0xB0000384	3	100	0	52901500	52901500
201510050	宝死体_ご褒美【レベル1_トゥメル】1F　候補6	01	4	900	弾丸【PG直接指定】	0x40000384	0xB0000384	2	100	0	52901500	52901500
201510060	宝死体_ご褒美【レベル1_トゥメル】1F　候補7	01	4	900	弾丸【PG直接指定】	0x40000384	0xB0000384	1	100	0	52901500	52901500
201510070	宝死体_ご褒美【レベル1_トゥメル】1F　候補8	01	4	1200	火炎壺	0x400004B0	0xB00004B0	2	100	0	52901500	52901500
201510080	宝死体_ご褒美【レベル1_トゥメル】1F　候補9	01	4	1200	火炎壺	0x400004B0	0xB00004B0	1	100	0	52901500	52901500
201510090	宝死体_ご褒美【レベル1_トゥメル】1F　候補10	01	4	1410	道標	0x40000582	0xB0000582	3	100	0	52901500	52901500
201510100	宝死体_ご褒美【レベル1_トゥメル】2F　候補1	01	4	7000	儀式素材【コモンA】レベル1	0x40001B58	0xB0001B58	4	100	0	52901500	52901500
201510110	宝死体_ご褒美【レベル1_トゥメル】2F　候補2	01	4	1000	HP回復【PG直接指定】	0x400003E8	0xB00003E8	4	100	0	52901500	52901500
201510120	宝死体_ご褒美【レベル1_トゥメル】2F　候補3	01	4	1000	HP回復【PG直接指定】	0x400003E8	0xB00003E8	3	100	0	52901500	52901500
201510130	宝死体_ご褒美【レベル1_トゥメル】2F　候補4	01	4	1000	HP回復【PG直接指定】	0x400003E8	0xB00003E8	2	100	0	52901500	52901500
201510140	宝死体_ご褒美【レベル1_トゥメル】2F　候補5	01	4	900	弾丸【PG直接指定】	0x40000384	0xB0000384	4	100	0	52901500	52901500
201510150	宝死体_ご褒美【レベル1_トゥメル】2F　候補6	01	4	900	弾丸【PG直接指定】	0x40000384	0xB0000384	3	100	0	52901500	52901500
201510160	宝死体_ご褒美【レベル1_トゥメル】2F　候補7	01	4	1511	ソウル【1】	0x400005E7	0xB00005E7	1	100	0	52901500	52901500
201510170	宝死体_ご褒美【レベル1_トゥメル】2F　候補8	01	4	1200	火炎壺	0x400004B0	0xB00004B0	2	100	0	52901500	52901500
201510180	宝死体_ご褒美【レベル1_トゥメル】2F　候補9	01	4	1200	火炎壺	0x400004B0	0xB00004B0	1	100	0	52901500	52901500
201510190	宝死体_ご褒美【レベル1_トゥメル】2F　候補10	01	4	1400	帰還	0x40000578	0xB0000578	1	100	0	52901500	52901500
201510200	宝死体_ご褒美【レベル1_トゥメル】3F　候補1	01	4	7001	儀式素材【コモンA】レベル2	0x40001B59	0xB0001B59	1	100	0	52901500	52901500
201510210	宝死体_ご褒美【レベル1_トゥメル】3F　候補2	01	4	7020	儀式素材【コモンC】レベル1	0x40001B6C	0xB0001B6C	3	100	0	52901500	52901500
201510220	宝死体_ご褒美【レベル1_トゥメル】3F　候補3	01	4	1000	HP回復【PG直接指定】	0x400003E8	0xB00003E8	3	100	0	52901500	52901500
201510230	宝死体_ご褒美【レベル1_トゥメル】3F　候補4	01	4	1000	HP回復【PG直接指定】	0x400003E8	0xB00003E8	2	100	0	52901500	52901500
201510240	宝死体_ご褒美【レベル1_トゥメル】3F　候補5	01	4	900	弾丸【PG直接指定】	0x40000384	0xB0000384	4	100	0	52901500	52901500
201510250	宝死体_ご褒美【レベル1_トゥメル】3F　候補6	01	4	900	弾丸【PG直接指定】	0x40000384	0xB0000384	3	100	0	52901500	52901500
201510260	宝死体_ご褒美【レベル1_トゥメル】3F　候補7	01	4	1512	ソウル【2】	0x400005E8	0xB00005E8	1	100	0	52901500	52901500
201510270	宝死体_ご褒美【レベル1_トゥメル】3F　候補8	01	4	1200	火炎壺	0x400004B0	0xB00004B0	2	100	0	52901500	52901500
201510280	宝死体_ご褒美【レベル1_トゥメル】3F　候補9	01	4	1300	エンチャント【炎】	0x40000514	0xB0000514	1	100	0	52901500	52901500
201510290	宝死体_ご褒美【レベル1_トゥメル】3F　候補10	01	4	1400	帰還	0x40000578	0xB0000578	1	100	0	52901500	52901500
201510300	宝死体_ご褒美【レベル1_トゥメル】4F　候補1	01	4	7001	儀式素材【コモンA】レベル2	0x40001B59	0xB0001B59	2	100	0	52901500	52901500
201510310	宝死体_ご褒美【レベル1_トゥメル】4F　候補2	01	4	7020	儀式素材【コモンC】レベル1	0x40001B6C	0xB0001B6C	3	100	0	52901500	52901500
201510320	宝死体_ご褒美【レベル1_トゥメル】4F　候補3	01	4	1000	HP回復【PG直接指定】	0x400003E8	0xB00003E8	4	100	0	52901500	52901500
201510330	宝死体_ご褒美【レベル1_トゥメル】4F　候補4	01	4	1000	HP回復【PG直接指定】	0x400003E8	0xB00003E8	3	100	0	52901500	52901500
201510340	宝死体_ご褒美【レベル1_トゥメル】4F　候補5	01	4	900	弾丸【PG直接指定】	0x40000384	0xB0000384	4	100	0	52901500	52901500
201510350	宝死体_ご褒美【レベル1_トゥメル】4F　候補6	01	4	900	弾丸【PG直接指定】	0x40000384	0xB0000384	3	100	0	52901500	52901500
201510360	宝死体_ご褒美【レベル1_トゥメル】4F　候補7	01	4	1513	ソウル【3】	0x400005E9	0xB00005E9	1	100	0	52901500	52901500
201510370	宝死体_ご褒美【レベル1_トゥメル】4F　候補8	01	4	1200	火炎壺	0x400004B0	0xB00004B0	2	100	0	52901500	52901500
201510380	宝死体_ご褒美【レベル1_トゥメル】4F　候補9	01	4	1300	エンチャント【炎】	0x40000514	0xB0000514	1	100	0	52901500	52901500
201510390	宝死体_ご褒美【レベル1_トゥメル】4F　候補10	01	4	1400	帰還	0x40000578	0xB0000578	1	100	0	52901500	52901500
201520000	宝死体_ご褒美【レベル2_トゥメル】1F　候補1	01	4	1000	HP回復【PG直接指定】	0x400003E8	0xB00003E8	3	100	0	52901500	52901500
201520010	宝死体_ご褒美【レベル2_トゥメル】1F　候補2	01	4	1000	HP回復【PG直接指定】	0x400003E8	0xB00003E8	3	100	0	52901500	52901500
201520020	宝死体_ご褒美【レベル2_トゥメル】1F　候補3	01	4	1000	HP回復【PG直接指定】	0x400003E8	0xB00003E8	3	100	0	52901500	52901500
201520030	宝死体_ご褒美【レベル2_トゥメル】1F　候補4	01	4	1000	HP回復【PG直接指定】	0x400003E8	0xB00003E8	1	100	0	52901500	52901500
201520040	宝死体_ご褒美【レベル2_トゥメル】1F　候補5	01	4	900	弾丸【PG直接指定】	0x40000384	0xB0000384	3	100	0	52901500	52901500
201520050	宝死体_ご褒美【レベル2_トゥメル】1F　候補6	01	4	900	弾丸【PG直接指定】	0x40000384	0xB0000384	2	100	0	52901500	52901500
201520060	宝死体_ご褒美【レベル2_トゥメル】1F　候補7	01	4	900	弾丸【PG直接指定】	0x40000384	0xB0000384	2	100	0	52901500	52901500
201520070	宝死体_ご褒美【レベル2_トゥメル】1F　候補8	01	4	900	弾丸【PG直接指定】	0x40000384	0xB0000384	1	100	0	52901500	52901500
201520080	宝死体_ご褒美【レベル2_トゥメル】1F　候補9	01	4	1200	火炎壺	0x400004B0	0xB00004B0	2	100	0	52901500	52901500
201520090	宝死体_ご褒美【レベル2_トゥメル】1F　候補10	01	4	1410	道標	0x40000582	0xB0000582	4	100	0	52901500	52901500
201520100	宝死体_ご褒美【レベル2_トゥメル】2F　候補1	01	4	7001	儀式素材【コモンA】レベル2	0x40001B59	0xB0001B59	4	100	0	52901500	52901500
201520110	宝死体_ご褒美【レベル2_トゥメル】2F　候補2	01	4	1000	HP回復【PG直接指定】	0x400003E8	0xB00003E8	4	100	0	52901500	52901500
201520120	宝死体_ご褒美【レベル2_トゥメル】2F　候補3	01	4	1000	HP回復【PG直接指定】	0x400003E8	0xB00003E8	3	100	0	52901500	52901500
201520130	宝死体_ご褒美【レベル2_トゥメル】2F　候補4	01	4	900	弾丸【PG直接指定】	0x40000384	0xB0000384	4	100	0	52901500	52901500
201520140	宝死体_ご褒美【レベル2_トゥメル】2F　候補5	01	4	900	弾丸【PG直接指定】	0x40000384	0xB0000384	3	100	0	52901500	52901500
201520150	宝死体_ご褒美【レベル2_トゥメル】2F　候補6	01	4	1513	ソウル【3】	0x400005E9	0xB00005E9	1	100	0	52901500	52901500
201520160	宝死体_ご褒美【レベル2_トゥメル】2F　候補7	01	4	1512	ソウル【2】	0x400005E8	0xB00005E8	1	100	0	52901500	52901500
201520170	宝死体_ご褒美【レベル2_トゥメル】2F　候補8	01	4	1300	エンチャント【炎】	0x40000514	0xB0000514	2	100	0	52901500	52901500
201520180	宝死体_ご褒美【レベル2_トゥメル】2F　候補9	01	4	1200	火炎壺	0x400004B0	0xB00004B0	3	100	0	52901500	52901500
201520190	宝死体_ご褒美【レベル2_トゥメル】2F　候補10	01	4	1400	帰還	0x40000578	0xB0000578	1	100	0	52901500	52901500
201520200	宝死体_ご褒美【レベル2_トゥメル】3F　候補1	01	4	7002	儀式素材【コモンA】レベル3	0x40001B5A	0xB0001B5A	1	100	0	52901500	52901500
201520210	宝死体_ご褒美【レベル2_トゥメル】3F　候補2	01	4	7021	儀式素材【コモンC】レベル2	0x40001B6D	0xB0001B6D	3	100	0	52901500	52901500
201520220	宝死体_ご褒美【レベル2_トゥメル】3F　候補3	01	4	1000	HP回復【PG直接指定】	0x400003E8	0xB00003E8	4	100	0	52901500	52901500
201520230	宝死体_ご褒美【レベル2_トゥメル】3F　候補4	01	4	900	弾丸【PG直接指定】	0x40000384	0xB0000384	4	100	0	52901500	52901500
201520240	宝死体_ご褒美【レベル2_トゥメル】3F　候補5	01	4	1260	獣誘い	0x400004EC	0xB00004EC	2	100	0	52901500	52901500
201520250	宝死体_ご褒美【レベル2_トゥメル】3F　候補6	01	4	1500	SAN値回復＋1	0x400005DC	0xB00005DC	1	100	0	52901500	52901500
201520260	宝死体_ご褒美【レベル2_トゥメル】3F　候補7	01	4	1513	ソウル【3】	0x400005E9	0xB00005E9	1	100	0	52901500	52901500
201520270	宝死体_ご褒美【レベル2_トゥメル】3F　候補8	01	4	1300	エンチャント【炎】	0x40000514	0xB0000514	2	100	0	52901500	52901500
201520280	宝死体_ご褒美【レベル2_トゥメル】3F　候補9	01	4	1200	火炎壺	0x400004B0	0xB00004B0	3	100	0	52901500	52901500
201520290	宝死体_ご褒美【レベル2_トゥメル】3F　候補10	01	4	1400	帰還	0x40000578	0xB0000578	2	100	0	52901500	52901500
201520300	宝死体_ご褒美【レベル2_トゥメル】4F　候補1	01	4	7002	儀式素材【コモンA】レベル3	0x40001B5A	0xB0001B5A	2	100	0	52901500	52901500
201520310	宝死体_ご褒美【レベル2_トゥメル】4F　候補2	01	4	7021	儀式素材【コモンC】レベル2	0x40001B6D	0xB0001B6D	3	100	0	52901500	52901500
201520320	宝死体_ご褒美【レベル2_トゥメル】4F　候補3	01	4	1000	HP回復【PG直接指定】	0x400003E8	0xB00003E8	4	100	0	52901500	52901500
201520330	宝死体_ご褒美【レベル2_トゥメル】4F　候補4	01	4	900	弾丸【PG直接指定】	0x40000384	0xB0000384	4	100	0	52901500	52901500
201520340	宝死体_ご褒美【レベル2_トゥメル】4F　候補5	01	4	1260	獣誘い	0x400004EC	0xB00004EC	2	100	0	52901500	52901500
201520350	宝死体_ご褒美【レベル2_トゥメル】4F　候補6	01	4	900	弾丸【PG直接指定】	0x40000384	0xB0000384	2	100	0	52901500	52901500
201520360	宝死体_ご褒美【レベル2_トゥメル】4F　候補7	01	4	1514	ソウル【4】	0x400005EA	0xB00005EA	1	100	0	52901500	52901500
201520370	宝死体_ご褒美【レベル2_トゥメル】4F　候補8	01	4	1300	エンチャント【炎】	0x40000514	0xB0000514	3	100	0	52901500	52901500
201520380	宝死体_ご褒美【レベル2_トゥメル】4F　候補9	01	4	1200	火炎壺	0x400004B0	0xB00004B0	3	100	0	52901500	52901500
201520390	宝死体_ご褒美【レベル2_トゥメル】4F　候補10	01	4	1400	帰還	0x40000578	0xB0000578	2	100	0	52901500	52901500
201521000	宝死体_ご褒美【レベル2_僻墓】1F　候補1	01	4	1000	HP回復【PG直接指定】	0x400003E8	0xB00003E8	3	100	0	52901500	52901500
201521010	宝死体_ご褒美【レベル2_僻墓】1F　候補2	01	4	1000	HP回復【PG直接指定】	0x400003E8	0xB00003E8	3	100	0	52901500	52901500
201521020	宝死体_ご褒美【レベル2_僻墓】1F　候補3	01	4	1000	HP回復【PG直接指定】	0x400003E8	0xB00003E8	2	100	0	52901500	52901500
201521030	宝死体_ご褒美【レベル2_僻墓】1F　候補4	01	4	900	弾丸【PG直接指定】	0x40000384	0xB0000384	3	100	0	52901500	52901500
201521040	宝死体_ご褒美【レベル2_僻墓】1F　候補5	01	4	900	弾丸【PG直接指定】	0x40000384	0xB0000384	2	100	0	52901500	52901500
201521050	宝死体_ご褒美【レベル2_僻墓】1F　候補6	01	4	900	弾丸【PG直接指定】	0x40000384	0xB0000384	1	100	0	52901500	52901500
201521060	宝死体_ご褒美【レベル2_僻墓】1F　候補7	01	4	1511	ソウル【1】	0x400005E7	0xB00005E7	1	100	0	52901500	52901500
201521070	宝死体_ご褒美【レベル2_僻墓】1F　候補8	01	4	1240	投げナイフ	0x400004D8	0xB00004D8	1	100	0	52901500	52901500
201521080	宝死体_ご褒美【レベル2_僻墓】1F　候補9	01	4	1230	石ころ	0x400004CE	0xB00004CE	6	100	0	52901500	52901500
201521090	宝死体_ご褒美【レベル2_僻墓】1F　候補10	01	4	1230	石ころ	0x400004CE	0xB00004CE	1	100	0	52901500	52901500
201521100	宝死体_ご褒美【レベル2_僻墓】2F　候補1	01	4	7001	儀式素材【コモンA】レベル2	0x40001B59	0xB0001B59	2	100	0	52901500	52901500
201521110	宝死体_ご褒美【レベル2_僻墓】2F　候補2	01	4	7001	儀式素材【コモンA】レベル2	0x40001B59	0xB0001B59	1	100	0	52901500	52901500
201521120	宝死体_ご褒美【レベル2_僻墓】2F　候補3	01	4	1000	HP回復【PG直接指定】	0x400003E8	0xB00003E8	3	100	0	52901500	52901500
201521130	宝死体_ご褒美【レベル2_僻墓】2F　候補4	01	4	900	弾丸【PG直接指定】	0x40000384	0xB0000384	4	100	0	52901500	52901500
201521140	宝死体_ご褒美【レベル2_僻墓】2F　候補5	01	4	900	弾丸【PG直接指定】	0x40000384	0xB0000384	3	100	0	52901500	52901500
201521150	宝死体_ご褒美【レベル2_僻墓】2F　候補6	01	4	900	弾丸【PG直接指定】	0x40000384	0xB0000384	2	100	0	52901500	52901500
201521160	宝死体_ご褒美【レベル2_僻墓】2F　候補7	01	4	1512	ソウル【2】	0x400005E8	0xB00005E8	1	100	0	52901500	52901500
201521170	宝死体_ご褒美【レベル2_僻墓】2F　候補8	01	4	1240	投げナイフ	0x400004D8	0xB00004D8	1	100	0	52901500	52901500
201521180	宝死体_ご褒美【レベル2_僻墓】2F　候補9	01	4	1100	毒・出血回復薬	0x4000044C	0xB000044C	3	100	0	52901500	52901500
201521190	宝死体_ご褒美【レベル2_僻墓】2F　候補10	01	4	1230	石ころ	0x400004CE	0xB00004CE	6	100	0	52901500	52901500
201521200	宝死体_ご褒美【レベル2_僻墓】3F　候補1	01	4	7002	儀式素材【コモンA】レベル3	0x40001B5A	0xB0001B5A	1	100	0	52901500	52901500
201521210	宝死体_ご褒美【レベル2_僻墓】3F　候補2	01	4	7021	儀式素材【コモンC】レベル2	0x40001B6D	0xB0001B6D	2	100	0	52901500	52901500
201521220	宝死体_ご褒美【レベル2_僻墓】3F　候補3	01	4	1000	HP回復【PG直接指定】	0x400003E8	0xB00003E8	4	100	0	52901500	52901500
201521230	宝死体_ご褒美【レベル2_僻墓】3F　候補4	01	4	1000	HP回復【PG直接指定】	0x400003E8	0xB00003E8	3	100	0	52901500	52901500
201521240	宝死体_ご褒美【レベル2_僻墓】3F　候補5	01	4	900	弾丸【PG直接指定】	0x40000384	0xB0000384	4	100	0	52901500	52901500
201521250	宝死体_ご褒美【レベル2_僻墓】3F　候補6	01	4	900	弾丸【PG直接指定】	0x40000384	0xB0000384	3	100	0	52901500	52901500
201521260	宝死体_ご褒美【レベル2_僻墓】3F　候補7	01	4	1513	ソウル【3】	0x400005E9	0xB00005E9	1	100	0	52901500	52901500
201521270	宝死体_ご褒美【レベル2_僻墓】3F　候補8	01	4	1240	投げナイフ	0x400004D8	0xB00004D8	3	100	0	52901500	52901500
201521280	宝死体_ご褒美【レベル2_僻墓】3F　候補9	01	4	1100	毒・出血回復薬	0x4000044C	0xB000044C	3	100	0	52901500	52901500
201521290	宝死体_ご褒美【レベル2_僻墓】3F　候補10	01	4	1330	銃威力アップ	0x40000532	0xB0000532	3	100	0	52901500	52901500
201521300	宝死体_ご褒美【レベル2_僻墓】4F　候補1	01	4	7002	儀式素材【コモンA】レベル3	0x40001B5A	0xB0001B5A	2	100	0	52901500	52901500
201521310	宝死体_ご褒美【レベル2_僻墓】4F　候補2	01	4	7021	儀式素材【コモンC】レベル2	0x40001B6D	0xB0001B6D	3	100	0	52901500	52901500
201521320	宝死体_ご褒美【レベル2_僻墓】4F　候補3	01	4	1000	HP回復【PG直接指定】	0x400003E8	0xB00003E8	4	100	0	52901500	52901500
201521330	宝死体_ご褒美【レベル2_僻墓】4F　候補4	01	4	1000	HP回復【PG直接指定】	0x400003E8	0xB00003E8	3	100	0	52901500	52901500
201521340	宝死体_ご褒美【レベル2_僻墓】4F　候補5	01	4	900	弾丸【PG直接指定】	0x40000384	0xB0000384	4	100	0	52901500	52901500
201521350	宝死体_ご褒美【レベル2_僻墓】4F　候補6	01	4	900	弾丸【PG直接指定】	0x40000384	0xB0000384	3	100	0	52901500	52901500
201521360	宝死体_ご褒美【レベル2_僻墓】4F　候補7	01	4	1514	ソウル【4】	0x400005EA	0xB00005EA	1	100	0	52901500	52901500
201521370	宝死体_ご褒美【レベル2_僻墓】4F　候補8	01	4	1240	投げナイフ	0x400004D8	0xB00004D8	6	100	0	52901500	52901500
201521380	宝死体_ご褒美【レベル2_僻墓】4F　候補9	01	4	1100	毒・出血回復薬	0x4000044C	0xB000044C	3	100	0	52901500	52901500
201521390	宝死体_ご褒美【レベル2_僻墓】4F　候補10	01	4	1330	銃威力アップ	0x40000532	0xB0000532	3	100	0	52901500	52901500
201530000	宝死体_ご褒美【レベル3_トゥメル】1F　候補1	01	4	1000	HP回復【PG直接指定】	0x400003E8	0xB00003E8	3	100	0	52901500	52901500
201530010	宝死体_ご褒美【レベル3_トゥメル】1F　候補2	01	4	1000	HP回復【PG直接指定】	0x400003E8	0xB00003E8	3	100	0	52901500	52901500
201530020	宝死体_ご褒美【レベル3_トゥメル】1F　候補3	01	4	1000	HP回復【PG直接指定】	0x400003E8	0xB00003E8	3	100	0	52901500	52901500
201530030	宝死体_ご褒美【レベル3_トゥメル】1F　候補4	01	4	1000	HP回復【PG直接指定】	0x400003E8	0xB00003E8	2	100	0	52901500	52901500
201530040	宝死体_ご褒美【レベル3_トゥメル】1F　候補5	01	4	1000	HP回復【PG直接指定】	0x400003E8	0xB00003E8	1	100	0	52901500	52901500
201530050	宝死体_ご褒美【レベル3_トゥメル】1F　候補6	01	4	900	弾丸【PG直接指定】	0x40000384	0xB0000384	2	100	0	52901500	52901500
201530060	宝死体_ご褒美【レベル3_トゥメル】1F　候補7	01	4	900	弾丸【PG直接指定】	0x40000384	0xB0000384	1	100	0	52901500	52901500
201530070	宝死体_ご褒美【レベル3_トゥメル】1F　候補8	01	4	1512	ソウル【2】	0x400005E8	0xB00005E8	1	100	0	52901500	52901500
201530080	宝死体_ご褒美【レベル3_トゥメル】1F　候補9	01	4	1200	火炎壺	0x400004B0	0xB00004B0	1	100	0	52901500	52901500
201530090	宝死体_ご褒美【レベル3_トゥメル】1F　候補10	01	4	1410	道標	0x40000582	0xB0000582	4	100	0	52901500	52901500
201530100	宝死体_ご褒美【レベル3_トゥメル】2F　候補1	01	4	7002	儀式素材【コモンA】レベル3	0x40001B5A	0xB0001B5A	4	100	0	52901500	52901500
201530110	宝死体_ご褒美【レベル3_トゥメル】2F　候補2	01	4	1000	HP回復【PG直接指定】	0x400003E8	0xB00003E8	4	100	0	52901500	52901500
201530120	宝死体_ご褒美【レベル3_トゥメル】2F　候補3	01	4	1000	HP回復【PG直接指定】	0x400003E8	0xB00003E8	4	100	0	52901500	52901500
201530130	宝死体_ご褒美【レベル3_トゥメル】2F　候補4	01	4	1250	背後火炎壺	0x400004E2	0xB00004E2	1	100	0	52901500	52901500
201530140	宝死体_ご褒美【レベル3_トゥメル】2F　候補5	01	4	900	弾丸【PG直接指定】	0x40000384	0xB0000384	4	100	0	52901500	52901500
201530150	宝死体_ご褒美【レベル3_トゥメル】2F　候補6	01	4	900	弾丸【PG直接指定】	0x40000384	0xB0000384	2	100	0	52901500	52901500
201530160	宝死体_ご褒美【レベル3_トゥメル】2F　候補7	01	4	1514	ソウル【4】	0x400005EA	0xB00005EA	1	100	0	52901500	52901500
201530170	宝死体_ご褒美【レベル3_トゥメル】2F　候補8	01	4	1270	HP回復不可	0x400004F6	0xB00004F6	1	100	0	52901500	52901500
201530180	宝死体_ご褒美【レベル3_トゥメル】2F　候補9	01	4	1250	背後火炎壺	0x400004E2	0xB00004E2	2	100	0	52901500	52901500
201530190	宝死体_ご褒美【レベル3_トゥメル】2F　候補10	01	4	1400	帰還	0x40000578	0xB0000578	1	100	0	52901500	52901500
201530200	宝死体_ご褒美【レベル3_トゥメル】3F　候補1	01	4	7003	儀式素材【コモンA】レベル4	0x40001B5B	0xB0001B5B	2	100	0	52901500	52901500
201530210	宝死体_ご褒美【レベル3_トゥメル】3F　候補2	01	4	7022	儀式素材【コモンC】レベル3	0x40001B6E	0xB0001B6E	3	100	0	52901500	52901500
201530220	宝死体_ご褒美【レベル3_トゥメル】3F　候補3	01	4	1000	HP回復【PG直接指定】	0x400003E8	0xB00003E8	4	100	0	52901500	52901500
201530230	宝死体_ご褒美【レベル3_トゥメル】3F　候補4	01	4	1250	背後火炎壺	0x400004E2	0xB00004E2	3	100	0	52901500	52901500
201530240	宝死体_ご褒美【レベル3_トゥメル】3F　候補5	01	4	900	弾丸【PG直接指定】	0x40000384	0xB0000384	3	100	0	52901500	52901500
201530250	宝死体_ご褒美【レベル3_トゥメル】3F　候補6	01	4	1300	エンチャント【炎】	0x40000514	0xB0000514	3	100	0	52901500	52901500
201530260	宝死体_ご褒美【レベル3_トゥメル】3F　候補7	01	4	1515	ソウル【5】	0x400005EB	0xB00005EB	1	100	0	52901500	52901500
201530270	宝死体_ご褒美【レベル3_トゥメル】3F　候補8	01	4	1270	HP回復不可	0x400004F6	0xB00004F6	1	100	0	52901500	52901500
201530280	宝死体_ご褒美【レベル3_トゥメル】3F　候補9	01	4	1200	火炎壺	0x400004B0	0xB00004B0	3	100	0	52901500	52901500
201530290	宝死体_ご褒美【レベル3_トゥメル】3F　候補10	01	4	1400	帰還	0x40000578	0xB0000578	2	100	0	52901500	52901500
201530300	宝死体_ご褒美【レベル3_トゥメル】4F　候補1	01	4	7003	儀式素材【コモンA】レベル4	0x40001B5B	0xB0001B5B	3	100	0	52901500	52901500
201530310	宝死体_ご褒美【レベル3_トゥメル】4F　候補2	01	4	7022	儀式素材【コモンC】レベル3	0x40001B6E	0xB0001B6E	3	100	0	52901500	52901500
201530320	宝死体_ご褒美【レベル3_トゥメル】4F　候補3	01	4	1000	HP回復【PG直接指定】	0x400003E8	0xB00003E8	4	100	0	52901500	52901500
201530330	宝死体_ご褒美【レベル3_トゥメル】4F　候補4	01	4	1200	火炎壺	0x400004B0	0xB00004B0	3	100	0	52901500	52901500
201530340	宝死体_ご褒美【レベル3_トゥメル】4F　候補5	01	4	900	弾丸【PG直接指定】	0x40000384	0xB0000384	6	100	0	52901500	52901500
201530350	宝死体_ご褒美【レベル3_トゥメル】4F　候補6	01	4	1300	エンチャント【炎】	0x40000514	0xB0000514	4	100	0	52901500	52901500
201530360	宝死体_ご褒美【レベル3_トゥメル】4F　候補7	01	4	1516	ソウル【6】	0x400005EC	0xB00005EC	1	100	0	52901500	52901500
201530370	宝死体_ご褒美【レベル3_トゥメル】4F　候補8	01	4	1270	HP回復不可	0x400004F6	0xB00004F6	1	100	0	52901500	52901500
201530380	宝死体_ご褒美【レベル3_トゥメル】4F　候補9	01	4	1200	火炎壺	0x400004B0	0xB00004B0	3	100	0	52901500	52901500
201530390	宝死体_ご褒美【レベル3_トゥメル】4F　候補10	01	4	1400	帰還	0x40000578	0xB0000578	2	100	0	52901500	52901500
201531000	宝死体_ご褒美【レベル3_僻墓】1F　候補1	01	4	1000	HP回復【PG直接指定】	0x400003E8	0xB00003E8	3	100	0	52901500	52901500
201531010	宝死体_ご褒美【レベル3_僻墓】1F　候補2	01	4	1000	HP回復【PG直接指定】	0x400003E8	0xB00003E8	2	100	0	52901500	52901500
201531020	宝死体_ご褒美【レベル3_僻墓】1F　候補3	01	4	1000	HP回復【PG直接指定】	0x400003E8	0xB00003E8	2	100	0	52901500	52901500
201531030	宝死体_ご褒美【レベル3_僻墓】1F　候補4	01	4	1000	HP回復【PG直接指定】	0x400003E8	0xB00003E8	1	100	0	52901500	52901500
201531040	宝死体_ご褒美【レベル3_僻墓】1F　候補5	01	4	900	弾丸【PG直接指定】	0x40000384	0xB0000384	2	100	0	52901500	52901500
201531050	宝死体_ご褒美【レベル3_僻墓】1F　候補6	01	4	900	弾丸【PG直接指定】	0x40000384	0xB0000384	1	100	0	52901500	52901500
201531060	宝死体_ご褒美【レベル3_僻墓】1F　候補7	01	4	1240	投げナイフ	0x400004D8	0xB00004D8	2	100	0	52901500	52901500
201531070	宝死体_ご褒美【レベル3_僻墓】1F　候補8	01	4	1512	ソウル【2】	0x400005E8	0xB00005E8	1	100	0	52901500	52901500
201531080	宝死体_ご褒美【レベル3_僻墓】1F　候補9	01	4	1230	石ころ	0x400004CE	0xB00004CE	6	100	0	52901500	52901500
201531090	宝死体_ご褒美【レベル3_僻墓】1F　候補10	01	4	1230	石ころ	0x400004CE	0xB00004CE	1	100	0	52901500	52901500
201531100	宝死体_ご褒美【レベル3_僻墓】2F　候補1	01	4	7002	儀式素材【コモンA】レベル3	0x40001B5A	0xB0001B5A	2	100	0	52901500	52901500
201531110	宝死体_ご褒美【レベル3_僻墓】2F　候補2	01	4	7002	儀式素材【コモンA】レベル3	0x40001B5A	0xB0001B5A	1	100	0	52901500	52901500
201531120	宝死体_ご褒美【レベル3_僻墓】2F　候補3	01	4	1000	HP回復【PG直接指定】	0x400003E8	0xB00003E8	4	100	0	52901500	52901500
201531130	宝死体_ご褒美【レベル3_僻墓】2F　候補4	01	4	1000	HP回復【PG直接指定】	0x400003E8	0xB00003E8	3	100	0	52901500	52901500
201531140	宝死体_ご褒美【レベル3_僻墓】2F　候補5	01	4	900	弾丸【PG直接指定】	0x40000384	0xB0000384	4	100	0	52901500	52901500
201531150	宝死体_ご褒美【レベル3_僻墓】2F　候補6	01	4	900	弾丸【PG直接指定】	0x40000384	0xB0000384	2	100	0	52901500	52901500
201531160	宝死体_ご褒美【レベル3_僻墓】2F　候補7	01	4	1240	投げナイフ	0x400004D8	0xB00004D8	6	100	0	52901500	52901500
201531170	宝死体_ご褒美【レベル3_僻墓】2F　候補8	01	4	1514	ソウル【4】	0x400005EA	0xB00005EA	1	100	0	52901500	52901500
201531180	宝死体_ご褒美【レベル3_僻墓】2F　候補9	01	4	1100	毒・出血回復薬	0x4000044C	0xB000044C	3	100	0	52901500	52901500
201531190	宝死体_ご褒美【レベル3_僻墓】2F　候補10	01	4	1230	石ころ	0x400004CE	0xB00004CE	6	100	0	52901500	52901500
201531200	宝死体_ご褒美【レベル3_僻墓】3F　候補1	01	4	7003	儀式素材【コモンA】レベル4	0x40001B5B	0xB0001B5B	1	100	0	52901500	52901500
201531210	宝死体_ご褒美【レベル3_僻墓】3F　候補2	01	4	7022	儀式素材【コモンC】レベル3	0x40001B6E	0xB0001B6E	2	100	0	52901500	52901500
201531220	宝死体_ご褒美【レベル3_僻墓】3F　候補3	01	4	1000	HP回復【PG直接指定】	0x400003E8	0xB00003E8	4	100	0	52901500	52901500
201531230	宝死体_ご褒美【レベル3_僻墓】3F　候補4	01	4	1000	HP回復【PG直接指定】	0x400003E8	0xB00003E8	3	100	0	52901500	52901500
201531240	宝死体_ご褒美【レベル3_僻墓】3F　候補5	01	4	900	弾丸【PG直接指定】	0x40000384	0xB0000384	4	100	0	52901500	52901500
201531250	宝死体_ご褒美【レベル3_僻墓】3F　候補6	01	4	1210	毒ナイフ	0x400004BA	0xB00004BA	2	100	0	52901500	52901500
201531260	宝死体_ご褒美【レベル3_僻墓】3F　候補7	01	4	1500	SAN値回復＋1	0x400005DC	0xB00005DC	1	100	0	52901500	52901500
201531270	宝死体_ご褒美【レベル3_僻墓】3F　候補8	01	4	1515	ソウル【5】	0x400005EB	0xB00005EB	1	100	0	52901500	52901500
201531280	宝死体_ご褒美【レベル3_僻墓】3F　候補9	01	4	1100	毒・出血回復薬	0x4000044C	0xB000044C	4	100	0	52901500	52901500
201531290	宝死体_ご褒美【レベル3_僻墓】3F　候補10	01	4	1330	銃威力アップ	0x40000532	0xB0000532	4	100	0	52901500	52901500
201531300	宝死体_ご褒美【レベル3_僻墓】4F　候補1	01	4	7003	儀式素材【コモンA】レベル4	0x40001B5B	0xB0001B5B	3	100	0	52901500	52901500
201531310	宝死体_ご褒美【レベル3_僻墓】4F　候補2	01	4	7022	儀式素材【コモンC】レベル3	0x40001B6E	0xB0001B6E	3	100	0	52901500	52901500
201531320	宝死体_ご褒美【レベル3_僻墓】4F　候補3	01	4	1000	HP回復【PG直接指定】	0x400003E8	0xB00003E8	4	100	0	52901500	52901500
201531330	宝死体_ご褒美【レベル3_僻墓】4F　候補4	01	4	1000	HP回復【PG直接指定】	0x400003E8	0xB00003E8	3	100	0	52901500	52901500
201531340	宝死体_ご褒美【レベル3_僻墓】4F　候補5	01	4	900	弾丸【PG直接指定】	0x40000384	0xB0000384	4	100	0	52901500	52901500
201531350	宝死体_ご褒美【レベル3_僻墓】4F　候補6	01	4	1210	毒ナイフ	0x400004BA	0xB00004BA	6	100	0	52901500	52901500
201531360	宝死体_ご褒美【レベル3_僻墓】4F　候補7	01	4	1210	毒ナイフ	0x400004BA	0xB00004BA	3	100	0	52901500	52901500
201531370	宝死体_ご褒美【レベル3_僻墓】4F　候補8	01	4	1516	ソウル【6】	0x400005EC	0xB00005EC	1	100	0	52901500	52901500
201531380	宝死体_ご褒美【レベル3_僻墓】4F　候補9	01	4	1100	毒・出血回復薬	0x4000044C	0xB000044C	4	100	0	52901500	52901500
201531390	宝死体_ご褒美【レベル3_僻墓】4F　候補10	01	4	1330	銃威力アップ	0x40000532	0xB0000532	4	100	0	52901500	52901500
201540000	宝死体_ご褒美【レベル4_トゥメル】1F　候補1	01	4	1000	HP回復【PG直接指定】	0x400003E8	0xB00003E8	3	100	0	52901500	52901500
201540010	宝死体_ご褒美【レベル4_トゥメル】1F　候補2	01	4	1000	HP回復【PG直接指定】	0x400003E8	0xB00003E8	3	100	0	52901500	52901500
201540020	宝死体_ご褒美【レベル4_トゥメル】1F　候補3	01	4	1000	HP回復【PG直接指定】	0x400003E8	0xB00003E8	3	100	0	52901500	52901500
201540030	宝死体_ご褒美【レベル4_トゥメル】1F　候補4	01	4	1000	HP回復【PG直接指定】	0x400003E8	0xB00003E8	2	100	0	52901500	52901500
201540040	宝死体_ご褒美【レベル4_トゥメル】1F　候補5	01	4	1000	HP回復【PG直接指定】	0x400003E8	0xB00003E8	1	100	0	52901500	52901500
201540050	宝死体_ご褒美【レベル4_トゥメル】1F　候補6	01	4	900	弾丸【PG直接指定】	0x40000384	0xB0000384	2	100	0	52901500	52901500
201540060	宝死体_ご褒美【レベル4_トゥメル】1F　候補7	01	4	900	弾丸【PG直接指定】	0x40000384	0xB0000384	1	100	0	52901500	52901500
201540070	宝死体_ご褒美【レベル4_トゥメル】1F　候補8	01	4	1200	火炎壺	0x400004B0	0xB00004B0	2	100	0	52901500	52901500
201540080	宝死体_ご褒美【レベル4_トゥメル】1F　候補9	01	4	1250	背後火炎壺	0x400004E2	0xB00004E2	2	100	0	52901500	52901500
201540090	宝死体_ご褒美【レベル4_トゥメル】1F　候補10	01	4	1410	道標	0x40000582	0xB0000582	3	100	0	52901500	52901500
201540100	宝死体_ご褒美【レベル4_トゥメル】2F　候補1	01	4	7003	儀式素材【コモンA】レベル4	0x40001B5B	0xB0001B5B	2	100	0	52901500	52901500
201540110	宝死体_ご褒美【レベル4_トゥメル】2F　候補2	01	4	7023	儀式素材【コモンC】レベル4	0x40001B6F	0xB0001B6F	2	100	0	52901500	52901500
201540120	宝死体_ご褒美【レベル4_トゥメル】2F　候補3	01	4	1000	HP回復【PG直接指定】	0x400003E8	0xB00003E8	4	100	0	52901500	52901500
201540130	宝死体_ご褒美【レベル4_トゥメル】2F　候補4	01	4	1000	HP回復【PG直接指定】	0x400003E8	0xB00003E8	3	100	0	52901500	52901500
201540140	宝死体_ご褒美【レベル4_トゥメル】2F　候補5	01	4	900	弾丸【PG直接指定】	0x40000384	0xB0000384	4	100	0	52901500	52901500
201540150	宝死体_ご褒美【レベル4_トゥメル】2F　候補6	01	4	900	弾丸【PG直接指定】	0x40000384	0xB0000384	3	100	0	52901500	52901500
201540160	宝死体_ご褒美【レベル4_トゥメル】2F　候補7	01	4	1516	ソウル【6】	0x400005EC	0xB00005EC	1	100	0	52901500	52901500
201540170	宝死体_ご褒美【レベル4_トゥメル】2F　候補8	01	4	1200	火炎壺	0x400004B0	0xB00004B0	3	100	0	52901500	52901500
201540180	宝死体_ご褒美【レベル4_トゥメル】2F　候補9	01	4	1240	投げナイフ	0x400004D8	0xB00004D8	6	100	0	52901500	52901500
201540190	宝死体_ご褒美【レベル4_トゥメル】2F　候補10	01	4	1400	帰還	0x40000578	0xB0000578	1	100	0	52901500	52901500
201540200	宝死体_ご褒美【レベル4_トゥメル】3F　候補1	01	4	7004	儀式素材【コモンA】レベル5	0x40001B5C	0xB0001B5C	2	100	0	52901500	52901500
201540210	宝死体_ご褒美【レベル4_トゥメル】3F　候補2	01	4	7023	儀式素材【コモンC】レベル4	0x40001B6F	0xB0001B6F	3	100	0	52901500	52901500
201540220	宝死体_ご褒美【レベル4_トゥメル】3F　候補3	01	4	1000	HP回復【PG直接指定】	0x400003E8	0xB00003E8	4	100	0	52901500	52901500
201540230	宝死体_ご褒美【レベル4_トゥメル】3F　候補4	01	4	1000	HP回復【PG直接指定】	0x400003E8	0xB00003E8	3	100	0	52901500	52901500
201540240	宝死体_ご褒美【レベル4_トゥメル】3F　候補5	01	4	900	弾丸【PG直接指定】	0x40000384	0xB0000384	4	100	0	52901500	52901500
201540250	宝死体_ご褒美【レベル4_トゥメル】3F　候補6	01	4	900	弾丸【PG直接指定】	0x40000384	0xB0000384	3	100	0	52901500	52901500
201540260	宝死体_ご褒美【レベル4_トゥメル】3F　候補7	01	4	1517	ソウル【7】	0x400005ED	0xB00005ED	1	100	0	52901500	52901500
201540270	宝死体_ご褒美【レベル4_トゥメル】3F　候補8	01	4	1200	火炎壺	0x400004B0	0xB00004B0	3	100	0	52901500	52901500
201540280	宝死体_ご褒美【レベル4_トゥメル】3F　候補9	01	4	1270	HP回復不可	0x400004F6	0xB00004F6	2	100	0	52901500	52901500
201540290	宝死体_ご褒美【レベル4_トゥメル】3F　候補10	01	4	1400	帰還	0x40000578	0xB0000578	2	100	0	52901500	52901500
201540300	宝死体_ご褒美【レベル4_トゥメル】4F　候補1	01	4	7004	儀式素材【コモンA】レベル5	0x40001B5C	0xB0001B5C	3	100	0	52901500	52901500
201540310	宝死体_ご褒美【レベル4_トゥメル】4F　候補2	01	4	7023	儀式素材【コモンC】レベル4	0x40001B6F	0xB0001B6F	3	100	0	52901500	52901500
201540320	宝死体_ご褒美【レベル4_トゥメル】4F　候補3	01	4	1000	HP回復【PG直接指定】	0x400003E8	0xB00003E8	4	100	0	52901500	52901500
201540330	宝死体_ご褒美【レベル4_トゥメル】4F　候補4	01	4	1000	HP回復【PG直接指定】	0x400003E8	0xB00003E8	3	100	0	52901500	52901500
201540340	宝死体_ご褒美【レベル4_トゥメル】4F　候補5	01	4	900	弾丸【PG直接指定】	0x40000384	0xB0000384	4	100	0	52901500	52901500
201540350	宝死体_ご褒美【レベル4_トゥメル】4F　候補6	01	4	900	弾丸【PG直接指定】	0x40000384	0xB0000384	3	100	0	52901500	52901500
201540360	宝死体_ご褒美【レベル4_トゥメル】4F　候補7	01	4	1519	ソウル【9】	0x400005EF	0xB00005EF	1	100	0	52901500	52901500
201540370	宝死体_ご褒美【レベル4_トゥメル】4F　候補8	01	4	1200	火炎壺	0x400004B0	0xB00004B0	3	100	0	52901500	52901500
201540380	宝死体_ご褒美【レベル4_トゥメル】4F　候補9	01	4	1270	HP回復不可	0x400004F6	0xB00004F6	2	100	0	52901500	52901500
201540390	宝死体_ご褒美【レベル4_トゥメル】4F　候補10	01	4	1400	帰還	0x40000578	0xB0000578	2	100	0	52901500	52901500
201542000	宝死体_ご褒美【レベル4_ローラン】1F　候補1	01	4	1000	HP回復【PG直接指定】	0x400003E8	0xB00003E8	3	100	0	52901500	52901500
201542010	宝死体_ご褒美【レベル4_ローラン】1F　候補2	01	4	1000	HP回復【PG直接指定】	0x400003E8	0xB00003E8	3	100	0	52901500	52901500
201542020	宝死体_ご褒美【レベル4_ローラン】1F　候補3	01	4	1000	HP回復【PG直接指定】	0x400003E8	0xB00003E8	2	100	0	52901500	52901500
201542030	宝死体_ご褒美【レベル4_ローラン】1F　候補4	01	4	1000	HP回復【PG直接指定】	0x400003E8	0xB00003E8	2	100	0	52901500	52901500
201542040	宝死体_ご褒美【レベル4_ローラン】1F　候補5	01	4	1000	HP回復【PG直接指定】	0x400003E8	0xB00003E8	1	100	0	52901500	52901500
201542050	宝死体_ご褒美【レベル4_ローラン】1F　候補6	01	4	900	弾丸【PG直接指定】	0x40000384	0xB0000384	2	100	0	52901500	52901500
201542060	宝死体_ご褒美【レベル4_ローラン】1F　候補7	01	4	900	弾丸【PG直接指定】	0x40000384	0xB0000384	1	100	0	52901500	52901500
201542070	宝死体_ご褒美【レベル4_ローラン】1F　候補8	01	4	1410	道標	0x40000582	0xB0000582	4	100	0	52901500	52901500
201542080	宝死体_ご褒美【レベル4_ローラン】1F　候補9	01	4	1220	油壺	0x400004C4	0xB00004C4	1	100	0	52901500	52901500
201542090	宝死体_ご褒美【レベル4_ローラン】1F　候補10	01	4	1200	火炎壺	0x400004B0	0xB00004B0	2	100	0	52901500	52901500
201542100	宝死体_ご褒美【レベル4_ローラン】2F　候補1	01	4	7003	儀式素材【コモンA】レベル4	0x40001B5B	0xB0001B5B	2	100	0	52901500	52901500
201542110	宝死体_ご褒美【レベル4_ローラン】2F　候補2	01	4	7003	儀式素材【コモンA】レベル4	0x40001B5B	0xB0001B5B	1	100	0	52901500	52901500
201542120	宝死体_ご褒美【レベル4_ローラン】2F　候補3	01	4	1000	HP回復【PG直接指定】	0x400003E8	0xB00003E8	4	100	0	52901500	52901500
201542130	宝死体_ご褒美【レベル4_ローラン】2F　候補4	01	4	1000	HP回復【PG直接指定】	0x400003E8	0xB00003E8	3	100	0	52901500	52901500
201542140	宝死体_ご褒美【レベル4_ローラン】2F　候補5	01	4	1000	HP回復【PG直接指定】	0x400003E8	0xB00003E8	2	100	0	52901500	52901500
201542150	宝死体_ご褒美【レベル4_ローラン】2F　候補6	01	4	900	弾丸【PG直接指定】	0x40000384	0xB0000384	3	100	0	52901500	52901500
201542160	宝死体_ご褒美【レベル4_ローラン】2F　候補7	01	4	1516	ソウル【6】	0x400005EC	0xB00005EC	1	100	0	52901500	52901500
201542170	宝死体_ご褒美【レベル4_ローラン】2F　候補8	01	4	1410	道標	0x40000582	0xB0000582	6	100	0	52901500	52901500
201542180	宝死体_ご褒美【レベル4_ローラン】2F　候補9	01	4	1220	油壺	0x400004C4	0xB00004C4	2	100	0	52901500	52901500
201542190	宝死体_ご褒美【レベル4_ローラン】2F　候補10	01	4	1260	獣誘い	0x400004EC	0xB00004EC	1	100	0	52901500	52901500
201542200	宝死体_ご褒美【レベル4_ローラン】3F　候補1	01	4	7004	儀式素材【コモンA】レベル5	0x40001B5C	0xB0001B5C	2	100	0	52901500	52901500
201542210	宝死体_ご褒美【レベル4_ローラン】3F　候補2	01	4	7023	儀式素材【コモンC】レベル4	0x40001B6F	0xB0001B6F	3	100	0	52901500	52901500
201542220	宝死体_ご褒美【レベル4_ローラン】3F　候補3	01	4	1000	HP回復【PG直接指定】	0x400003E8	0xB00003E8	4	100	0	52901500	52901500
201542230	宝死体_ご褒美【レベル4_ローラン】3F　候補4	01	4	1000	HP回復【PG直接指定】	0x400003E8	0xB00003E8	3	100	0	52901500	52901500
201542240	宝死体_ご褒美【レベル4_ローラン】3F　候補5	01	4	900	弾丸【PG直接指定】	0x40000384	0xB0000384	4	100	0	52901500	52901500
201542250	宝死体_ご褒美【レベル4_ローラン】3F　候補6	01	4	900	弾丸【PG直接指定】	0x40000384	0xB0000384	3	100	0	52901500	52901500
201542260	宝死体_ご褒美【レベル4_ローラン】3F　候補7	01	4	1517	ソウル【7】	0x400005ED	0xB00005ED	1	100	0	52901500	52901500
201542270	宝死体_ご褒美【レベル4_ローラン】3F　候補8	01	4	1500	SAN値回復＋1	0x400005DC	0xB00005DC	1	100	0	52901500	52901500
201542280	宝死体_ご褒美【レベル4_ローラン】3F　候補9	01	4	1320	エンチャント【雷】	0x40000528	0xB0000528	1	100	0	52901500	52901500
201542290	宝死体_ご褒美【レベル4_ローラン】3F　候補10	01	4	1260	獣誘い	0x400004EC	0xB00004EC	1	100	0	52901500	52901500
201542300	宝死体_ご褒美【レベル4_ローラン】4F　候補1	01	4	7004	儀式素材【コモンA】レベル5	0x40001B5C	0xB0001B5C	3	100	0	52901500	52901500
201542310	宝死体_ご褒美【レベル4_ローラン】4F　候補2	01	4	7023	儀式素材【コモンC】レベル4	0x40001B6F	0xB0001B6F	3	100	0	52901500	52901500
201542320	宝死体_ご褒美【レベル4_ローラン】4F　候補3	01	4	1000	HP回復【PG直接指定】	0x400003E8	0xB00003E8	4	100	0	52901500	52901500
201542330	宝死体_ご褒美【レベル4_ローラン】4F　候補4	01	4	900	弾丸【PG直接指定】	0x40000384	0xB0000384	4	100	0	52901500	52901500
201542340	宝死体_ご褒美【レベル4_ローラン】4F　候補5	01	4	900	弾丸【PG直接指定】	0x40000384	0xB0000384	4	100	0	52901500	52901500
201542350	宝死体_ご褒美【レベル4_ローラン】4F　候補6	01	4	900	弾丸【PG直接指定】	0x40000384	0xB0000384	3	100	0	52901500	52901500
201542360	宝死体_ご褒美【レベル4_ローラン】4F　候補7	01	4	1518	ソウル【8】	0x400005EE	0xB00005EE	1	100	0	52901500	52901500
201542370	宝死体_ご褒美【レベル4_ローラン】4F　候補8	01	4	1220	油壺	0x400004C4	0xB00004C4	1	100	0	52901500	52901500
201542380	宝死体_ご褒美【レベル4_ローラン】4F　候補9	01	4	1320	エンチャント【雷】	0x40000528	0xB0000528	1	100	0	52901500	52901500
201542390	宝死体_ご褒美【レベル4_ローラン】4F　候補10	01	4	1260	獣誘い	0x400004EC	0xB00004EC	1	100	0	52901500	52901500
201550000	宝死体_ご褒美【レベル5_トゥメル】1F　候補1	01	4	1000	HP回復【PG直接指定】	0x400003E8	0xB00003E8	3	100	0	52901500	52901500
201550010	宝死体_ご褒美【レベル5_トゥメル】1F　候補2	01	4	1000	HP回復【PG直接指定】	0x400003E8	0xB00003E8	3	100	0	52901500	52901500
201550020	宝死体_ご褒美【レベル5_トゥメル】1F　候補3	01	4	1000	HP回復【PG直接指定】	0x400003E8	0xB00003E8	2	100	0	52901500	52901500
201550030	宝死体_ご褒美【レベル5_トゥメル】1F　候補4	01	4	1000	HP回復【PG直接指定】	0x400003E8	0xB00003E8	1	100	0	52901500	52901500
201550040	宝死体_ご褒美【レベル5_トゥメル】1F　候補5	01	4	900	弾丸【PG直接指定】	0x40000384	0xB0000384	3	100	0	52901500	52901500
201550050	宝死体_ご褒美【レベル5_トゥメル】1F　候補6	01	4	900	弾丸【PG直接指定】	0x40000384	0xB0000384	2	100	0	52901500	52901500
201550060	宝死体_ご褒美【レベル5_トゥメル】1F　候補7	01	4	900	弾丸【PG直接指定】	0x40000384	0xB0000384	1	100	0	52901500	52901500
201550070	宝死体_ご褒美【レベル5_トゥメル】1F　候補8	01	4	1515	ソウル【5】	0x400005EB	0xB00005EB	1	100	0	52901500	52901500
201550080	宝死体_ご褒美【レベル5_トゥメル】1F　候補9	01	4	1200	火炎壺	0x400004B0	0xB00004B0	2	100	0	52901500	52901500
201550090	宝死体_ご褒美【レベル5_トゥメル】1F　候補10	01	4	1410	道標	0x40000582	0xB0000582	4	100	0	52901500	52901500
201550100	宝死体_ご褒美【レベル5_トゥメル】2F　候補1	01	4	7004	儀式素材【コモンA】レベル5	0x40001B5C	0xB0001B5C	2	100	0	52901500	52901500
201550110	宝死体_ご褒美【レベル5_トゥメル】2F　候補2	01	4	7024	儀式素材【コモンC】レベル5	0x40001B70	0xB0001B70	2	100	0	52901500	52901500
201550120	宝死体_ご褒美【レベル5_トゥメル】2F　候補3	01	4	1000	HP回復【PG直接指定】	0x400003E8	0xB00003E8	4	100	0	52901500	52901500
201550130	宝死体_ご褒美【レベル5_トゥメル】2F　候補4	01	4	1000	HP回復【PG直接指定】	0x400003E8	0xB00003E8	3	100	0	52901500	52901500
201550140	宝死体_ご褒美【レベル5_トゥメル】2F　候補5	01	4	900	弾丸【PG直接指定】	0x40000384	0xB0000384	4	100	0	52901500	52901500
201550150	宝死体_ご褒美【レベル5_トゥメル】2F　候補6	01	4	900	弾丸【PG直接指定】	0x40000384	0xB0000384	2	100	0	52901500	52901500
201550160	宝死体_ご褒美【レベル5_トゥメル】2F　候補7	01	4	1591	ソウル【11】	0x40000637	0xB0000637	1	100	0	52901500	52901500
201550170	宝死体_ご褒美【レベル5_トゥメル】2F　候補8	01	4	1300	エンチャント【炎】	0x40000514	0xB0000514	4	100	0	52901500	52901500
201550180	宝死体_ご褒美【レベル5_トゥメル】2F　候補9	01	4	1250	背後火炎壺	0x400004E2	0xB00004E2	4	100	0	52901500	52901500
201550190	宝死体_ご褒美【レベル5_トゥメル】2F　候補10	01	4	1400	帰還	0x40000578	0xB0000578	1	100	0	52901500	52901500
201550200	宝死体_ご褒美【レベル5_トゥメル】3F　候補1	01	4	7004	儀式素材【コモンA】レベル5	0x40001B5C	0xB0001B5C	2	100	0	52901500	52901500
201550210	宝死体_ご褒美【レベル5_トゥメル】3F　候補2	01	4	7024	儀式素材【コモンC】レベル5	0x40001B70	0xB0001B70	3	100	0	52901500	52901500
201550220	宝死体_ご褒美【レベル5_トゥメル】3F　候補3	01	4	1000	HP回復【PG直接指定】	0x400003E8	0xB00003E8	4	100	0	52901500	52901500
201550230	宝死体_ご褒美【レベル5_トゥメル】3F　候補4	01	4	1000	HP回復【PG直接指定】	0x400003E8	0xB00003E8	3	100	0	52901500	52901500
201550240	宝死体_ご褒美【レベル5_トゥメル】3F　候補5	01	4	900	弾丸【PG直接指定】	0x40000384	0xB0000384	4	100	0	52901500	52901500
201550250	宝死体_ご褒美【レベル5_トゥメル】3F　候補6	01	4	900	弾丸【PG直接指定】	0x40000384	0xB0000384	3	100	0	52901500	52901500
201550260	宝死体_ご褒美【レベル5_トゥメル】3F　候補7	01	4	1592	ソウル【12】	0x40000638	0xB0000638	1	100	0	52901500	52901500
201550270	宝死体_ご褒美【レベル5_トゥメル】3F　候補8	01	4	1501	SAN値回復＋2	0x400005DD	0xB00005DD	1	100	0	52901500	52901500
201550280	宝死体_ご褒美【レベル5_トゥメル】3F　候補9	01	4	1270	HP回復不可	0x400004F6	0xB00004F6	2	100	0	52901500	52901500
201550290	宝死体_ご褒美【レベル5_トゥメル】3F　候補10	01	4	1400	帰還	0x40000578	0xB0000578	2	100	0	52901500	52901500
201550300	宝死体_ご褒美【レベル5_トゥメル】4F　候補1	01	4	7004	儀式素材【コモンA】レベル5	0x40001B5C	0xB0001B5C	3	100	0	52901500	52901500
201550310	宝死体_ご褒美【レベル5_トゥメル】4F　候補2	01	4	7024	儀式素材【コモンC】レベル5	0x40001B70	0xB0001B70	3	100	0	52901500	52901500
201550320	宝死体_ご褒美【レベル5_トゥメル】4F　候補3	01	4	1000	HP回復【PG直接指定】	0x400003E8	0xB00003E8	4	100	0	52901500	52901500
201550330	宝死体_ご褒美【レベル5_トゥメル】4F　候補4	01	4	1000	HP回復【PG直接指定】	0x400003E8	0xB00003E8	2	100	0	52901500	52901500
201550340	宝死体_ご褒美【レベル5_トゥメル】4F　候補5	01	4	900	弾丸【PG直接指定】	0x40000384	0xB0000384	4	100	0	52901500	52901500
201550350	宝死体_ご褒美【レベル5_トゥメル】4F　候補6	01	4	900	弾丸【PG直接指定】	0x40000384	0xB0000384	3	100	0	52901500	52901500
201550360	宝死体_ご褒美【レベル5_トゥメル】4F　候補7	01	4	1593	ソウル【13】	0x40000639	0xB0000639	1	100	0	52901500	52901500
201550370	宝死体_ご褒美【レベル5_トゥメル】4F　候補8	01	4	1501	SAN値回復＋2	0x400005DD	0xB00005DD	1	100	0	52901500	52901500
201550380	宝死体_ご褒美【レベル5_トゥメル】4F　候補9	01	4	1270	HP回復不可	0x400004F6	0xB00004F6	2	100	0	52901500	52901500
201550390	宝死体_ご褒美【レベル5_トゥメル】4F　候補10	01	4	1400	帰還	0x40000578	0xB0000578	2	100	0	52901500	52901500
201552000	宝死体_ご褒美【レベル5_ローラン】1F　候補1	01	4	1000	HP回復【PG直接指定】	0x400003E8	0xB00003E8	3	100	0	52901500	52901500
201552010	宝死体_ご褒美【レベル5_ローラン】1F　候補2	01	4	1000	HP回復【PG直接指定】	0x400003E8	0xB00003E8	3	100	0	52901500	52901500
201552020	宝死体_ご褒美【レベル5_ローラン】1F　候補3	01	4	1000	HP回復【PG直接指定】	0x400003E8	0xB00003E8	2	100	0	52901500	52901500
201552030	宝死体_ご褒美【レベル5_ローラン】1F　候補4	01	4	1000	HP回復【PG直接指定】	0x400003E8	0xB00003E8	1	100	0	52901500	52901500
201552040	宝死体_ご褒美【レベル5_ローラン】1F　候補5	01	4	900	弾丸【PG直接指定】	0x40000384	0xB0000384	3	100	0	52901500	52901500
201552050	宝死体_ご褒美【レベル5_ローラン】1F　候補6	01	4	900	弾丸【PG直接指定】	0x40000384	0xB0000384	2	100	0	52901500	52901500
201552060	宝死体_ご褒美【レベル5_ローラン】1F　候補7	01	4	900	弾丸【PG直接指定】	0x40000384	0xB0000384	2	100	0	52901500	52901500
201552070	宝死体_ご褒美【レベル5_ローラン】1F　候補8	01	4	900	弾丸【PG直接指定】	0x40000384	0xB0000384	1	100	0	52901500	52901500
201552080	宝死体_ご褒美【レベル5_ローラン】1F　候補9	01	4	1220	油壺	0x400004C4	0xB00004C4	2	100	0	52901500	52901500
201552090	宝死体_ご褒美【レベル5_ローラン】1F　候補10	01	4	1410	道標	0x40000582	0xB0000582	6	100	0	52901500	52901500
201552100	宝死体_ご褒美【レベル5_ローラン】2F　候補1	01	4	7004	儀式素材【コモンA】レベル5	0x40001B5C	0xB0001B5C	2	100	0	52901500	52901500
201552110	宝死体_ご褒美【レベル5_ローラン】2F　候補2	01	4	7004	儀式素材【コモンA】レベル5	0x40001B5C	0xB0001B5C	1	100	0	52901500	52901500
201552120	宝死体_ご褒美【レベル5_ローラン】2F　候補3	01	4	1000	HP回復【PG直接指定】	0x400003E8	0xB00003E8	4	100	0	52901500	52901500
201552130	宝死体_ご褒美【レベル5_ローラン】2F　候補4	01	4	1000	HP回復【PG直接指定】	0x400003E8	0xB00003E8	3	100	0	52901500	52901500
201552140	宝死体_ご褒美【レベル5_ローラン】2F　候補5	01	4	900	弾丸【PG直接指定】	0x40000384	0xB0000384	3	100	0	52901500	52901500
201552150	宝死体_ご褒美【レベル5_ローラン】2F　候補6	01	4	1590	ソウル【10】	0x40000636	0xB0000636	1	100	0	52901500	52901500
201552160	宝死体_ご褒美【レベル5_ローラン】2F　候補7	01	4	1260	獣誘い	0x400004EC	0xB00004EC	1	100	0	52901500	52901500
201552170	宝死体_ご褒美【レベル5_ローラン】2F　候補8	01	4	1110	獣化薬	0x40000456	0xB0000456	1	100	0	52901500	52901500
201552180	宝死体_ご褒美【レベル5_ローラン】2F　候補9	01	4	1220	油壺	0x400004C4	0xB00004C4	2	100	0	52901500	52901500
201552190	宝死体_ご褒美【レベル5_ローラン】2F　候補10	01	4	1320	エンチャント【雷】	0x40000528	0xB0000528	1	100	0	52901500	52901500
201552200	宝死体_ご褒美【レベル5_ローラン】3F　候補1	01	4	7140	儀式素材【アンコモンE】レベル1	0x40001BE4	0xB0001BE4	1	100	0	52901500	52901500
201552210	宝死体_ご褒美【レベル5_ローラン】3F　候補2	01	4	7024	儀式素材【コモンC】レベル5	0x40001B70	0xB0001B70	3	100	0	52901500	52901500
201552220	宝死体_ご褒美【レベル5_ローラン】3F　候補3	01	4	1000	HP回復【PG直接指定】	0x400003E8	0xB00003E8	4	100	0	52901500	52901500
201552230	宝死体_ご褒美【レベル5_ローラン】3F　候補4	01	4	1000	HP回復【PG直接指定】	0x400003E8	0xB00003E8	3	100	0	52901500	52901500
201552240	宝死体_ご褒美【レベル5_ローラン】3F　候補5	01	4	900	弾丸【PG直接指定】	0x40000384	0xB0000384	4	100	0	52901500	52901500
201552250	宝死体_ご褒美【レベル5_ローラン】3F　候補6	01	4	1591	ソウル【11】	0x40000637	0xB0000637	1	100	0	52901500	52901500
201552260	宝死体_ご褒美【レベル5_ローラン】3F　候補7	01	4	1260	獣誘い	0x400004EC	0xB00004EC	1	100	0	52901500	52901500
201552270	宝死体_ご褒美【レベル5_ローラン】3F　候補8	01	4	1110	獣化薬	0x40000456	0xB0000456	2	100	0	52901500	52901500
201552280	宝死体_ご褒美【レベル5_ローラン】3F　候補9	01	4	1500	SAN値回復＋1	0x400005DC	0xB00005DC	1	100	0	52901500	52901500
201552290	宝死体_ご褒美【レベル5_ローラン】3F　候補10	01	4	1320	エンチャント【雷】	0x40000528	0xB0000528	3	100	0	52901500	52901500
201552300	宝死体_ご褒美【レベル5_ローラン】4F　候補1	01	4	7140	儀式素材【アンコモンE】レベル1	0x40001BE4	0xB0001BE4	2	100	0	52901500	52901500
201552310	宝死体_ご褒美【レベル5_ローラン】4F　候補2	01	4	7024	儀式素材【コモンC】レベル5	0x40001B70	0xB0001B70	3	100	0	52901500	52901500
201552320	宝死体_ご褒美【レベル5_ローラン】4F　候補3	01	4	1000	HP回復【PG直接指定】	0x400003E8	0xB00003E8	4	100	0	52901500	52901500
201552330	宝死体_ご褒美【レベル5_ローラン】4F　候補4	01	4	1000	HP回復【PG直接指定】	0x400003E8	0xB00003E8	3	100	0	52901500	52901500
201552340	宝死体_ご褒美【レベル5_ローラン】4F　候補5	01	4	900	弾丸【PG直接指定】	0x40000384	0xB0000384	4	100	0	52901500	52901500
201552350	宝死体_ご褒美【レベル5_ローラン】4F　候補6	01	4	1592	ソウル【12】	0x40000638	0xB0000638	1	100	0	52901500	52901500
201552360	宝死体_ご褒美【レベル5_ローラン】4F　候補7	01	4	1260	獣誘い	0x400004EC	0xB00004EC	1	100	0	52901500	52901500
201552370	宝死体_ご褒美【レベル5_ローラン】4F　候補8	01	4	1110	獣化薬	0x40000456	0xB0000456	2	100	0	52901500	52901500
201552380	宝死体_ご褒美【レベル5_ローラン】4F　候補9	01	4	1500	SAN値回復＋1	0x400005DC	0xB00005DC	1	100	0	52901500	52901500
201552390	宝死体_ご褒美【レベル5_ローラン】4F　候補10	01	4	1320	エンチャント【雷】	0x40000528	0xB0000528	4	100	0	52901500	52901500
201553000	宝死体_ご褒美【レベル5_イズ】1F　候補1	01	4	1000	HP回復【PG直接指定】	0x400003E8	0xB00003E8	2	100	0	52901500	52901500
201553010	宝死体_ご褒美【レベル5_イズ】1F　候補2	01	4	1000	HP回復【PG直接指定】	0x400003E8	0xB00003E8	1	100	0	52901500	52901500
201553020	宝死体_ご褒美【レベル5_イズ】1F　候補3	01	4	1000	HP回復【PG直接指定】	0x400003E8	0xB00003E8	1	100	0	52901500	52901500
201553030	宝死体_ご褒美【レベル5_イズ】1F　候補4	01	4	1000	HP回復【PG直接指定】	0x400003E8	0xB00003E8	1	100	0	52901500	52901500
201553040	宝死体_ご褒美【レベル5_イズ】1F　候補5	01	4	900	弾丸【PG直接指定】	0x40000384	0xB0000384	2	100	0	52901500	52901500
201553050	宝死体_ご褒美【レベル5_イズ】1F　候補6	01	4	900	弾丸【PG直接指定】	0x40000384	0xB0000384	2	100	0	52901500	52901500
201553060	宝死体_ご褒美【レベル5_イズ】1F　候補7	01	4	900	弾丸【PG直接指定】	0x40000384	0xB0000384	1	100	0	52901500	52901500
201553070	宝死体_ご褒美【レベル5_イズ】1F　候補8	01	4	900	弾丸【PG直接指定】	0x40000384	0xB0000384	1	100	0	52901500	52901500
201553080	宝死体_ご褒美【レベル5_イズ】1F　候補9	01	4	1210	毒ナイフ	0x400004BA	0xB00004BA	2	100	0	52901500	52901500
201553090	宝死体_ご褒美【レベル5_イズ】1F　候補10	01	4	1230	石ころ	0x400004CE	0xB00004CE	6	100	0	52901500	52901500
201553100	宝死体_ご褒美【レベル5_イズ】2F　候補1	01	4	7004	儀式素材【コモンA】レベル5	0x40001B5C	0xB0001B5C	2	100	0	52901500	52901500
201553110	宝死体_ご褒美【レベル5_イズ】2F　候補2	01	4	7004	儀式素材【コモンA】レベル5	0x40001B5C	0xB0001B5C	1	100	0	52901500	52901500
201553120	宝死体_ご褒美【レベル5_イズ】2F　候補3	01	4	7100	儀式素材【アンコモンA】レベル1	0x40001BBC	0xB0001BBC	2	100	0	52901500	52901500
201553130	宝死体_ご褒美【レベル5_イズ】2F　候補4	01	4	1000	HP回復【PG直接指定】	0x400003E8	0xB00003E8	2	100	0	52901500	52901500
201553140	宝死体_ご褒美【レベル5_イズ】2F　候補5	01	4	900	弾丸【PG直接指定】	0x40000384	0xB0000384	4	100	0	52901500	52901500
201553150	宝死体_ご褒美【レベル5_イズ】2F　候補6	01	4	900	弾丸【PG直接指定】	0x40000384	0xB0000384	3	100	0	52901500	52901500
201553160	宝死体_ご褒美【レベル5_イズ】2F　候補7	01	4	1590	ソウル【10】	0x40000636	0xB0000636	1	100	0	52901500	52901500
201553170	宝死体_ご褒美【レベル5_イズ】2F　候補8	01	4	1519	ソウル【9】	0x400005EF	0xB00005EF	1	100	0	52901500	52901500
201553180	宝死体_ご褒美【レベル5_イズ】2F　候補9	01	4	1210	毒ナイフ	0x400004BA	0xB00004BA	6	100	0	52901500	52901500
201553190	宝死体_ご褒美【レベル5_イズ】2F　候補10	01	4	1101	狂気・獣化回復薬	0x4000044D	0xB000044D	2	100	0	52901500	52901500
201553200	宝死体_ご褒美【レベル5_イズ】3F　候補1	01	4	7004	儀式素材【コモンA】レベル5	0x40001B5C	0xB0001B5C	2	100	0	52901500	52901500
201553210	宝死体_ご褒美【レベル5_イズ】3F　候補2	01	4	7024	儀式素材【コモンC】レベル5	0x40001B70	0xB0001B70	3	100	0	52901500	52901500
201553220	宝死体_ご褒美【レベル5_イズ】3F　候補3	01	4	7100	儀式素材【アンコモンA】レベル1	0x40001BBC	0xB0001BBC	2	100	0	52901500	52901500
201553230	宝死体_ご褒美【レベル5_イズ】3F　候補4	01	4	1000	HP回復【PG直接指定】	0x400003E8	0xB00003E8	5	100	0	52901500	52901500
201553240	宝死体_ご褒美【レベル5_イズ】3F　候補5	01	4	900	弾丸【PG直接指定】	0x40000384	0xB0000384	4	100	0	52901500	52901500
201553250	宝死体_ご褒美【レベル5_イズ】3F　候補6	01	4	900	弾丸【PG直接指定】	0x40000384	0xB0000384	3	100	0	52901500	52901500
201553260	宝死体_ご褒美【レベル5_イズ】3F　候補7	01	4	1591	ソウル【11】	0x40000637	0xB0000637	1	100	0	52901500	52901500
201553270	宝死体_ご褒美【レベル5_イズ】3F　候補8	01	4	1501	SAN値回復＋2	0x400005DD	0xB00005DD	1	100	0	52901500	52901500
201553280	宝死体_ご褒美【レベル5_イズ】3F　候補9	01	4	1101	狂気・獣化回復薬	0x4000044D	0xB000044D	1	100	0	52901500	52901500
201553290	宝死体_ご褒美【レベル5_イズ】3F　候補10	01	4	1120	石ころ帽子	0x40000460	0xB0000460	1	100	0	52901500	52901500
201553300	宝死体_ご褒美【レベル5_イズ】4F　候補1	01	4	7004	儀式素材【コモンA】レベル5	0x40001B5C	0xB0001B5C	2	100	0	52901500	52901500
201553310	宝死体_ご褒美【レベル5_イズ】4F　候補2	01	4	7024	儀式素材【コモンC】レベル5	0x40001B70	0xB0001B70	3	100	0	52901500	52901500
201553320	宝死体_ご褒美【レベル5_イズ】4F　候補3	01	4	7100	儀式素材【アンコモンA】レベル1	0x40001BBC	0xB0001BBC	2	100	0	52901500	52901500
201553330	宝死体_ご褒美【レベル5_イズ】4F　候補4	01	4	1000	HP回復【PG直接指定】	0x400003E8	0xB00003E8	5	100	0	52901500	52901500
201553340	宝死体_ご褒美【レベル5_イズ】4F　候補5	01	4	900	弾丸【PG直接指定】	0x40000384	0xB0000384	4	100	0	52901500	52901500
201553350	宝死体_ご褒美【レベル5_イズ】4F　候補6	01	4	900	弾丸【PG直接指定】	0x40000384	0xB0000384	3	100	0	52901500	52901500
201553360	宝死体_ご褒美【レベル5_イズ】4F　候補7	01	4	1592	ソウル【12】	0x40000638	0xB0000638	1	100	0	52901500	52901500
201553370	宝死体_ご褒美【レベル5_イズ】4F　候補8	01	4	1501	SAN値回復＋2	0x400005DD	0xB00005DD	1	100	0	52901500	52901500
201553380	宝死体_ご褒美【レベル5_イズ】4F　候補9	01	4	1101	狂気・獣化回復薬	0x4000044D	0xB000044D	3	100	0	52901500	52901500
201553390	宝死体_ご褒美【レベル5_イズ】4F　候補10	01	4	1120	石ころ帽子	0x40000460	0xB0000460	2	100	0	52901500	52901500
201610000	宝死体_釣る配置【レベル1_トゥメル】1F　候補1	01	4	1000	HP回復【PG直接指定】	0x400003E8	0xB00003E8	2	100	0	52901600	52901600
201610010	宝死体_釣る配置【レベル1_トゥメル】1F　候補2	01	4	1000	HP回復【PG直接指定】	0x400003E8	0xB00003E8	2	100	0	52901600	52901600
201610020	宝死体_釣る配置【レベル1_トゥメル】1F　候補3	01	4	1000	HP回復【PG直接指定】	0x400003E8	0xB00003E8	1	100	0	52901600	52901600
201610030	宝死体_釣る配置【レベル1_トゥメル】1F　候補4	01	4	1000	HP回復【PG直接指定】	0x400003E8	0xB00003E8	1	100	0	52901600	52901600
201610040	宝死体_釣る配置【レベル1_トゥメル】1F　候補5	01	4	900	弾丸【PG直接指定】	0x40000384	0xB0000384	2	100	0	52901600	52901600
201610050	宝死体_釣る配置【レベル1_トゥメル】1F　候補6	01	4	900	弾丸【PG直接指定】	0x40000384	0xB0000384	2	100	0	52901600	52901600
201610060	宝死体_釣る配置【レベル1_トゥメル】1F　候補7	01	4	900	弾丸【PG直接指定】	0x40000384	0xB0000384	1	100	0	52901600	52901600
201610070	宝死体_釣る配置【レベル1_トゥメル】1F　候補8	01	4	1410	道標	0x40000582	0xB0000582	1	100	0	52901600	52901600
201610080	宝死体_釣る配置【レベル1_トゥメル】1F　候補9	01	4	1410	道標	0x40000582	0xB0000582	1	100	0	52901600	52901600
201610090	宝死体_釣る配置【レベル1_トゥメル】1F　候補10	01	4	1410	道標	0x40000582	0xB0000582	1	100	0	52901600	52901600
201610100	宝死体_釣る配置【レベル1_トゥメル】2F　候補1	01	4	1000	HP回復【PG直接指定】	0x400003E8	0xB00003E8	5	100	0	52901600	52901600
201610110	宝死体_釣る配置【レベル1_トゥメル】2F　候補2	01	4	1000	HP回復【PG直接指定】	0x400003E8	0xB00003E8	2	100	0	52901600	52901600
201610120	宝死体_釣る配置【レベル1_トゥメル】2F　候補3	01	4	1000	HP回復【PG直接指定】	0x400003E8	0xB00003E8	2	100	0	52901600	52901600
201610130	宝死体_釣る配置【レベル1_トゥメル】2F　候補4	01	4	1000	HP回復【PG直接指定】	0x400003E8	0xB00003E8	1	100	0	52901600	52901600
201610140	宝死体_釣る配置【レベル1_トゥメル】2F　候補5	01	4	1000	HP回復【PG直接指定】	0x400003E8	0xB00003E8	2	100	0	52901600	52901600
201610150	宝死体_釣る配置【レベル1_トゥメル】2F　候補6	01	4	900	弾丸【PG直接指定】	0x40000384	0xB0000384	2	100	0	52901600	52901600
201610160	宝死体_釣る配置【レベル1_トゥメル】2F　候補7	01	4	900	弾丸【PG直接指定】	0x40000384	0xB0000384	1	100	0	52901600	52901600
201610170	宝死体_釣る配置【レベル1_トゥメル】2F　候補8	01	4	1410	道標	0x40000582	0xB0000582	1	100	0	52901600	52901600
201610180	宝死体_釣る配置【レベル1_トゥメル】2F　候補9	01	4	1510	ソウル【0】	0x400005E6	0xB00005E6	1	100	0	52901600	52901600
201610190	宝死体_釣る配置【レベル1_トゥメル】2F　候補10	01	4	1200	火炎壺	0x400004B0	0xB00004B0	1	100	0	52901600	52901600
201610200	宝死体_釣る配置【レベル1_トゥメル】3F　候補1	01	4	1000	HP回復【PG直接指定】	0x400003E8	0xB00003E8	5	100	0	52901600	52901600
201610210	宝死体_釣る配置【レベル1_トゥメル】3F　候補2	01	4	1000	HP回復【PG直接指定】	0x400003E8	0xB00003E8	2	100	0	52901600	52901600
201610220	宝死体_釣る配置【レベル1_トゥメル】3F　候補3	01	4	1000	HP回復【PG直接指定】	0x400003E8	0xB00003E8	2	100	0	52901600	52901600
201610230	宝死体_釣る配置【レベル1_トゥメル】3F　候補4	01	4	1000	HP回復【PG直接指定】	0x400003E8	0xB00003E8	1	100	0	52901600	52901600
201610240	宝死体_釣る配置【レベル1_トゥメル】3F　候補5	01	4	1000	HP回復【PG直接指定】	0x400003E8	0xB00003E8	1	100	0	52901600	52901600
201610250	宝死体_釣る配置【レベル1_トゥメル】3F　候補6	01	4	900	弾丸【PG直接指定】	0x40000384	0xB0000384	2	100	0	52901600	52901600
201610260	宝死体_釣る配置【レベル1_トゥメル】3F　候補7	01	4	900	弾丸【PG直接指定】	0x40000384	0xB0000384	1	100	0	52901600	52901600
201610270	宝死体_釣る配置【レベル1_トゥメル】3F　候補8	01	4	1410	道標	0x40000582	0xB0000582	1	100	0	52901600	52901600
201610280	宝死体_釣る配置【レベル1_トゥメル】3F　候補9	01	4	1511	ソウル【1】	0x400005E7	0xB00005E7	1	100	0	52901600	52901600
201610290	宝死体_釣る配置【レベル1_トゥメル】3F　候補10	01	4	1300	エンチャント【炎】	0x40000514	0xB0000514	1	100	0	52901600	52901600
201610300	宝死体_釣る配置【レベル1_トゥメル】4F　候補1	01	4	1000	HP回復【PG直接指定】	0x400003E8	0xB00003E8	5	100	0	52901600	52901600
201610310	宝死体_釣る配置【レベル1_トゥメル】4F　候補2	01	4	1000	HP回復【PG直接指定】	0x400003E8	0xB00003E8	2	100	0	52901600	52901600
201610320	宝死体_釣る配置【レベル1_トゥメル】4F　候補3	01	4	1000	HP回復【PG直接指定】	0x400003E8	0xB00003E8	2	100	0	52901600	52901600
201610330	宝死体_釣る配置【レベル1_トゥメル】4F　候補4	01	4	1000	HP回復【PG直接指定】	0x400003E8	0xB00003E8	1	100	0	52901600	52901600
201610340	宝死体_釣る配置【レベル1_トゥメル】4F　候補5	01	4	1000	HP回復【PG直接指定】	0x400003E8	0xB00003E8	1	100	0	52901600	52901600
201610350	宝死体_釣る配置【レベル1_トゥメル】4F　候補6	01	4	900	弾丸【PG直接指定】	0x40000384	0xB0000384	2	100	0	52901600	52901600
201610360	宝死体_釣る配置【レベル1_トゥメル】4F　候補7	01	4	900	弾丸【PG直接指定】	0x40000384	0xB0000384	1	100	0	52901600	52901600
201610370	宝死体_釣る配置【レベル1_トゥメル】4F　候補8	01	4	1410	道標	0x40000582	0xB0000582	1	100	0	52901600	52901600
201610380	宝死体_釣る配置【レベル1_トゥメル】4F　候補9	01	4	1512	ソウル【2】	0x400005E8	0xB00005E8	1	100	0	52901600	52901600
201610390	宝死体_釣る配置【レベル1_トゥメル】4F　候補10	01	4	1300	エンチャント【炎】	0x40000514	0xB0000514	1	100	0	52901600	52901600
201620000	宝死体_釣る配置【レベル2_トゥメル】1F　候補1	01	4	1000	HP回復【PG直接指定】	0x400003E8	0xB00003E8	2	100	0	52901600	52901600
201620010	宝死体_釣る配置【レベル2_トゥメル】1F　候補2	01	4	1000	HP回復【PG直接指定】	0x400003E8	0xB00003E8	2	100	0	52901600	52901600
201620020	宝死体_釣る配置【レベル2_トゥメル】1F　候補3	01	4	1000	HP回復【PG直接指定】	0x400003E8	0xB00003E8	1	100	0	52901600	52901600
201620030	宝死体_釣る配置【レベル2_トゥメル】1F　候補4	01	4	1000	HP回復【PG直接指定】	0x400003E8	0xB00003E8	1	100	0	52901600	52901600
201620040	宝死体_釣る配置【レベル2_トゥメル】1F　候補5	01	4	900	弾丸【PG直接指定】	0x40000384	0xB0000384	2	100	0	52901600	52901600
201620050	宝死体_釣る配置【レベル2_トゥメル】1F　候補6	01	4	900	弾丸【PG直接指定】	0x40000384	0xB0000384	2	100	0	52901600	52901600
201620060	宝死体_釣る配置【レベル2_トゥメル】1F　候補7	01	4	900	弾丸【PG直接指定】	0x40000384	0xB0000384	1	100	0	52901600	52901600
201620070	宝死体_釣る配置【レベル2_トゥメル】1F　候補8	01	4	1410	道標	0x40000582	0xB0000582	1	100	0	52901600	52901600
201620080	宝死体_釣る配置【レベル2_トゥメル】1F　候補9	01	4	1410	道標	0x40000582	0xB0000582	1	100	0	52901600	52901600
201620090	宝死体_釣る配置【レベル2_トゥメル】1F　候補10	01	4	1410	道標	0x40000582	0xB0000582	1	100	0	52901600	52901600
201620100	宝死体_釣る配置【レベル2_トゥメル】2F　候補1	01	4	1000	HP回復【PG直接指定】	0x400003E8	0xB00003E8	5	100	0	52901600	52901600
201620110	宝死体_釣る配置【レベル2_トゥメル】2F　候補2	01	4	1000	HP回復【PG直接指定】	0x400003E8	0xB00003E8	2	100	0	52901600	52901600
201620120	宝死体_釣る配置【レベル2_トゥメル】2F　候補3	01	4	1000	HP回復【PG直接指定】	0x400003E8	0xB00003E8	2	100	0	52901600	52901600
201620130	宝死体_釣る配置【レベル2_トゥメル】2F　候補4	01	4	1000	HP回復【PG直接指定】	0x400003E8	0xB00003E8	1	100	0	52901600	52901600
201620140	宝死体_釣る配置【レベル2_トゥメル】2F　候補5	01	4	1000	HP回復【PG直接指定】	0x400003E8	0xB00003E8	2	100	0	52901600	52901600
201620150	宝死体_釣る配置【レベル2_トゥメル】2F　候補6	01	4	900	弾丸【PG直接指定】	0x40000384	0xB0000384	2	100	0	52901600	52901600
201620160	宝死体_釣る配置【レベル2_トゥメル】2F　候補7	01	4	900	弾丸【PG直接指定】	0x40000384	0xB0000384	1	100	0	52901600	52901600
201620170	宝死体_釣る配置【レベル2_トゥメル】2F　候補8	01	4	1410	道標	0x40000582	0xB0000582	1	100	0	52901600	52901600
201620180	宝死体_釣る配置【レベル2_トゥメル】2F　候補9	01	4	1511	ソウル【1】	0x400005E7	0xB00005E7	1	100	0	52901600	52901600
201620190	宝死体_釣る配置【レベル2_トゥメル】2F　候補10	01	4	1200	火炎壺	0x400004B0	0xB00004B0	1	100	0	52901600	52901600
201620200	宝死体_釣る配置【レベル2_トゥメル】3F　候補1	01	4	1000	HP回復【PG直接指定】	0x400003E8	0xB00003E8	5	100	0	52901600	52901600
201620210	宝死体_釣る配置【レベル2_トゥメル】3F　候補2	01	4	1000	HP回復【PG直接指定】	0x400003E8	0xB00003E8	2	100	0	52901600	52901600
201620220	宝死体_釣る配置【レベル2_トゥメル】3F　候補3	01	4	1000	HP回復【PG直接指定】	0x400003E8	0xB00003E8	2	100	0	52901600	52901600
201620230	宝死体_釣る配置【レベル2_トゥメル】3F　候補4	01	4	1000	HP回復【PG直接指定】	0x400003E8	0xB00003E8	1	100	0	52901600	52901600
201620240	宝死体_釣る配置【レベル2_トゥメル】3F　候補5	01	4	1000	HP回復【PG直接指定】	0x400003E8	0xB00003E8	1	100	0	52901600	52901600
201620250	宝死体_釣る配置【レベル2_トゥメル】3F　候補6	01	4	900	弾丸【PG直接指定】	0x40000384	0xB0000384	2	100	0	52901600	52901600
201620260	宝死体_釣る配置【レベル2_トゥメル】3F　候補7	01	4	900	弾丸【PG直接指定】	0x40000384	0xB0000384	1	100	0	52901600	52901600
201620270	宝死体_釣る配置【レベル2_トゥメル】3F　候補8	01	4	1410	道標	0x40000582	0xB0000582	1	100	0	52901600	52901600
201620280	宝死体_釣る配置【レベル2_トゥメル】3F　候補9	01	4	1512	ソウル【2】	0x400005E8	0xB00005E8	1	100	0	52901600	52901600
201620290	宝死体_釣る配置【レベル2_トゥメル】3F　候補10	01	4	1300	エンチャント【炎】	0x40000514	0xB0000514	1	100	0	52901600	52901600
201620300	宝死体_釣る配置【レベル2_トゥメル】4F　候補1	01	4	1000	HP回復【PG直接指定】	0x400003E8	0xB00003E8	5	100	0	52901600	52901600
201620310	宝死体_釣る配置【レベル2_トゥメル】4F　候補2	01	4	1000	HP回復【PG直接指定】	0x400003E8	0xB00003E8	2	100	0	52901600	52901600
201620320	宝死体_釣る配置【レベル2_トゥメル】4F　候補3	01	4	1000	HP回復【PG直接指定】	0x400003E8	0xB00003E8	2	100	0	52901600	52901600
201620330	宝死体_釣る配置【レベル2_トゥメル】4F　候補4	01	4	1000	HP回復【PG直接指定】	0x400003E8	0xB00003E8	1	100	0	52901600	52901600
201620340	宝死体_釣る配置【レベル2_トゥメル】4F　候補5	01	4	1000	HP回復【PG直接指定】	0x400003E8	0xB00003E8	1	100	0	52901600	52901600
201620350	宝死体_釣る配置【レベル2_トゥメル】4F　候補6	01	4	900	弾丸【PG直接指定】	0x40000384	0xB0000384	2	100	0	52901600	52901600
201620360	宝死体_釣る配置【レベル2_トゥメル】4F　候補7	01	4	900	弾丸【PG直接指定】	0x40000384	0xB0000384	1	100	0	52901600	52901600
201620370	宝死体_釣る配置【レベル2_トゥメル】4F　候補8	01	4	1410	道標	0x40000582	0xB0000582	1	100	0	52901600	52901600
201620380	宝死体_釣る配置【レベル2_トゥメル】4F　候補9	01	4	1513	ソウル【3】	0x400005E9	0xB00005E9	1	100	0	52901600	52901600
201620390	宝死体_釣る配置【レベル2_トゥメル】4F　候補10	01	4	1300	エンチャント【炎】	0x40000514	0xB0000514	1	100	0	52901600	52901600
201621000	宝死体_釣る配置【レベル2_僻墓】1F　候補1	01	4	1000	HP回復【PG直接指定】	0x400003E8	0xB00003E8	2	100	0	52901600	52901600
201621010	宝死体_釣る配置【レベル2_僻墓】1F　候補2	01	4	1000	HP回復【PG直接指定】	0x400003E8	0xB00003E8	1	100	0	52901600	52901600
201621020	宝死体_釣る配置【レベル2_僻墓】1F　候補3	01	4	1000	HP回復【PG直接指定】	0x400003E8	0xB00003E8	1	100	0	52901600	52901600
201621030	宝死体_釣る配置【レベル2_僻墓】1F　候補4	01	4	900	弾丸【PG直接指定】	0x40000384	0xB0000384	2	100	0	52901600	52901600
201621040	宝死体_釣る配置【レベル2_僻墓】1F　候補5	01	4	900	弾丸【PG直接指定】	0x40000384	0xB0000384	1	100	0	52901600	52901600
201621050	宝死体_釣る配置【レベル2_僻墓】1F　候補6	01	4	900	弾丸【PG直接指定】	0x40000384	0xB0000384	1	100	0	52901600	52901600
201621060	宝死体_釣る配置【レベル2_僻墓】1F　候補7	01	4	1230	石ころ	0x400004CE	0xB00004CE	1	100	0	52901600	52901600
201621070	宝死体_釣る配置【レベル2_僻墓】1F　候補8	01	4	1230	石ころ	0x400004CE	0xB00004CE	1	100	0	52901600	52901600
201621080	宝死体_釣る配置【レベル2_僻墓】1F　候補9	01	4	1230	石ころ	0x400004CE	0xB00004CE	1	100	0	52901600	52901600
201621090	宝死体_釣る配置【レベル2_僻墓】1F　候補10	01	4	1230	石ころ	0x400004CE	0xB00004CE	1	100	0	52901600	52901600
201621100	宝死体_釣る配置【レベル2_僻墓】2F　候補1	01	4	1000	HP回復【PG直接指定】	0x400003E8	0xB00003E8	2	100	0	52901600	52901600
201621110	宝死体_釣る配置【レベル2_僻墓】2F　候補2	01	4	1000	HP回復【PG直接指定】	0x400003E8	0xB00003E8	1	100	0	52901600	52901600
201621120	宝死体_釣る配置【レベル2_僻墓】2F　候補3	01	4	1000	HP回復【PG直接指定】	0x400003E8	0xB00003E8	1	100	0	52901600	52901600
201621130	宝死体_釣る配置【レベル2_僻墓】2F　候補4	01	4	900	弾丸【PG直接指定】	0x40000384	0xB0000384	5	100	0	52901600	52901600
201621140	宝死体_釣る配置【レベル2_僻墓】2F　候補5	01	4	900	弾丸【PG直接指定】	0x40000384	0xB0000384	2	100	0	52901600	52901600
201621150	宝死体_釣る配置【レベル2_僻墓】2F　候補6	01	4	900	弾丸【PG直接指定】	0x40000384	0xB0000384	1	100	0	52901600	52901600
201621160	宝死体_釣る配置【レベル2_僻墓】2F　候補7	01	4	1230	石ころ	0x400004CE	0xB00004CE	4	100	0	52901600	52901600
201621170	宝死体_釣る配置【レベル2_僻墓】2F　候補8	01	4	1230	石ころ	0x400004CE	0xB00004CE	1	100	0	52901600	52901600
201621180	宝死体_釣る配置【レベル2_僻墓】2F　候補9	01	4	1511	ソウル【1】	0x400005E7	0xB00005E7	1	100	0	52901600	52901600
201621190	宝死体_釣る配置【レベル2_僻墓】2F　候補10	01	4	1100	毒・出血回復薬	0x4000044C	0xB000044C	1	100	0	52901600	52901600
201621200	宝死体_釣る配置【レベル2_僻墓】3F　候補1	01	4	1000	HP回復【PG直接指定】	0x400003E8	0xB00003E8	2	100	0	52901600	52901600
201621210	宝死体_釣る配置【レベル2_僻墓】3F　候補2	01	4	1000	HP回復【PG直接指定】	0x400003E8	0xB00003E8	1	100	0	52901600	52901600
201621220	宝死体_釣る配置【レベル2_僻墓】3F　候補3	01	4	1000	HP回復【PG直接指定】	0x400003E8	0xB00003E8	1	100	0	52901600	52901600
201621230	宝死体_釣る配置【レベル2_僻墓】3F　候補4	01	4	900	弾丸【PG直接指定】	0x40000384	0xB0000384	5	100	0	52901600	52901600
201621240	宝死体_釣る配置【レベル2_僻墓】3F　候補5	01	4	900	弾丸【PG直接指定】	0x40000384	0xB0000384	2	100	0	52901600	52901600
201621250	宝死体_釣る配置【レベル2_僻墓】3F　候補6	01	4	900	弾丸【PG直接指定】	0x40000384	0xB0000384	1	100	0	52901600	52901600
201621260	宝死体_釣る配置【レベル2_僻墓】3F　候補7	01	4	1230	石ころ	0x400004CE	0xB00004CE	4	100	0	52901600	52901600
201621270	宝死体_釣る配置【レベル2_僻墓】3F　候補8	01	4	1230	石ころ	0x400004CE	0xB00004CE	1	100	0	52901600	52901600
201621280	宝死体_釣る配置【レベル2_僻墓】3F　候補9	01	4	1512	ソウル【2】	0x400005E8	0xB00005E8	1	100	0	52901600	52901600
201621290	宝死体_釣る配置【レベル2_僻墓】3F　候補10	01	4	1330	銃威力アップ	0x40000532	0xB0000532	1	100	0	52901600	52901600
201621300	宝死体_釣る配置【レベル2_僻墓】4F　候補1	01	4	1000	HP回復【PG直接指定】	0x400003E8	0xB00003E8	2	100	0	52901600	52901600
201621310	宝死体_釣る配置【レベル2_僻墓】4F　候補2	01	4	1000	HP回復【PG直接指定】	0x400003E8	0xB00003E8	1	100	0	52901600	52901600
201621320	宝死体_釣る配置【レベル2_僻墓】4F　候補3	01	4	1000	HP回復【PG直接指定】	0x400003E8	0xB00003E8	1	100	0	52901600	52901600
201621330	宝死体_釣る配置【レベル2_僻墓】4F　候補4	01	4	900	弾丸【PG直接指定】	0x40000384	0xB0000384	5	100	0	52901600	52901600
201621340	宝死体_釣る配置【レベル2_僻墓】4F　候補5	01	4	900	弾丸【PG直接指定】	0x40000384	0xB0000384	2	100	0	52901600	52901600
201621350	宝死体_釣る配置【レベル2_僻墓】4F　候補6	01	4	900	弾丸【PG直接指定】	0x40000384	0xB0000384	1	100	0	52901600	52901600
201621360	宝死体_釣る配置【レベル2_僻墓】4F　候補7	01	4	1230	石ころ	0x400004CE	0xB00004CE	4	100	0	52901600	52901600
201621370	宝死体_釣る配置【レベル2_僻墓】4F　候補8	01	4	1230	石ころ	0x400004CE	0xB00004CE	1	100	0	52901600	52901600
201621380	宝死体_釣る配置【レベル2_僻墓】4F　候補9	01	4	1513	ソウル【3】	0x400005E9	0xB00005E9	1	100	0	52901600	52901600
201621390	宝死体_釣る配置【レベル2_僻墓】4F　候補10	01	4	1330	銃威力アップ	0x40000532	0xB0000532	1	100	0	52901600	52901600
201630000	宝死体_釣る配置【レベル3_トゥメル】1F　候補1	01	4	1000	HP回復【PG直接指定】	0x400003E8	0xB00003E8	2	100	0	52901600	52901600
201630010	宝死体_釣る配置【レベル3_トゥメル】1F　候補2	01	4	1000	HP回復【PG直接指定】	0x400003E8	0xB00003E8	2	100	0	52901600	52901600
201630020	宝死体_釣る配置【レベル3_トゥメル】1F　候補3	01	4	1000	HP回復【PG直接指定】	0x400003E8	0xB00003E8	1	100	0	52901600	52901600
201630030	宝死体_釣る配置【レベル3_トゥメル】1F　候補4	01	4	1000	HP回復【PG直接指定】	0x400003E8	0xB00003E8	1	100	0	52901600	52901600
201630040	宝死体_釣る配置【レベル3_トゥメル】1F　候補5	01	4	900	弾丸【PG直接指定】	0x40000384	0xB0000384	2	100	0	52901600	52901600
201630050	宝死体_釣る配置【レベル3_トゥメル】1F　候補6	01	4	900	弾丸【PG直接指定】	0x40000384	0xB0000384	2	100	0	52901600	52901600
201630060	宝死体_釣る配置【レベル3_トゥメル】1F　候補7	01	4	900	弾丸【PG直接指定】	0x40000384	0xB0000384	1	100	0	52901600	52901600
201630070	宝死体_釣る配置【レベル3_トゥメル】1F　候補8	01	4	1410	道標	0x40000582	0xB0000582	1	100	0	52901600	52901600
201630080	宝死体_釣る配置【レベル3_トゥメル】1F　候補9	01	4	1410	道標	0x40000582	0xB0000582	1	100	0	52901600	52901600
201630090	宝死体_釣る配置【レベル3_トゥメル】1F　候補10	01	4	1410	道標	0x40000582	0xB0000582	1	100	0	52901600	52901600
201630100	宝死体_釣る配置【レベル3_トゥメル】2F　候補1	01	4	1000	HP回復【PG直接指定】	0x400003E8	0xB00003E8	5	100	0	52901600	52901600
201630110	宝死体_釣る配置【レベル3_トゥメル】2F　候補2	01	4	1000	HP回復【PG直接指定】	0x400003E8	0xB00003E8	2	100	0	52901600	52901600
201630120	宝死体_釣る配置【レベル3_トゥメル】2F　候補3	01	4	1000	HP回復【PG直接指定】	0x400003E8	0xB00003E8	2	100	0	52901600	52901600
201630130	宝死体_釣る配置【レベル3_トゥメル】2F　候補4	01	4	1000	HP回復【PG直接指定】	0x400003E8	0xB00003E8	1	100	0	52901600	52901600
201630140	宝死体_釣る配置【レベル3_トゥメル】2F　候補5	01	4	900	弾丸【PG直接指定】	0x40000384	0xB0000384	2	100	0	52901600	52901600
201630150	宝死体_釣る配置【レベル3_トゥメル】2F　候補6	01	4	900	弾丸【PG直接指定】	0x40000384	0xB0000384	1	100	0	52901600	52901600
201630160	宝死体_釣る配置【レベル3_トゥメル】2F　候補7	01	4	900	弾丸【PG直接指定】	0x40000384	0xB0000384	1	100	0	52901600	52901600
201630170	宝死体_釣る配置【レベル3_トゥメル】2F　候補8	01	4	1410	道標	0x40000582	0xB0000582	1	100	0	52901600	52901600
201630180	宝死体_釣る配置【レベル3_トゥメル】2F　候補9	01	4	1513	ソウル【3】	0x400005E9	0xB00005E9	1	100	0	52901600	52901600
201630190	宝死体_釣る配置【レベル3_トゥメル】2F　候補10	01	4	1200	火炎壺	0x400004B0	0xB00004B0	1	100	0	52901600	52901600
201630200	宝死体_釣る配置【レベル3_トゥメル】3F　候補1	01	4	1000	HP回復【PG直接指定】	0x400003E8	0xB00003E8	5	100	0	52901600	52901600
201630210	宝死体_釣る配置【レベル3_トゥメル】3F　候補2	01	4	1000	HP回復【PG直接指定】	0x400003E8	0xB00003E8	2	100	0	52901600	52901600
201630220	宝死体_釣る配置【レベル3_トゥメル】3F　候補3	01	4	1000	HP回復【PG直接指定】	0x400003E8	0xB00003E8	2	100	0	52901600	52901600
201630230	宝死体_釣る配置【レベル3_トゥメル】3F　候補4	01	4	1000	HP回復【PG直接指定】	0x400003E8	0xB00003E8	1	100	0	52901600	52901600
201630240	宝死体_釣る配置【レベル3_トゥメル】3F　候補5	01	4	1000	HP回復【PG直接指定】	0x400003E8	0xB00003E8	1	100	0	52901600	52901600
201630250	宝死体_釣る配置【レベル3_トゥメル】3F　候補6	01	4	900	弾丸【PG直接指定】	0x40000384	0xB0000384	2	100	0	52901600	52901600
201630260	宝死体_釣る配置【レベル3_トゥメル】3F　候補7	01	4	900	弾丸【PG直接指定】	0x40000384	0xB0000384	1	100	0	52901600	52901600
201630270	宝死体_釣る配置【レベル3_トゥメル】3F　候補8	01	4	1410	道標	0x40000582	0xB0000582	1	100	0	52901600	52901600
201630280	宝死体_釣る配置【レベル3_トゥメル】3F　候補9	01	4	1514	ソウル【4】	0x400005EA	0xB00005EA	1	100	0	52901600	52901600
201630290	宝死体_釣る配置【レベル3_トゥメル】3F　候補10	01	4	1270	HP回復不可	0x400004F6	0xB00004F6	1	100	0	52901600	52901600
201630300	宝死体_釣る配置【レベル3_トゥメル】4F　候補1	01	4	1000	HP回復【PG直接指定】	0x400003E8	0xB00003E8	5	100	0	52901600	52901600
201630310	宝死体_釣る配置【レベル3_トゥメル】4F　候補2	01	4	1000	HP回復【PG直接指定】	0x400003E8	0xB00003E8	2	100	0	52901600	52901600
201630320	宝死体_釣る配置【レベル3_トゥメル】4F　候補3	01	4	1000	HP回復【PG直接指定】	0x400003E8	0xB00003E8	2	100	0	52901600	52901600
201630330	宝死体_釣る配置【レベル3_トゥメル】4F　候補4	01	4	1000	HP回復【PG直接指定】	0x400003E8	0xB00003E8	1	100	0	52901600	52901600
201630340	宝死体_釣る配置【レベル3_トゥメル】4F　候補5	01	4	1000	HP回復【PG直接指定】	0x400003E8	0xB00003E8	1	100	0	52901600	52901600
201630350	宝死体_釣る配置【レベル3_トゥメル】4F　候補6	01	4	900	弾丸【PG直接指定】	0x40000384	0xB0000384	2	100	0	52901600	52901600
201630360	宝死体_釣る配置【レベル3_トゥメル】4F　候補7	01	4	900	弾丸【PG直接指定】	0x40000384	0xB0000384	1	100	0	52901600	52901600
201630370	宝死体_釣る配置【レベル3_トゥメル】4F　候補8	01	4	1410	道標	0x40000582	0xB0000582	1	100	0	52901600	52901600
201630380	宝死体_釣る配置【レベル3_トゥメル】4F　候補9	01	4	1515	ソウル【5】	0x400005EB	0xB00005EB	1	100	0	52901600	52901600
201630390	宝死体_釣る配置【レベル3_トゥメル】4F　候補10	01	4	1270	HP回復不可	0x400004F6	0xB00004F6	1	100	0	52901600	52901600
201631000	宝死体_釣る配置【レベル3_僻墓】1F　候補1	01	4	1000	HP回復【PG直接指定】	0x400003E8	0xB00003E8	2	100	0	52901600	52901600
201631010	宝死体_釣る配置【レベル3_僻墓】1F　候補2	01	4	1000	HP回復【PG直接指定】	0x400003E8	0xB00003E8	1	100	0	52901600	52901600
201631020	宝死体_釣る配置【レベル3_僻墓】1F　候補3	01	4	1000	HP回復【PG直接指定】	0x400003E8	0xB00003E8	1	100	0	52901600	52901600
201631030	宝死体_釣る配置【レベル3_僻墓】1F　候補4	01	4	900	弾丸【PG直接指定】	0x40000384	0xB0000384	2	100	0	52901600	52901600
201631040	宝死体_釣る配置【レベル3_僻墓】1F　候補5	01	4	900	弾丸【PG直接指定】	0x40000384	0xB0000384	1	100	0	52901600	52901600
201631050	宝死体_釣る配置【レベル3_僻墓】1F　候補6	01	4	900	弾丸【PG直接指定】	0x40000384	0xB0000384	1	100	0	52901600	52901600
201631060	宝死体_釣る配置【レベル3_僻墓】1F　候補7	01	4	1230	石ころ	0x400004CE	0xB00004CE	1	100	0	52901600	52901600
201631070	宝死体_釣る配置【レベル3_僻墓】1F　候補8	01	4	1230	石ころ	0x400004CE	0xB00004CE	1	100	0	52901600	52901600
201631080	宝死体_釣る配置【レベル3_僻墓】1F　候補9	01	4	1230	石ころ	0x400004CE	0xB00004CE	1	100	0	52901600	52901600
201631090	宝死体_釣る配置【レベル3_僻墓】1F　候補10	01	4	1230	石ころ	0x400004CE	0xB00004CE	1	100	0	52901600	52901600
201631100	宝死体_釣る配置【レベル3_僻墓】2F　候補1	01	4	1000	HP回復【PG直接指定】	0x400003E8	0xB00003E8	2	100	0	52901600	52901600
201631110	宝死体_釣る配置【レベル3_僻墓】2F　候補2	01	4	1000	HP回復【PG直接指定】	0x400003E8	0xB00003E8	1	100	0	52901600	52901600
201631120	宝死体_釣る配置【レベル3_僻墓】2F　候補3	01	4	1000	HP回復【PG直接指定】	0x400003E8	0xB00003E8	1	100	0	52901600	52901600
201631130	宝死体_釣る配置【レベル3_僻墓】2F　候補4	01	4	900	弾丸【PG直接指定】	0x40000384	0xB0000384	5	100	0	52901600	52901600
201631140	宝死体_釣る配置【レベル3_僻墓】2F　候補5	01	4	900	弾丸【PG直接指定】	0x40000384	0xB0000384	2	100	0	52901600	52901600
201631150	宝死体_釣る配置【レベル3_僻墓】2F　候補6	01	4	900	弾丸【PG直接指定】	0x40000384	0xB0000384	1	100	0	52901600	52901600
201631160	宝死体_釣る配置【レベル3_僻墓】2F　候補7	01	4	1230	石ころ	0x400004CE	0xB00004CE	4	100	0	52901600	52901600
201631170	宝死体_釣る配置【レベル3_僻墓】2F　候補8	01	4	1230	石ころ	0x400004CE	0xB00004CE	2	100	0	52901600	52901600
201631180	宝死体_釣る配置【レベル3_僻墓】2F　候補9	01	4	1513	ソウル【3】	0x400005E9	0xB00005E9	1	100	0	52901600	52901600
201631190	宝死体_釣る配置【レベル3_僻墓】2F　候補10	01	4	1100	毒・出血回復薬	0x4000044C	0xB000044C	1	100	0	52901600	52901600
201631200	宝死体_釣る配置【レベル3_僻墓】3F　候補1	01	4	1000	HP回復【PG直接指定】	0x400003E8	0xB00003E8	2	100	0	52901600	52901600
201631210	宝死体_釣る配置【レベル3_僻墓】3F　候補2	01	4	1000	HP回復【PG直接指定】	0x400003E8	0xB00003E8	1	100	0	52901600	52901600
201631220	宝死体_釣る配置【レベル3_僻墓】3F　候補3	01	4	1000	HP回復【PG直接指定】	0x400003E8	0xB00003E8	1	100	0	52901600	52901600
201631230	宝死体_釣る配置【レベル3_僻墓】3F　候補4	01	4	900	弾丸【PG直接指定】	0x40000384	0xB0000384	5	100	0	52901600	52901600
201631240	宝死体_釣る配置【レベル3_僻墓】3F　候補5	01	4	900	弾丸【PG直接指定】	0x40000384	0xB0000384	2	100	0	52901600	52901600
201631250	宝死体_釣る配置【レベル3_僻墓】3F　候補6	01	4	900	弾丸【PG直接指定】	0x40000384	0xB0000384	1	100	0	52901600	52901600
201631260	宝死体_釣る配置【レベル3_僻墓】3F　候補7	01	4	1230	石ころ	0x400004CE	0xB00004CE	4	100	0	52901600	52901600
201631270	宝死体_釣る配置【レベル3_僻墓】3F　候補8	01	4	1230	石ころ	0x400004CE	0xB00004CE	2	100	0	52901600	52901600
201631280	宝死体_釣る配置【レベル3_僻墓】3F　候補9	01	4	1514	ソウル【4】	0x400005EA	0xB00005EA	1	100	0	52901600	52901600
201631290	宝死体_釣る配置【レベル3_僻墓】3F　候補10	01	4	1330	銃威力アップ	0x40000532	0xB0000532	1	100	0	52901600	52901600
201631300	宝死体_釣る配置【レベル3_僻墓】4F　候補1	01	4	1000	HP回復【PG直接指定】	0x400003E8	0xB00003E8	2	100	0	52901600	52901600
201631310	宝死体_釣る配置【レベル3_僻墓】4F　候補2	01	4	1000	HP回復【PG直接指定】	0x400003E8	0xB00003E8	1	100	0	52901600	52901600
201631320	宝死体_釣る配置【レベル3_僻墓】4F　候補3	01	4	1000	HP回復【PG直接指定】	0x400003E8	0xB00003E8	1	100	0	52901600	52901600
201631330	宝死体_釣る配置【レベル3_僻墓】4F　候補4	01	4	900	弾丸【PG直接指定】	0x40000384	0xB0000384	5	100	0	52901600	52901600
201631340	宝死体_釣る配置【レベル3_僻墓】4F　候補5	01	4	900	弾丸【PG直接指定】	0x40000384	0xB0000384	2	100	0	52901600	52901600
201631350	宝死体_釣る配置【レベル3_僻墓】4F　候補6	01	4	900	弾丸【PG直接指定】	0x40000384	0xB0000384	1	100	0	52901600	52901600
201631360	宝死体_釣る配置【レベル3_僻墓】4F　候補7	01	4	1230	石ころ	0x400004CE	0xB00004CE	4	100	0	52901600	52901600
201631370	宝死体_釣る配置【レベル3_僻墓】4F　候補8	01	4	1230	石ころ	0x400004CE	0xB00004CE	2	100	0	52901600	52901600
201631380	宝死体_釣る配置【レベル3_僻墓】4F　候補9	01	4	1515	ソウル【5】	0x400005EB	0xB00005EB	1	100	0	52901600	52901600
201631390	宝死体_釣る配置【レベル3_僻墓】4F　候補10	01	4	1330	銃威力アップ	0x40000532	0xB0000532	1	100	0	52901600	52901600
201640000	宝死体_釣る配置【レベル4_トゥメル】1F　候補1	01	4	1000	HP回復【PG直接指定】	0x400003E8	0xB00003E8	2	100	0	52901600	52901600
201640010	宝死体_釣る配置【レベル4_トゥメル】1F　候補2	01	4	1000	HP回復【PG直接指定】	0x400003E8	0xB00003E8	2	100	0	52901600	52901600
201640020	宝死体_釣る配置【レベル4_トゥメル】1F　候補3	01	4	1000	HP回復【PG直接指定】	0x400003E8	0xB00003E8	1	100	0	52901600	52901600
201640030	宝死体_釣る配置【レベル4_トゥメル】1F　候補4	01	4	1000	HP回復【PG直接指定】	0x400003E8	0xB00003E8	1	100	0	52901600	52901600
201640040	宝死体_釣る配置【レベル4_トゥメル】1F　候補5	01	4	900	弾丸【PG直接指定】	0x40000384	0xB0000384	2	100	0	52901600	52901600
201640050	宝死体_釣る配置【レベル4_トゥメル】1F　候補6	01	4	900	弾丸【PG直接指定】	0x40000384	0xB0000384	2	100	0	52901600	52901600
201640060	宝死体_釣る配置【レベル4_トゥメル】1F　候補7	01	4	900	弾丸【PG直接指定】	0x40000384	0xB0000384	1	100	0	52901600	52901600
201640070	宝死体_釣る配置【レベル4_トゥメル】1F　候補8	01	4	1410	道標	0x40000582	0xB0000582	1	100	0	52901600	52901600
201640080	宝死体_釣る配置【レベル4_トゥメル】1F　候補9	01	4	1410	道標	0x40000582	0xB0000582	1	100	0	52901600	52901600
201640090	宝死体_釣る配置【レベル4_トゥメル】1F　候補10	01	4	1410	道標	0x40000582	0xB0000582	1	100	0	52901600	52901600
201640100	宝死体_釣る配置【レベル4_トゥメル】2F　候補1	01	4	1000	HP回復【PG直接指定】	0x400003E8	0xB00003E8	5	100	0	52901600	52901600
201640110	宝死体_釣る配置【レベル4_トゥメル】2F　候補2	01	4	1000	HP回復【PG直接指定】	0x400003E8	0xB00003E8	2	100	0	52901600	52901600
201640120	宝死体_釣る配置【レベル4_トゥメル】2F　候補3	01	4	1000	HP回復【PG直接指定】	0x400003E8	0xB00003E8	2	100	0	52901600	52901600
201640130	宝死体_釣る配置【レベル4_トゥメル】2F　候補4	01	4	1000	HP回復【PG直接指定】	0x400003E8	0xB00003E8	1	100	0	52901600	52901600
201640140	宝死体_釣る配置【レベル4_トゥメル】2F　候補5	01	4	900	弾丸【PG直接指定】	0x40000384	0xB0000384	2	100	0	52901600	52901600
201640150	宝死体_釣る配置【レベル4_トゥメル】2F　候補6	01	4	900	弾丸【PG直接指定】	0x40000384	0xB0000384	2	100	0	52901600	52901600
201640160	宝死体_釣る配置【レベル4_トゥメル】2F　候補7	01	4	900	弾丸【PG直接指定】	0x40000384	0xB0000384	1	100	0	52901600	52901600
201640170	宝死体_釣る配置【レベル4_トゥメル】2F　候補8	01	4	1410	道標	0x40000582	0xB0000582	2	100	0	52901600	52901600
201640180	宝死体_釣る配置【レベル4_トゥメル】2F　候補9	01	4	1516	ソウル【6】	0x400005EC	0xB00005EC	1	100	0	52901600	52901600
201640190	宝死体_釣る配置【レベル4_トゥメル】2F　候補10	01	4	1200	火炎壺	0x400004B0	0xB00004B0	1	100	0	52901600	52901600
201640200	宝死体_釣る配置【レベル4_トゥメル】3F　候補1	01	4	1000	HP回復【PG直接指定】	0x400003E8	0xB00003E8	5	100	0	52901600	52901600
201640210	宝死体_釣る配置【レベル4_トゥメル】3F　候補2	01	4	1000	HP回復【PG直接指定】	0x400003E8	0xB00003E8	2	100	0	52901600	52901600
201640220	宝死体_釣る配置【レベル4_トゥメル】3F　候補3	01	4	1000	HP回復【PG直接指定】	0x400003E8	0xB00003E8	2	100	0	52901600	52901600
201640230	宝死体_釣る配置【レベル4_トゥメル】3F　候補4	01	4	1000	HP回復【PG直接指定】	0x400003E8	0xB00003E8	1	100	0	52901600	52901600
201640240	宝死体_釣る配置【レベル4_トゥメル】3F　候補5	01	4	1000	HP回復【PG直接指定】	0x400003E8	0xB00003E8	1	100	0	52901600	52901600
201640250	宝死体_釣る配置【レベル4_トゥメル】3F　候補6	01	4	900	弾丸【PG直接指定】	0x40000384	0xB0000384	1	100	0	52901600	52901600
201640260	宝死体_釣る配置【レベル4_トゥメル】3F　候補7	01	4	900	弾丸【PG直接指定】	0x40000384	0xB0000384	1	100	0	52901600	52901600
201640270	宝死体_釣る配置【レベル4_トゥメル】3F　候補8	01	4	1410	道標	0x40000582	0xB0000582	2	100	0	52901600	52901600
201640280	宝死体_釣る配置【レベル4_トゥメル】3F　候補9	01	4	1517	ソウル【7】	0x400005ED	0xB00005ED	1	100	0	52901600	52901600
201640290	宝死体_釣る配置【レベル4_トゥメル】3F　候補10	01	4	1270	HP回復不可	0x400004F6	0xB00004F6	1	100	0	52901600	52901600
201640300	宝死体_釣る配置【レベル4_トゥメル】4F　候補1	01	4	1000	HP回復【PG直接指定】	0x400003E8	0xB00003E8	5	100	0	52901600	52901600
201640310	宝死体_釣る配置【レベル4_トゥメル】4F　候補2	01	4	1000	HP回復【PG直接指定】	0x400003E8	0xB00003E8	2	100	0	52901600	52901600
201640320	宝死体_釣る配置【レベル4_トゥメル】4F　候補3	01	4	1000	HP回復【PG直接指定】	0x400003E8	0xB00003E8	2	100	0	52901600	52901600
201640330	宝死体_釣る配置【レベル4_トゥメル】4F　候補4	01	4	1000	HP回復【PG直接指定】	0x400003E8	0xB00003E8	1	100	0	52901600	52901600
201640340	宝死体_釣る配置【レベル4_トゥメル】4F　候補5	01	4	1000	HP回復【PG直接指定】	0x400003E8	0xB00003E8	1	100	0	52901600	52901600
201640350	宝死体_釣る配置【レベル4_トゥメル】4F　候補6	01	4	900	弾丸【PG直接指定】	0x40000384	0xB0000384	2	100	0	52901600	52901600
201640360	宝死体_釣る配置【レベル4_トゥメル】4F　候補7	01	4	900	弾丸【PG直接指定】	0x40000384	0xB0000384	1	100	0	52901600	52901600
201640370	宝死体_釣る配置【レベル4_トゥメル】4F　候補8	01	4	1410	道標	0x40000582	0xB0000582	2	100	0	52901600	52901600
201640380	宝死体_釣る配置【レベル4_トゥメル】4F　候補9	01	4	1518	ソウル【8】	0x400005EE	0xB00005EE	1	100	0	52901600	52901600
201640390	宝死体_釣る配置【レベル4_トゥメル】4F　候補10	01	4	1270	HP回復不可	0x400004F6	0xB00004F6	1	100	0	52901600	52901600
201642000	宝死体_釣る配置【レベル4_ローラン】1F　候補1	01	4	1000	HP回復【PG直接指定】	0x400003E8	0xB00003E8	2	100	0	52901600	52901600
201642010	宝死体_釣る配置【レベル4_ローラン】1F　候補2	01	4	1000	HP回復【PG直接指定】	0x400003E8	0xB00003E8	2	100	0	52901600	52901600
201642020	宝死体_釣る配置【レベル4_ローラン】1F　候補3	01	4	1000	HP回復【PG直接指定】	0x400003E8	0xB00003E8	2	100	0	52901600	52901600
201642030	宝死体_釣る配置【レベル4_ローラン】1F　候補4	01	4	1000	HP回復【PG直接指定】	0x400003E8	0xB00003E8	1	100	0	52901600	52901600
201642040	宝死体_釣る配置【レベル4_ローラン】1F　候補5	01	4	1000	HP回復【PG直接指定】	0x400003E8	0xB00003E8	1	100	0	52901600	52901600
201642050	宝死体_釣る配置【レベル4_ローラン】1F　候補6	01	4	1000	HP回復【PG直接指定】	0x400003E8	0xB00003E8	1	100	0	52901600	52901600
201642060	宝死体_釣る配置【レベル4_ローラン】1F　候補7	01	4	900	弾丸【PG直接指定】	0x40000384	0xB0000384	1	100	0	52901600	52901600
201642070	宝死体_釣る配置【レベル4_ローラン】1F　候補8	01	4	1410	道標	0x40000582	0xB0000582	1	100	0	52901600	52901600
201642080	宝死体_釣る配置【レベル4_ローラン】1F　候補9	01	4	1410	道標	0x40000582	0xB0000582	1	100	0	52901600	52901600
201642090	宝死体_釣る配置【レベル4_ローラン】1F　候補10	01	4	1410	道標	0x40000582	0xB0000582	1	100	0	52901600	52901600
201642100	宝死体_釣る配置【レベル4_ローラン】2F　候補1	01	4	1000	HP回復【PG直接指定】	0x400003E8	0xB00003E8	5	100	0	52901600	52901600
201642110	宝死体_釣る配置【レベル4_ローラン】2F　候補2	01	4	1000	HP回復【PG直接指定】	0x400003E8	0xB00003E8	2	100	0	52901600	52901600
201642120	宝死体_釣る配置【レベル4_ローラン】2F　候補3	01	4	1000	HP回復【PG直接指定】	0x400003E8	0xB00003E8	2	100	0	52901600	52901600
201642130	宝死体_釣る配置【レベル4_ローラン】2F　候補4	01	4	1000	HP回復【PG直接指定】	0x400003E8	0xB00003E8	2	100	0	52901600	52901600
201642140	宝死体_釣る配置【レベル4_ローラン】2F　候補5	01	4	1000	HP回復【PG直接指定】	0x400003E8	0xB00003E8	1	100	0	52901600	52901600
201642150	宝死体_釣る配置【レベル4_ローラン】2F　候補6	01	4	1000	HP回復【PG直接指定】	0x400003E8	0xB00003E8	1	100	0	52901600	52901600
201642160	宝死体_釣る配置【レベル4_ローラン】2F　候補7	01	4	900	弾丸【PG直接指定】	0x40000384	0xB0000384	1	100	0	52901600	52901600
201642170	宝死体_釣る配置【レベル4_ローラン】2F　候補8	01	4	1410	道標	0x40000582	0xB0000582	2	100	0	52901600	52901600
201642180	宝死体_釣る配置【レベル4_ローラン】2F　候補9	01	4	1515	ソウル【5】	0x400005EB	0xB00005EB	1	100	0	52901600	52901600
201642190	宝死体_釣る配置【レベル4_ローラン】2F　候補10	01	4	1260	獣誘い	0x400004EC	0xB00004EC	1	100	0	52901600	52901600
201642200	宝死体_釣る配置【レベル4_ローラン】3F　候補1	01	4	1000	HP回復【PG直接指定】	0x400003E8	0xB00003E8	5	100	0	52901600	52901600
201642210	宝死体_釣る配置【レベル4_ローラン】3F　候補2	01	4	1000	HP回復【PG直接指定】	0x400003E8	0xB00003E8	2	100	0	52901600	52901600
201642220	宝死体_釣る配置【レベル4_ローラン】3F　候補3	01	4	1000	HP回復【PG直接指定】	0x400003E8	0xB00003E8	2	100	0	52901600	52901600
201642230	宝死体_釣る配置【レベル4_ローラン】3F　候補4	01	4	1000	HP回復【PG直接指定】	0x400003E8	0xB00003E8	2	100	0	52901600	52901600
201642240	宝死体_釣る配置【レベル4_ローラン】3F　候補5	01	4	1000	HP回復【PG直接指定】	0x400003E8	0xB00003E8	1	100	0	52901600	52901600
201642250	宝死体_釣る配置【レベル4_ローラン】3F　候補6	01	4	1000	HP回復【PG直接指定】	0x400003E8	0xB00003E8	1	100	0	52901600	52901600
201642260	宝死体_釣る配置【レベル4_ローラン】3F　候補7	01	4	900	弾丸【PG直接指定】	0x40000384	0xB0000384	1	100	0	52901600	52901600
201642270	宝死体_釣る配置【レベル4_ローラン】3F　候補8	01	4	1410	道標	0x40000582	0xB0000582	2	100	0	52901600	52901600
201642280	宝死体_釣る配置【レベル4_ローラン】3F　候補9	01	4	1516	ソウル【6】	0x400005EC	0xB00005EC	1	100	0	52901600	52901600
201642290	宝死体_釣る配置【レベル4_ローラン】3F　候補10	01	4	1320	エンチャント【雷】	0x40000528	0xB0000528	1	100	0	52901600	52901600
201642300	宝死体_釣る配置【レベル4_ローラン】4F　候補1	01	4	1000	HP回復【PG直接指定】	0x400003E8	0xB00003E8	5	100	0	52901600	52901600
201642310	宝死体_釣る配置【レベル4_ローラン】4F　候補2	01	4	1000	HP回復【PG直接指定】	0x400003E8	0xB00003E8	2	100	0	52901600	52901600
201642320	宝死体_釣る配置【レベル4_ローラン】4F　候補3	01	4	1000	HP回復【PG直接指定】	0x400003E8	0xB00003E8	2	100	0	52901600	52901600
201642330	宝死体_釣る配置【レベル4_ローラン】4F　候補4	01	4	1000	HP回復【PG直接指定】	0x400003E8	0xB00003E8	2	100	0	52901600	52901600
201642340	宝死体_釣る配置【レベル4_ローラン】4F　候補5	01	4	1000	HP回復【PG直接指定】	0x400003E8	0xB00003E8	1	100	0	52901600	52901600
201642350	宝死体_釣る配置【レベル4_ローラン】4F　候補6	01	4	1000	HP回復【PG直接指定】	0x400003E8	0xB00003E8	1	100	0	52901600	52901600
201642360	宝死体_釣る配置【レベル4_ローラン】4F　候補7	01	4	900	弾丸【PG直接指定】	0x40000384	0xB0000384	1	100	0	52901600	52901600
201642370	宝死体_釣る配置【レベル4_ローラン】4F　候補8	01	4	1410	道標	0x40000582	0xB0000582	2	100	0	52901600	52901600
201642380	宝死体_釣る配置【レベル4_ローラン】4F　候補9	01	4	1517	ソウル【7】	0x400005ED	0xB00005ED	1	100	0	52901600	52901600
201642390	宝死体_釣る配置【レベル4_ローラン】4F　候補10	01	4	1320	エンチャント【雷】	0x40000528	0xB0000528	1	100	0	52901600	52901600
201650000	宝死体_釣る配置【レベル5_トゥメル】1F　候補1	01	4	1000	HP回復【PG直接指定】	0x400003E8	0xB00003E8	2	100	0	52901600	52901600
201650010	宝死体_釣る配置【レベル5_トゥメル】1F　候補2	01	4	1000	HP回復【PG直接指定】	0x400003E8	0xB00003E8	2	100	0	52901600	52901600
201650020	宝死体_釣る配置【レベル5_トゥメル】1F　候補3	01	4	1000	HP回復【PG直接指定】	0x400003E8	0xB00003E8	1	100	0	52901600	52901600
201650030	宝死体_釣る配置【レベル5_トゥメル】1F　候補4	01	4	1000	HP回復【PG直接指定】	0x400003E8	0xB00003E8	1	100	0	52901600	52901600
201650040	宝死体_釣る配置【レベル5_トゥメル】1F　候補5	01	4	900	弾丸【PG直接指定】	0x40000384	0xB0000384	2	100	0	52901600	52901600
201650050	宝死体_釣る配置【レベル5_トゥメル】1F　候補6	01	4	900	弾丸【PG直接指定】	0x40000384	0xB0000384	2	100	0	52901600	52901600
201650060	宝死体_釣る配置【レベル5_トゥメル】1F　候補7	01	4	900	弾丸【PG直接指定】	0x40000384	0xB0000384	1	100	0	52901600	52901600
201650070	宝死体_釣る配置【レベル5_トゥメル】1F　候補8	01	4	1410	道標	0x40000582	0xB0000582	2	100	0	52901600	52901600
201650080	宝死体_釣る配置【レベル5_トゥメル】1F　候補9	01	4	1410	道標	0x40000582	0xB0000582	1	100	0	52901600	52901600
201650090	宝死体_釣る配置【レベル5_トゥメル】1F　候補10	01	4	1410	道標	0x40000582	0xB0000582	1	100	0	52901600	52901600
201650100	宝死体_釣る配置【レベル5_トゥメル】2F　候補1	01	4	1000	HP回復【PG直接指定】	0x400003E8	0xB00003E8	5	100	0	52901600	52901600
201650110	宝死体_釣る配置【レベル5_トゥメル】2F　候補2	01	4	1000	HP回復【PG直接指定】	0x400003E8	0xB00003E8	2	100	0	52901600	52901600
201650120	宝死体_釣る配置【レベル5_トゥメル】2F　候補3	01	4	1000	HP回復【PG直接指定】	0x400003E8	0xB00003E8	2	100	0	52901600	52901600
201650130	宝死体_釣る配置【レベル5_トゥメル】2F　候補4	01	4	1000	HP回復【PG直接指定】	0x400003E8	0xB00003E8	1	100	0	52901600	52901600
201650140	宝死体_釣る配置【レベル5_トゥメル】2F　候補5	01	4	900	弾丸【PG直接指定】	0x40000384	0xB0000384	2	100	0	52901600	52901600
201650150	宝死体_釣る配置【レベル5_トゥメル】2F　候補6	01	4	900	弾丸【PG直接指定】	0x40000384	0xB0000384	2	100	0	52901600	52901600
201650160	宝死体_釣る配置【レベル5_トゥメル】2F　候補7	01	4	900	弾丸【PG直接指定】	0x40000384	0xB0000384	1	100	0	52901600	52901600
201650170	宝死体_釣る配置【レベル5_トゥメル】2F　候補8	01	4	1410	道標	0x40000582	0xB0000582	2	100	0	52901600	52901600
201650180	宝死体_釣る配置【レベル5_トゥメル】2F　候補9	01	4	1590	ソウル【10】	0x40000636	0xB0000636	1	100	0	52901600	52901600
201650190	宝死体_釣る配置【レベル5_トゥメル】2F　候補10	01	4	1200	火炎壺	0x400004B0	0xB00004B0	1	100	0	52901600	52901600
201650200	宝死体_釣る配置【レベル5_トゥメル】3F　候補1	01	4	1000	HP回復【PG直接指定】	0x400003E8	0xB00003E8	5	100	0	52901600	52901600
201650210	宝死体_釣る配置【レベル5_トゥメル】3F　候補2	01	4	1000	HP回復【PG直接指定】	0x400003E8	0xB00003E8	4	100	0	52901600	52901600
201650220	宝死体_釣る配置【レベル5_トゥメル】3F　候補3	01	4	1000	HP回復【PG直接指定】	0x400003E8	0xB00003E8	2	100	0	52901600	52901600
201650230	宝死体_釣る配置【レベル5_トゥメル】3F　候補4	01	4	1000	HP回復【PG直接指定】	0x400003E8	0xB00003E8	1	100	0	52901600	52901600
201650240	宝死体_釣る配置【レベル5_トゥメル】3F　候補5	01	4	1000	HP回復【PG直接指定】	0x400003E8	0xB00003E8	1	100	0	52901600	52901600
201650250	宝死体_釣る配置【レベル5_トゥメル】3F　候補6	01	4	900	弾丸【PG直接指定】	0x40000384	0xB0000384	2	100	0	52901600	52901600
201650260	宝死体_釣る配置【レベル5_トゥメル】3F　候補7	01	4	900	弾丸【PG直接指定】	0x40000384	0xB0000384	1	100	0	52901600	52901600
201650270	宝死体_釣る配置【レベル5_トゥメル】3F　候補8	01	4	1410	道標	0x40000582	0xB0000582	2	100	0	52901600	52901600
201650280	宝死体_釣る配置【レベル5_トゥメル】3F　候補9	01	4	1591	ソウル【11】	0x40000637	0xB0000637	1	100	0	52901600	52901600
201650290	宝死体_釣る配置【レベル5_トゥメル】3F　候補10	01	4	1270	HP回復不可	0x400004F6	0xB00004F6	1	100	0	52901600	52901600
201650300	宝死体_釣る配置【レベル5_トゥメル】4F　候補1	01	4	1000	HP回復【PG直接指定】	0x400003E8	0xB00003E8	5	100	0	52901600	52901600
201650310	宝死体_釣る配置【レベル5_トゥメル】4F　候補2	01	4	1000	HP回復【PG直接指定】	0x400003E8	0xB00003E8	2	100	0	52901600	52901600
201650320	宝死体_釣る配置【レベル5_トゥメル】4F　候補3	01	4	1000	HP回復【PG直接指定】	0x400003E8	0xB00003E8	2	100	0	52901600	52901600
201650330	宝死体_釣る配置【レベル5_トゥメル】4F　候補4	01	4	1000	HP回復【PG直接指定】	0x400003E8	0xB00003E8	1	100	0	52901600	52901600
201650340	宝死体_釣る配置【レベル5_トゥメル】4F　候補5	01	4	1000	HP回復【PG直接指定】	0x400003E8	0xB00003E8	1	100	0	52901600	52901600
201650350	宝死体_釣る配置【レベル5_トゥメル】4F　候補6	01	4	900	弾丸【PG直接指定】	0x40000384	0xB0000384	2	100	0	52901600	52901600
201650360	宝死体_釣る配置【レベル5_トゥメル】4F　候補7	01	4	900	弾丸【PG直接指定】	0x40000384	0xB0000384	1	100	0	52901600	52901600
201650370	宝死体_釣る配置【レベル5_トゥメル】4F　候補8	01	4	1410	道標	0x40000582	0xB0000582	2	100	0	52901600	52901600
201650380	宝死体_釣る配置【レベル5_トゥメル】4F　候補9	01	4	1592	ソウル【12】	0x40000638	0xB0000638	1	100	0	52901600	52901600
201650390	宝死体_釣る配置【レベル5_トゥメル】4F　候補10	01	4	1270	HP回復不可	0x400004F6	0xB00004F6	1	100	0	52901600	52901600
201652000	宝死体_釣る配置【レベル5_ローラン】1F　候補1	01	4	1000	HP回復【PG直接指定】	0x400003E8	0xB00003E8	2	100	0	52901600	52901600
201652010	宝死体_釣る配置【レベル5_ローラン】1F　候補2	01	4	1000	HP回復【PG直接指定】	0x400003E8	0xB00003E8	2	100	0	52901600	52901600
201652020	宝死体_釣る配置【レベル5_ローラン】1F　候補3	01	4	1000	HP回復【PG直接指定】	0x400003E8	0xB00003E8	2	100	0	52901600	52901600
201652030	宝死体_釣る配置【レベル5_ローラン】1F　候補4	01	4	1000	HP回復【PG直接指定】	0x400003E8	0xB00003E8	1	100	0	52901600	52901600
201652040	宝死体_釣る配置【レベル5_ローラン】1F　候補5	01	4	1000	HP回復【PG直接指定】	0x400003E8	0xB00003E8	1	100	0	52901600	52901600
201652050	宝死体_釣る配置【レベル5_ローラン】1F　候補6	01	4	1000	HP回復【PG直接指定】	0x400003E8	0xB00003E8	1	100	0	52901600	52901600
201652060	宝死体_釣る配置【レベル5_ローラン】1F　候補7	01	4	900	弾丸【PG直接指定】	0x40000384	0xB0000384	1	100	0	52901600	52901600
201652070	宝死体_釣る配置【レベル5_ローラン】1F　候補8	01	4	1410	道標	0x40000582	0xB0000582	1	100	0	52901600	52901600
201652080	宝死体_釣る配置【レベル5_ローラン】1F　候補9	01	4	1410	道標	0x40000582	0xB0000582	1	100	0	52901600	52901600
201652090	宝死体_釣る配置【レベル5_ローラン】1F　候補10	01	4	1410	道標	0x40000582	0xB0000582	1	100	0	52901600	52901600
201652100	宝死体_釣る配置【レベル5_ローラン】2F　候補1	01	4	1000	HP回復【PG直接指定】	0x400003E8	0xB00003E8	5	100	0	52901600	52901600
201652110	宝死体_釣る配置【レベル5_ローラン】2F　候補2	01	4	1000	HP回復【PG直接指定】	0x400003E8	0xB00003E8	2	100	0	52901600	52901600
201652120	宝死体_釣る配置【レベル5_ローラン】2F　候補3	01	4	1000	HP回復【PG直接指定】	0x400003E8	0xB00003E8	2	100	0	52901600	52901600
201652130	宝死体_釣る配置【レベル5_ローラン】2F　候補4	01	4	1000	HP回復【PG直接指定】	0x400003E8	0xB00003E8	2	100	0	52901600	52901600
201652140	宝死体_釣る配置【レベル5_ローラン】2F　候補5	01	4	1000	HP回復【PG直接指定】	0x400003E8	0xB00003E8	1	100	0	52901600	52901600
201652150	宝死体_釣る配置【レベル5_ローラン】2F　候補6	01	4	1000	HP回復【PG直接指定】	0x400003E8	0xB00003E8	1	100	0	52901600	52901600
201652160	宝死体_釣る配置【レベル5_ローラン】2F　候補7	01	4	900	弾丸【PG直接指定】	0x40000384	0xB0000384	1	100	0	52901600	52901600
201652170	宝死体_釣る配置【レベル5_ローラン】2F　候補8	01	4	1410	道標	0x40000582	0xB0000582	2	100	0	52901600	52901600
201652180	宝死体_釣る配置【レベル5_ローラン】2F　候補9	01	4	1519	ソウル【9】	0x400005EF	0xB00005EF	1	100	0	52901600	52901600
201652190	宝死体_釣る配置【レベル5_ローラン】2F　候補10	01	4	1260	獣誘い	0x400004EC	0xB00004EC	1	100	0	52901600	52901600
201652200	宝死体_釣る配置【レベル5_ローラン】3F　候補1	01	4	1000	HP回復【PG直接指定】	0x400003E8	0xB00003E8	5	100	0	52901600	52901600
201652210	宝死体_釣る配置【レベル5_ローラン】3F　候補2	01	4	1000	HP回復【PG直接指定】	0x400003E8	0xB00003E8	2	100	0	52901600	52901600
201652220	宝死体_釣る配置【レベル5_ローラン】3F　候補3	01	4	1000	HP回復【PG直接指定】	0x400003E8	0xB00003E8	2	100	0	52901600	52901600
201652230	宝死体_釣る配置【レベル5_ローラン】3F　候補4	01	4	1000	HP回復【PG直接指定】	0x400003E8	0xB00003E8	2	100	0	52901600	52901600
201652240	宝死体_釣る配置【レベル5_ローラン】3F　候補5	01	4	1000	HP回復【PG直接指定】	0x400003E8	0xB00003E8	1	100	0	52901600	52901600
201652250	宝死体_釣る配置【レベル5_ローラン】3F　候補6	01	4	1000	HP回復【PG直接指定】	0x400003E8	0xB00003E8	1	100	0	52901600	52901600
201652260	宝死体_釣る配置【レベル5_ローラン】3F　候補7	01	4	900	弾丸【PG直接指定】	0x40000384	0xB0000384	1	100	0	52901600	52901600
201652270	宝死体_釣る配置【レベル5_ローラン】3F　候補8	01	4	1410	道標	0x40000582	0xB0000582	2	100	0	52901600	52901600
201652280	宝死体_釣る配置【レベル5_ローラン】3F　候補9	01	4	1590	ソウル【10】	0x40000636	0xB0000636	1	100	0	52901600	52901600
201652290	宝死体_釣る配置【レベル5_ローラン】3F　候補10	01	4	1320	エンチャント【雷】	0x40000528	0xB0000528	1	100	0	52901600	52901600
201652300	宝死体_釣る配置【レベル5_ローラン】4F　候補1	01	4	1000	HP回復【PG直接指定】	0x400003E8	0xB00003E8	5	100	0	52901600	52901600
201652310	宝死体_釣る配置【レベル5_ローラン】4F　候補2	01	4	1000	HP回復【PG直接指定】	0x400003E8	0xB00003E8	2	100	0	52901600	52901600
201652320	宝死体_釣る配置【レベル5_ローラン】4F　候補3	01	4	1000	HP回復【PG直接指定】	0x400003E8	0xB00003E8	2	100	0	52901600	52901600
201652330	宝死体_釣る配置【レベル5_ローラン】4F　候補4	01	4	1000	HP回復【PG直接指定】	0x400003E8	0xB00003E8	2	100	0	52901600	52901600
201652340	宝死体_釣る配置【レベル5_ローラン】4F　候補5	01	4	1000	HP回復【PG直接指定】	0x400003E8	0xB00003E8	1	100	0	52901600	52901600
201652350	宝死体_釣る配置【レベル5_ローラン】4F　候補6	01	4	1000	HP回復【PG直接指定】	0x400003E8	0xB00003E8	1	100	0	52901600	52901600
201652360	宝死体_釣る配置【レベル5_ローラン】4F　候補7	01	4	900	弾丸【PG直接指定】	0x40000384	0xB0000384	1	100	0	52901600	52901600
201652370	宝死体_釣る配置【レベル5_ローラン】4F　候補8	01	4	1410	道標	0x40000582	0xB0000582	2	100	0	52901600	52901600
201652380	宝死体_釣る配置【レベル5_ローラン】4F　候補9	01	4	1591	ソウル【11】	0x40000637	0xB0000637	1	100	0	52901600	52901600
201652390	宝死体_釣る配置【レベル5_ローラン】4F　候補10	01	4	1320	エンチャント【雷】	0x40000528	0xB0000528	1	100	0	52901600	52901600
201653000	宝死体_釣る配置【レベル5_イズ】1F　候補1	01	4	1000	HP回復【PG直接指定】	0x400003E8	0xB00003E8	2	100	0	52901600	52901600
201653010	宝死体_釣る配置【レベル5_イズ】1F　候補2	01	4	1000	HP回復【PG直接指定】	0x400003E8	0xB00003E8	1	100	0	52901600	52901600
201653020	宝死体_釣る配置【レベル5_イズ】1F　候補3	01	4	900	弾丸【PG直接指定】	0x40000384	0xB0000384	2	100	0	52901600	52901600
201653030	宝死体_釣る配置【レベル5_イズ】1F　候補4	01	4	900	弾丸【PG直接指定】	0x40000384	0xB0000384	2	100	0	52901600	52901600
201653040	宝死体_釣る配置【レベル5_イズ】1F　候補5	01	4	900	弾丸【PG直接指定】	0x40000384	0xB0000384	1	100	0	52901600	52901600
201653050	宝死体_釣る配置【レベル5_イズ】1F　候補6	01	4	900	弾丸【PG直接指定】	0x40000384	0xB0000384	1	100	0	52901600	52901600
201653060	宝死体_釣る配置【レベル5_イズ】1F　候補7	01	4	1230	石ころ	0x400004CE	0xB00004CE	1	100	0	52901600	52901600
201653070	宝死体_釣る配置【レベル5_イズ】1F　候補8	01	4	1230	石ころ	0x400004CE	0xB00004CE	1	100	0	52901600	52901600
201653080	宝死体_釣る配置【レベル5_イズ】1F　候補9	01	4	1230	石ころ	0x400004CE	0xB00004CE	1	100	0	52901600	52901600
201653090	宝死体_釣る配置【レベル5_イズ】1F　候補10	01	4	1230	石ころ	0x400004CE	0xB00004CE	1	100	0	52901600	52901600
201653100	宝死体_釣る配置【レベル5_イズ】2F　候補1	01	4	1000	HP回復【PG直接指定】	0x400003E8	0xB00003E8	2	100	0	52901600	52901600
201653110	宝死体_釣る配置【レベル5_イズ】2F　候補2	01	4	1000	HP回復【PG直接指定】	0x400003E8	0xB00003E8	1	100	0	52901600	52901600
201653120	宝死体_釣る配置【レベル5_イズ】2F　候補3	01	4	900	弾丸【PG直接指定】	0x40000384	0xB0000384	5	100	0	52901600	52901600
201653130	宝死体_釣る配置【レベル5_イズ】2F　候補4	01	4	900	弾丸【PG直接指定】	0x40000384	0xB0000384	2	100	0	52901600	52901600
201653140	宝死体_釣る配置【レベル5_イズ】2F　候補5	01	4	900	弾丸【PG直接指定】	0x40000384	0xB0000384	1	100	0	52901600	52901600
201653150	宝死体_釣る配置【レベル5_イズ】2F　候補6	01	4	900	弾丸【PG直接指定】	0x40000384	0xB0000384	1	100	0	52901600	52901600
201653160	宝死体_釣る配置【レベル5_イズ】2F　候補7	01	4	1230	石ころ	0x400004CE	0xB00004CE	1	100	0	52901600	52901600
201653170	宝死体_釣る配置【レベル5_イズ】2F　候補8	01	4	1230	石ころ	0x400004CE	0xB00004CE	1	100	0	52901600	52901600
201653180	宝死体_釣る配置【レベル5_イズ】2F　候補9	01	4	1519	ソウル【9】	0x400005EF	0xB00005EF	1	100	0	52901600	52901600
201653190	宝死体_釣る配置【レベル5_イズ】2F　候補10	01	4	1101	狂気・獣化回復薬	0x4000044D	0xB000044D	1	100	0	52901600	52901600
201653200	宝死体_釣る配置【レベル5_イズ】3F　候補1	01	4	1000	HP回復【PG直接指定】	0x400003E8	0xB00003E8	2	100	0	52901600	52901600
201653210	宝死体_釣る配置【レベル5_イズ】3F　候補2	01	4	1000	HP回復【PG直接指定】	0x400003E8	0xB00003E8	1	100	0	52901600	52901600
201653220	宝死体_釣る配置【レベル5_イズ】3F　候補3	01	4	900	弾丸【PG直接指定】	0x40000384	0xB0000384	5	100	0	52901600	52901600
201653230	宝死体_釣る配置【レベル5_イズ】3F　候補4	01	4	900	弾丸【PG直接指定】	0x40000384	0xB0000384	2	100	0	52901600	52901600
201653240	宝死体_釣る配置【レベル5_イズ】3F　候補5	01	4	900	弾丸【PG直接指定】	0x40000384	0xB0000384	1	100	0	52901600	52901600
201653250	宝死体_釣る配置【レベル5_イズ】3F　候補6	01	4	900	弾丸【PG直接指定】	0x40000384	0xB0000384	1	100	0	52901600	52901600
201653260	宝死体_釣る配置【レベル5_イズ】3F　候補7	01	4	1230	石ころ	0x400004CE	0xB00004CE	1	100	0	52901600	52901600
201653270	宝死体_釣る配置【レベル5_イズ】3F　候補8	01	4	1230	石ころ	0x400004CE	0xB00004CE	1	100	0	52901600	52901600
201653280	宝死体_釣る配置【レベル5_イズ】3F　候補9	01	4	1590	ソウル【10】	0x40000636	0xB0000636	1	100	0	52901600	52901600
201653290	宝死体_釣る配置【レベル5_イズ】3F　候補10	01	4	1120	石ころ帽子	0x40000460	0xB0000460	1	100	0	52901600	52901600
201653300	宝死体_釣る配置【レベル5_イズ】4F　候補1	01	4	1000	HP回復【PG直接指定】	0x400003E8	0xB00003E8	2	100	0	52901600	52901600
201653310	宝死体_釣る配置【レベル5_イズ】4F　候補2	01	4	1000	HP回復【PG直接指定】	0x400003E8	0xB00003E8	1	100	0	52901600	52901600
201653320	宝死体_釣る配置【レベル5_イズ】4F　候補3	01	4	900	弾丸【PG直接指定】	0x40000384	0xB0000384	5	100	0	52901600	52901600
201653330	宝死体_釣る配置【レベル5_イズ】4F　候補4	01	4	900	弾丸【PG直接指定】	0x40000384	0xB0000384	2	100	0	52901600	52901600
201653340	宝死体_釣る配置【レベル5_イズ】4F　候補5	01	4	900	弾丸【PG直接指定】	0x40000384	0xB0000384	1	100	0	52901600	52901600
201653350	宝死体_釣る配置【レベル5_イズ】4F　候補6	01	4	900	弾丸【PG直接指定】	0x40000384	0xB0000384	1	100	0	52901600	52901600
201653360	宝死体_釣る配置【レベル5_イズ】4F　候補7	01	4	1230	石ころ	0x400004CE	0xB00004CE	1	100	0	52901600	52901600
201653370	宝死体_釣る配置【レベル5_イズ】4F　候補8	01	4	1230	石ころ	0x400004CE	0xB00004CE	1	100	0	52901600	52901600
201653380	宝死体_釣る配置【レベル5_イズ】4F　候補9	01	4	1591	ソウル【11】	0x40000637	0xB0000637	1	100	0	52901600	52901600
201653390	宝死体_釣る配置【レベル5_イズ】4F　候補10	01	4	1120	石ころ帽子	0x40000460	0xB0000460	1	100	0	52901600	52901600
