npc_param_id	npc_name	drop_field	item_lot_id	lot_name	lot_present	lot_acquisition_flags
10	宝ドロップテスト（死体発光）	itemLotId_1	10	敵ドロップ宝テスト	True	
11	宝ドロップテスト（ドロップアイテム）	itemLotId_1	10	敵ドロップ宝テスト	True	
12	宝ドロップテスト（アイテムドロップ補正テスト）	itemLotId_1	9906550	アイテムドロップ補正テスト	True	
210	SP　群衆B（大）（レンガ）　アクションテスト用	itemLotId_1	9985300		False	
6070	ニセ女医	itemLotId_1	24070	偽女医_死亡時ドロップアイテム	True	50000800
6071	ニセ女医（発狂）	itemLotId_1	24075	偽女医_死亡時ドロップアイテム	True	50000805
6080	偏屈な老人	itemLotId_1	25000	偏屈な老人_死亡時ドロップアイテム	True	50000900
6090	孤独な老婆	itemLotId_1	26040	孤独な老婆_死亡時ドロップアイテム	True	50001000
6100	感染者の乞食	itemLotId_1	27070	感染者の乞食_死亡時ドロップアイテム	True	50001100
6110	娼婦（避難所）	itemLotId_1	28010	娼婦_死亡時ドロップアイテム	True	50001200
6111	娼婦（妊娠LV1）	itemLotId_1	28010	娼婦_死亡時ドロップアイテム	True	50001200
6112	娼婦（妊娠LV2 お腹大きい）	itemLotId_1	28010	娼婦_死亡時ドロップアイテム	True	50001200
6113	娼婦（出産後 狂気）	itemLotId_1	28010	娼婦_死亡時ドロップアイテム	True	50001200
6140	囚われの尼僧（初回生贄）	itemLotId_1	32030	囚われの尼僧_死亡時ドロップアイテム	True	50001610
6141	囚われの尼僧（避難所）	itemLotId_1	32030	囚われの尼僧_死亡時ドロップアイテム	True	50001610
6142	囚われの尼僧（狂気）	itemLotId_1	32030	囚われの尼僧_死亡時ドロップアイテム	True	50001610
6143	囚われの尼僧（避難所/娼婦殺害）	itemLotId_1	32030	囚われの尼僧_死亡時ドロップアイテム	True	50001610
6144	囚われの尼僧（狂気/娼婦殺害）	itemLotId_1	32030	囚われの尼僧_死亡時ドロップアイテム	True	50001610
6150	血族狩り（車輪）	itemLotId_1	34040	血族狩り_死亡時ドロップアイテム_古城	True	50001820
6151	血族狩り（剣槌）_移動後	itemLotId_1	34030	血族狩り_死亡時ドロップアイテム_移動後その1	True	50001800
6154	血族狩り（剣槌）　ローゲリウス墓前死体	itemLotId_1	34020	血族狩り_ローゲリウスの祀りが終わり、墓前で死んでいるときの死体から拾えるもの	True	50001820
6155	血族狩り（剣槌）_初期地点	itemLotId_1	34035	血族狩り_死亡時ドロップアイテム_初期地点	True	50001800
6160	復讐者（初回聖堂街B）	itemLotId_1	35020	復讐者_死亡時ドロップアイテム_通常時	True	50001900
6161	復讐者（イベント進行 聖堂街A：闇落ち）	itemLotId_1	35020	復讐者_死亡時ドロップアイテム_通常時	True	50001900
6300	廃墟　獣の守護者	itemLotId_1	33010	獣の守護者_死亡時ドロップアイテム	True	50001700
6301	古狩人デュラ（共闘）	itemLotId_1	33010	獣の守護者_死亡時ドロップアイテム	True	50001700
6310	廃墟　ハンター	itemLotId_1	50000	敵NPC_廃墟のハンターのドロップアイテム	True	50003000
6340	生贄のNPC１	itemLotId_1	51000	敵NPC_生贄の3人衆Aのドロップアイテム（裸）	True	50003100
6350	生贄のNPC２	itemLotId_1	52000	敵NPC_生贄の3人衆Bのドロップアイテム（大筒）	True	50003200
6350	生贄のNPC２	itemLotId_2	52001		False	
6360	生贄のNPC３	itemLotId_1	53000	敵NPC_生贄の3人衆Cのドロップアイテム（火炎放射器）	True	50003300
6370	古城　血族	itemLotId_1	54000		False	
6390	故郷　侵入NPC1	itemLotId_1	47000	敵NPC_故郷１ 斧竿	True	50002700
6395	故郷　侵入NPC2	itemLotId_1	48000	敵NPC_故郷２ 杖鞭	True	50002800
6400	復讐者イベント用NPC1（ヘンリック）	itemLotId_1	55000	復讐者イベント用NPC1（ヘンリック）のドロップアイテム	True	50003400
6410	復讐者イベント用NPC2	itemLotId_1	56000	復讐者イベント用NPC2（強者）のドロップアイテム	True	50003500
6420	聖堂街A　生贄方面 近接型NPC	itemLotId_1	57000	敵NPC_生贄接続NPC近接のドロップアイテム	True	50003600
6430	聖堂街A　生贄方面 射撃型NPC	itemLotId_1	58000	敵NPC_生贄接続NPC射撃のドロップアイテム	True	50003700
6440	トラップロード　侵入NPC	itemLotId_1	49000	敵NPC_トラップロード	True	50002900
6450	大学_聖歌隊NPC	itemLotId_1	59000	敵NPC_大学の聖歌隊のドロップアイテム	True	50003900
6580	聖堂NPC1（近接）	itemLotId_1	43850	時計塔_聖堂NPC_剣大剣	True	50002650
6585	聖堂NPC2（遠距離）	itemLotId_1	43860	時計塔_聖堂NPC_コズミックアロー	True	50002660
6620	恋人NPC	itemLotId_1	43870	時計塔_恋人NPC	True	50002670
7040	NPC5　医療教会の血の狩人　通常時	itemLotId_1	64000	ダンジョンNPC5　通常時	True	
7045	NPC5_2　医療教会の血の狩人　通常時	itemLotId_1	64100	ダンジョンNPC5_2　通常時	True	
7047	NPC5_2　医療教会の血の狩人　共闘	itemLotId_1	64110	ダンジョンNPC5_2　マルチ召喚代理時	True	
7060	NPC7　旧ハンター　通常時	itemLotId_1	66000	ダンジョンNPC7　通常時	True	
7120	NPC11_1：強敵　滅ぼす者　通常時	itemLotId_1	71000	ダンジョンNPC11_1　通常時	True	
7121	NPC11_1：強敵　滅ぼす者　マルチ召喚代理時	itemLotId_1	71010	ダンジョンNPC11_1　マルチ召喚代理時	True	
7122	NPC11_1：強敵　滅ぼす者　共闘	itemLotId_1	71010	ダンジョンNPC11_1　マルチ召喚代理時	True	
7150	NPC14：強敵　カインの血族騎士　通常時	itemLotId_1	75000	ダンジョンNPC14　通常時	True	
7151	NPC14：強敵　カインの血族騎士　マルチ召喚代理時	itemLotId_1	75010	ダンジョンNPC14　マルチ召喚代理時	True	
7160	NPC15：強敵　血族狩り　※頭部のみ　通常時	itemLotId_1	76000	ダンジョンNPC15　通常時	True	
7163	ダンジョンNPC15（車輪＆キャノン）　共闘 m29_50_90_01 3F	itemLotId_1	76010	ダンジョンNPC15　マルチ召喚代理時	True	
20000	吉田テスト：物理防御力：とても軟い	itemLotId_1	10202400	群衆A松明　聖堂街A	True	
20010	吉田テスト：物理防御力：軟い	itemLotId_1	10202400	群衆A松明　聖堂街A	True	
20015	吉田テスト：物理防御力：やや軟い	itemLotId_1	10202400	群衆A松明　聖堂街A	True	
20020	吉田テスト：物理防御力：普通	itemLotId_1	10202400	群衆A松明　聖堂街A	True	
20050	吉田テスト：物理防御力：物理が利きにくい	itemLotId_1	10202400	群衆A松明　聖堂街A	True	
20100	吉田テスト：物理防御力：とても堅い	itemLotId_1	10202400	群衆A松明　聖堂街A	True	
20101	吉田テスト：物理防御力：とても堅い：打撃弱い	itemLotId_1	10202400	群衆A松明　聖堂街A	True	
21000	吉田テスト：炎防御力：とても弱い	itemLotId_1	10202400	群衆A松明　聖堂街A	True	
21100	吉田テスト：ノコギリと教会武器に弱い。属性に強い	itemLotId_1	10202400	群衆A松明　聖堂街A	True	
22000	吉田テスト：SA：とても頑丈	itemLotId_1	10202400	群衆A松明　聖堂街A	True	
23000	吉田テスト：敵ドーピング：スタート	itemLotId_1	10002420	猟犬　聖堂街C	True	
23010	吉田テスト：敵ドーピング：聖堂B・教区長	itemLotId_1	10002420	猟犬　聖堂街C	True	
23020	吉田テスト：敵ドーピング：聖堂B・神父	itemLotId_1	10002420	猟犬　聖堂街C	True	
23030	吉田テスト：敵ドーピング：廃墟	itemLotId_1	10002420	猟犬　聖堂街C	True	
23040	吉田テスト：敵ドーピング：ダンジョン聖杯1	itemLotId_1	10002420	猟犬　聖堂街C	True	
23050	吉田テスト：敵ドーピング：聖堂A	itemLotId_1	10002420	猟犬　聖堂街C	True	
23060	吉田テスト：敵ドーピング：聖堂C・前半	itemLotId_1	10002420	猟犬　聖堂街C	True	
23070	吉田テスト：敵ドーピング：墓地	itemLotId_1	10002420	猟犬　聖堂街C	True	
23080	吉田テスト：敵ドーピング：生贄の街・初回	itemLotId_1	10002420	猟犬　聖堂街C	True	
23090	吉田テスト：敵ドーピング：墓地・夜	itemLotId_1	10002420	猟犬　聖堂街C	True	
23091	吉田テスト：敵ドーピング：聖堂B・夜	itemLotId_1	10002420	猟犬　聖堂街C	True	
23092	吉田テスト：敵ドーピング：聖堂A・夜	itemLotId_1	10002420	猟犬　聖堂街C	True	
23110	吉田テスト：敵ドーピング：森	itemLotId_1	10002420	猟犬　聖堂街C	True	
23114	吉田テスト：敵ドーピング：故郷・前半	itemLotId_1	10002420	猟犬　聖堂街C	True	
23115	吉田テスト：敵ドーピング：故郷・後半	itemLotId_1	10002420	猟犬　聖堂街C	True	
23116	吉田テスト：敵ドーピング：ダンジョン聖杯9	itemLotId_1	10002420	猟犬　聖堂街C	True	
23120	吉田テスト：敵ドーピング：大学	itemLotId_1	10002420	猟犬　聖堂街C	True	
23130	吉田テスト：敵ドーピング：古城	itemLotId_1	10002420	猟犬　聖堂街C	True	
23135	吉田テスト：敵ドーピング：生贄の街	itemLotId_1	10002420	猟犬　聖堂街C	True	
23138	吉田テスト：敵ドーピング：聖堂C・前半・夜	itemLotId_1	10002420	猟犬　聖堂街C	True	
23140	吉田テスト：敵ドーピング：聖堂C・後半	itemLotId_1	10002420	猟犬　聖堂街C	True	
23150	吉田テスト：敵ドーピング：聖堂C・後半隠し	itemLotId_1	10002420	猟犬　聖堂街C	True	
23160	吉田テスト：敵ドーピング：ダンジョン聖杯12	itemLotId_1	10002420	猟犬　聖堂街C	True	
23180	吉田テスト：敵ドーピング：TR・悪夢の主	itemLotId_1	10002420	猟犬　聖堂街C	True	
23190	吉田テスト：敵ドーピング：TR・デーモン	itemLotId_1	10002420	猟犬　聖堂街C	True	
23200	吉田テスト：敵ドーピング：拠点・覚醒老人	itemLotId_1	10002420	猟犬　聖堂街C	True	
23210	吉田テスト：敵ドーピング：拠点・悪夢	itemLotId_1	10002420	猟犬　聖堂街C	True	
23301	吉田テスト：敵ドーピング：儀式レベル1	itemLotId_1	10002420	猟犬　聖堂街C	True	
23302	吉田テスト：敵ドーピング：儀式レベル2	itemLotId_1	10002420	猟犬　聖堂街C	True	
23303	吉田テスト：敵ドーピング：儀式レベル3	itemLotId_1	10002420	猟犬　聖堂街C	True	
23304	吉田テスト：敵ドーピング：儀式レベル4	itemLotId_1	10002420	猟犬　聖堂街C	True	
23305	吉田テスト：敵ドーピング：儀式レベル5	itemLotId_1	10002420	猟犬　聖堂街C	True	
23306	吉田テスト：敵ドーピング：儀式レベル6	itemLotId_1	10002420	猟犬　聖堂街C	True	
23307	吉田テスト：敵ドーピング：儀式レベル7	itemLotId_1	10002420	猟犬　聖堂街C	True	
23411	吉田テスト：敵ドーピング：儀式レベル1_ザコ：フロア1	itemLotId_1	10002420	猟犬　聖堂街C	True	
23412	吉田テスト：敵ドーピング：儀式レベル2_ザコ：フロア1	itemLotId_1	10002420	猟犬　聖堂街C	True	
23413	吉田テスト：敵ドーピング：儀式レベル3_ザコ：フロア1	itemLotId_1	10002420	猟犬　聖堂街C	True	
23414	吉田テスト：敵ドーピング：儀式レベル4_ザコ：フロア1	itemLotId_1	10002420	猟犬　聖堂街C	True	
23415	吉田テスト：敵ドーピング：儀式レベル5_ザコ：フロア1	itemLotId_1	10002420	猟犬　聖堂街C	True	
23421	吉田テスト：敵ドーピング：儀式レベル1_ザコ：フロア2	itemLotId_1	10002420	猟犬　聖堂街C	True	
23422	吉田テスト：敵ドーピング：儀式レベル2_ザコ：フロア2	itemLotId_1	10002420	猟犬　聖堂街C	True	
23423	吉田テスト：敵ドーピング：儀式レベル3_ザコ：フロア2	itemLotId_1	10002420	猟犬　聖堂街C	True	
23424	吉田テスト：敵ドーピング：儀式レベル4_ザコ：フロア2	itemLotId_1	10002420	猟犬　聖堂街C	True	
23425	吉田テスト：敵ドーピング：儀式レベル5_ザコ：フロア2	itemLotId_1	10002420	猟犬　聖堂街C	True	
23431	吉田テスト：敵ドーピング：儀式レベル1_ザコ：フロア3	itemLotId_1	10002420	猟犬　聖堂街C	True	
23432	吉田テスト：敵ドーピング：儀式レベル2_ザコ：フロア3	itemLotId_1	10002420	猟犬　聖堂街C	True	
23433	吉田テスト：敵ドーピング：儀式レベル3_ザコ：フロア3	itemLotId_1	10002420	猟犬　聖堂街C	True	
23434	吉田テスト：敵ドーピング：儀式レベル4_ザコ：フロア3	itemLotId_1	10002420	猟犬　聖堂街C	True	
23435	吉田テスト：敵ドーピング：儀式レベル5_ザコ：フロア3	itemLotId_1	10002420	猟犬　聖堂街C	True	
23441	吉田テスト：敵ドーピング：儀式レベル1_ザコ：フロア4	itemLotId_1	10002420	猟犬　聖堂街C	True	
23442	吉田テスト：敵ドーピング：儀式レベル2_ザコ：フロア4	itemLotId_1	10002420	猟犬　聖堂街C	True	
23443	吉田テスト：敵ドーピング：儀式レベル3_ザコ：フロア4	itemLotId_1	10002420	猟犬　聖堂街C	True	
23444	吉田テスト：敵ドーピング：儀式レベル4_ザコ：フロア4	itemLotId_1	10002420	猟犬　聖堂街C	True	
23445	吉田テスト：敵ドーピング：儀式レベル5_ザコ：フロア4	itemLotId_1	10002420	猟犬　聖堂街C	True	
23511	吉田テスト：敵ドーピング：儀式レベル1_ボス：フロア1	itemLotId_1	10002420	猟犬　聖堂街C	True	
23512	吉田テスト：敵ドーピング：儀式レベル2_ボス：フロア1	itemLotId_1	10002420	猟犬　聖堂街C	True	
23513	吉田テスト：敵ドーピング：儀式レベル3_ボス：フロア1	itemLotId_1	10002420	猟犬　聖堂街C	True	
23514	吉田テスト：敵ドーピング：儀式レベル4_ボス：フロア1	itemLotId_1	10002420	猟犬　聖堂街C	True	
23515	吉田テスト：敵ドーピング：儀式レベル5_ボス：フロア1	itemLotId_1	10002420	猟犬　聖堂街C	True	
23521	吉田テスト：敵ドーピング：儀式レベル1_ボス：フロア2	itemLotId_1	10002420	猟犬　聖堂街C	True	
23522	吉田テスト：敵ドーピング：儀式レベル2_ボス：フロア2	itemLotId_1	10002420	猟犬　聖堂街C	True	
23523	吉田テスト：敵ドーピング：儀式レベル3_ボス：フロア2	itemLotId_1	10002420	猟犬　聖堂街C	True	
23524	吉田テスト：敵ドーピング：儀式レベル4_ボス：フロア2	itemLotId_1	10002420	猟犬　聖堂街C	True	
23525	吉田テスト：敵ドーピング：儀式レベル5_ボス：フロア2	itemLotId_1	10002420	猟犬　聖堂街C	True	
23531	吉田テスト：敵ドーピング：儀式レベル1_ボス：フロア3	itemLotId_1	10002420	猟犬　聖堂街C	True	
23532	吉田テスト：敵ドーピング：儀式レベル2_ボス：フロア3	itemLotId_1	10002420	猟犬　聖堂街C	True	
23533	吉田テスト：敵ドーピング：儀式レベル3_ボス：フロア3	itemLotId_1	10002420	猟犬　聖堂街C	True	
23534	吉田テスト：敵ドーピング：儀式レベル4_ボス：フロア3	itemLotId_1	10002420	猟犬　聖堂街C	True	
23535	吉田テスト：敵ドーピング：儀式レベル5_ボス：フロア3	itemLotId_1	10002420	猟犬　聖堂街C	True	
23541	吉田テスト：敵ドーピング：儀式レベル1_ボス：フロア4	itemLotId_1	10002420	猟犬　聖堂街C	True	
23542	吉田テスト：敵ドーピング：儀式レベル2_ボス：フロア4	itemLotId_1	10002420	猟犬　聖堂街C	True	
23543	吉田テスト：敵ドーピング：儀式レベル3_ボス：フロア4	itemLotId_1	10002420	猟犬　聖堂街C	True	
23544	吉田テスト：敵ドーピング：儀式レベル4_ボス：フロア4	itemLotId_1	10002420	猟犬　聖堂街C	True	
23545	吉田テスト：敵ドーピング：儀式レベル5_ボス：フロア4	itemLotId_1	10002420	猟犬　聖堂街C	True	
100010	猟犬　聖堂街C	itemLotId_1	10002420	猟犬　聖堂街C	True	
100020	猟犬　聖堂街B	itemLotId_1	10002410	猟犬　聖堂街B	True	
100021	猟犬　聖堂街B　最初の猟犬	itemLotId_1	10002410	猟犬　聖堂街B	True	
100060	猟犬　廃墟	itemLotId_1	10002300	猟犬　廃墟	True	
100100	腐れ猟犬　生贄	itemLotId_1	10010000	腐れ猟犬　生贄	True	
101600	司祭　トラップロード	itemLotId_1	10102600	司祭　TR	True	
105220	さまよう寡婦（侵入PC召喚）　墓地街	itemLotId_1	10522000	さまよう寡婦（侵入PC召喚）　墓地街	True	
105230	さまよう寡婦（侵入PC召喚）　廃墟	itemLotId_1	10523000	さまよう寡婦（侵入PC召喚）　廃墟	True	
105240	さまよう寡婦（侵入PC召喚）　聖堂街A	itemLotId_1	10524000	さまよう寡婦（侵入PC召喚）　聖堂街A	True	
105241	さまよう寡婦（侵入PC召喚）　聖堂街B	itemLotId_1	10524100	さまよう寡婦（侵入PC召喚）　聖堂街B	True	
105242	さまよう寡婦（侵入PC召喚）　聖堂街C	itemLotId_1	10524200	さまよう寡婦（侵入PC召喚）　聖堂街C	True	
105250	さまよう寡婦（侵入PC召喚）　古城	itemLotId_1	10525000	さまよう寡婦（侵入PC召喚）　古城	True	
105260	さまよう寡婦（侵入PC召喚）　トラップロード	itemLotId_1	10526000	さまよう寡婦（侵入PC召喚）　トラップロード	True	
105270	さまよう寡婦（侵入PC召喚）　森	itemLotId_1	10527000	さまよう寡婦（侵入PC召喚）　森	True	
105280	さまよう寡婦（侵入PC召喚）　生贄	itemLotId_1	10528000	さまよう寡婦（侵入PC召喚）　生贄	True	
105320	さまよう寡婦（侵入PC召喚）　大学	itemLotId_1	10532000	さまよう寡婦（侵入PC召喚）　大学	True	
105330	さまよう寡婦（侵入PC召喚）　故郷	itemLotId_1	10533000	さまよう寡婦（侵入PC召喚）　故郷	True	
105800	さまよう寡婦　生贄	itemLotId_1	10502800	さまよう寡婦　生贄	True	
105810	さまよう寡婦　生贄　ボスおとも	itemLotId_1	10502810	さまよう寡婦　ボスおとも	True	
106000	脳喰らい　聖堂街C	itemLotId_1	10602420	脳喰らい　聖堂街C	True	
106001	脳喰らい_姿隠し　聖堂街C	itemLotId_1	10602422	脳喰らい_姿隠し　聖堂街C	True	
106010	脳喰らい 魔法　聖堂街C	itemLotId_1	10602420	脳喰らい　聖堂街C	True	
106020	脳喰らい 投げ　聖堂街C	itemLotId_1	10602420	脳喰らい　聖堂街C	True	
106021	脳喰らい 投げ　聖堂街C	itemLotId_1	10602420	脳喰らい　聖堂街C	True	
106030	脳喰らい　聖堂街B	itemLotId_1	10602410	脳喰らい　聖堂街B	True	
106100	脳喰らい　聖堂街A	itemLotId_1	10602400	脳喰らい　聖堂街A	True	
106101	脳喰らい　聖堂街A・中盤	itemLotId_1	10602400	脳喰らい　聖堂街A	True	
106102	脳喰らい　聖堂街A・後半	itemLotId_1	10602400	脳喰らい　聖堂街A	True	
106200	脳喰らい　大学　強敵	itemLotId_1	10603200	脳喰らい　大学	True	
109000	異形ビースト　廃墟　警戒行動なし	itemLotId_1	10902300	異形ビースト　廃墟	True	
109003	異形ビースト　廃墟　なめらか巡回無視	itemLotId_1	10902300	異形ビースト　廃墟	True	
109010	異形ビースト　廃墟　スローキャラ	itemLotId_1	10902310	異形ビースト_赤目　廃墟	True	
109100	異形ビースト　会話用_感染者の乞食　警戒行動なし	itemLotId_1	29010	重病人_異形ビーストになったときのドロップアイテム	True	50001300
109800	異形ビースト　廃墟　常時感染	itemLotId_1	10902310	異形ビースト_赤目　廃墟	True	
109900	異形ビースト　廃墟　寝ているやつ	itemLotId_1	10902300	異形ビースト　廃墟	True	
109950	異形ビースト　聖堂街D　同士討ち	itemLotId_1	10903400	異形ビースト　聖堂街D	True	
109951	異形ビースト　聖堂街D　同士討ち 雑魚	itemLotId_1	10903400	異形ビースト　聖堂街D	True	
110010	下水ネズミ　聖堂街B　腫瘍全なし	itemLotId_1	11002410	下水ネズミ　聖堂街B	True	
110350	下水ネズミ　時計塔　光る目	itemLotId_1	11003500	下水ネズミ　時計塔	True	
110351	下水ネズミ　時計塔　なめらか巡回無視	itemLotId_1	11003500	下水ネズミ　時計塔	True	
110352	下水ネズミ　時計塔　光る目　待機を挟む巡回	itemLotId_1	11003500	下水ネズミ　時計塔	True	
111010	クモ男パッチ_大学	itemLotId_1	39020	パッチ_死亡時ドロップアイテム	True	50002100
111011	クモ男パッチ_ダンジョン	itemLotId_1	39020	パッチ_死亡時ドロップアイテム	True	50002100
111012	クモ男パッチ_故郷	itemLotId_1	39020	パッチ_死亡時ドロップアイテム	True	50002100
111600	死と闇の眷属　トラップロード	itemLotId_1	11102600	死と闇の眷属　TR	True	
111610	死と闇の眷属　首なし　トラップロード	itemLotId_1	11102600	死と闇の眷属　TR	True	
112070	水死体ビースト　森【街人】	itemLotId_1	11202700	水死体ビースト　森	True	
112071	水死体ビースト　森【獣】	itemLotId_1	11202700	水死体ビースト　森	True	
112400	水死体ビースト【貧弱】　聖堂街_Ｂ	itemLotId_1	11202420	水死体ビースト　聖堂街B	True	
112401	水死体ビースト【青年】　聖堂街_Ｂ	itemLotId_1	11202420	水死体ビースト　聖堂街B	True	
112402	水死体ビースト【街人】　聖堂街_Ｂ	itemLotId_1	11202420	水死体ビースト　聖堂街B	True	
112403	水死体ビースト【ダルマ】　聖堂街_Ｂ	itemLotId_1	11202420	水死体ビースト　聖堂街B	True	
113010	デーモンの狂信者(避難所の盲人＿杖マテリアル無効)	itemLotId_1	22010	避難所の盲人_死亡時ドロップアイテム	True	50000600
114000	狂信者の獣　墓地街	itemLotId_1	11402200	狂信者の獣　墓地街	True	
117000	屍肉烏　墓地街	itemLotId_1	11702200	屍肉鳥　墓地街	True	
117070	屍肉烏　森	itemLotId_1	11702700	屍肉鳥　森	True	
117100	屍肉烏　廃墟	itemLotId_1	11702300	屍肉鳥　廃墟	True	
117300	屍肉烏　聖堂街A	itemLotId_1	11702400	屍肉鳥　聖堂街A	True	
117301	屍肉烏　聖堂街A・中盤	itemLotId_1	11702400	屍肉鳥　聖堂街A	True	
117302	屍肉烏　聖堂街A・後半	itemLotId_1	11702400	屍肉鳥　聖堂街A	True	
117350	屍肉烏　時計塔	itemLotId_1	11703500	屍肉鳥　時計塔	True	
117351	屍肉烏　時計塔_カレル持ち	itemLotId_1	11703510	屍肉鳥　時計塔_カレル持ち	True	53508100
117400	屍肉烏　聖堂街B	itemLotId_1	11702410	屍肉鳥　聖堂街B	True	
117450	屍肉烏　聖堂街C・後半	itemLotId_1	11702420	屍肉鳥　聖堂街C	True	
117460	屍肉烏　聖堂街C・前半	itemLotId_1	11702420	屍肉鳥　聖堂街C	True	
117600	屍肉烏　トラップロード　犬頭	itemLotId_1	11702600	屍肉鳥　TR	True	
117800	屍肉烏　生贄	itemLotId_1	11702800	屍肉鳥　生贄の街	True	
117900	屍肉烏　聖堂街D	itemLotId_1	11703400	屍肉鳥　聖堂街D	True	
118000	さまよう狂気(小)　聖堂街B　00	itemLotId_1	11800000	さまよう狂気（小）　聖堂街B　×	True	
118001	さまよう狂気(小)　聖堂街B　01	itemLotId_1	11800010	さまよう狂気（小）　聖堂街B	True	
118002	さまよう狂気(小)　聖堂街B　02	itemLotId_1	11800020	さまよう狂気（小）　聖堂街B　×	True	
118003	さまよう狂気(小)　聖堂街B　03	itemLotId_1	11800030	さまよう狂気（小）　聖堂街B　×	True	
118004	さまよう狂気(小)　聖堂街B　04	itemLotId_1	11800040	さまよう狂気（小）　聖堂街B　×	True	
118010	さまよう狂気(小)　聖堂街A・生贄接続	itemLotId_1	11800100	さまよう狂気（小）　聖堂街A　○（A-生贄接続）	True	52400990
118011	さまよう狂気(小)　聖堂街A	itemLotId_1	11800110	さまよう狂気（小）　聖堂街A　○	True	52400980
118012	さまよう狂気(小)　聖堂街A・生贄接続	itemLotId_1	11800120	さまよう狂気（小）　聖堂街A　○（A-生贄接続）	True	52400970
118013	さまよう狂気(小)　聖堂街A	itemLotId_1	11800130	さまよう狂気（小）　聖堂街A　○（聖堂街C前半）	True	52400960
118014	さまよう狂気(小)　聖堂街A・生贄接続	itemLotId_1	11800140	さまよう狂気（小）　聖堂街A　○（A-生贄接続）	True	52400950
118015	さまよう狂気(小)　聖堂街A・生贄接続	itemLotId_1	11800150	さまよう狂気（小）　聖堂街A　○（A-生贄接続）	True	52400940
118020	さまよう狂気(小)　廃墟00	itemLotId_1	11800200	さまよう狂気（小）　廃墟　○	True	52300990
118021	さまよう狂気(小)　廃墟01	itemLotId_1	11800210	さまよう狂気（小）　廃墟　○	True	52300980
118022	さまよう狂気(小)　廃墟02	itemLotId_1	11800220	さまよう狂気（小）　廃墟　○	True	52300970
118030	さまよう狂気(小)　生贄の街 初回	itemLotId_1	11800300	さまよう狂気（小）　生贄の街 初回　○	True	52800990
118040	さまよう狂気(小)　墓地街00	itemLotId_1	11800400	さまよう狂気（小）　墓地街　○	True	52200990
118041	さまよう狂気(小)　墓地街01	itemLotId_1	11800410	さまよう狂気（小）　墓地街　○	True	52200980
118042	さまよう狂気(小)　墓地街02	itemLotId_1	11800420	さまよう狂気（小）　墓地街　×	True	
118050	さまよう狂気(小)　森	itemLotId_1	11800500	さまよう狂気（小）　森　×	True	
118051	さまよう狂気(小)　森	itemLotId_1	11800510	さまよう狂気（小）　森　×	True	
118052	さまよう狂気(小)　森	itemLotId_1	11800520	さまよう狂気（小）　森　○	True	52700970
118053	さまよう狂気(小)　森	itemLotId_1	11800530	さまよう狂気（小）　森　×	True	
118060	さまよう狂気(小)　大学	itemLotId_1	11800600	さまよう狂気（小）　大学　×	True	
118070	さまよう狂気(小)　聖堂街C	itemLotId_1	11800700	さまよう狂気（小）　聖堂街C（後半）　○	True	52420990
118080	さまよう狂気(小)　古城　00	itemLotId_1	11800800	さまよう狂気（小）　古城　×	True	
118081	さまよう狂気(小)　古城　01	itemLotId_1	11800810	さまよう狂気（小）　古城　×	True	
118082	さまよう狂気(小)　古城　02	itemLotId_1	11800820	さまよう狂気（小）　古城　○	True	52500970
118083	さまよう狂気(小)　古城　03	itemLotId_1	11800830	さまよう狂気（小）　古城　×	True	
118084	さまよう狂気(小)　古城　04	itemLotId_1	11800840	さまよう狂気（小）　古城　×	True	
118090	さまよう狂気(小)　生贄の街　00	itemLotId_1	11800900	さまよう狂気（小）　生贄の街　○	True	52800980
118091	さまよう狂気(小)　生贄の街　01	itemLotId_1	11800910	さまよう狂気（小）　生贄の街　○	True	52800970
118092	さまよう狂気(小)　生贄の街　02	itemLotId_1	11800920	さまよう狂気（小）　生贄の街 初回　○	True	52800960
118100	さまよう狂気(小)　トラップロード　00	itemLotId_1	11801000	さまよう狂気（小）　トラップロード　○	True	52600990
118101	さまよう狂気(小)　トラップロード　01	itemLotId_1	11801010	さまよう狂気（小）　トラップロード　○	True	52600980
118102	さまよう狂気(小)　トラップロード　02	itemLotId_1	11801020	さまよう狂気（小）　トラップロード　×	True	
118103	さまよう狂気(小)　トラップロード　03	itemLotId_1	11801030	さまよう狂気（小）　トラップロード　○	True	52600960
118104	さまよう狂気(小)　トラップロード　04	itemLotId_1	11801040	さまよう狂気（小）　トラップロード　×	True	
118110	さまよう狂気(小)　故郷00	itemLotId_1	11801100	さまよう狂気（小）　故郷　○	True	53300990
118111	さまよう狂気(小)　故郷01	itemLotId_1	11801110	さまよう狂気（小）　故郷　○	True	53300980
118112	さまよう狂気(小)　故郷02	itemLotId_1	11801120	さまよう狂気（小）　故郷　○	True	53300970
118113	さまよう狂気(小)　故郷03	itemLotId_1	11801130	さまよう狂気（小）　故郷　○	True	53300960
118114	さまよう狂気(小)　故郷04	itemLotId_1	11801140	さまよう狂気（小）　故郷　×	True	
118115	さまよう狂気(小)　故郷05	itemLotId_1	11801150	さまよう狂気（小）　故郷　○	True	53300940
118116	さまよう狂気(小)　故郷06	itemLotId_1	11801160	さまよう狂気（小）　故郷　○	True	53300930
118117	さまよう狂気(小)　故郷07	itemLotId_1	11801170	さまよう狂気（小）　故郷　×	True	
118118	さまよう狂気(小)　故郷08	itemLotId_1	11801180	さまよう狂気（小）　故郷　○	True	53300910
118119	さまよう狂気(小)　故郷09	itemLotId_1	11801190	さまよう狂気（小）　故郷　×	True	
118120	さまよう狂気(小)　故郷10	itemLotId_1	11801200	さまよう狂気（小）　故郷　○	True	53300890
118121	さまよう狂気(小)　故郷11	itemLotId_1	11801210	さまよう狂気（小）　故郷　×	True	
118122	さまよう狂気(小)　故郷12	itemLotId_1	11801220	さまよう狂気（小）　故郷　○	True	53300870
118123	さまよう狂気(小)　故郷13	itemLotId_1	11801230	さまよう狂気（小）　故郷　×	True	
118124	さまよう狂気(小)　故郷14	itemLotId_1	11801240	さまよう狂気（小）　故郷　○	True	53300850
118125	さまよう狂気(小)　故郷15	itemLotId_1	11801250	さまよう狂気（小）　故郷　×	True	
118126	さまよう狂気(小)　故郷16	itemLotId_1	11801260	さまよう狂気（小）　故郷　○	True	53300830
118127	さまよう狂気(小)　故郷17	itemLotId_1	11801270	さまよう狂気（小）　故郷　○	True	53300820
118128	さまよう狂気(小)　故郷18	itemLotId_1	11801280	さまよう狂気（小）　故郷　×	True	
118129	さまよう狂気(小)　故郷19	itemLotId_1	11801290	さまよう狂気（小）　故郷　○	True	53300800
118130	さまよう狂気(小)　故郷20	itemLotId_1	11801300	さまよう狂気（小）　故郷　○	True	53300790
118131	さまよう狂気(小)　故郷21	itemLotId_1	11801310	さまよう狂気（小）　故郷　○	True	53300780
118132	さまよう狂気(小)　故郷22	itemLotId_1	11801320	さまよう狂気（小）　故郷　○	True	53300770
118133	さまよう狂気(小)　故郷23	itemLotId_1	11801330	さまよう狂気（小）　故郷　×	True	
118134	さまよう狂気(小)　故郷24	itemLotId_1	11801340	さまよう狂気（小）　故郷　○	True	53300750
118135	さまよう狂気(小)　故郷25	itemLotId_1	11801350	さまよう狂気（小）　故郷　○	True	53300740
118136	さまよう狂気(小)　故郷26	itemLotId_1	11801360	さまよう狂気（小）　故郷　○	True	53300730
118137	さまよう狂気(小)　故郷27	itemLotId_1	11801370	さまよう狂気（小）　故郷　×	True	
118138	さまよう狂気(小)　故郷28	itemLotId_1	11801380	さまよう狂気（小）　故郷　×	True	
118139	さまよう狂気(小)　故郷29	itemLotId_1	11801390	さまよう狂気（小）　故郷　○	True	53300700
118200	さまよう狂気(小)　並１　墓地街	itemLotId_1	11800000	さまよう狂気（小）　聖堂街B　×	True	
118201	さまよう狂気(小)　並２　墓地街	itemLotId_1	11800010	さまよう狂気（小）　聖堂街B	True	
118202	さまよう狂気(小)　良　墓地街	itemLotId_1	11800020	さまよう狂気（小）　聖堂街B　×	True	
118203	さまよう狂気(小)　レア　墓地街	itemLotId_1	11800030	さまよう狂気（小）　聖堂街B　×	True	
118300	さまよう狂気(小)　並１　廃墟	itemLotId_1	11800000	さまよう狂気（小）　聖堂街B　×	True	
118301	さまよう狂気(小)　並２　廃墟	itemLotId_1	11800010	さまよう狂気（小）　聖堂街B	True	
118302	さまよう狂気(小)　良　廃墟	itemLotId_1	11800020	さまよう狂気（小）　聖堂街B　×	True	
118303	さまよう狂気(小)　レア　廃墟	itemLotId_1	11800030	さまよう狂気（小）　聖堂街B　×	True	
118500	さまよう狂気(小)　並１　古城	itemLotId_1	11800010	さまよう狂気（小）　聖堂街B	True	
118600	さまよう狂気(小)　並１　トラップロード	itemLotId_1	11800010	さまよう狂気（小）　聖堂街B	True	
118700	さまよう狂気(小)　聖堂街D　00	itemLotId_1	3401710	さまよう狂気（小）　聖堂街D00	True	53401710
118701	さまよう狂気(小)　聖堂街D　01	itemLotId_1	3401720	さまよう狂気（小）　聖堂街D01	True	53401720
118800	さまよう狂気(小)　時計塔　00	itemLotId_1	3501700	さまよう狂気（小）　時計塔00	True	53501700
118801	さまよう狂気(小)　時計塔　01	itemLotId_1	3501710	さまよう狂気（小）　時計塔01	True	53501710
118802	さまよう狂気(小)　時計塔　02	itemLotId_1	3501720	さまよう狂気（小）　時計塔02	True	53501720
118900	さまよう狂気(小)　漁村　00	itemLotId_1	3601000	漁村　さまよう狂気	True	53601000
118999	さまよう狂気(小)　ドロップテスト	itemLotId_1	11899900	さまよう狂気（小）　テストマップ	True	59900990
119000	さまよう狂気(中)　故郷00	itemLotId_1	11900000	さまよう狂気（中）　故郷　×	True	
119001	さまよう狂気(中)　故郷01	itemLotId_1	11900010	さまよう狂気（中）　故郷　×	True	
119002	さまよう狂気(中)　故郷02	itemLotId_1	11900020	さまよう狂気（中）　故郷　○	True	53300670
119003	さまよう狂気(中)　故郷03	itemLotId_1	11900030	さまよう狂気（中）　故郷　×	True	
119004	さまよう狂気(中)　故郷04	itemLotId_1	11900040	さまよう狂気（中）　故郷　○	True	53300650
119005	さまよう狂気(中)　故郷05	itemLotId_1	11900050	さまよう狂気（中）　故郷　○	True	53300640
119006	さまよう狂気(中)　故郷06	itemLotId_1	11900060	さまよう狂気（中）　故郷　×	True	
119007	さまよう狂気(中)　故郷07	itemLotId_1	11900070	さまよう狂気（中）　故郷　○	True	53300620
119008	さまよう狂気(中)　故郷08	itemLotId_1	11900080	さまよう狂気（中）　故郷　×	True	
119009	さまよう狂気(中)　故郷09	itemLotId_1	11900090	さまよう狂気（中）　故郷　○	True	53300600
122000	幼生オオコウモリ　古城	itemLotId_1	12202500	幼生オオコウモリ　古城	True	
122001	幼生オオコウモリ（擬態）　古城	itemLotId_1	12202500	幼生オオコウモリ　古城	True	
122002	幼生オオコウモリ　強化版　古城	itemLotId_1	12202500	幼生オオコウモリ　古城	True	
123000	穴掘り　ダンジョン	itemLotId_1	12302900	穴掘り　ダンジョン	True	
124080	狂犬　生贄初回	itemLotId_1	12402810	狂犬　生贄	True	
124400	狂犬　聖堂街B	itemLotId_1	12402410	狂犬　聖堂街B	True	
124410	狂犬　聖堂街A・序盤	itemLotId_1	12402410	狂犬　聖堂街B	True	
124411	狂犬　聖堂街A・中盤	itemLotId_1	12402410	狂犬　聖堂街B	True	
124412	狂犬　聖堂街A・後半	itemLotId_1	12402410	狂犬　聖堂街B	True	
124500	狂犬　森	itemLotId_1	12402700	狂犬　森	True	
124501	狂犬　森　檻の中用	itemLotId_1	12402700	狂犬　森	True	
124600	狂犬　トラップロード　烏頭	itemLotId_1	12402600	狂犬　TR	True	
124700	狂犬　聖堂街AC接続	itemLotId_1	12402410	狂犬　聖堂街B	True	
124800	狂犬焼死体　生贄	itemLotId_1	12402800	狂犬焼死体　生贄（1匹目）	True	
124910	狂犬　聖堂街D	itemLotId_1	12403400	狂犬　聖堂街D	True	
125000	蛇玉（子）　通常カラー/1本だけ太い	itemLotId_1	12502700	蛇玉（子）　森	True	
125001	蛇玉（子）　通常カラー/2本太い	itemLotId_1	12502700	蛇玉（子）　森	True	
125002	蛇玉（子）　通常カラー/2本太い別バリ	itemLotId_1	12502700	蛇玉（子）　森	True	
126000	蛇玉（子）・小　通常カラー/1本だけ太い	itemLotId_1	12602700	蛇玉(子)小　森	True	
126001	蛇玉（子）・小　通常カラー/2本太い	itemLotId_1	12602700	蛇玉(子)小　森	True	
126002	蛇玉（子）・小　通常カラー/2本太い別バリ	itemLotId_1	12602700	蛇玉(子)小　森	True	
127400	吸血豚　森	itemLotId_1	12702700	吸血豚　森	True	
127500	吸血豚　聖堂街B(少女のリボンを落とす	itemLotId_1	12702410	吸血豚　聖堂街B	True	
127600	吸血豚　トラップロード　悪夢頭	itemLotId_1	12702600	吸血豚　TR	True	
127800	吸血豚　生贄初回	itemLotId_1	12702810	吸血豚　生贄	True	
129000	異形ビースト（雌）　廃墟	itemLotId_1	12902300	異形ビースト（雌）　廃墟	True	
129010	異形ビースト（雌）待ち構え　廃墟	itemLotId_1	12902300	異形ビースト（雌）　廃墟	True	
129050	異形ビースト（雌）　聖堂街D	itemLotId_1	12903400	異形ビースト（雌）　聖堂街D	True	
130000	死と闇の眷属（大）　トラップロード	itemLotId_1	13002600	死と闇の眷属（大）　TR	True	
140000	白痴の蜘蛛（子）　大学	itemLotId_1	14003200	白痴の蜘蛛（子）　大学	True	
140010	白痴の蜘蛛（子）　大学　ボスおとも	itemLotId_1	14003210	白痴の蜘蛛（子）　大学　ボスおとも	True	
200000	処刑人　墓地街	itemLotId_1	20002200	処刑人　墓地街	True	
200090	処刑人　聖堂街～生贄街	itemLotId_1	20002400	処刑人　聖堂街A	True	
200110	処刑人　聖堂街B	itemLotId_1	20002410	処刑人　聖堂街B	True	
200200	処刑人　森	itemLotId_1	20002700	処刑人　森	True	
202000	人さらい　生贄初回	itemLotId_1	20202810	人さらい　生贄初回	True	
202005	人さらい 聖堂街仮配置用	itemLotId_1	20202400	人さらい　聖堂街A	True	
202006	人さらい 森マップ配置用	itemLotId_1	20202400	人さらい　聖堂街A	True	
204600	操り骸　ボス部屋用　トラップロード	itemLotId_1	20402600	操り骸　TR	True	
204800	操り骸　生贄	itemLotId_1	20402800	操り骸　生贄	True	
205010	狂気の悪霊　墓地街	itemLotId_1	20502200	狂気の悪霊　墓地街	True	
205220	狂気の悪霊　SAN値　墓地街	itemLotId_1	20522000	狂気の悪霊　SAN値　墓地街	True	
205230	狂気の悪霊　SAN値　廃墟	itemLotId_1	20523000	狂気の悪霊　SAN値　廃墟	True	
205240	狂気の悪霊　SAN値　聖堂街A	itemLotId_1	20524000	狂気の悪霊　SAN値　聖堂街A	True	
205241	狂気の悪霊　SAN値　聖堂街B	itemLotId_1	20524100	狂気の悪霊　SAN値　聖堂街B	True	
205242	狂気の悪霊　SAN値　聖堂街C・後半	itemLotId_1	20524200	狂気の悪霊　SAN値　聖堂街C前	True	
205243	狂気の悪霊　SAN値　聖堂街C・前半	itemLotId_1	20524210	狂気の悪霊　SAN値　聖堂街C後	True	
205250	狂気の悪霊　SAN値　古城	itemLotId_1	20525000	狂気の悪霊　SAN値　古城	True	
205260	狂気の悪霊　SAN値　トラップロード	itemLotId_1	20526000	狂気の悪霊　SAN値　トラップロード	True	
205270	狂気の悪霊　SAN値　森	itemLotId_1	20527000	狂気の悪霊　SAN値　森	True	
205280	狂気の悪霊　SAN値　生贄	itemLotId_1	20528000	狂気の悪霊　SAN値　生贄	True	
205281	狂気の悪霊　SAN値　生贄初回	itemLotId_1	20528000	狂気の悪霊　SAN値　生贄	True	
205290	狂気の悪霊　SAN値　ダンジョン	itemLotId_1	20529000		False	
205320	狂気の悪霊　SAN値　大学	itemLotId_1	20532000	狂気の悪霊　SAN値　大学	True	
205330	狂気の悪霊　SAN値　故郷	itemLotId_1	20533000	狂気の悪霊　SAN値　故郷	True	
205600	狂気の悪霊　トラップロード	itemLotId_1	20502600	狂気の悪霊　TR	True	
209010	血に渇いた獣　聖堂街D	itemLotId_1	3401700	血に渇いた獣撃破	True	53401700
210000	アイコレクター（牢番ババア）　生贄	itemLotId_1	21002800	アイコレクター　生贄	True	
210005	アイコレクター（牢番ババア）　生贄初回	itemLotId_1	21002810	アイコレクター　生贄初回	True	
210025	アイコレクター 古城用	itemLotId_1	21002500	アイコレクター　古城	True	
210030	アイコレクター（牢番ババア）　聖堂街D	itemLotId_1	21003400	アイコレクター　聖堂街D	True	
211000	蜘蛛のクトゥルフ　大学	itemLotId_1	21103200	蜘蛛のクトゥルフ　大学	True	
211041	蜘蛛のクトゥルフ　聖堂街B月	itemLotId_1	21102410	蜘蛛のクトゥルフ　聖堂街B 月夜	True	
212000	闇の旅団　剣　ダンジョン	itemLotId_1	21200000		False	
212001	闇の旅団　剣・蝋燭　ダンジョン	itemLotId_1	21200000		False	
212002	闇の旅団　オーブ・鎚　ダンジョン	itemLotId_1	21200000		False	
212003	闇の旅団　銃　ダンジョン	itemLotId_1	21200000		False	
212600	闇の旅団　剣　トラップロード・後半	itemLotId_1	21202600	闇の旅団　剣　TR	True	
212610	闇の旅団　剣・蝋燭　トラップロード・後半	itemLotId_1	21202602	闇の旅団　剣・蝋燭　TR	True	
212620	闇の旅団　オーブ・鎚　トラップロード・後半	itemLotId_1	21202604	闇の旅団　槌・オーブ　TR	True	
212630	闇の旅団　銃　トラップロード・後半	itemLotId_1	21202606	闇の旅団　銃　TR	True	
213050	血舐め（血袋大）_聖堂街D	itemLotId_1	21303400	血舐め　聖堂街D	True	
213500	血舐め（血袋小）　古城	itemLotId_1	21302500	血舐め　古城	True	
213510	血舐め（血袋中）　古城	itemLotId_1	21302500	血舐め　古城	True	
213520	血舐め（血袋大）　古城	itemLotId_1	21302500	血舐め　古城	True	
213530	血舐め（血袋特大）　古城	itemLotId_1	21302500	血舐め　古城	True	
215000	古城の悪霊（ナイフ）	itemLotId_1	21502500	古城の悪霊　古城	True	
215010	古城の悪霊（生首）	itemLotId_1	21502500	古城の悪霊　古城	True	
217000	蛇沼からの使者（頭蛇表示済）	itemLotId_1	21702700	蛇沼からの使者　森	True	
217001	蛇沼からの使者（頭蛇未表示・キャップ）	itemLotId_1	21702700	蛇沼からの使者　森	True	
217002	蛇沼からの使者（頭蛇未表示・シルクハット）	itemLotId_1	21702700	蛇沼からの使者　森	True	
217003	蛇沼からの使者（頭蛇未表示・ハット）	itemLotId_1	21702700	蛇沼からの使者　森	True	
217099	蛇沼からの使者（頭蛇表示済）（自殺イベント用キャラ）	itemLotId_1	21702799	蛇沼からの使者　森	True	53206999
218300	銀の獣の眷属　故郷	itemLotId_1	21803300	銀の獣の眷属（松明）　故郷	True	
218310	銀の獣の眷属（寄生虫）　故郷	itemLotId_1	21803302	銀の獣の眷属（寄生虫）　故郷	True	
218320	銀の獣の眷属（4脚）　故郷	itemLotId_1	21803304	銀の獣の眷属（四脚）　故郷	True	
218400	銀の獣の眷属　故郷	itemLotId_1	21803300	銀の獣の眷属（松明）　故郷	True	
218410	銀の獣の眷属（寄生虫）　故郷	itemLotId_1	21803302	銀の獣の眷属（寄生虫）　故郷	True	
218420	銀の獣の眷属（4脚）　故郷	itemLotId_1	21803304	銀の獣の眷属（四脚）　故郷	True	
218600	銀の獣の眷属　トラップロード	itemLotId_1	21802600	銀の獣の眷属（松明）　TR	True	
218610	銀の獣の眷属（寄生虫）　トラップロード	itemLotId_1	21802602	銀の獣の眷属（寄生虫）　TR	True	
218620	銀の獣の眷属（4脚）　トラップロード	itemLotId_1	21802604	銀の獣の眷属（四脚）　TR	True	
225000	牢番A　剣のみ＋クロスボウ　トラップロード	itemLotId_1	22502600	牢番A　剣のみ＋クロスボウ　TR	True	
225010	牢番A　剣＋盾　トラップロード	itemLotId_1	22502602	牢番A　剣＋盾　TR	True	
225020	牢番A　鞭（キャットオブナインテイル）　トラップロード	itemLotId_1	22502604	牢番A　鞭　TR	True	
225030	牢番A　剣のみ　トラップロード	itemLotId_1	22502602	牢番A　剣＋盾　TR	True	
225040	牢番A　素手（弱そう）　トラップロード	itemLotId_1	22502606	牢番A　素手（弱そう）　TR	True	
226000	牢番B　鎖鞭　トラップロード	itemLotId_1	22602600	牢番B　鎖鞭　TR	True	
226010	牢番B　オーブ　トラップロード	itemLotId_1	22602602	牢番B　オーブ　TR	True	
232000	王の死神　古城	itemLotId_1	23200000	王の死神　古城	True	
233000	王の召使い（剣）　古城	itemLotId_1	23302500	王の召使い（剣）　古城	True	
233010	王の召使い（杖のみ）　古城	itemLotId_1	23302502	王の召使い（杖のみ）　古城	True	
233011	王の召使い（杖のみ・ダメージ）　古城	itemLotId_1	23302502	王の召使い（杖のみ）　古城	True	
233020	王の召使い（杖＋燭台）　古城	itemLotId_1	23302504	王の召使い（杖＋燭台）　古城	True	
233021	王の召使い（杖＋燭台・ダメージ）　古城	itemLotId_1	23302504	王の召使い（杖＋燭台）　古城	True	
240000	捨て子の巨人 素手　故郷	itemLotId_1	24003300	捨て子の巨人　故郷	True	
240010	捨て子の巨人 大岩持ち　故郷	itemLotId_1	24003300	捨て子の巨人　故郷	True	
240020	捨て子の巨人 石持ち　故郷	itemLotId_1	24003300	捨て子の巨人　故郷	True	
240030	捨て子の巨人 大石持ち　故郷	itemLotId_1	24003300	捨て子の巨人　故郷	True	
240600	捨て子の巨人 素手　トラップロード	itemLotId_1	24002600	捨て子の巨人　TR	True	
240610	捨て子の巨人 大岩持ち　トラップロード	itemLotId_1	24002600	捨て子の巨人　TR	True	
240620	捨て子の巨人 石持ち　トラップロード	itemLotId_1	24002600	捨て子の巨人　TR	True	
240630	捨て子の巨人 大石持ち　トラップロード	itemLotId_1	24002600	捨て子の巨人　TR	True	
250060	月からの使者　聖堂街B　元々会話NPCだった	itemLotId_1	23010	診療所の女医_侵入時に死体から拾えるアイテム	True	50000700
250061	月からの使者　聖堂街B　元々会話NPCだった	itemLotId_1	25000	偏屈な老人_死亡時ドロップアイテム	True	50000900
250062	月からの使者　聖堂街B　元々会話NPCだった	itemLotId_1	27070	感染者の乞食_死亡時ドロップアイテム	True	50001100
250063	月からの使者　聖堂街B　元々会話NPCだった	itemLotId_1	30020	少女_診療所_月使者になっている際の死亡ドロップ	True	50001500
250064	月からの使者　聖堂街B　元々会話NPCだった	itemLotId_1	26040	孤独な老婆_死亡時ドロップアイテム	True	50001000
250065	月からの使者　聖堂街B　元々会話NPCだった	itemLotId_1	28010	娼婦_死亡時ドロップアイテム	True	50001200
250066	月からの使者　聖堂街B　元々会話NPCだった	itemLotId_1	32030	囚われの尼僧_死亡時ドロップアイテム	True	50001610
250070	月からの使者　森	itemLotId_1	25002700	月からの使者　森	True	
250090	月からの使者_大学	itemLotId_1	25003200	月からの使者　大学	True	
250270	月からの使者　森/聖B接続	itemLotId_1	25002700	月からの使者　森	True	
252000	月の幼生　聖堂街C	itemLotId_1	25202420	月の幼生　聖堂街C	True	
252001	月の幼生 走行巡回　聖堂街C	itemLotId_1	25202420	月の幼生　聖堂街C	True	
252024	月の幼生　聖堂街B	itemLotId_1	25202410	月の幼生　聖堂街B 月夜	True	
252100	月の幼生（赤子）　娼婦用	itemLotId_1	28040	娼婦_娼婦が産んだ赤子_殺害時ドロップアイテム	True	50001205
253210	星の花　大学　頭部	itemLotId_1	25303200	星の花　大学	True	
254000	這い寄るもの（小）　故郷	itemLotId_1	25403300	這い寄るもの（小）　故郷	True	
254010	這い寄るもの（小）　故郷	itemLotId_1	25403300	這い寄るもの（小）　故郷	True	
255000	這い寄るもの（大）　故郷	itemLotId_1	25503300	這い寄るもの（大）　故郷	True	
255010	這い寄るもの（大）　故郷	itemLotId_1	25503300	這い寄るもの（大）　故郷	True	
256000	なりそこないメッセンジャー（ほおずき）　故郷	itemLotId_1	25603300	ほおずき　故郷	True	
256600	なりそこないメッセンジャー（ほおずき）　トラップロード	itemLotId_1	25602600	ほおずき　TR	True	
256900	なりそこないメッセンジャー（ほおずき）　漁村	itemLotId_1	25603600	ほおずき　漁村	True	
260020	恐ろしい群衆（鍬）　森	itemLotId_1	26002700	恐ろしい群衆　森	True	
260060	恐ろしい群衆（松明・のこぎり）　森	itemLotId_1	26002700	恐ろしい群衆　森	True	
260240	恐ろしい群衆（松明・のこぎり）　聖堂街B	itemLotId_1	26002410	恐ろしい群衆　聖堂街B	True	
260241	恐ろしい群衆（柵）　聖堂街B	itemLotId_1	26002410	恐ろしい群衆　聖堂街B	True	
260242	恐ろしい群衆（柵）　聖堂街B　強ドーピング	itemLotId_1	26002410	恐ろしい群衆　聖堂街B	True	
260300	恐ろしい群衆（松明・のこぎり）聖堂街A・中盤	itemLotId_1	26002400	恐ろしい群衆　聖堂街A	True	
260310	恐ろしい群衆（柵）聖堂街A・中盤　	itemLotId_1	26002400	恐ろしい群衆　聖堂街A	True	
260320	恐ろしい群衆（鍬）聖堂街A・中盤	itemLotId_1	26002400	恐ろしい群衆　聖堂街A	True	
261000	群衆女　鎌　墓地街　	itemLotId_1	26102202	群衆女　鎌　墓地街	True	
261010	群衆女　鉈松明　墓地街　	itemLotId_1	26102200	群衆女　松明　墓地街	True	
261020	群衆女　焼きごて　墓地街	itemLotId_1	26102204	群衆女　焼きごて　墓地街	True	
261030	群衆女　ハンマー　墓地街	itemLotId_1	26102206	群衆女　ハンマー　墓地街	True	
261040	群衆女　鉈投擲　墓地街	itemLotId_1	26102208	群衆女　投擲　墓地街	True	
261800	群衆女焼死体　鎌　生贄	itemLotId_1	26102800	群衆女　生贄　鎌（1匹目）	True	
261810	群衆女焼死体　鉈松明　生贄	itemLotId_1	26102810	群衆女　生贄　鉈松明（1匹目）	True	
261820	群衆女焼死体　焼きごて　生贄	itemLotId_1	26102820	群衆女　生贄　焼きごて（1匹目）	True	
261830	群衆女焼死体　ハンマー　生贄	itemLotId_1	26102830	群衆女　生贄　ハンマー（1匹目）	True	
261840	群衆女焼死体　鉈投擲　生贄	itemLotId_1	26102840	群衆女　生贄　鉈投擲（1匹目）	True	
262000	群衆（車椅子）　ライフル　聖堂街A	itemLotId_1	26202400	群衆（車椅子）　聖堂街A	True	
262030	群衆（車椅子）　火炎放射　聖堂街C	itemLotId_1	26202422	群衆（車椅子）_火炎放射　聖堂街C	True	
262121	群衆（車椅子）　ガトリング_固定砲台　聖堂街C	itemLotId_1	26202424	群衆（車椅子）_ガトリング　聖堂街C	True	
262310	群衆（車椅子）　短筒　墓地街	itemLotId_1	26202410	群衆（車椅子）　聖堂街B	True	
262410	群衆（車椅子）　短筒　聖堂街B	itemLotId_1	26202410	群衆（車椅子）　聖堂街B	True	
262900	群衆（車椅子）　ライフル_固定砲台　時計塔	itemLotId_1	26203500	群衆（車椅子） 短筒　聖堂街C	True	
262910	群衆（車椅子）　短筒　時計塔	itemLotId_1	26203500	群衆（車椅子） 短筒　聖堂街C	True	
262915	群衆（車椅子）　短筒　時計塔_地下牢	itemLotId_1	26203500	群衆（車椅子） 短筒　聖堂街C	True	
262920	群衆（車椅子）　ガトリング_固定砲台　時計塔	itemLotId_1	26203510	群衆（車椅子）_ガトリング　聖堂街C	True	
262930	群衆（車椅子）　噴霧器放射　時計塔	itemLotId_1	26203520	群衆（車椅子） 噴霧器　聖堂街C	True	
263000	群衆A（大）　松明＆斧　森	itemLotId_1	10202700	群衆A松明　森	True	
263001	群衆A（大）　松明＆斧  リスポン不可　森	itemLotId_1	10202700	群衆A松明　森	True	
263010	群衆A（大）　盾＆松明　森	itemLotId_1	10202700	群衆A松明　森	True	
263020	群衆A（大）　火かき棒＆盾　森	itemLotId_1	10202706	群衆A盾/包丁/鎌/鋤　森	True	
263030	群衆A（大）　武器（サーベル）　森	itemLotId_1	10202702	群衆Aサーベル　森	True	
263040	群衆A（大）　武器（包丁）　森	itemLotId_1	10202706	群衆A盾/包丁/鎌/鋤　森	True	
263050	群衆A（大）　武器（鎌）　森	itemLotId_1	10202706	群衆A盾/包丁/鎌/鋤　森	True	
263060	群衆A（大）　火炎瓶投擲　森	itemLotId_1	10202708	群衆A投擲 火炎瓶　森	True	
263061	群衆A（大）　火炎瓶投擲　乱射砲台　森	itemLotId_1	10202708	群衆A投擲 火炎瓶　森	True	
263065	群衆A（大）　油壷投擲　森	itemLotId_1	10202710	群衆A投擲 油壺　森	True	
263066	群衆A（大）　油壷投擲　乱射砲台　森	itemLotId_1	10202710	群衆A投擲 油壺　森	True	
263070	群衆A（大）　長物両手（鋤）　森	itemLotId_1	10202706	群衆A盾/包丁/鎌/鋤　森	True	
263080	群衆A（大）　銃　森	itemLotId_1	10202704	群衆Aリーダー　森	True	
263081	群衆A（大）　銃　固定砲台　森	itemLotId_1	10202704	群衆Aリーダー　森	True	
263090	群衆A（大）　素手　森	itemLotId_1	10202706	群衆A盾/包丁/鎌/鋤　森	True	
263095	群衆A（大）　素手　森　汎用住人（演出用）	itemLotId_1	10202706	群衆A盾/包丁/鎌/鋤　森	True	
263100	群衆A（大）　松明＆斧　【処刑人衣装】	itemLotId_1	10202700	群衆A松明　森	True	
263110	群衆A（大）　盾＆松明　【処刑人衣装】	itemLotId_1	10202700	群衆A松明　森	True	
263120	群衆A（大）　武器（サーベル）　【処刑人衣装】	itemLotId_1	10202702	群衆Aサーベル　森	True	
263130	群衆A（大）　長物両手（鋤）　【処刑人衣装】	itemLotId_1	10202706	群衆A盾/包丁/鎌/鋤　森	True	
263180	群衆A（大）　リーダー　墓地街	itemLotId_1	10202202	群衆Aリーダー　墓地街	True	
263181	群衆A（大）　リーダー　乱射砲台　墓地街	itemLotId_1	10202202	群衆Aリーダー　墓地街	True	
263182	群衆A（大）　リーダー　固定砲台　墓地街	itemLotId_1	10202202	群衆Aリーダー　墓地街	True	
263200	群衆A（大）　松明＆斧　服パターン1　聖堂街A・中盤	itemLotId_1	10202400	群衆A松明　聖堂街A	True	
263201	群衆A（大）　松明＆斧　服パターン2　聖堂街A・中盤	itemLotId_1	10202400	群衆A松明　聖堂街A	True	
263202	群衆A（大）　松明＆斧　服パターン3　聖堂街A・中盤	itemLotId_1	10202400	群衆A松明　聖堂街A	True	
263203	群衆A（大）　松明＆斧　服パターン1　聖堂街A・序盤	itemLotId_1	10202400	群衆A松明　聖堂街A	True	
263210	群衆A（大）　盾＆松明　服パターン1　聖堂街A・中盤	itemLotId_1	10202400	群衆A松明　聖堂街A	True	
263211	群衆A（大）　盾＆松明　服パターン2　聖堂街A・中盤	itemLotId_1	10202400	群衆A松明　聖堂街A	True	
263212	群衆A（大）　盾＆松明　服パターン3　聖堂街A・中盤	itemLotId_1	10202400	群衆A松明　聖堂街A	True	
263230	群衆A（大）　武器（サーベル）　服パターン1　聖堂街A・中盤	itemLotId_1	10202402	群衆Aサーベル　聖堂街A	True	
263231	群衆A（大）　武器（サーベル）　服パターン2　聖堂街A・中盤	itemLotId_1	10202402	群衆Aサーベル　聖堂街A	True	
263232	群衆A（大）　武器（サーベル）　服パターン3　聖堂街A・中盤	itemLotId_1	10202402	群衆Aサーベル　聖堂街A	True	
263233	群衆A（大）　武器（サーベル）　服パターン1　聖堂街A・序盤	itemLotId_1	10202402	群衆Aサーベル　聖堂街A	True	
263240	群衆A（大）　武器（包丁）　服パターン1　聖堂街A・中盤	itemLotId_1	10202406	群衆A盾/包丁/鎌/鋤　聖堂街A	True	
263241	群衆A（大）　武器（包丁）　服パターン2　聖堂街A・中盤	itemLotId_1	10202406	群衆A盾/包丁/鎌/鋤　聖堂街A	True	
263242	群衆A（大）　武器（包丁）　服パターン3　聖堂街A・中盤	itemLotId_1	10202406	群衆A盾/包丁/鎌/鋤　聖堂街A	True	
263243	群衆A（大）　武器（包丁）　白い服　聖堂街A・中盤	itemLotId_1	10202406	群衆A盾/包丁/鎌/鋤　聖堂街A	True	
263249	群衆A（大）　武器（包丁）　白い服  裏路地で寝ているザコ　聖堂街A・中盤	itemLotId_1	10202406	群衆A盾/包丁/鎌/鋤　聖堂街A	True	
263250	群衆A（大）　武器（鎌）　服パターン1　聖堂街A・中盤	itemLotId_1	10202406	群衆A盾/包丁/鎌/鋤　聖堂街A	True	
263251	群衆A（大）　武器（鎌）　服パターン2　聖堂街A・中盤	itemLotId_1	10202406	群衆A盾/包丁/鎌/鋤　聖堂街A	True	
263252	群衆A（大）　武器（鎌）　服パターン3　聖堂街A・中盤	itemLotId_1	10202406	群衆A盾/包丁/鎌/鋤　聖堂街A	True	
263253	群衆A（大）　武器（鎌）　白い服　聖堂街A・中盤	itemLotId_1	10202406	群衆A盾/包丁/鎌/鋤　聖堂街A	True	
263254	群衆A（大）　武器（鎌）　服パターン3　聖堂街A・序盤	itemLotId_1	10202406	群衆A盾/包丁/鎌/鋤　聖堂街A	True	
263259	群衆A（大）　武器（鎌）　白い服 裏路地で寝ているザコ　聖堂街A・中盤	itemLotId_1	10202406	群衆A盾/包丁/鎌/鋤　聖堂街A	True	
263270	群衆A（大）　長物両手（鋤）　服パターン1　聖堂街A・中盤	itemLotId_1	10202406	群衆A盾/包丁/鎌/鋤　聖堂街A	True	
263271	群衆A（大）　長物両手（鋤）　服パターン2　聖堂街A・中盤	itemLotId_1	10202406	群衆A盾/包丁/鎌/鋤　聖堂街A	True	
263272	群衆A（大）　長物両手（鋤）　服パターン3　聖堂街A・中盤	itemLotId_1	10202406	群衆A盾/包丁/鎌/鋤　聖堂街A	True	
263273	群衆A（大）　長物両手（鋤）　服パターン1　聖堂街A・序盤	itemLotId_1	10202406	群衆A盾/包丁/鎌/鋤　聖堂街A	True	
263280	群衆A（大）　銃　聖堂街A・中盤_砲台特殊効果	itemLotId_1	10202404	群衆Aリーダー　聖堂街A	True	
263281	群衆A（大）　銃　聖堂街A・中盤	itemLotId_1	10202404	群衆Aリーダー　聖堂街A	True	
263282	群衆A（大）　銃　聖堂街A・序盤_砲台特殊効果	itemLotId_1	10202404	群衆Aリーダー　聖堂街A	True	
263300	群衆A（大）　松明＆斧　【森衣装】	itemLotId_1	10202700	群衆A松明　森	True	
263310	群衆A（大）　盾＆松明　【森衣装】	itemLotId_1	10202700	群衆A松明　森	True	
263320	群衆A（大）　武器（サーベル）　【森衣装】	itemLotId_1	10202702	群衆Aサーベル　森	True	
263330	群衆A（大）　長物両手（鋤）　【森衣装】	itemLotId_1	10202706	群衆A盾/包丁/鎌/鋤　森	True	
263400	群衆A（大）　松明＆斧　服パターン1　聖堂街B	itemLotId_1	10202400	群衆A松明　聖堂街A	True	
263401	群衆A（大）　松明＆斧　服パターン2　聖堂街B	itemLotId_1	10202400	群衆A松明　聖堂街A	True	
263402	群衆A（大）　松明＆斧　服パターン3　聖堂街B	itemLotId_1	10202400	群衆A松明　聖堂街A	True	
263410	群衆A（大）　盾＆松明　服パターン1　聖堂街B	itemLotId_1	10202400	群衆A松明　聖堂街A	True	
263411	群衆A（大）　盾＆松明　服パターン2　聖堂街B	itemLotId_1	10202400	群衆A松明　聖堂街A	True	
263412	群衆A（大）　盾＆松明　服パターン3　聖堂街B	itemLotId_1	10202400	群衆A松明　聖堂街A	True	
263430	群衆A（大）　武器（サーベル）　服パターン1　聖堂街B	itemLotId_1	10202402	群衆Aサーベル　聖堂街A	True	
263431	群衆A（大）　武器（サーベル）　服パターン2　聖堂街B	itemLotId_1	10202402	群衆Aサーベル　聖堂街A	True	
263432	群衆A（大）　武器（サーベル）　服パターン3　聖堂街B	itemLotId_1	10202402	群衆Aサーベル　聖堂街A	True	
263433	群衆A（大）　銃（固定砲台）　聖堂街B	itemLotId_1	10202404	群衆Aリーダー　聖堂街A	True	
263440	群衆A（大）　武器（包丁）　服パターン1　聖堂街B	itemLotId_1	10202406	群衆A盾/包丁/鎌/鋤　聖堂街A	True	
263441	群衆A（大）　武器（包丁）　服パターン2　聖堂街B	itemLotId_1	10202406	群衆A盾/包丁/鎌/鋤　聖堂街A	True	
263442	群衆A（大）　武器（包丁）　服パターン3　聖堂街B	itemLotId_1	10202406	群衆A盾/包丁/鎌/鋤　聖堂街A	True	
263450	群衆A（大）　武器（鎌）　服パターン1　聖堂街B	itemLotId_1	10202406	群衆A盾/包丁/鎌/鋤　聖堂街A	True	
263451	群衆A（大）　武器（鎌）　服パターン2　聖堂街B	itemLotId_1	10202406	群衆A盾/包丁/鎌/鋤　聖堂街A	True	
263452	群衆A（大）　武器（鎌）　服パターン3　聖堂街B	itemLotId_1	10202406	群衆A盾/包丁/鎌/鋤　聖堂街A	True	
263470	群衆A（大）　長物両手（鋤）　服パターン1　聖堂街B	itemLotId_1	10202406	群衆A盾/包丁/鎌/鋤　聖堂街A	True	
263471	群衆A（大）　長物両手（鋤）　服パターン2　聖堂街B	itemLotId_1	10202406	群衆A盾/包丁/鎌/鋤　聖堂街A	True	
263472	群衆A（大）　長物両手（鋤）　服パターン3　聖堂街B	itemLotId_1	10202406	群衆A盾/包丁/鎌/鋤　聖堂街A	True	
263490	群衆A（大）　素手　聖堂街B	itemLotId_1	10202406	群衆A盾/包丁/鎌/鋤　聖堂街A	True	
263500	群衆A（大）　松明＆斧　聖堂街C	itemLotId_1	10202420	群衆A松明　聖堂街C	True	
263510	群衆A（大）　盾＆松明　聖堂街C	itemLotId_1	10202420	群衆A松明　聖堂街C	True	
263520	群衆A（大）　火かき棒＆盾　聖堂街C	itemLotId_1	10202426	群衆A盾/包丁/鎌/鋤　聖堂街C	True	
263530	群衆A（大）　武器（サーベル）　聖堂街C	itemLotId_1	10202422	群衆Aサーベル　聖堂街C	True	
263540	群衆A（大）　武器（包丁）　聖堂街C	itemLotId_1	10202426	群衆A盾/包丁/鎌/鋤　聖堂街C	True	
263550	群衆A（大）　武器（鎌）　聖堂街C	itemLotId_1	10202426	群衆A盾/包丁/鎌/鋤　聖堂街C	True	
263560	群衆A（大）　投擲＆盾　聖堂街C	itemLotId_1	10202426	群衆A盾/包丁/鎌/鋤　聖堂街C	True	
263570	群衆A（大）　長物両手（鋤）　聖堂街C	itemLotId_1	10202426	群衆A盾/包丁/鎌/鋤　聖堂街C	True	
263580	群衆A（大）　銃　聖堂街C	itemLotId_1	10202424	群衆Aリーダー　聖堂街C	True	
263581	群衆A（大）　銃 固定砲台　聖堂街C	itemLotId_1	10202424	群衆Aリーダー　聖堂街C	True	
263582	群衆A（大）　銃 乱射砲台　聖堂街C	itemLotId_1	10202424	群衆Aリーダー　聖堂街C	True	
263590	群衆A（大）　素手　聖堂街C	itemLotId_1	10202426	群衆A盾/包丁/鎌/鋤　聖堂街C	True	
263600	群衆A（大）　松明＆斧　聖堂街～生贄街	itemLotId_1	10202400	群衆A松明　聖堂街A	True	
263610	群衆A（大）　盾＆松明　聖堂街～生贄街	itemLotId_1	10202400	群衆A松明　聖堂街A	True	
263630	群衆A（大）　武器（サーベル）　聖堂街～生贄街	itemLotId_1	10202402	群衆Aサーベル　聖堂街A	True	
263640	群衆A（大）　武器（包丁）　聖堂街～生贄街	itemLotId_1	10202406	群衆A盾/包丁/鎌/鋤　聖堂街A	True	
263650	群衆A（大）　武器（鎌）　聖堂街～生贄街	itemLotId_1	10202406	群衆A盾/包丁/鎌/鋤　聖堂街A	True	
263660	群衆A（大）　投擲＆盾　聖堂街～生贄街	itemLotId_1	10202406	群衆A盾/包丁/鎌/鋤　聖堂街A	True	
263670	群衆A（大）　長物両手（鋤）　聖堂街～生贄街	itemLotId_1	10202406	群衆A盾/包丁/鎌/鋤　聖堂街A	True	
263680	群衆A（大）　銃　聖堂街～生贄街	itemLotId_1	10202404	群衆Aリーダー　聖堂街A	True	
263681	群衆A（大）　銃　固定砲台　聖堂街～生贄街	itemLotId_1	10202404	群衆Aリーダー　聖堂街A	True	
263682	群衆A（大）　銃　乱射砲台　聖堂街～生贄街	itemLotId_1	10202404	群衆Aリーダー　聖堂街A	True	
263690	群衆A（大）　素手　聖堂街～生贄街	itemLotId_1	10202406	群衆A盾/包丁/鎌/鋤　聖堂街A	True	
263700	群衆A（大）　武器（サーベル）　聖堂街D	itemLotId_1	10202402	群衆Aサーベル　聖堂街A	True	
263710	群衆A（大）　長物両手（鋤）　聖堂街D	itemLotId_1	10202406	群衆A盾/包丁/鎌/鋤　聖堂街A	True	
263720	群衆A（大）　銃　固定砲台　聖堂街D	itemLotId_1	10202404	群衆Aリーダー　聖堂街A	True	
263730	群衆A（大）　武器（包丁）　聖堂街D	itemLotId_1	10202406	群衆A盾/包丁/鎌/鋤　聖堂街A	True	
263740	群衆A（大）　武器（鎌）　聖堂街D	itemLotId_1	10202406	群衆A盾/包丁/鎌/鋤　聖堂街A	True	
263750	群衆A（大）　火炎瓶投擲　聖堂街D	itemLotId_1	10202708	群衆A投擲 火炎瓶　森	True	
263751	群衆A（大）　火炎瓶投擲　乱射砲台　聖堂街D	itemLotId_1	10202708	群衆A投擲 火炎瓶　森	True	
263800	群衆A（大）焼死体　松明＆斧　服パターン1　生贄	itemLotId_1	10202800	群衆A　生贄　松明＆斧（1匹目）	True	
263801	群衆A（大）焼死体　松明＆斧　服パターン2　生贄	itemLotId_1	10202800	群衆A　生贄　松明＆斧（1匹目）	True	
263802	群衆A（大）焼死体　松明＆斧　服パターン3　生贄	itemLotId_1	10202800	群衆A　生贄　松明＆斧（1匹目）	True	
263810	群衆A（大）焼死体　盾＆松明　服パターン1　生贄	itemLotId_1	10202810	群衆A　生贄　盾＆松明（1匹目）	True	
263811	群衆A（大）焼死体　盾＆松明　服パターン2　生贄	itemLotId_1	10202810	群衆A　生贄　盾＆松明（1匹目）	True	
263812	群衆A（大）焼死体　盾＆松明　服パターン3　生贄	itemLotId_1	10202810	群衆A　生贄　盾＆松明（1匹目）	True	
263830	群衆A（大）焼死体　武器（サーベル）　服パターン1　生贄	itemLotId_1	10202830	群衆A　生贄　サーベル（1匹目）	True	
263831	群衆A（大）焼死体　武器（サーベル）　服パターン2　生贄	itemLotId_1	10202830	群衆A　生贄　サーベル（1匹目）	True	
263832	群衆A（大）焼死体　武器（サーベル）　服パターン3　生贄	itemLotId_1	10202830	群衆A　生贄　サーベル（1匹目）	True	
263835	群衆A（大）焼死体　銃　生贄	itemLotId_1	10202835	群衆A　生贄　銃（1匹目）	True	
263840	群衆A（大）焼死体　武器（包丁）　服パターン1　生贄	itemLotId_1	10202840	群衆A　生贄　包丁（1匹目）	True	
263841	群衆A（大）焼死体　武器（包丁）　服パターン2　生贄	itemLotId_1	10202840	群衆A　生贄　包丁（1匹目）	True	
263842	群衆A（大）焼死体　武器（包丁）　服パターン3　生贄	itemLotId_1	10202840	群衆A　生贄　包丁（1匹目）	True	
263850	群衆A（大）焼死体　武器（鎌）　服パターン1　生贄	itemLotId_1	10202850	群衆A　生贄　鎌（1匹目）	True	
263851	群衆A（大）焼死体　武器（鎌）　服パターン2　生贄	itemLotId_1	10202850	群衆A　生贄　鎌（1匹目）	True	
263852	群衆A（大）焼死体　武器（鎌）　服パターン3　生贄	itemLotId_1	10202850	群衆A　生贄　鎌（1匹目）	True	
263860	群衆A（大）焼死体　投擲	itemLotId_1	10202860	群衆A　生贄　投擲　火炎瓶（1匹目）	True	
263870	群衆A（大）焼死体　長物両手（鋤）　服パターン1　生贄	itemLotId_1	10202870	群衆A　生贄　長物（1匹目）	True	
263871	群衆A（大）焼死体　長物両手（鋤）　服パターン2　生贄	itemLotId_1	10202870	群衆A　生贄　長物（1匹目）	True	
263872	群衆A（大）焼死体　長物両手（鋤）　服パターン3　生贄	itemLotId_1	10202870	群衆A　生贄　長物（1匹目）	True	
263890	群衆A（大）焼死体　素手　生贄	itemLotId_1	10202890	群衆A　生贄　素手	True	
263895	群衆A（大）　素手　生贄初回	itemLotId_1	10202895	群衆A　初回生贄　素手	True	
263920	群衆A（大）　武器（サーベル） バランスチェック用　魔石ザコ	itemLotId_1	20	ザコ魔石テスト	True	
263921	群衆A（大）　武器（サーベル） バランスチェック用　魔石強敵	itemLotId_1	30	強敵魔石テスト	True	
264100	群衆B（大）　レンガ　マント付  墓地街	itemLotId_1	10302200	群衆B　墓地街	True	
264200	群衆B（大）　レンガ　聖堂街A	itemLotId_1	10302400	群衆B　聖堂街A	True	
264201	群衆B（大）　レンガ　マント付　聖堂街A	itemLotId_1	10302400	群衆B　聖堂街A	True	
264202	群衆B（大）　レンガ　白マント想定　聖堂街A	itemLotId_1	10302400	群衆B　聖堂街A	True	
264210	群衆B（大）　石像　聖堂街A	itemLotId_1	10302400	群衆B　聖堂街A	True	
264400	群衆B（大）　レンガ　聖堂街B	itemLotId_1	10302410	群衆B　聖堂街B	True	
264401	群衆B（大）　レンガ　マント付　聖堂街B	itemLotId_1	10302410	群衆B　聖堂街B	True	
264410	群衆B（大）　石像　聖堂街B	itemLotId_1	10302410	群衆B　聖堂街B	True	
264601	群衆B（大）　レンガ　マント付　聖堂街C	itemLotId_1	10302410	群衆B　聖堂街B	True	
264800	群衆B（大）焼死体　レンガ　生贄	itemLotId_1	10302800	群衆B　生贄　レンガ	True	
264801	群衆B（大）焼死体　レンガ　マント付き　生贄	itemLotId_1	10302800	群衆B　生贄　レンガ	True	
264810	群衆B（大）焼死体　石像　生贄	itemLotId_1	10302810	群衆B　生贄　石像	True	
264811	群衆B（大）焼死体　石像　マント付き　生贄	itemLotId_1	10302810	群衆B　生贄　石像	True	
264900	群衆B（大）　レンガ　聖堂街D	itemLotId_1	10302410	群衆B　聖堂街B	True	
270100	教会の使者（杖のみ）　聖堂街A	itemLotId_1	27002400	教会の使者 杖　聖堂街A	True	
270101	教会の使者（杖のみ）　聖堂街A・中盤	itemLotId_1	27002400	教会の使者 杖　聖堂街A	True	
270102	教会の使者（杖のみ）　聖堂街A・後半	itemLotId_1	27002400	教会の使者 杖　聖堂街A	True	
270110	教会の使者（杖-銃）　聖堂街A	itemLotId_1	27002402	教会の使者 銃　聖堂街A	True	
270111	教会の使者（杖-銃）　聖堂街A・中盤	itemLotId_1	27002402	教会の使者 銃　聖堂街A	True	
270112	教会の使者（杖-銃）　聖堂街A・後半	itemLotId_1	27002402	教会の使者 銃　聖堂街A	True	
270120	教会の使者（杖-空ランタン）　聖堂街A	itemLotId_1	27002404	教会の使者 ランタン　聖堂街A	True	
270121	教会の使者（杖-空ランタン）　聖堂街A・中盤	itemLotId_1	27002404	教会の使者 ランタン　聖堂街A	True	
270122	教会の使者（杖-空ランタン）　聖堂街A・後半	itemLotId_1	27002404	教会の使者 ランタン　聖堂街A	True	
270130	教会の使者（杖-瞳ランタン）　聖堂街A	itemLotId_1	27002404	教会の使者 ランタン　聖堂街A	True	
270131	教会の使者（杖-瞳ランタン）　聖堂街A・中盤	itemLotId_1	27002404	教会の使者 ランタン　聖堂街A	True	
270132	教会の使者（杖-瞳ランタン）　聖堂街A・後半	itemLotId_1	27002404	教会の使者 ランタン　聖堂街A	True	
270140	教会の使者（十字架）　聖堂街A	itemLotId_1	27002406	教会の使者 十字架　聖堂街A	True	
270141	教会の使者（十字架）　聖堂街A・中盤	itemLotId_1	27002406	教会の使者 十字架　聖堂街A	True	
270142	教会の使者（十字架）　聖堂街A・後半	itemLotId_1	27002406	教会の使者 十字架　聖堂街A	True	
270150	教会の使者（杖-鎌）　聖堂街A	itemLotId_1	27002408	教会の使者 鎌　聖堂街A	True	
270151	教会の使者（杖-鎌）　聖堂街A・中盤	itemLotId_1	27002408	教会の使者 鎌　聖堂街A	True	
270152	教会の使者（杖-鎌）　聖堂街A・後半	itemLotId_1	27002408	教会の使者 鎌　聖堂街A	True	
270160	教会の使者（杖-火炎放射）　聖堂街A	itemLotId_1	27002410	教会の使者 火炎放射　聖堂街A	True	
270161	教会の使者（杖-火炎放射）　聖堂街A・中盤	itemLotId_1	27002410	教会の使者 火炎放射　聖堂街A	True	
270162	教会の使者（杖-火炎放射）　聖堂街A・後半	itemLotId_1	27002410	教会の使者 火炎放射　聖堂街A	True	
270200	教会の使者（杖のみ）　聖堂街C・後半	itemLotId_1	27002400	教会の使者 杖　聖堂街A	True	
270220	教会の使者（杖-空ランタン）　聖堂街C・後半	itemLotId_1	27002404	教会の使者 ランタン　聖堂街A	True	
270230	教会の使者（杖-空ランタン）　聖堂街C・後半	itemLotId_1	27002404	教会の使者 ランタン　聖堂街A	True	
270250	教会の使者（杖-鎌）聖堂街C・後半	itemLotId_1	27002408	教会の使者 鎌　聖堂街A	True	
270350	教会の使者（杖のみ）　時計塔	itemLotId_1	27003500	教会の使者 杖　時計塔	True	
273100	医療教会のフランケン　斧	itemLotId_1	27302400	医療教会のフランケン　斧　聖堂街A	True	
273101	医療教会のフランケン　斧・中盤	itemLotId_1	27302400	医療教会のフランケン　斧　聖堂街A	True	
273102	医療教会のフランケン　斧・後半	itemLotId_1	27302400	医療教会のフランケン　斧　聖堂街A	True	
273120	医療教会のフランケン　鎖鉄球	itemLotId_1	27302410	医療教会のフランケン　鎖鉄球　聖堂街A	True	
273121	医療教会のフランケン　鎖鉄球・中盤	itemLotId_1	27302410	医療教会のフランケン　鎖鉄球　聖堂街A	True	
273122	医療教会のフランケン　鎖鉄球・後半	itemLotId_1	27302410	医療教会のフランケン　鎖鉄球　聖堂街A	True	
273211	医療教会のフランケン　炎の拳　悪夢教室2F	itemLotId_1	27303220	医療教会のフランケン　炎の拳　悪夢教室	True	
273300	医療教会のフランケン　斧	itemLotId_1	27302800	医療教会のフランケン　斧　生贄	True	
273400	医療教会のフランケン　拳　森/聖B接続	itemLotId_1	27302720	医療教会のフランケン　炎の拳　森⇔聖B	True	
274000	学徒　悪夢教室1F	itemLotId_1	27403200	学徒　大学	True	
274010	学徒（瓶持ち）　悪夢教室1F	itemLotId_1	27403202	学徒（瓶持ち）　大学	True	
274011	学徒（瓶持ち）　悪夢教室1F（固定砲台）	itemLotId_1	27403202	学徒（瓶持ち）　大学	True	
274100	学徒　悪夢教室2F	itemLotId_1	27403200	学徒　大学	True	
274110	学徒（瓶持ち）　悪夢教室2F	itemLotId_1	27403202	学徒（瓶持ち）　大学	True	
274111	学徒（瓶持ち）　悪夢教室2F（固定砲台）	itemLotId_1	27403202	学徒（瓶持ち）　大学	True	
310000	ミミック（突進キャラ）　生贄	itemLotId_1	31002800	ミミック　生贄	True	
310001	ミミック（射撃キャラ）　生贄	itemLotId_1	31002800	ミミック　生贄	True	
313000	フレッシュゴーレム（先端剣＋肘剣）　弱点なし　大学	itemLotId_1	31303200	フレッシュゴーレム　大学	True	
313012	フレッシュゴーレム（斧＋大砲）　弱点_正面高いところ　聖堂街～生贄街	itemLotId_1	31302400	フレッシュゴーレム　聖堂街A	True	
400000	闇堕ちハンター_ノコ曲剣（初期配置ノコ）	itemLotId_1	40003400	闇堕ちハンター　ノコ曲剣　聖堂街D	True	
400001	闇堕ちハンター_ノコ曲剣（初期配置曲剣）	itemLotId_1	40003400	闇堕ちハンター　ノコ曲剣　聖堂街D	True	
400004	闇堕ちハンター_ノコ曲剣&松明（初期配置曲剣）	itemLotId_1	40003400	闇堕ちハンター　ノコ曲剣　聖堂街D	True	
400006	闇堕ちハンター_ノコ曲剣&松明（初期配置曲剣）号令	itemLotId_1	40003400	闇堕ちハンター　ノコ曲剣　聖堂街D	True	
400008	闇堕ちハンター_ノコ曲剣&秘儀（初期配置ノコ）	itemLotId_1	40003440	闇堕ちハンター　秘儀・ノコ曲剣　聖堂街D	True	
400009	闇堕ちハンター_ノコ曲剣&秘儀（初期配置曲剣）	itemLotId_1	40003440	闇堕ちハンター　秘儀・ノコ曲剣　聖堂街D	True	
400010	闇堕ちハンター_ノコ鞭（初期配置ノコ）	itemLotId_1	40003410	闇堕ちハンター　ノコ鞭　聖堂街D	True	
400011	闇堕ちハンター_ノコ鞭（初期配置鞭）	itemLotId_1	40003410	闇堕ちハンター　ノコ鞭　聖堂街D	True	
400020	闇堕ちハンター_爆槌（初期配置変形前）	itemLotId_1	40003420	闇堕ちハンター　ガンハンマー　聖堂街D	True	
400021	闇堕ちハンター_爆槌（初期配置変形後）	itemLotId_1	40003420	闇堕ちハンター　ガンハンマー　聖堂街D	True	
400022	闇堕ちハンター_爆槌（初期配置変形前）_松明下ろし状態	itemLotId_1	40003420	闇堕ちハンター　ガンハンマー　聖堂街D	True	
400025	闇堕ちハンター_ノコ曲剣（初期配置ノコ）エース	itemLotId_1	3401730	闇堕ちハンター　ノコ曲剣　エース　聖堂街D	True	53401730
400026	闇堕ちハンター_ノコ鞭（初期配置ノコ）エース	itemLotId_1	3401740	闇堕ちハンター　ノコ鞭　エース　聖堂街D	True	53401740
400027	闇堕ちハンター_爆槌（初期配置変形前）エース	itemLotId_1	40003425		False	
400028	闇堕ちハンター_爆槌（初期配置変形前）エース_松明下ろし状態	itemLotId_1	3401750	闇堕ちハンター　ガンハンマー　エース　聖堂街D	True	53401750
401000	処刑人（悪夢）_大斧	itemLotId_1	40103400	処刑人悪夢　斧　聖堂街D	True	
401001	処刑人（悪夢）_大斧_Ω聖堂用	itemLotId_1	40103400	処刑人悪夢　斧　聖堂街D	True	
401010	処刑人（悪夢）_大砲	itemLotId_1	40103410	処刑人悪夢　グレネード　聖堂街D	True	
402000	時計塔患者A_輸血器具	itemLotId_1	40203500	時計塔患者A　輸血台　時計塔	True	
402001	時計塔患者A_輸血器具　初見演出用	itemLotId_1	40203500	時計塔患者A　輸血台　時計塔	True	
402010	時計塔患者A_腕瘤	itemLotId_1	40203510	時計塔患者A　毒手　時計塔	True	
402020	時計塔患者A_素手　消極的	itemLotId_1	40203520	時計塔患者A　素手　時計塔	True	
402022	時計塔患者A_素手　巡回時に走る	itemLotId_1	40203520	時計塔患者A　素手　時計塔	True	
402023	時計塔患者A_素手　ザコ	itemLotId_1	40203520	時計塔患者A　素手　時計塔	True	
402024	時計塔患者A_素手　積極A（近接）	itemLotId_1	40203520	時計塔患者A　素手　時計塔	True	
402025	時計塔患者A_素手　頭部なし	itemLotId_1	40203520	時計塔患者A　素手　時計塔	True	
402026	時計塔患者A_素手　戦闘時、巡回時に走る	itemLotId_1	40203520	時計塔患者A　素手　時計塔	True	
402027	時計塔患者A_素手　積極B（突進）	itemLotId_1	40203520	時計塔患者A　素手　時計塔	True	
402028	時計塔患者A_素手　投擲用	itemLotId_1	40203530	時計塔患者A　素手 投擲　時計塔	True	
402030	時計塔患者A（四足）　よく跳ぶ	itemLotId_1	40203540	時計塔患者A　四足　時計塔	True	
402035	時計塔患者A（四足）　あまり跳ばない	itemLotId_1	40203540	時計塔患者A　四足　時計塔	True	
402040	時計塔患者A_素手	itemLotId_1	40203520	時計塔患者A　素手　時計塔	True	
402042	時計塔患者A_素手　巡回時に走る	itemLotId_1	40203520	時計塔患者A　素手　時計塔	True	
402043	時計塔患者A_素手　ザコ	itemLotId_1	40203520	時計塔患者A　素手　時計塔	True	
402044	時計塔患者A_素手　積極的	itemLotId_1	40203520	時計塔患者A　素手　時計塔	True	
402045	時計塔患者A_素手　頭部なし	itemLotId_1	40203520	時計塔患者A　素手　時計塔	True	
402046	時計塔患者A_素手　戦闘時、巡回時に走る	itemLotId_1	40203520	時計塔患者A　素手　時計塔	True	
402048	時計塔患者A_素手　投擲用	itemLotId_1	40203530	時計塔患者A　素手 投擲　時計塔	True	
402050	時計塔患者A_素手　ひまわりの世話	itemLotId_1	40203520	時計塔患者A　素手　時計塔	True	
402060	時計塔患者A_素手　ひまわりの世話	itemLotId_1	40203520	時計塔患者A　素手　時計塔	True	
402100	時計塔患者A（這いずり）	itemLotId_1	40203550	時計塔患者A　這いずり　時計塔	True	
402101	時計塔患者A（這いずり）：服血まみれ	itemLotId_1	40203550	時計塔患者A　這いずり　時計塔	True	
402180	時計塔患者A（這いずり）：吊られ	itemLotId_1	40203550	時計塔患者A　這いずり　時計塔	True	
402181	時計塔患者A（這いずり）：服血まみれ：吊られ	itemLotId_1	40203550	時計塔患者A　這いずり　時計塔	True	
402200	時計塔患者A（頭部のみ）	itemLotId_1	40203560	時計塔患者A　頭部のみ　時計塔	True	
402280	特別な時計塔患者（頭部のみ）A	itemLotId_1	43400	特別な時計塔患者（頭部のみ）A_殺害時ドロップアイテム	True	50002400
402281	特別な時計塔患者（頭部のみ）B	itemLotId_1	43500	特別な時計塔患者（頭部のみ）B_殺害時ドロップアイテム	True	50002450
402285	特別な時計塔患者（頭部のみ）A_ダミー	itemLotId_1	43400	特別な時計塔患者（頭部のみ）A_殺害時ドロップアイテム	True	50002400
402286	特別な時計塔患者（頭部のみ）B_ダミー	itemLotId_1	43500	特別な時計塔患者（頭部のみ）B_殺害時ドロップアイテム	True	50002450
402290	時計塔の女医（頭部のみ）	itemLotId_1	43040	時計塔の女医_殺害時ドロップアイテム（頭部のみ状態）	True	50002270
402300	時計塔の女医	itemLotId_1	43030	時計塔の女医_殺害時ドロップアイテム（通常状態）	True	50002250
404000	魚人A_銛	itemLotId_1	40403600	魚人A　銛　漁村	True	
404001	魚人A_銛_スネ夫	itemLotId_1	40403605	魚人A　銛　スネ夫　漁村	True	
404005	魚人A_銛_投擲	itemLotId_1	40403610	魚人A　銛 投擲　漁村	True	
404006	魚人A_銛_投擲_固定砲台	itemLotId_1	40403610	魚人A　銛 投擲　漁村	True	
404010	魚人A_熊手熊手	itemLotId_1	40403620	魚人A　熊手　漁村	True	
404014	魚人A_熊手熊手_はだか	itemLotId_1	40403630	魚人A　熊手 はだか　漁村	True	
404020	魚人A_熊手血抜き	itemLotId_1	40403640	魚人A　熊手 血抜き　漁村	True	
404024	魚人A_熊手血抜き_はだか	itemLotId_1	40403650		False	
404025	魚人A_熊手血抜き_投擲専念	itemLotId_1	40403660	魚人A　熊手 血抜き 投擲　漁村	True	
404030	魚人A_包丁	itemLotId_1	40403670	魚人A　包丁　漁村	True	
404034	魚人A_包丁_はだか	itemLotId_1	40403680		False	
405000	魚人B	itemLotId_1	40503600	魚人B　漁村	True	
406000	魚人大（素手）	itemLotId_1	40603600	魚人（大） 素手　漁村	True	
406005	魚人大（素手）_強	itemLotId_1	3601100	魚人大 * 2 ドロップ	True	53601100
406010	魚人大（イカリ）	itemLotId_1	40603610	魚人（大） イカリ　漁村	True	
407000	ヤドカリ_殻なし	itemLotId_1	40703600	ヤドカリ 殻なし　漁村	True	
407010	ヤドカリ_殻あり_左巻き	itemLotId_1	40703610	ヤドカリ 殻あり　漁村	True	
407011	ヤドカリ_殻あり_左巻き_殻こもり	itemLotId_1	40703610	ヤドカリ 殻あり　漁村	True	
407020	ヤドカリ_殻あり_右巻き	itemLotId_1	40703610	ヤドカリ 殻あり　漁村	True	
407021	ヤドカリ_殻あり_右巻き_殻こもり	itemLotId_1	40703610	ヤドカリ 殻あり　漁村	True	
408000	漁犬	itemLotId_1	40803600	漁犬　漁村	True	
409010	死体	itemLotId_1	40903400	死体　聖堂街D	True	
411000	群衆A（大）　松明＆斧　聖堂街D	itemLotId_1	10202400	群衆A松明　聖堂街A	True	
411010	群衆A（大）　盾＆松明　聖堂街D	itemLotId_1	10202400	群衆A松明　聖堂街A	True	
411030	群衆A（大）　武器（サーベル）　聖堂街D	itemLotId_1	10202402	群衆Aサーベル　聖堂街A	True	
411033	群衆A（大）　銃（固定砲台）　聖堂街D	itemLotId_1	10202404	群衆Aリーダー　聖堂街A	True	
411040	群衆A（大）　武器（包丁）　聖堂街D	itemLotId_1	10202406	群衆A盾/包丁/鎌/鋤　聖堂街A	True	
411041	群衆A（大）　武器（包丁）　炎なし　聖堂街D	itemLotId_1	10202406	群衆A盾/包丁/鎌/鋤　聖堂街A	True	
411050	群衆A（大）　武器（鎌）　聖堂街D	itemLotId_1	10202406	群衆A盾/包丁/鎌/鋤　聖堂街A	True	
411051	群衆A（大）　武器（鎌）　炎なし　聖堂街D	itemLotId_1	10202406	群衆A盾/包丁/鎌/鋤　聖堂街A	True	
411060	群衆A（大）　火炎瓶投擲　聖堂街D	itemLotId_1	10202708	群衆A投擲 火炎瓶　森	True	
411061	群衆A（大）　火炎瓶投擲　乱射砲台　聖堂街D	itemLotId_1	10202708	群衆A投擲 火炎瓶　森	True	
411070	群衆A（大）　長物両手（鋤）　聖堂街D	itemLotId_1	10202406	群衆A盾/包丁/鎌/鋤　聖堂街A	True	
411090	群衆A（大）　素手　聖堂街D	itemLotId_1	10202406	群衆A盾/包丁/鎌/鋤　聖堂街A	True	
412000	時計塔患者A_輸血器具	itemLotId_1	40203500	時計塔患者A　輸血台　時計塔	True	
412001	時計塔患者A_輸血器具　初見演出用	itemLotId_1	40203500	時計塔患者A　輸血台　時計塔	True	
413000	血舐め（血袋大）_聖堂街D	itemLotId_1	21303400	血舐め　聖堂街D	True	
414000	異形ビースト　聖堂街D　同士討ち	itemLotId_1	10903400	異形ビースト　聖堂街D	True	
414001	異形ビースト　聖堂街D　同士討ち 雑魚	itemLotId_1	10903400	異形ビースト　聖堂街D	True	
503000	蛇玉　森	itemLotId_1	50300000	蛇玉　森	True	
504020	嵐の獣　感染者の乞食_変身用	itemLotId_1	27070	感染者の乞食_死亡時ドロップアイテム	True	50001100
504030	嵐の獣　感染者の乞食_変身用	itemLotId_1	27070	感染者の乞食_死亡時ドロップアイテム	True	50001100
513000	大学教授　大学	itemLotId_1	20000	学長_殺害時ドロップアイテム	True	50000400
901090	宝ドロップ用ダミーキャラ　古城	itemLotId_1	25000	偏屈な老人_死亡時ドロップアイテム	True	50000900
901110	聖剣ルドウイークの宝用ダミーキャラ	itemLotId_1	43300	ルドウイーク（頭部のみ）_殺害時ドロップアイテム or 遺品を拾う	True	50002351
901120	教会の殺し屋の宝用ダミーキャラ（頭）	itemLotId_1	43710	教会の殺し屋_侵入者撃退時ドロップアイテム（時計塔）	True	50002560
901121	教会の殺し屋の宝用ダミーキャラ（胴）	itemLotId_1	43720	教会の殺し屋_侵入者撃退時ドロップアイテム（漁村村2隠し部屋）	True	50002570
901122	教会の殺し屋の宝用ダミーキャラ（腕）	itemLotId_1	43730	教会の殺し屋_侵入者撃退時ドロップアイテム（漁村村2橋）	True	50002580
901123	教会の殺し屋の宝用ダミーキャラ（脚）	itemLotId_1	43740	教会の殺し屋_侵入者撃退時ドロップアイテム（漁村暗渠）	True	50002590
901124	教会の殺し屋_弱っている本体ダミー（1010中西追加「）	itemLotId_1	43700	教会の殺し屋_殺害時ドロップアイテム	True	50002550
10100080	猟犬　ダンジョン	itemLotId_1	10002900	猟犬　ダンジョン	True	
10100102	猟犬　嵐属性　ダンジョン	itemLotId_1	10002910	猟犬　ダンジョン　嵐	True	
10100180	猟犬　（月）　ダンジョン	itemLotId_1	10002920	猟犬　ダンジョン　（月の猟犬）	True	
10101080	司祭　ダンジョン	itemLotId_1	10102900	司祭　ダンジョン	True	
10101095	司祭　ダンジョン　強敵	itemLotId_1	10102900	司祭　ダンジョン	True	
10105080	さまよう寡婦　ダンジョン	itemLotId_1	10502900	さまよう寡婦　ダンジョン	True	
10105202	さまよう寡婦　ダンジョン用　嵐属性	itemLotId_1	10502910	さまよう寡婦　ダンジョン　嵐	True	
10105800	さまよう寡婦　マルチ召喚（強）：物理	itemLotId_1	10502950	さまよう寡婦　マルチ召喚（弱）：物理	True	
10105810	さまよう寡婦　マルチ召喚（強）：銃	itemLotId_1	10502952	さまよう寡婦　マルチ召喚（弱）：銃	True	
10105820	さまよう寡婦　マルチ召喚（強）：炎雷	itemLotId_1	10502954	さまよう寡婦　マルチ召喚（弱）：炎雷	True	
10105830	さまよう寡婦　マルチ召喚（強）：魔法	itemLotId_1	10502956	さまよう寡婦　マルチ召喚（弱）：魔法	True	
10105840	さまよう寡婦　マルチ召喚（強）：補助	itemLotId_1	10502958	さまよう寡婦　マルチ召喚（弱）：補助	True	
10105850	さまよう寡婦　マルチ召喚（強）：レア素材A	itemLotId_1	10502960	さまよう寡婦　マルチ召喚（弱）：レア素材A	True	
10105860	さまよう寡婦　マルチ召喚（強）：レア素材B	itemLotId_1	10502962	さまよう寡婦　マルチ召喚（弱）：レア素材B	True	
10105900	さまよう寡婦　マルチ召喚（弱）：物理	itemLotId_1	10502950	さまよう寡婦　マルチ召喚（弱）：物理	True	
10105910	さまよう寡婦　マルチ召喚（弱）：銃	itemLotId_1	10502952	さまよう寡婦　マルチ召喚（弱）：銃	True	
10105920	さまよう寡婦　マルチ召喚（弱）：炎雷	itemLotId_1	10502954	さまよう寡婦　マルチ召喚（弱）：炎雷	True	
10105930	さまよう寡婦　マルチ召喚（弱）：魔法	itemLotId_1	10502956	さまよう寡婦　マルチ召喚（弱）：魔法	True	
10105940	さまよう寡婦　マルチ召喚（弱）：補助	itemLotId_1	10502958	さまよう寡婦　マルチ召喚（弱）：補助	True	
10105950	さまよう寡婦　マルチ召喚（弱）：レア素材A	itemLotId_1	10502960	さまよう寡婦　マルチ召喚（弱）：レア素材A	True	
10105960	さまよう寡婦　マルチ召喚（弱）：レア素材B	itemLotId_1	10502962	さまよう寡婦　マルチ召喚（弱）：レア素材B	True	
10106080	脳喰らい　ダンジョン	itemLotId_1	10602900	脳喰らい　ダンジョン	True	
10106085	脳喰らい　フード　ダンジョン	itemLotId_1	10602902	脳喰らい　フード　ダンジョン	True	
10109080	異形ビースト　素手_警戒行動なし　ダンジョン	itemLotId_1	10902900	異形ビースト　ダンジョン	True	
10109102	異形ビースト　嵐属性　ダンジョン	itemLotId_1	10902910	異形ビースト　ダンジョン　嵐	True	
10109580	異形ビースト　スローキャラ　ダンジョン	itemLotId_1	10902902	異形ビースト_赤目　ダンジョン	True	
10109602	異形ビースト　スローキャラ　嵐属性　ダンジョン	itemLotId_1	10902912	異形ビースト_赤目　ダンジョン　嵐	True	
10110080	下水ネズミ　ダンジョン	itemLotId_1	11002900	下水ネズミ　ダンジョン	True	
10110081	下水ネズミ　膿付き　ダンジョン	itemLotId_1	11002902	下水ネズミ　膿み付き　ダンジョン	True	
10111011	クモ男パッチ_ダンジョン	itemLotId_1	39020	パッチ_死亡時ドロップアイテム	True	50002100
10111080	死と闇の眷属　首あり　ダンジョン	itemLotId_1	11102900	死と闇の眷属（クモ）　首あり　ダンジョン	True	
10111081	死と闇の眷属（変速前移動）　ダンジョン	itemLotId_1	11102900	死と闇の眷属（クモ）　首あり　ダンジョン	True	
10111085	死と闇の眷属　首なし　ダンジョン	itemLotId_1	11102902	死と闇の眷属（クモ）　首なし　ダンジョン	True	
10111086	死と闇の眷属（変速前移動）　首なし　ダンジョン	itemLotId_1	11102901		False	
10111090	死と闇の眷属　首あり　生成　ダンジョン	itemLotId_1	11102904	死と闇の眷属（クモ）　首なし（ジェネレート）　ダンジョン	True	
10111091	死と闇の眷属_ジェネレート（変速前移動）　ダンジョン	itemLotId_1	11102902	死と闇の眷属（クモ）　首なし　ダンジョン	True	
10111095	死と闇の眷属　首なし　生成　ダンジョン	itemLotId_1	11102904	死と闇の眷属（クモ）　首なし（ジェネレート）　ダンジョン	True	
10111096	死と闇の眷属_ジェネレート（変速前移動）　首なし　ダンジョン	itemLotId_1	11102902	死と闇の眷属（クモ）　首なし　ダンジョン	True	
10111102	死と闇の眷属　首あり　ダンジョン　嵐属性	itemLotId_1	11102910	死と闇の眷属（クモ）　首あり　ダンジョン　嵐	True	
10111122	死と闇の眷属（変速前移動）　ダンジョン　嵐属性	itemLotId_1	11102910	死と闇の眷属（クモ）　首あり　ダンジョン　嵐	True	
10111200	死と闇の眷属　首なし　ダンジョン	itemLotId_1	2909800	プレゼンダンジョン敵ドロップ	True	
10112080	水死体ビースト　ダンジョン	itemLotId_1	11202900	水死体ビースト　ダンジョン	True	
10112102	水死体ビースト　ダンジョン　嵐属性	itemLotId_1	11202910	水死体ビースト　ダンジョン　嵐	True	
10112200	水死体ビースト　ダンジョン	itemLotId_1	2909800	プレゼンダンジョン敵ドロップ	True	
10113080	デーモンの狂信者　ダンジョン用	itemLotId_1	11302900	デーモンの狂信者　ダンジョン	True	
10114080	狂信者の獣　ダンジョン	itemLotId_1	11402900	狂信者の獣　ダンジョン	True	
10114902	狂信者の獣　ダンジョン　嵐属性	itemLotId_1	11402910	狂信者の獣　ダンジョン　嵐	True	
10115080	スライム　ダンジョン	itemLotId_1	11502900	スライム　ダンジョン	True	
10116080	デーモン犬　ダンジョン	itemLotId_1	11602900	デーモン犬　ダンジョン	True	
10118080	さまよう狂気　ダンジョン	itemLotId_1	11810000	さまよう狂気（小）　ダンジョン	True	52902000
10118081	さまよう狂気(小)　並２　ダンジョン用	itemLotId_1	11810000	さまよう狂気（小）　ダンジョン	True	52902000
10118082	さまよう狂気(小)　良　ダンジョン用	itemLotId_1	11810000	さまよう狂気（小）　ダンジョン	True	52902000
10118083	さまよう狂気(小)　レア　ダンジョン用	itemLotId_1	11810000	さまよう狂気（小）　ダンジョン	True	52902000
10119080	さまよう狂気(中)　ダンジョン	itemLotId_1	11902900	さまよう狂気（中）　ダンジョン　並	True	52903000
10121080	墓守サソリ　子なし　小はさみ　ダンジョン	itemLotId_1	12102900	墓守サソリ　ダンジョン	True	
10121081	墓守サソリ　子なし　大はさみ　ダンジョン	itemLotId_1	12102900	墓守サソリ　ダンジョン	True	
10121090	墓守サソリ　子あり　小はさみ　ダンジョン	itemLotId_1	12102902	墓守サソリ　子持ち　ダンジョン	True	
10121091	墓守サソリ　子あり　大はさみ　ダンジョン	itemLotId_1	12102902	墓守サソリ　子持ち　ダンジョン	True	
10121302	墓守サソリ　子なし　小はさみ　ダンジョン　嵐属性	itemLotId_1	12102910	墓守サソリ　ダンジョン　嵐	True	
10121322	墓守サソリ　子なし　大はさみ　ダンジョン　嵐属性	itemLotId_1	12102910	墓守サソリ　ダンジョン　嵐	True	
10121342	墓守サソリ　子あり　小はさみ　ダンジョン　嵐属性	itemLotId_1	12102910	墓守サソリ　ダンジョン　嵐	True	
10121362	墓守サソリ　子あり　大はさみ　ダンジョン　嵐属性	itemLotId_1	12102910	墓守サソリ　ダンジョン　嵐	True	
10122080	幼生オオコウモリ　ダンジョン	itemLotId_1	12202900	幼生オオコウモリ　ダンジョン	True	
10122081	幼生オオコウモリ（彫像待機）　ダンジョン	itemLotId_1	12202900	幼生オオコウモリ　ダンジョン	True	
10123000	穴掘り　ダンジョン	itemLotId_1	12302900	穴掘り　ダンジョン	True	
10123200	穴掘り　ダンジョン	itemLotId_1	2909800	プレゼンダンジョン敵ドロップ	True	
10124090	狂犬　ダンジョン	itemLotId_1	12402900	狂犬　ダンジョン	True	
10124102	狂犬　ダンジョン用　嵐属性	itemLotId_1	12402910	狂犬　ダンジョン　嵐	True	
10125000	蛇玉（子）　1本だけ太い　ダンジョン	itemLotId_1	12502900	蛇玉（子）　ダンジョン	True	
10125010	蛇玉（子）　毒霧　ダンジョン	itemLotId_1	12502900	蛇玉（子）　ダンジョン	True	
10125102	蛇玉（子）　右太首　ダンジョン　嵐属性	itemLotId_1	12502910	蛇玉（子）　ダンジョン　嵐	True	
10126000	蛇玉（子）・小　1本だけ太い　ダンジョン	itemLotId_1	12602900	蛇玉（子）小　ダンジョン	True	
10126102	蛇玉（子）・小　右太首　ダンジョン　嵐属性	itemLotId_1	12602910	蛇玉（子）小　ダンジョン　嵐	True	
10127000	吸血豚　ダンジョン	itemLotId_1	12702900	吸血豚　ダンジョン	True	
10127102	吸血豚　ダンジョン　嵐属性	itemLotId_1	12702910	吸血豚　ダンジョン　嵐	True	
10129000	異形ビースト（雌）　ダンジョン	itemLotId_1	12902900	異形ビースト（雌）　ダンジョン	True	
10130000	死と闇の眷属（大）　ダンジョン	itemLotId_1	13002900	死と闇の眷属（大）　ダンジョン	True	
10140000	白痴の蜘蛛（子）　ダンジョン	itemLotId_1	14002900	白痴の蜘蛛（子）　ダンジョン	True	
10140010	白痴の蜘蛛（子）　ボスのお供　ダンジョン	itemLotId_1	14002910	白痴の蜘蛛（子）　ダンジョン　ボスのお供	True	
10201020	墓掘り（銃）　ダンジョン	itemLotId_1	20102904	ダンジョン人（墓掘り）銃　ダンジョン	True	
10201080	墓掘り（鉤）　ダンジョン	itemLotId_1	20102900	ダンジョン人（墓掘り）鉤　ダンジョン	True	
10201081	墓掘り（つるはし）　ダンジョン	itemLotId_1	20102902	ダンジョン人（墓掘り）つるはし　ダンジョン	True	
10201090	墓掘り（鉤）　ダンジョン＿巡回	itemLotId_1	20102900	ダンジョン人（墓掘り）鉤　ダンジョン	True	
10201091	墓掘り（つるはし）　ダンジョン＿巡回	itemLotId_1	20102902	ダンジョン人（墓掘り）つるはし　ダンジョン	True	
10201092	墓掘り（銃）＿巡回	itemLotId_1	20102904	ダンジョン人（墓掘り）銃　ダンジョン	True	
10201102	墓掘り（鉤）　ダンジョン　嵐属性	itemLotId_1	20102910	ダンジョン人（墓掘り）鉤　ダンジョン　嵐	True	
10201108	墓掘り（鉤）　医者　ダンジョン	itemLotId_1	20102970	ダンジョン人（墓掘り）鉤　ダンジョン 医者	True	
10201109	墓掘り（鉤）　儀式　ダンジョン	itemLotId_1	20102980	ダンジョン人（墓掘り）鉤　ダンジョン 儀式	True	
10201122	墓掘り（つるはし）　ダンジョン　嵐属性	itemLotId_1	20102912	ダンジョン人（墓掘り）つるはし　ダンジョン　嵐	True	
10201128	墓掘り（つるはし）　医者　ダンジョン	itemLotId_1	20102972	ダンジョン人（墓掘り）つるはし　ダンジョン　医師	True	
10201200	墓掘り（銃）	itemLotId_1	2909800	プレゼンダンジョン敵ドロップ	True	
10201210	墓掘り（鉤）　ダンジョン	itemLotId_1	2909800	プレゼンダンジョン敵ドロップ	True	
10201220	墓掘り（つるはし）　ダンジョン	itemLotId_1	2909800	プレゼンダンジョン敵ドロップ	True	
10202080	人さらい　ダンジョン	itemLotId_1	20202900	人さらい　ダンジョン	True	
10202102	人さらい　ダンジョン　嵐属性	itemLotId_1	20202910	人さらい　ダンジョン　嵐	True	
10204001	操り骸 タイマー死亡型	itemLotId_1	20402900	操り骸　ダンジョン　不死敵	True	
10204080	操り骸　ダンジョン	itemLotId_1	20402900	操り骸　ダンジョン　不死敵	True	
10205080	狂気の悪霊　ダンジョン	itemLotId_1	20502900	狂気の悪霊　ダンジョン	True	
10205290	狂気の悪霊　SAN値　ダンジョン	itemLotId_1	205290		False	
10208080	月明かりのゴースト 杖あり　ダンジョン	itemLotId_1	20802900	月明かりのゴースト　ダンジョン	True	52902200
10208090	月明かりのゴースト 杖なし　ダンジョン	itemLotId_1	20802900	月明かりのゴースト　ダンジョン	True	52902200
10208102	月明かりのゴースト 杖あり　ダンジョン　嵐属性	itemLotId_1	20802900	月明かりのゴースト　ダンジョン	True	52902200
10208103	月明かりのゴースト 杖あり　ダンジョン　コズミック属性透明化	itemLotId_1	20802920	月明かりのゴースト　ダンジョン　宇宙	True	
10208122	月明かりのゴースト 杖なし　ダンジョン　嵐属性	itemLotId_1	20802910	月明かりのゴースト　ダンジョン　嵐	True	
10208123	月明かりのゴースト 杖なし　ダンジョン　コズミック属性透明化	itemLotId_1	20802920	月明かりのゴースト　ダンジョン　宇宙	True	
10209095	血に渇いた獣　ザコ扱い　ダンジョン	itemLotId_1	20905000	血に渇いた獣　ザコ扱い	True	
10210080	アイコレクター ダンジョン	itemLotId_1	21002900	アイコレクター　ダンジョン	True	
10210102	アイコレクター ダンジョン　嵐属性	itemLotId_1	21002910	アイコレクター　ダンジョン　嵐	True	
10210180	アイコレクター　牢番ババア　 ダンジョン	itemLotId_1	21002902	アイコレクター　ダンジョン	True	
10211080	蜘蛛のクトゥルフ　ダンジョン	itemLotId_1	21102900	蜘蛛のクトゥルフ　ダンジョン	True	
10211102	蜘蛛のクトゥルフ　嵐属性	itemLotId_1	21102910	蜘蛛のクトゥルフ　ダンジョン　嵐	True	
10212080	闇の旅団　剣　ダンジョン	itemLotId_1	21202900	闇の旅団　剣　ダンジョン	True	
10212081	闇の旅団　剣・蝋燭　ダンジョン	itemLotId_1	21202902	闇の旅団　剣・蝋燭　ダンジョン	True	
10212082	闇の旅団　オーブ・鎚　ダンジョン	itemLotId_1	21202904	闇の旅団　オーブ・鎚　ダンジョン	True	
10212102	闇の旅団　剣　ダンジョン　嵐属性	itemLotId_1	21202910	闇の旅団　剣　ダンジョン　嵐	True	
10212122	闇の旅団　剣・蝋燭　ダンジョン　嵐属性	itemLotId_1	21202912	闇の旅団　剣・蝋燭　ダンジョン　嵐	True	
10212142	闇の旅団　オーブ・鎚　ダンジョン　嵐属性	itemLotId_1	21202914	闇の旅団　オーブ・鎚　ダンジョン　嵐	True	
10213000	血舐め（血袋小）　ダンジョン	itemLotId_1	21302900	血舐め　ダンジョン	True	
10213010	血舐め（血袋中）　ダンジョン	itemLotId_1	21302900	血舐め　ダンジョン	True	
10213020	血舐め（血袋大）　ダンジョン	itemLotId_1	21302900	血舐め　ダンジョン	True	
10213030	血舐め（血袋特大）　ダンジョン	itemLotId_1	21302900	血舐め　ダンジョン	True	
10213102	血舐め（血袋小）　ダンジョン　嵐属性	itemLotId_1	21302910	血舐め　ダンジョン　嵐	True	
10213122	血舐め（血袋中）　ダンジョン　嵐属性	itemLotId_1	21302910	血舐め　ダンジョン　嵐	True	
10213142	血舐め（血袋大）　ダンジョン　嵐属性	itemLotId_1	21302910	血舐め　ダンジョン　嵐	True	
10213162	血舐め（血袋特大）　ダンジョン　嵐属性	itemLotId_1	21302910	血舐め　ダンジョン　嵐	True	
10216000	滅びの炎の眷属　ダンジョン	itemLotId_1	21602900	滅びの炎の眷属　ダンジョン	True	
10216001	滅びの炎の眷属　（帽子なし）　ダンジョン	itemLotId_1	21602900	滅びの炎の眷属　ダンジョン	True	
10218000	銀の獣の眷属　ダンジョン	itemLotId_1	21802900	銀の獣の眷属　ダンジョン	True	
10218010	銀の獣の眷属　寄生虫　ダンジョン	itemLotId_1	21802900	銀の獣の眷属　ダンジョン	True	
10218102	銀の獣の眷属　嵐属性	itemLotId_1	21802910	銀の獣の眷属　ダンジョン　嵐	True	
10219000	寄生虫　ダンジョン	itemLotId_1	21902900	銀の獣の眷属　寄生虫　ダンジョン	True	
10225080	牢番A　剣のみ＋クロスボウ　ダンジョン用	itemLotId_1	22502900	牢番A　ダンジョン	True	
10225081	牢番A　鞭（キャットオブナインテイル） ダンジョン用	itemLotId_1	22502900	牢番A　ダンジョン	True	
10225082	牢番A　剣のみ　ダンジョン	itemLotId_1	22502900	牢番A　ダンジョン	True	
10226080	牢番B　鎖鞭　ダンジョン用	itemLotId_1	22602900	牢番B　鎖鞭　ダンジョン	True	
10226081	牢番B　オーブ　ダンジョン用	itemLotId_1	22602902	牢番B　オーブ　ダンジョン	True	
10250080	月からの使者　触手なし　ダンジョン	itemLotId_1	25002900	月からの使者　ダンジョン	True	
10250081	月からの使者　触手あり　ダンジョン	itemLotId_1	25002902	月からの使者　触手あり　ダンジョン	True	
10250203	月からの使者　コズミック属性透明化　ダンジョン	itemLotId_1	25002910	月からの使者　ダンジョン　宇宙	True	
10250204	月からの使者　触手あり　コズミック属性弾丸変化　ダンジョン	itemLotId_1	25002912	月からの使者　触手あり　ダンジョン　宇宙	True	
10250205	月からの使者　触手あり　コズミック属性化　ダンジョン	itemLotId_1	25002912	月からの使者　触手あり　ダンジョン　宇宙	True	
10250206	月からの使者　触手あり　コズミック属性弾丸変化　ダンジョン	itemLotId_1	25002912	月からの使者　触手あり　ダンジョン　宇宙	True	
10252080	月の幼生　ダンジョン	itemLotId_1	25202900	月の幼生　ダンジョン	True	
10252081	月の幼生　天井待機　ダンジョン	itemLotId_1	25202900	月の幼生　ダンジョン	True	
10253030	星の花　（頭部のみ）　ダンジョン	itemLotId_1	25302900	星の花　ダンジョン	True	
10253098	星の花　ダンジョン　※確認用	itemLotId_1	25302900	星の花　ダンジョン	True	
10253099	星の花　ダンジョン　※確認用	itemLotId_1	25302900	星の花　ダンジョン	True	
10253104	星の花　コズミック属性弾丸変化　ダンジョン	itemLotId_1	25302910	星の花　ダンジョン　宇宙	True	
10300000	ダンジョン人（司祭）　固定砲台　ダンジョン	itemLotId_1	30002900	ダンジョン人（司祭）　ダンジョン	True	
10300001	ダンジョン人（司祭）・立っている	itemLotId_1	30002900	ダンジョン人（司祭）　ダンジョン	True	
10300002	ダンジョン人（司祭）　周囲強化タイプ　ダンジョン	itemLotId_1	30002905	ダンジョン人（司祭）　ダンジョン 格闘タイプ	True	
10300010	ダンジョン人（司祭）　固定砲台　ダンジョン_ダンジョン用砲台	itemLotId_1	30002900	ダンジョン人（司祭）　ダンジョン	True	
10300104	ダンジョン人（司祭）　固定砲台　コズミック属性弾丸変化　ダンジョン	itemLotId_1	30002920	ダンジョン人（司祭）　ダンジョン　宇宙	True	
10300124	ダンジョン人（司祭）・立っている　コズミック属性弾丸変化	itemLotId_1	30002920	ダンジョン人（司祭）　ダンジョン　宇宙	True	
10300144	ダンジョン人（司祭）　固定砲台　ダンジョン_ダンジョン用砲台　コズミック属性弾丸変化	itemLotId_1	30002920	ダンジョン人（司祭）　ダンジョン　宇宙	True	
10301000	ダンジョン人（奴隷）　裸　剣　ダンジョン	itemLotId_1	30102900	ダンジョン人（奴隷）剣鉈　ダンジョン	True	
10301001	ダンジョン人（奴隷）（裸・剣_素手投擲）	itemLotId_1	30102900	ダンジョン人（奴隷）剣鉈　ダンジョン	True	
10301005	ダンジョン人（奴隷）　裸　剣　ステルス投げナイフ　ダンジョン	itemLotId_1	30102910	ダンジョン人（奴隷）剣鉈　ダンジョン　ステルス投げナイフ	True	
10301009	ダンジョン人（奴隷）　裸　素手　無気力　ダンジョン	itemLotId_1	30102920	ダンジョン人（奴隷）剣鉈　ダンジョン　無気力	True	
10301010	ダンジョン人（奴隷）　裸　鉈　ダンジョン	itemLotId_1	30102900	ダンジョン人（奴隷）剣鉈　ダンジョン	True	
10301011	ダンジョン人（奴隷）　裸　鉈　投擲　ダンジョン	itemLotId_1	30102930	ダンジョン人（奴隷）鉈投擲　ダンジョン	True	
10301020	ダンジョン人（奴隷）（白服・ランタン_剣）	itemLotId_1	30102902	ダンジョン人（奴隷）ランタン　ダンジョン	True	
10301030	ダンジョン人（奴隷）　白服　鉈　ランタン　ダンジョン	itemLotId_1	30102902	ダンジョン人（奴隷）ランタン　ダンジョン	True	
10301040	ダンジョン人（奴隷）　黒服　双斧　ダンジョン	itemLotId_1	30102906	ダンジョン人（奴隷）斧・斧　ダンジョン	True	
10301050	ダンジョン人（奴隷）　黒服　ポールウェポン　ダンジョン	itemLotId_1	30102904	ダンジョン人（奴隷）斧ポール　ダンジョン	True	
10301060	ダンジョン人（奴隷）　黒服　剣　ダンジョン	itemLotId_1	30102908	ダンジョン人（奴隷）剣・着衣　ダンジョン	True	
10301070	ダンジョン人（奴隷）　裸　双剣　強い奴隷　ダンジョン	itemLotId_1	30102970	ダンジョン人（奴隷）剣鉈　ダンジョン　強奴隷	True	
10301102	ダンジョン人（奴隷）　裸　剣　ダンジョン　嵐属性	itemLotId_1	30102910	ダンジョン人（奴隷）剣鉈　ダンジョン　ステルス投げナイフ	True	
10301107	ダンジョン人（奴隷）　裸　剣　ダンジョン　戦士	itemLotId_1	30102960	ダンジョン人（奴隷）剣鉈　ダンジョン　戦士	True	
10301109	ダンジョン人（奴隷）　裸　剣　ダンジョン　儀式	itemLotId_1	30102980	ダンジョン人（奴隷）剣鉈　ダンジョン　儀式	True	
10301122	ダンジョン人（奴隷）（裸・剣_素手投擲）　嵐属性	itemLotId_1	30102910	ダンジョン人（奴隷）剣鉈　ダンジョン　ステルス投げナイフ	True	
10301127	ダンジョン人（奴隷）（裸・剣_素手投擲）　戦士	itemLotId_1	30102960	ダンジョン人（奴隷）剣鉈　ダンジョン　戦士	True	
10301129	ダンジョン人（奴隷）（裸・剣_素手投擲）　儀式	itemLotId_1	30102980	ダンジョン人（奴隷）剣鉈　ダンジョン　儀式	True	
10301142	ダンジョン人（奴隷）（裸・鉈のみ）　嵐属性	itemLotId_1	30102910	ダンジョン人（奴隷）剣鉈　ダンジョン　ステルス投げナイフ	True	
10301147	ダンジョン人（奴隷）　裸　鉈　戦士　ダンジョン	itemLotId_1	30102960	ダンジョン人（奴隷）剣鉈　ダンジョン　戦士	True	
10301149	ダンジョン人（奴隷）　裸　鉈　儀式　ダンジョン	itemLotId_1	30102980	ダンジョン人（奴隷）剣鉈　ダンジョン　儀式	True	
10301162	ダンジョン人（奴隷）（裸・鉈_素手投擲）　嵐属性	itemLotId_1	30102910	ダンジョン人（奴隷）剣鉈　ダンジョン　ステルス投げナイフ	True	
10301167	ダンジョン人（奴隷）　裸　鉈　投擲　戦士　ダンジョン	itemLotId_1	30102930	ダンジョン人（奴隷）鉈投擲　ダンジョン	True	
10301169	ダンジョン人（奴隷）　裸　鉈　投擲　儀式　ダンジョン	itemLotId_1	30102930	ダンジョン人（奴隷）鉈投擲　ダンジョン	True	
10301182	ダンジョン人（奴隷）（白服・ランタン_剣）　嵐属性	itemLotId_1	30102912	ダンジョン人（奴隷）ランタン　ダンジョン　嵐	True	
10301187	ダンジョン人（奴隷）（白服・ランタン_剣）　戦士	itemLotId_1	30102962	ダンジョン人（奴隷）ランタン　ダンジョン　戦士	True	
10301189	ダンジョン人（奴隷）（白服・ランタン_剣）　儀式	itemLotId_1	30102982	ダンジョン人（奴隷）ランタン　ダンジョン　儀式	True	
10301202	ダンジョン人（奴隷）（白服・ランタン_鉈）　嵐属性	itemLotId_1	30102912	ダンジョン人（奴隷）ランタン　ダンジョン　嵐	True	
10301207	ダンジョン人（奴隷）　白服　鉈　ランタン　戦士　ダンジョン	itemLotId_1	30102962	ダンジョン人（奴隷）ランタン　ダンジョン　戦士	True	
10301209	ダンジョン人（奴隷）　白服　鉈　ランタン　儀式　ダンジョン	itemLotId_1	30102982	ダンジョン人（奴隷）ランタン　ダンジョン　儀式	True	
10301222	ダンジョン人（奴隷）（黒服・斧_斧)　嵐属性	itemLotId_1	30102916	ダンジョン人（奴隷）斧・斧　ダンジョン　嵐	True	
10301227	ダンジョン人（奴隷）　黒服　双斧　戦士　ダンジョン	itemLotId_1	30102966	ダンジョン人（奴隷）斧・斧　ダンジョン　戦士	True	
10301229	ダンジョン人（奴隷）　黒服　双斧　儀式　ダンジョン	itemLotId_1	30102986	ダンジョン人（奴隷）斧・斧　ダンジョン　儀式	True	
10301242	ダンジョン人（奴隷）（黒服・ポールウェポン)　嵐属性	itemLotId_1	30102914	ダンジョン人（奴隷）斧ポール　ダンジョン　嵐	True	
10301247	ダンジョン人（奴隷）　黒服　ポールウェポン　戦士　ダンジョン	itemLotId_1	30102964	ダンジョン人（奴隷）斧ポール　ダンジョン　戦士	True	
10301249	ダンジョン人（奴隷）　黒服　ポールウェポン　儀式　ダンジョン	itemLotId_1	30102984	ダンジョン人（奴隷）斧ポール　ダンジョン　儀式	True	
10301262	ダンジョン人（奴隷）（黒服・剣のみ）　嵐属性	itemLotId_1	30102918	ダンジョン人（奴隷）剣・着衣　ダンジョン　嵐	True	
10301267	ダンジョン人（奴隷）　黒服　剣　戦士　ダンジョン	itemLotId_1	30102968	ダンジョン人（奴隷）剣・着衣　ダンジョン　戦士	True	
10301269	ダンジョン人（奴隷）　黒服　剣　儀式　ダンジョン	itemLotId_1	30102988	ダンジョン人（奴隷）剣・着衣　ダンジョン　儀式	True	
10301329	ダンジョン人（奴隷）　白服　双斧　儀式　ダンジョン	itemLotId_1	30102986	ダンジョン人（奴隷）斧・斧　ダンジョン　儀式	True	
10301349	ダンジョン人（奴隷）　白服　ポールウェポン　儀式　ダンジョン	itemLotId_1	30102984	ダンジョン人（奴隷）斧ポール　ダンジョン　儀式	True	
10301369	ダンジョン人（奴隷）　白服　剣　儀式　ダンジョン	itemLotId_1	30102980	ダンジョン人（奴隷）剣鉈　ダンジョン　儀式	True	
10301800	ダンジョン人（奴隷）　裸　剣　ダンジョン	itemLotId_1	2909800	プレゼンダンジョン敵ドロップ	True	
10301810	ダンジョン人（奴隷）　裸　鉈　ダンジョン	itemLotId_1	2909800	プレゼンダンジョン敵ドロップ	True	
10301840	ダンジョン人（奴隷）　黒服　双斧　ダンジョン	itemLotId_1	2909800	プレゼンダンジョン敵ドロップ	True	
10301850	ダンジョン人（奴隷）　黒服　ポールウェポン　ダンジョン	itemLotId_1	2909800	プレゼンダンジョン敵ドロップ	True	
10301860	ダンジョン人（奴隷）　黒服　剣　ダンジョン	itemLotId_1	2909800	プレゼンダンジョン敵ドロップ	True	
10302000	ダンジョン人（番人）　剣盾　ダンジョン	itemLotId_1	30202900	ダンジョン人（番人）　ダンジョン	True	
10302010	ダンジョン人（番人）　モーニングスター　ダンジョン	itemLotId_1	30202900	ダンジョン人（番人）　ダンジョン	True	
10302020	ダンジョン人（番人）　剣クロスボウ　ダンジョン	itemLotId_1	30202902	ダンジョン人（番人）　クロスボウ　ダンジョン	True	
10302030	ダンジョン人（番人）　特大剣　ダンジョン	itemLotId_1	30202900	ダンジョン人（番人）　ダンジョン	True	
10302102	ダンジョン人（番人）（剣盾）　嵐属性	itemLotId_1	30202910	ダンジョン人（番人）　ダンジョン　嵐	True	
10302107	ダンジョン人（番人）（剣盾）　戦士	itemLotId_1	30202960	ダンジョン人（番人）　ダンジョン　戦士	True	
10302108	ダンジョン人（番人）　剣盾　医者　ダンジョン	itemLotId_1	30202970	ダンジョン人（番人）　ダンジョン　医者	True	
10302109	ダンジョン人（番人）　剣盾　儀式　ダンジョン	itemLotId_1	30202980	ダンジョン人（番人）　ダンジョン　儀式	True	
10302122	ダンジョン人（番人）（モーニングスター）　嵐属性	itemLotId_1	30202910	ダンジョン人（番人）　ダンジョン　嵐	True	
10302127	ダンジョン人（番人）（モーニングスター）　戦士	itemLotId_1	30202960	ダンジョン人（番人）　ダンジョン　戦士	True	
10302128	ダンジョン人（番人）　モーニングスター　医者　ダンジョン	itemLotId_1	30202970	ダンジョン人（番人）　ダンジョン　医者	True	
10302129	ダンジョン人（番人）（モーニングスター）　儀式	itemLotId_1	30202980	ダンジョン人（番人）　ダンジョン　儀式	True	
10302142	ダンジョン人（番人）（剣クロスボウ）　嵐属性	itemLotId_1	30202912	ダンジョン人（番人）　クロスボウ　ダンジョン　嵐	True	
10302147	ダンジョン人（番人）（剣クロスボウ）　戦士	itemLotId_1	30202962	ダンジョン人（番人）　クロスボウ　ダンジョン　戦士	True	
10302148	ダンジョン人（番人）　剣クロスボウ　医者　ダンジョン	itemLotId_1	30202982	ダンジョン人（番人）　クロスボウ　ダンジョン　儀式	True	
10302149	ダンジョン人（番人）（剣クロスボウ）　儀式	itemLotId_1	30202982	ダンジョン人（番人）　クロスボウ　ダンジョン　儀式	True	
10302162	ダンジョン人（番人）（特大剣）　嵐属性	itemLotId_1	30202910	ダンジョン人（番人）　ダンジョン　嵐	True	
10302167	ダンジョン人（番人）（特大剣）　戦士	itemLotId_1	30202960	ダンジョン人（番人）　ダンジョン　戦士	True	
10302168	ダンジョン人（番人）　特大剣　医者　ダンジョン	itemLotId_1	30202970	ダンジョン人（番人）　ダンジョン　医者	True	
10302169	ダンジョン人（番人）　特大剣　儀式　ダンジョン	itemLotId_1	30202980	ダンジョン人（番人）　ダンジョン　儀式	True	
10303000	ダンジョン人（狂人）　片手鎌　ダンジョン	itemLotId_1	30302900	ダンジョン人（狂人）　ダンジョン	True	
10303001	ダンジョン人（狂人）　片手折れた大剣　ダンジョン	itemLotId_1	30302900	ダンジョン人（狂人）　ダンジョン	True	
10303010	ダンジョン人（狂人）　死体持ち　ダンジョン	itemLotId_1	30302902	ダンジョン人（狂人）　死体持ち　ダンジョン	True	
10303020	ダンジョン人（狂人）　二刀鎌　ダンジョン	itemLotId_1	30302900	ダンジョン人（狂人）　ダンジョン	True	
10303102	ダンジョン人（狂人）　片手鎌　嵐属性　ダンジョン	itemLotId_1	30302910	ダンジョン人（狂人）　ダンジョン　嵐	True	
10303109	ダンジョン人（狂人）　片手鎌　儀式　ダンジョン	itemLotId_1	30302980	ダンジョン人（狂人）　ダンジョン　儀式	True	
10303122	ダンジョン人（狂人）　片手折れた大剣　嵐属性　ダンジョン	itemLotId_1	30302910	ダンジョン人（狂人）　ダンジョン　嵐	True	
10303129	ダンジョン人（狂人）　片手折れた大剣　儀式　ダンジョン	itemLotId_1	30302980	ダンジョン人（狂人）　ダンジョン　儀式	True	
10303142	ダンジョン人（狂人）　死体持ち　嵐属性　ダンジョン	itemLotId_1	30302912	ダンジョン人（狂人）　死体持ち　ダンジョン　嵐	True	
10303149	ダンジョン人（狂人）（死体持ち）　儀式	itemLotId_1	30302980	ダンジョン人（狂人）　ダンジョン　儀式	True	
10303162	ダンジョン人（狂人）　二刀鎌　嵐属性　ダンジョン	itemLotId_1	30302910	ダンジョン人（狂人）　ダンジョン　嵐	True	
10303169	ダンジョン人（狂人）　二刀鎌　儀式　ダンジョン	itemLotId_1	30302980	ダンジョン人（狂人）　ダンジョン　儀式	True	
10304000	ダンジョン人（デブ）　ナタ　ダンジョン	itemLotId_1	30402900	ダンジョン人（デブ）　ダンジョン	True	
10304010	ダンジョン人（デブ）　赤熱ナタ　ダンジョン	itemLotId_1	30402900	ダンジョン人（デブ）　ダンジョン	True	
10304020	ダンジョン人（デブ）　ナタ　ショットガン　ダンジョン	itemLotId_1	30402902	ダンジョン人（デブ）　銃　ダンジョン	True	
10304040	ダンジョン人（デブ）　ノコギリ　ダンジョン	itemLotId_1	30402900	ダンジョン人（デブ）　ダンジョン	True	
10304050	ダンジョン人（デブ）　裸　両手鉄球　ダンジョン	itemLotId_1	30402904	ダンジョン人（デブ）　鉄球　ダンジョン	True	
10304051	ダンジョン人（デブ）（鉄球両手・紳士）	itemLotId_1	30402904	ダンジョン人（デブ）　鉄球　ダンジョン	True	
10304102	ダンジョン人（デブ）（ナタ・ランタン）　嵐属性	itemLotId_1	30402910	ダンジョン人（デブ）　ダンジョン　嵐	True	
10304108	ダンジョン人（デブ）　ナタ　ダンジョン　医者	itemLotId_1	30402970	ダンジョン人（デブ）　ダンジョン　医者	True	
10304122	ダンジョン人（デブ）（ナタ赤熱・ランタン）　嵐属性	itemLotId_1	30402910	ダンジョン人（デブ）　ダンジョン　嵐	True	
10304128	ダンジョン人（デブ）　赤熱ナタ　ダンジョン　医者	itemLotId_1	30402970	ダンジョン人（デブ）　ダンジョン　医者	True	
10304142	ダンジョン人（デブ）（ショットガン・ランタン・ナタ）　嵐属性	itemLotId_1	30402912	ダンジョン人（デブ）　銃　ダンジョン　嵐	True	
10304148	ダンジョン人（デブ）　ナタ　ショットガン　ダンジョン　医者	itemLotId_1	30402972	ダンジョン人（デブ）　銃　ダンジョン　医者	True	
10304162	ダンジョン人（デブ）（ノコギリ）　嵐属性	itemLotId_1	30402910	ダンジョン人（デブ）　ダンジョン　嵐	True	
10304168	ダンジョン人（デブ）　ノコギリ　ダンジョン　医者	itemLotId_1	30402970	ダンジョン人（デブ）　ダンジョン　医者	True	
10304182	ダンジョン人（デブ）（鉄球両手・裸）　嵐属性	itemLotId_1	30402914	ダンジョン人（デブ）　鉄球　ダンジョン　嵐	True	
10304188	ダンジョン人（デブ）　裸　両手鉄球　ダンジョン　医者	itemLotId_1	30402974	ダンジョン人（デブ）　鉄球　ダンジョン　医者	True	
10304202	ダンジョン人（デブ）（鉄球両手・紳士）　嵐属性	itemLotId_1	30402914	ダンジョン人（デブ）　鉄球　ダンジョン　嵐	True	
10304208	ダンジョン人（デブ）（鉄球両手・紳士）　医者	itemLotId_1	30402974	ダンジョン人（デブ）　鉄球　ダンジョン　医者	True	
10305005	ダンジョン人（ロード）　双剣　ザコ扱い　ダンジョン	itemLotId_1	30505000	ダンジョン人（ロード)　双剣　ザコ扱い	True	
10305015	ダンジョン人（ロード）　杖　ザコ扱い　ダンジョン	itemLotId_1	30515000	ダンジョン人（ロード)　杖　ザコ扱い	True	
10310080	ミミック　ダンジョン	itemLotId_1	31002900	ミミック　ダンジョン	True	
10310081	ミミック　遠距離　ダンジョン	itemLotId_1	31002902	ミミック　遠距離タイプ　ダンジョン	True	
10312000	悪霊（女）　ダンジョン	itemLotId_1	31202900	悪霊（女）　ダンジョン	True	
10312010	悪霊（女）　ストーカー　ダンジョン	itemLotId_1	31202900	悪霊（女）　ダンジョン	True	
10312011	悪霊（女）　ストーカー　宝箱から出現　ダンジョン	itemLotId_1	31202900	悪霊（女）　ダンジョン	True	
10312102	悪霊（女）　ダンジョン　嵐属性	itemLotId_1	31202910	悪霊（女）　ダンジョン　嵐	True	
10313000	フレッシュゴーレム（先端剣＋肘剣）　弱点なし　ダンジョン	itemLotId_1	31302900	フレッシュゴーレム　ダンジョン	True	
10313001	フレッシュゴーレム（先端剣＋肘剣）　弱点左ひざ横　ダンジョン	itemLotId_1	31302900	フレッシュゴーレム　ダンジョン	True	
10313002	フレッシュゴーレム（先端剣＋肘剣）　弱点おしり　ダンジョン	itemLotId_1	31302900	フレッシュゴーレム　ダンジョン	True	
10313010	フレッシュゴーレム（斧＋大砲）　弱点なし　ダンジョン	itemLotId_1	31302910	フレッシュゴーレム　大砲　ダンジョン	True	
10313011	フレッシュゴーレム（斧＋大砲）　弱点左ひざ横　ダンジョン	itemLotId_1	31302910	フレッシュゴーレム　大砲　ダンジョン	True	
10313012	フレッシュゴーレム（斧＋大砲）　弱点正面　ダンジョン	itemLotId_1	31302910	フレッシュゴーレム　大砲　ダンジョン	True	
10313020	フレッシュゴーレム（肉塊＋鉤）　弱点なし　ダンジョン	itemLotId_1	31302900	フレッシュゴーレム　ダンジョン	True	
10313021	フレッシュゴーレム（肉塊＋鉤）　弱点左ひざ横　ダンジョン	itemLotId_1	31302900	フレッシュゴーレム　ダンジョン	True	
10313022	フレッシュゴーレム（肉塊＋鉤）　弱点おしり　ダンジョン	itemLotId_1	31302900	フレッシュゴーレム　ダンジョン	True	
10313109	フレッシュゴーレム（先端剣＋肘剣）　弱点なし　炎エンチャント　ダンジョン	itemLotId_1	31302980	フレッシュゴーレム　ダンジョン　儀式	True	
10313129	フレッシュゴーレム（先端剣＋肘剣）　弱点左ひざ横　炎エンチャント　ダンジョン	itemLotId_1	31302980	フレッシュゴーレム　ダンジョン　儀式	True	
10313149	フレッシュゴーレム（先端剣＋肘剣）　弱点おしり　炎エンチャント　ダンジョン	itemLotId_1	31302980	フレッシュゴーレム　ダンジョン　儀式	True	
10313200	フレッシュゴーレム（先端剣＋肘剣）　弱点左ひざ横　炎エンチャント　ダンジョン	itemLotId_1	2909800	プレゼンダンジョン敵ドロップ	True	
10501005	炎の獣　ザコ扱い　ダンジョン	itemLotId_1	50105000	炎の獣　ザコ扱い	True	
10501200	炎の獣　【Boss】　ダンジョンボス　ダンジョン	itemLotId_1	2909800	プレゼンダンジョン敵ドロップ	True	
10504005	嵐の獣　ザコ扱い　ダンジョン	itemLotId_1	50405000	嵐の獣　ザコ扱い	True	
10509005	始祖ビースト　ザコ扱い　ダンジョン	itemLotId_1	50905000	始祖ビースト　ザコ扱い	True	
10701020	アバターB　敵	itemLotId_1	70102900	アバターB　ダンジョン	True	
10701102	アバターB　敵　嵐属性	itemLotId_1	70102910	アバターB　ダンジョン　嵐	True	
10701103	アバターB　敵　コズミック属性透明化	itemLotId_1	70102920	アバターB　ダンジョン　宇宙	True	
10701104	アバターB　敵　コズミック属性弾丸変化	itemLotId_1	70102920	アバターB　ダンジョン　宇宙	True	
10750080	敵アバター　ダンジョン	itemLotId_1	75002900	敵アバター　ダンジョン	True	
19304000	ダンジョン人（デブ）　ナタ　ダンジョン	itemLotId_1	30405000	ダンジョン人（デブ）　ダンジョン　A1	True	
19304010	ダンジョン人（デブ）　赤熱ナタ　ダンジョン	itemLotId_1	30405000	ダンジョン人（デブ）　ダンジョン　A1	True	
19304020	ダンジョン人（デブ）　ナタ　ショットガン　ダンジョン	itemLotId_1	30405000	ダンジョン人（デブ）　ダンジョン　A1	True	
19304040	ダンジョン人（デブ）　ノコギリ　ダンジョン	itemLotId_1	30405000	ダンジョン人（デブ）　ダンジョン　A1	True	
19304050	ダンジョン人（デブ）　裸　両手鉄球　ダンジョン	itemLotId_1	30405000	ダンジョン人（デブ）　ダンジョン　A1	True	
19304051	ダンジョン人（デブ）（鉄球両手・紳士）	itemLotId_1	30405000	ダンジョン人（デブ）　ダンジョン　A1	True	
19304108	ダンジョン人（デブ）　ナタ　医者　ダンジョン	itemLotId_1	30405000	ダンジョン人（デブ）　ダンジョン　A1	True	
19304128	ダンジョン人（デブ）　赤熱ナタ　医者　ダンジョン	itemLotId_1	30405000	ダンジョン人（デブ）　ダンジョン　A1	True	
19304148	ダンジョン人（デブ）　ナタ　ショットガン　医者　ダンジョン	itemLotId_1	30405000	ダンジョン人（デブ）　ダンジョン　A1	True	
19304168	ダンジョン人（デブ）　ノコギリ　医者　ダンジョン	itemLotId_1	30405000	ダンジョン人（デブ）　ダンジョン　A1	True	
19304188	ダンジョン人（デブ）　裸　両手鉄球　医者　ダンジョン	itemLotId_1	30405000	ダンジョン人（デブ）　ダンジョン　A1	True	
19304208	ダンジョン人（デブ）（鉄球両手・紳士）　医者	itemLotId_1	30405000	ダンジョン人（デブ）　ダンジョン　A1	True	
20100080	猟犬　ダンジョン	itemLotId_1	10002900	猟犬　ダンジョン	True	
20100085	猟犬_ドレイン特殊効果　ダンジョン	itemLotId_1	10002900	猟犬　ダンジョン	True	
20100180	猟犬_月_ダンジョン	itemLotId_1	10002900	猟犬　ダンジョン	True	
20100185	猟犬_月_ダンジョン_コズミック属性透明化	itemLotId_1	10002900	猟犬　ダンジョン	True	
20101080	司祭　ダンジョン	itemLotId_1	10102900	司祭　ダンジョン	True	
20101095	司祭　ダンジョン　番人	itemLotId_1	30002900	ダンジョン人（司祭）　ダンジョン	True	
20105080	さまよう寡婦　ダンジョン用	itemLotId_1	10502900	さまよう寡婦　ダンジョン	True	
20106080	脳喰らい　ダンジョン	itemLotId_1	10602900	脳喰らい　ダンジョン	True	
20109080	異形ビースト　素手_警戒行動なし　ダンジョン	itemLotId_1	10902900	異形ビースト　ダンジョン	True	
20110080	下水ネズミ　ダンジョン	itemLotId_1	11002900	下水ネズミ　ダンジョン	True	
20110081	下水ネズミ　膿付き　ダンジョン	itemLotId_1	11002902	下水ネズミ　膿み付き　ダンジョン	True	
20111011	クモ男パッチ_ダンジョン	itemLotId_1	39020	パッチ_死亡時ドロップアイテム	True	50002100
20111080	死と闇の眷属　首あり　ダンジョン	itemLotId_1	11102900	死と闇の眷属（クモ）　首あり　ダンジョン	True	
20111081	死と闇の眷属（変速前移動）　ダンジョン	itemLotId_1	11102900	死と闇の眷属（クモ）　首あり　ダンジョン	True	
20111085	死と闇の眷属　首なし　ダンジョン	itemLotId_1	11102904	死と闇の眷属（クモ）　首なし（ジェネレート）　ダンジョン	True	
20111086	死と闇の眷属（変速前移動）　首なし　ダンジョン	itemLotId_1	11102902	死と闇の眷属（クモ）　首なし　ダンジョン	True	
20111090	死と闇の眷属　首あり　生成　ダンジョン	itemLotId_1	11102902	死と闇の眷属（クモ）　首なし　ダンジョン	True	
20111091	死と闇の眷属_ジェネレート（変速前移動）　ダンジョン	itemLotId_1	11102902	死と闇の眷属（クモ）　首なし　ダンジョン	True	
20111095	死と闇の眷属　首なし　生成　ダンジョン	itemLotId_1	11102902	死と闇の眷属（クモ）　首なし　ダンジョン	True	
20111096	死と闇の眷属_ジェネレート（変速前移動）　首なし　ダンジョン	itemLotId_1	11102902	死と闇の眷属（クモ）　首なし　ダンジョン	True	
20112080	水死体ビースト　ダンジョン	itemLotId_1	11202900	水死体ビースト　ダンジョン	True	
20113080	デーモンの狂信者　ダンジョン用	itemLotId_1	11302900	デーモンの狂信者　ダンジョン	True	
20114080	狂信者の獣　ダンジョン	itemLotId_1	11402900	狂信者の獣　ダンジョン	True	
20115080	スライム　ダンジョン	itemLotId_1	11502900	スライム　ダンジョン	True	
20116080	デーモン犬　ダンジョン	itemLotId_1	11602900	デーモン犬　ダンジョン	True	
20118080	さまよう狂気(小)　並１　ダンジョン用	itemLotId_1	11810000	さまよう狂気（小）　ダンジョン	True	52902000
20118081	さまよう狂気(小)　並２　ダンジョン用	itemLotId_1	11810000	さまよう狂気（小）　ダンジョン	True	52902000
20118082	さまよう狂気(小)　良　ダンジョン用	itemLotId_1	11810000	さまよう狂気（小）　ダンジョン	True	52902000
20118083	さまよう狂気(小)　レア　ダンジョン用	itemLotId_1	11810000	さまよう狂気（小）　ダンジョン	True	52902000
20119080	さまよう狂気(中)　ダンジョン	itemLotId_1	11902900	さまよう狂気（中）　ダンジョン　並	True	52903000
20121080	墓守サソリ　子なし　小はさみ　ダンジョン	itemLotId_1	12102900	墓守サソリ　ダンジョン	True	
20121081	墓守サソリ　子なし　大はさみ　ダンジョン	itemLotId_1	12102900	墓守サソリ　ダンジョン	True	
20121090	墓守サソリ　子あり　小はさみ　ダンジョン	itemLotId_1	12102902	墓守サソリ　子持ち　ダンジョン	True	
20121091	墓守サソリ　子あり　大はさみ　ダンジョン	itemLotId_1	12102902	墓守サソリ　子持ち　ダンジョン	True	
20122080	幼生オオコウモリ　ダンジョン	itemLotId_1	12202900	幼生オオコウモリ　ダンジョン	True	
20122081	幼生オオコウモリ（彫像待機）　ダンジョン	itemLotId_1	12202900	幼生オオコウモリ　ダンジョン	True	
20123000	穴掘り　ダンジョン	itemLotId_1	12302900	穴掘り　ダンジョン	True	
20124090	狂犬　ダンジョン	itemLotId_1	12402900	狂犬　ダンジョン	True	
20125000	蛇玉（子）　1本だけ太い　ダンジョン	itemLotId_1	12502900	蛇玉（子）　ダンジョン	True	
20125010	蛇玉（子）　毒霧　ダンジョン	itemLotId_1	12502900	蛇玉（子）　ダンジョン	True	
20126000	蛇玉（子）・小　1本だけ太い　ダンジョン	itemLotId_1	12602900	蛇玉（子）小　ダンジョン	True	
20127000	吸血豚　ダンジョン	itemLotId_1	12702900	吸血豚　ダンジョン	True	
20130000	死と闇の眷属（大）　ダンジョン	itemLotId_1	13002900	死と闇の眷属（大）　ダンジョン	True	
20140000	白痴の蜘蛛（子）　ダンジョン	itemLotId_1	14002900	白痴の蜘蛛（子）　ダンジョン	True	
20201020	墓掘り（銃）	itemLotId_1	20102904	ダンジョン人（墓掘り）銃　ダンジョン	True	
20201080	墓掘り（鉤）　ダンジョン	itemLotId_1	20102900	ダンジョン人（墓掘り）鉤　ダンジョン	True	
20201081	墓掘り（つるはし）　ダンジョン	itemLotId_1	20102902	ダンジョン人（墓掘り）つるはし　ダンジョン	True	
20202080	人さらい　ダンジョン	itemLotId_1	20202900	人さらい　ダンジョン	True	
20204001	操り骸 タイマー死亡型	itemLotId_1	20402900	操り骸　ダンジョン　不死敵	True	
20204080	操り骸　ダンジョン	itemLotId_1	20402900	操り骸　ダンジョン　不死敵	True	
20205080	狂気の悪霊　ダンジョン	itemLotId_1	20502900	狂気の悪霊　ダンジョン	True	
20208080	月明かりのゴースト 杖あり　ダンジョン	itemLotId_1	20802900	月明かりのゴースト　ダンジョン	True	52902200
20208090	月明かりのゴースト 杖なし　ダンジョン	itemLotId_1	20802900	月明かりのゴースト　ダンジョン	True	52902200
20210080	アイコレクター ダンジョン	itemLotId_1	21002900	アイコレクター　ダンジョン	True	
20211080	蜘蛛のクトゥルフ　ダンジョン	itemLotId_1	21102900	蜘蛛のクトゥルフ　ダンジョン	True	
20212080	闇の旅団　剣　ダンジョン	itemLotId_1	21202900	闇の旅団　剣　ダンジョン	True	
20212081	闇の旅団　剣・蝋燭　ダンジョン	itemLotId_1	21202902	闇の旅団　剣・蝋燭　ダンジョン	True	
20212082	闇の旅団　オーブ・鎚　ダンジョン	itemLotId_1	21202904	闇の旅団　オーブ・鎚　ダンジョン	True	
20212083	闇の旅団　銃　ダンジョン	itemLotId_1	21202906	闇の旅団　銃　ダンジョン	True	
20213000	血舐め（血袋小）　ダンジョン	itemLotId_1	21302900	血舐め　ダンジョン	True	
20213010	血舐め（血袋中）　ダンジョン	itemLotId_1	21302900	血舐め　ダンジョン	True	
20213020	血舐め（血袋大）　ダンジョン	itemLotId_1	21302900	血舐め　ダンジョン	True	
20213030	血舐め（血袋特大）　ダンジョン	itemLotId_1	21302900	血舐め　ダンジョン	True	
20216000	滅びの炎の眷属	itemLotId_1	21602900	滅びの炎の眷属　ダンジョン	True	
20216001	滅びの炎の眷属　（帽子なし）	itemLotId_1	21602900	滅びの炎の眷属　ダンジョン	True	
20218000	銀の獣の眷属　ダンジョン	itemLotId_1	21802900	銀の獣の眷属　ダンジョン	True	
20218005	銀の獣の眷属　ダンジョン　ドレイン特殊効果	itemLotId_1	21802900	銀の獣の眷属　ダンジョン	True	
20225080	牢番A　剣のみ＋クロスボウ　ダンジョン用	itemLotId_1	22502900	牢番A　ダンジョン	True	
20225081	牢番A　鞭（キャットオブナインテイル） ダンジョン用	itemLotId_1	22502900	牢番A　ダンジョン	True	
20225082	牢番A　剣のみ　ダンジョン	itemLotId_1	22502900	牢番A　ダンジョン	True	
20226080	牢番B　鎖鞭　ダンジョン用	itemLotId_1	22602900	牢番B　鎖鞭　ダンジョン	True	
20226081	牢番B　オーブ　ダンジョン用	itemLotId_1	22602902	牢番B　オーブ　ダンジョン	True	
20250080	月からの使者　触手なし　ダンジョン	itemLotId_1	25002900	月からの使者　ダンジョン	True	
20250081	月からの使者　触手あり　ダンジョン	itemLotId_1	25002902	月からの使者　触手あり　ダンジョン	True	
20252080	月の幼生　ダンジョン	itemLotId_1	25202900	月の幼生　ダンジョン	True	
20252081	月の幼生　天井待機　ダンジョン	itemLotId_1	25202900	月の幼生　ダンジョン	True	
20253030	星の花　（頭部のみ）　ダンジョン	itemLotId_1	25302900	星の花　ダンジョン	True	
20253104	星の花　コズミック属性弾丸変化　ダンジョン	itemLotId_1	25302910	星の花　ダンジョン　宇宙	True	
20255000	這い寄るもの（大）　ダンジョン	itemLotId_1	25502900	這い寄るもの（大）　ダンジョン	True	
20256000	なりそこないメッセンジャー（ほおずき）　ダンジョン	itemLotId_1	25602900	ほおずき　ダンジョン	True	
20300000	ダンジョン人（司祭）　固定砲台　ダンジョン	itemLotId_1	30002900	ダンジョン人（司祭）　ダンジョン	True	
20300001	ダンジョン人（司祭）・立っている	itemLotId_1	30002900	ダンジョン人（司祭）　ダンジョン	True	
20300010	ダンジョン人（司祭）　固定砲台　ダンジョン_ダンジョン用砲台	itemLotId_1	30002900	ダンジョン人（司祭）　ダンジョン	True	
20301000	ダンジョン人（奴隷）　裸　剣　ダンジョン	itemLotId_1	30102900	ダンジョン人（奴隷）剣鉈　ダンジョン	True	
20301001	ダンジョン人（奴隷）（裸・剣_素手投擲）	itemLotId_1	30102900	ダンジョン人（奴隷）剣鉈　ダンジョン	True	
20301010	ダンジョン人（奴隷）　裸　鉈　ダンジョン	itemLotId_1	30102900	ダンジョン人（奴隷）剣鉈　ダンジョン	True	
20301011	ダンジョン人（奴隷）　裸　鉈　投擲　ダンジョン	itemLotId_1	30102930	ダンジョン人（奴隷）鉈投擲　ダンジョン	True	
20301012	ダンジョン人（奴隷）（裸・鉈のみ）_生成される	itemLotId_1	30102900	ダンジョン人（奴隷）剣鉈　ダンジョン	True	
20301020	ダンジョン人（奴隷）（白服・ランタン_剣）	itemLotId_1	30102902	ダンジョン人（奴隷）ランタン　ダンジョン	True	
20301030	ダンジョン人（奴隷）　白服　鉈　ランタン　ダンジョン	itemLotId_1	30102902	ダンジョン人（奴隷）ランタン　ダンジョン	True	
20301040	ダンジョン人（奴隷）　黒服　双斧　ダンジョン	itemLotId_1	30102906	ダンジョン人（奴隷）斧・斧　ダンジョン	True	
20301042	ダンジョン人（奴隷）（黒服・斧_斧)_生成される	itemLotId_1	30102906	ダンジョン人（奴隷）斧・斧　ダンジョン	True	
20301050	ダンジョン人（奴隷）　黒服　ポールウェポン　ダンジョン	itemLotId_1	30102904	ダンジョン人（奴隷）斧ポール　ダンジョン	True	
20301052	ダンジョン人（奴隷）（黒服・ポールウェポン)_生成される	itemLotId_1	30102904	ダンジョン人（奴隷）斧ポール　ダンジョン	True	
20301060	ダンジョン人（奴隷）　黒服　剣　ダンジョン	itemLotId_1	30102908	ダンジョン人（奴隷）剣・着衣　ダンジョン	True	
20301070	ダンジョン人（奴隷）　裸　双剣　強い奴隷　ダンジョン	itemLotId_1	30102900	ダンジョン人（奴隷）剣鉈　ダンジョン	True	
20302000	ダンジョン人（番人）　剣盾　ダンジョン	itemLotId_1	30202900	ダンジョン人（番人）　ダンジョン	True	
20302010	ダンジョン人（番人）　モーニングスター　ダンジョン	itemLotId_1	30202900	ダンジョン人（番人）　ダンジョン	True	
20302020	ダンジョン人（番人）　剣クロスボウ　ダンジョン	itemLotId_1	30202902	ダンジョン人（番人）　クロスボウ　ダンジョン	True	
20302030	ダンジョン人（番人）　特大剣　ダンジョン	itemLotId_1	30202900	ダンジョン人（番人）　ダンジョン	True	
20303000	ダンジョン人（狂人）　片手鎌　ダンジョン	itemLotId_1	30302900	ダンジョン人（狂人）　ダンジョン	True	
20303001	ダンジョン人（狂人）　片手折れた大剣　ダンジョン	itemLotId_1	30302900	ダンジョン人（狂人）　ダンジョン	True	
20303010	ダンジョン人（狂人）　死体持ち　ダンジョン	itemLotId_1	30302902	ダンジョン人（狂人）　死体持ち　ダンジョン	True	
20303020	ダンジョン人（狂人）　二刀鎌　ダンジョン	itemLotId_1	30302900	ダンジョン人（狂人）　ダンジョン	True	
20304000	ダンジョン人（デブ）　ナタ　ダンジョン	itemLotId_1	30402900	ダンジョン人（デブ）　ダンジョン	True	
20304010	ダンジョン人（デブ）　赤熱ナタ　ダンジョン	itemLotId_1	30402900	ダンジョン人（デブ）　ダンジョン	True	
20304020	ダンジョン人（デブ）　ナタ　ショットガン　ダンジョン	itemLotId_1	30402902	ダンジョン人（デブ）　銃　ダンジョン	True	
20304040	ダンジョン人（デブ）　ノコギリ　ダンジョン	itemLotId_1	30402900	ダンジョン人（デブ）　ダンジョン	True	
20304050	ダンジョン人（デブ）　裸　両手鉄球　ダンジョン	itemLotId_1	30402904	ダンジョン人（デブ）　鉄球　ダンジョン	True	
20304051	ダンジョン人（デブ）（鉄球両手・紳士）	itemLotId_1	30402904	ダンジョン人（デブ）　鉄球　ダンジョン	True	
20310080	ミミック　ダンジョン用	itemLotId_1	31002900	ミミック　ダンジョン	True	
20312000	悪霊（女）　ダンジョン	itemLotId_1	31202900	悪霊（女）　ダンジョン	True	
20313000	フレッシュゴーレム（先端剣＋肘剣）　弱点なし　ダンジョン	itemLotId_1	31302900	フレッシュゴーレム　ダンジョン	True	
20313001	フレッシュゴーレム（先端剣＋肘剣）　弱点_左ひざ横（旧　右ひざ横）	itemLotId_1	31302900	フレッシュゴーレム　ダンジョン	True	
20313002	フレッシュゴーレム（先端剣＋肘剣）　弱点_おしり	itemLotId_1	31302900	フレッシュゴーレム　ダンジョン	True	
20313010	フレッシュゴーレム（斧＋大砲）　弱点なし	itemLotId_1	31302910	フレッシュゴーレム　大砲　ダンジョン	True	
20313011	フレッシュゴーレム（斧＋大砲）　弱点_左ひざ横	itemLotId_1	31302910	フレッシュゴーレム　大砲　ダンジョン	True	
20313012	フレッシュゴーレム（斧＋大砲）　弱点_正面高いところ	itemLotId_1	31302910	フレッシュゴーレム　大砲　ダンジョン	True	
20313020	フレッシュゴーレム（肉塊＋鉤）　弱点なし	itemLotId_1	31302900	フレッシュゴーレム　ダンジョン	True	
20313021	フレッシュゴーレム（肉塊＋鉤）　弱点_左ひざ横（旧　右ひざ横）	itemLotId_1	31302900	フレッシュゴーレム　ダンジョン	True	
20313022	フレッシュゴーレム（肉塊＋鉤）　弱点_おしり	itemLotId_1	31302900	フレッシュゴーレム　ダンジョン	True	
20504000	嵐の獣　ダンジョン	itemLotId_1	50400000	嵐の獣　ダンジョン	True	
20508000	嵐の獣（骨）　ダンジョン	itemLotId_1	50800000	嵐の獣（骨）　廃墟	True	
20750080	敵アバター　ダンジョン	itemLotId_1	70102900	アバターB　ダンジョン	True	
21110080	下水ネズミ　ダンジョン	itemLotId_1	11002940	下水ネズミ　ダンジョン　毒	True	
21110081	下水ネズミ　膿付き　ダンジョン	itemLotId_1	11002942	下水ネズミ　膿み付き　ダンジョン　毒	True	
21111011	クモ男パッチ_ダンジョン	itemLotId_1	39020	パッチ_死亡時ドロップアイテム	True	50002100
21111080	死と闇の眷属　首あり　ダンジョン	itemLotId_1	11102940	死と闇の眷属（クモ）　首あり　ダンジョン　毒	True	
21111085	死と闇の眷属　首なし　ダンジョン	itemLotId_1	11102942	死と闇の眷属（クモ）　首なし　ダンジョン　毒	True	
21111090	死と闇の眷属　首あり　生成　ダンジョン	itemLotId_1	11102902	死と闇の眷属（クモ）　首なし　ダンジョン	True	
21111091	死と闇の眷属_ジェネレート（変速前移動）　ダンジョン	itemLotId_1	11102902	死と闇の眷属（クモ）　首なし　ダンジョン	True	
21111095	死と闇の眷属　首なし　生成　ダンジョン	itemLotId_1	11102902	死と闇の眷属（クモ）　首なし　ダンジョン	True	
21111096	死と闇の眷属_ジェネレート（変速前移動）　首なし　ダンジョン	itemLotId_1	11102902	死と闇の眷属（クモ）　首なし　ダンジョン	True	
21114080	狂信者の獣　ダンジョン	itemLotId_1	11402940	狂信者の獣　ダンジョン　毒	True	
21121080	墓守サソリ　子なし　小はさみ　ダンジョン	itemLotId_1	12102940	墓守サソリ　ダンジョン　毒	True	
21121081	墓守サソリ　子なし　大はさみ　ダンジョン	itemLotId_1	12102940	墓守サソリ　ダンジョン　毒	True	
21121090	墓守サソリ　子あり　小はさみ　ダンジョン	itemLotId_1	12102942	墓守サソリ　子持ち　ダンジョン　毒	True	
21121091	墓守サソリ　子あり　大はさみ　ダンジョン	itemLotId_1	12102942	墓守サソリ　子持ち　ダンジョン　毒	True	
21124090	狂犬　ダンジョン	itemLotId_1	12402940	狂犬　ダンジョン　毒	True	
21125000	蛇玉（子）　1本だけ太い　ダンジョン	itemLotId_1	12502940	蛇玉（子）　ダンジョン　毒	True	
21125010	蛇玉（子）　毒霧　ダンジョン	itemLotId_1	12502940	蛇玉（子）　ダンジョン　毒	True	
21126000	蛇玉（子）・小　1本だけ太い　ダンジョン	itemLotId_1	12602940	蛇玉（子）小　ダンジョン　毒	True	
21127000	吸血豚　ダンジョン	itemLotId_1	12702940	吸血豚　ダンジョン　毒	True	
21130000	死と闇の眷属（大）　ダンジョン	itemLotId_1	13002940	死と闇の眷属（大）　ダンジョン　毒	True	
21140000	白痴の蜘蛛（子）　ダンジョン	itemLotId_1	14002900	白痴の蜘蛛（子）　ダンジョン	True	
21201080	墓掘り（鉤）　ダンジョン	itemLotId_1	20102900	ダンジョン人（墓掘り）鉤　ダンジョン	True	
21201081	墓掘り（つるはし）　ダンジョン	itemLotId_1	20102902	ダンジョン人（墓掘り）つるはし　ダンジョン	True	
21253030	星の花　（頭部のみ）　ダンジョン	itemLotId_1	25302900	星の花　ダンジョン	True	
21253104	星の花　コズミック属性弾丸変化　ダンジョン	itemLotId_1	25302910	星の花　ダンジョン　宇宙	True	
21300000	ダンジョン人（司祭）　固定砲台　ダンジョン　毒	itemLotId_1	30002940	ダンジョン人（司祭）　ダンジョン　毒	True	
21300001	ダンジョン人（司祭）・立っている　毒	itemLotId_1	30002940	ダンジョン人（司祭）　ダンジョン　毒	True	
21300010	ダンジョン人（司祭）　固定砲台　ダンジョン_ダンジョン用砲台　毒	itemLotId_1	30002940	ダンジョン人（司祭）　ダンジョン　毒	True	
21301000	ダンジョン人（奴隷）　裸　剣　ダンジョン　毒	itemLotId_1	30102940	ダンジョン人（奴隷）剣鉈　ダンジョン　毒	True	
21301001	ダンジョン人（奴隷）（裸・剣_素手投擲）　毒	itemLotId_1	30102940	ダンジョン人（奴隷）剣鉈　ダンジョン　毒	True	
21301010	ダンジョン人（奴隷）　裸　鉈　ダンジョン　毒	itemLotId_1	30102940	ダンジョン人（奴隷）剣鉈　ダンジョン　毒	True	
21301011	ダンジョン人（奴隷）　裸　鉈　投擲　ダンジョン　毒	itemLotId_1	30102932	ダンジョン人（奴隷）鉈投擲　ダンジョン　毒	True	
21301020	ダンジョン人（奴隷）（白服・ランタン_剣）　毒	itemLotId_1	30102942	ダンジョン人（奴隷）ランタン　ダンジョン　毒	True	
21301030	ダンジョン人（奴隷）　白服　鉈　ランタン　ダンジョン　毒	itemLotId_1	30102942	ダンジョン人（奴隷）ランタン　ダンジョン　毒	True	
21301040	ダンジョン人（奴隷）　黒服　双斧　ダンジョン　毒	itemLotId_1	30102946	ダンジョン人（奴隷）斧・斧　ダンジョン　毒	True	
21301050	ダンジョン人（奴隷）　黒服　ポールウェポン　ダンジョン　毒	itemLotId_1	30102944	ダンジョン人（奴隷）斧ポール　ダンジョン　毒	True	
21301060	ダンジョン人（奴隷）　黒服　剣　ダンジョン毒	itemLotId_1	30102948	ダンジョン人（奴隷）剣・着衣　ダンジョン　毒	True	
21301070	ダンジョン人（奴隷）　裸　双剣　強い奴隷　ダンジョン	itemLotId_1	30102900	ダンジョン人（奴隷）剣鉈　ダンジョン	True	
21302000	ダンジョン人（番人）　剣盾　ダンジョン	itemLotId_1	30202900	ダンジョン人（番人）　ダンジョン	True	
21302010	ダンジョン人（番人）　モーニングスター　ダンジョン	itemLotId_1	30202900	ダンジョン人（番人）　ダンジョン	True	
21302020	ダンジョン人（番人）　剣クロスボウ　ダンジョン	itemLotId_1	30202902	ダンジョン人（番人）　クロスボウ　ダンジョン	True	
21302030	ダンジョン人（番人）　特大剣　ダンジョン	itemLotId_1	30202900	ダンジョン人（番人）　ダンジョン	True	
21303000	ダンジョン人（狂人）　片手鎌　毒化　ダンジョン	itemLotId_1	30302900	ダンジョン人（狂人）　ダンジョン	True	
21303001	ダンジョン人（狂人）　片手折れた大剣　毒化　ダンジョン	itemLotId_1	30302900	ダンジョン人（狂人）　ダンジョン	True	
21303010	ダンジョン人（狂人）　死体持ち　毒化　ダンジョン	itemLotId_1	30302902	ダンジョン人（狂人）　死体持ち　ダンジョン	True	
21303020	ダンジョン人（狂人）　二刀鎌　毒化　ダンジョン	itemLotId_1	30302900	ダンジョン人（狂人）　ダンジョン	True	
21304000	ダンジョン人（デブ）　ナタ　毒化　ダンジョン	itemLotId_1	30402900	ダンジョン人（デブ）　ダンジョン	True	
21304010	ダンジョン人（デブ）　赤熱ナタ　毒化　ダンジョン	itemLotId_1	30402900	ダンジョン人（デブ）　ダンジョン	True	
21304020	ダンジョン人（デブ）　ナタ　ショットガン　毒化　ダンジョン	itemLotId_1	30402902	ダンジョン人（デブ）　銃　ダンジョン	True	
21304040	ダンジョン人（デブ）　ノコギリ　毒化　ダンジョン	itemLotId_1	30402900	ダンジョン人（デブ）　ダンジョン	True	
21304050	ダンジョン人（デブ）　裸　両手鉄球　毒化　ダンジョン	itemLotId_1	30402904	ダンジョン人（デブ）　鉄球　ダンジョン	True	
21304051	ダンジョン人（デブ）（鉄球両手・紳士）　毒化	itemLotId_1	30402904	ダンジョン人（デブ）　鉄球　ダンジョン	True	
21313000	フレッシュゴーレム（先端剣＋肘剣）　弱点なし　ダンジョン	itemLotId_1	31302900	フレッシュゴーレム　ダンジョン	True	
21313001	フレッシュゴーレム（先端剣＋肘剣）　弱点_左ひざ横（旧　右ひざ横）	itemLotId_1	31302900	フレッシュゴーレム　ダンジョン	True	
21313002	フレッシュゴーレム（先端剣＋肘剣）　弱点_おしり	itemLotId_1	31302900	フレッシュゴーレム　ダンジョン	True	
21313010	フレッシュゴーレム（斧＋大砲）　弱点なし	itemLotId_1	31302910	フレッシュゴーレム　大砲　ダンジョン	True	
21313011	フレッシュゴーレム（斧＋大砲）　弱点_左ひざ横	itemLotId_1	31302910	フレッシュゴーレム　大砲　ダンジョン	True	
21313012	フレッシュゴーレム（斧＋大砲）　弱点_正面高いところ	itemLotId_1	31302910	フレッシュゴーレム　大砲　ダンジョン	True	
21313020	フレッシュゴーレム（肉塊＋鉤）　弱点なし	itemLotId_1	31302900	フレッシュゴーレム　ダンジョン	True	
21313021	フレッシュゴーレム（肉塊＋鉤）　弱点_左ひざ横（旧　右ひざ横）	itemLotId_1	31302900	フレッシュゴーレム　ダンジョン	True	
21313022	フレッシュゴーレム（肉塊＋鉤）　弱点_おしり	itemLotId_1	31302900	フレッシュゴーレム　ダンジョン	True	
22110080	下水ネズミ　ダンジョン	itemLotId_1	11002900	下水ネズミ　ダンジョン	True	
22110081	下水ネズミ　膿付き　ダンジョン	itemLotId_1	11002902	下水ネズミ　膿み付き　ダンジョン	True	
22111011	クモ男パッチ_ダンジョン	itemLotId_1	39020	パッチ_死亡時ドロップアイテム	True	50002100
22111080	死と闇の眷属　首あり　ダンジョン	itemLotId_1	11102900	死と闇の眷属（クモ）　首あり　ダンジョン	True	
22111085	死と闇の眷属　首なし　ダンジョン	itemLotId_1	11102902	死と闇の眷属（クモ）　首なし　ダンジョン	True	
22111090	死と闇の眷属　首あり　生成　ダンジョン	itemLotId_1	11102902	死と闇の眷属（クモ）　首なし　ダンジョン	True	
22111091	死と闇の眷属_ジェネレート（変速前移動）　ダンジョン	itemLotId_1	11102902	死と闇の眷属（クモ）　首なし　ダンジョン	True	
22111095	死と闇の眷属　首なし　生成　ダンジョン	itemLotId_1	11102902	死と闇の眷属（クモ）　首なし　ダンジョン	True	
22111096	死と闇の眷属_ジェネレート（変速前移動）　首なし　ダンジョン	itemLotId_1	11102902	死と闇の眷属（クモ）　首なし　ダンジョン	True	
22114080	狂信者の獣　ダンジョン	itemLotId_1	11402900	狂信者の獣　ダンジョン	True	
22121080	墓守サソリ　子なし　小はさみ　ダンジョン	itemLotId_1	12102900	墓守サソリ　ダンジョン	True	
22121081	墓守サソリ　子なし　大はさみ　ダンジョン	itemLotId_1	12102900	墓守サソリ　ダンジョン	True	
22121090	墓守サソリ　子あり　小はさみ　ダンジョン	itemLotId_1	12102902	墓守サソリ　子持ち　ダンジョン	True	
22121091	墓守サソリ　子あり　大はさみ　ダンジョン	itemLotId_1	12102902	墓守サソリ　子持ち　ダンジョン	True	
22124090	狂犬　ダンジョン	itemLotId_1	12402900	狂犬　ダンジョン	True	
22125000	蛇玉（子）　1本だけ太い　ダンジョン	itemLotId_1	12502900	蛇玉（子）　ダンジョン	True	
22125010	蛇玉（子）　毒霧　ダンジョン	itemLotId_1	12502900	蛇玉（子）　ダンジョン	True	
22126000	蛇玉（子）・小　1本だけ太い　ダンジョン	itemLotId_1	12602900	蛇玉（子）小　ダンジョン	True	
22127000	吸血豚　ダンジョン	itemLotId_1	12702900	吸血豚　ダンジョン	True	
22130000	死と闇の眷属（大）　ダンジョン	itemLotId_1	13002900	死と闇の眷属（大）　ダンジョン	True	
22140000	白痴の蜘蛛（子）　ダンジョン	itemLotId_1	14002900	白痴の蜘蛛（子）　ダンジョン	True	
22201080	墓掘り（鉤）　ダンジョン　	itemLotId_1	20102950	ダンジョン人（墓掘り）鉤　ダンジョン　強敵	True	
22201081	墓掘り（つるはし）　ダンジョン　	itemLotId_1	20102952	ダンジョン人（墓掘り）つるはし　ダンジョン　強敵	True	
22253030	星の花　（頭部のみ）　ダンジョン	itemLotId_1	25302900	星の花　ダンジョン	True	
22253104	星の花　コズミック属性弾丸変化　ダンジョン	itemLotId_1	25302910	星の花　ダンジョン　宇宙	True	
22300000	ダンジョン人（司祭）　固定砲台　ダンジョン　ドーピング強敵	itemLotId_1	30002950	ダンジョン人（司祭）　ダンジョン　強敵	True	
22300001	ダンジョン人（司祭）・立っている　ドーピング強敵	itemLotId_1	30002950	ダンジョン人（司祭）　ダンジョン　強敵	True	
22300010	ダンジョン人（司祭）　固定砲台　ダンジョン_ダンジョン用砲台　ドーピング強敵	itemLotId_1	30002950	ダンジョン人（司祭）　ダンジョン　強敵	True	
22301000	ダンジョン人（奴隷）　裸　剣　ダンジョン　ドーピング強敵	itemLotId_1	30102950	ダンジョン人（奴隷）剣鉈　ダンジョン　強敵	True	
22301001	ダンジョン人（奴隷）（裸・剣_素手投擲）　ドーピング強敵	itemLotId_1	30102950	ダンジョン人（奴隷）剣鉈　ダンジョン　強敵	True	
22301010	ダンジョン人（奴隷）　裸　鉈　ダンジョン　ドーピング強敵	itemLotId_1	30102950	ダンジョン人（奴隷）剣鉈　ダンジョン　強敵	True	
22301011	ダンジョン人（奴隷）　裸　鉈　投擲　ダンジョン　ドーピング強敵	itemLotId_1	30102934	ダンジョン人（奴隷）鉈投擲　ダンジョン　強敵	True	
22301020	ダンジョン人（奴隷）（白服・ランタン_剣）　ドーピング強敵	itemLotId_1	30102952	ダンジョン人（奴隷）ランタン　ダンジョン　強敵	True	
22301030	ダンジョン人（奴隷）　白服　鉈　ランタン　ダンジョン　ドーピング強敵	itemLotId_1	30102952	ダンジョン人（奴隷）ランタン　ダンジョン　強敵	True	
22301040	ダンジョン人（奴隷）　黒服　双斧　ダンジョン　ドーピング強敵	itemLotId_1	30102956	ダンジョン人（奴隷）斧・斧　ダンジョン　強敵	True	
22301050	ダンジョン人（奴隷）　黒服　ポールウェポン　ダンジョン　ドーピング強敵	itemLotId_1	30102954	ダンジョン人（奴隷）斧ポール　ダンジョン　強敵	True	
22301060	ダンジョン人（奴隷）　黒服　剣　ダンジョンドーピング強敵	itemLotId_1	30102958	ダンジョン人（奴隷）剣・着衣　ダンジョン　強敵	True	
22301070	ダンジョン人（奴隷）　裸　双剣　強い奴隷　ダンジョン	itemLotId_1	30102900	ダンジョン人（奴隷）剣鉈　ダンジョン	True	
22302000	ダンジョン人（番人）　剣盾　ドーピング強敵　ダンジョン	itemLotId_1	30202950	ダンジョン人（番人）　ダンジョン　強敵	True	
22302010	ダンジョン人（番人）　モーニングスター　ドーピング強敵　ダンジョン	itemLotId_1	30202950	ダンジョン人（番人）　ダンジョン　強敵	True	
22302020	ダンジョン人（番人）　剣クロスボウ　ドーピング強敵　ダンジョン	itemLotId_1	30202952	ダンジョン人（番人）　クロスボウ　ダンジョン　強敵	True	
22302030	ダンジョン人（番人）　特大剣　ドーピング強敵　ダンジョン	itemLotId_1	30202950	ダンジョン人（番人）　ダンジョン　強敵	True	
22303000	ダンジョン人（狂人）　片手鎌　ドーピング強敵　ダンジョン	itemLotId_1	30302950	ダンジョン人（狂人）　ダンジョン　強敵	True	
22303001	ダンジョン人（狂人）　片手折れた大剣　ドーピング強敵　ダンジョン	itemLotId_1	30302950	ダンジョン人（狂人）　ダンジョン　強敵	True	
22303010	ダンジョン人（狂人）　死体持ち　ドーピング強敵　ダンジョン	itemLotId_1	30302952	ダンジョン人（狂人）　死体持ち　ダンジョン　強敵	True	
22303020	ダンジョン人（狂人）　二刀鎌　ドーピング強敵　ダンジョン	itemLotId_1	30302950	ダンジョン人（狂人）　ダンジョン　強敵	True	
22304000	ダンジョン人（デブ）　ナタ　ドーピング強敵　ダンジョン	itemLotId_1	30402950	ダンジョン人（デブ）　ダンジョン　強敵	True	
22304010	ダンジョン人（デブ）　赤熱ナタ　ドーピング強敵　ダンジョン	itemLotId_1	30402950	ダンジョン人（デブ）　ダンジョン　強敵	True	
22304020	ダンジョン人（デブ）　ナタ　ショットガン　ドーピング強敵　ダンジョン	itemLotId_1	30402952	ダンジョン人（デブ）　銃　ダンジョン　強敵	True	
22304040	ダンジョン人（デブ）　ノコギリ　ドーピング強敵　ダンジョン	itemLotId_1	30402950	ダンジョン人（デブ）　ダンジョン　強敵	True	
22304050	ダンジョン人（デブ）　裸　両手鉄球　ドーピング強敵　ダンジョン	itemLotId_1	30402954	ダンジョン人（デブ）　鉄球　ダンジョン　強敵	True	
22304051	ダンジョン人（デブ）（鉄球両手・紳士）　ドーピング強敵	itemLotId_1	30402954	ダンジョン人（デブ）　鉄球　ダンジョン　強敵	True	
22313000	フレッシュゴーレム（先端剣＋肘剣）　弱点なし　ダンジョン	itemLotId_1	31302900	フレッシュゴーレム　ダンジョン	True	
22313001	フレッシュゴーレム（先端剣＋肘剣）　弱点_左ひざ横（旧　右ひざ横）	itemLotId_1	31302900	フレッシュゴーレム　ダンジョン	True	
22313002	フレッシュゴーレム（先端剣＋肘剣）　弱点_おしり	itemLotId_1	31302900	フレッシュゴーレム　ダンジョン	True	
22313010	フレッシュゴーレム（斧＋大砲）　弱点なし	itemLotId_1	31302910	フレッシュゴーレム　大砲　ダンジョン	True	
22313011	フレッシュゴーレム（斧＋大砲）　弱点_左ひざ横	itemLotId_1	31302910	フレッシュゴーレム　大砲　ダンジョン	True	
22313012	フレッシュゴーレム（斧＋大砲）　弱点_正面高いところ	itemLotId_1	31302910	フレッシュゴーレム　大砲　ダンジョン	True	
22313020	フレッシュゴーレム（肉塊＋鉤）　弱点なし	itemLotId_1	31302900	フレッシュゴーレム　ダンジョン	True	
22313021	フレッシュゴーレム（肉塊＋鉤）　弱点_左ひざ横（旧　右ひざ横）	itemLotId_1	31302900	フレッシュゴーレム　ダンジョン	True	
22313022	フレッシュゴーレム（肉塊＋鉤）　弱点_おしり	itemLotId_1	31302900	フレッシュゴーレム　ダンジョン	True	
23110080	下水ネズミ　ダンジョン	itemLotId_1	11002940	下水ネズミ　ダンジョン　毒	True	
23110081	下水ネズミ　膿付き　ダンジョン	itemLotId_1	11002942	下水ネズミ　膿み付き　ダンジョン　毒	True	
23111011	クモ男パッチ_ダンジョン	itemLotId_1	39020	パッチ_死亡時ドロップアイテム	True	50002100
23111080	死と闇の眷属　首あり　ダンジョン	itemLotId_1	11102940	死と闇の眷属（クモ）　首あり　ダンジョン　毒	True	
23111085	死と闇の眷属　首なし　ダンジョン	itemLotId_1	11102942	死と闇の眷属（クモ）　首なし　ダンジョン　毒	True	
23111090	死と闇の眷属　首あり　生成　ダンジョン	itemLotId_1	11102902	死と闇の眷属（クモ）　首なし　ダンジョン	True	
23111091	死と闇の眷属_ジェネレート（変速前移動）　ダンジョン	itemLotId_1	11102902	死と闇の眷属（クモ）　首なし　ダンジョン	True	
23111095	死と闇の眷属　首なし　生成　ダンジョン	itemLotId_1	11102902	死と闇の眷属（クモ）　首なし　ダンジョン	True	
23111096	死と闇の眷属_ジェネレート（変速前移動）　首なし　ダンジョン	itemLotId_1	11102902	死と闇の眷属（クモ）　首なし　ダンジョン	True	
23114080	狂信者の獣　ダンジョン	itemLotId_1	11402940	狂信者の獣　ダンジョン　毒	True	
23121080	墓守サソリ　子なし　小はさみ　ダンジョン	itemLotId_1	12102940	墓守サソリ　ダンジョン　毒	True	
23121081	墓守サソリ　子なし　大はさみ　ダンジョン	itemLotId_1	12102940	墓守サソリ　ダンジョン　毒	True	
23121090	墓守サソリ　子あり　小はさみ　ダンジョン	itemLotId_1	12102942	墓守サソリ　子持ち　ダンジョン　毒	True	
23121091	墓守サソリ　子あり　大はさみ　ダンジョン	itemLotId_1	12102942	墓守サソリ　子持ち　ダンジョン　毒	True	
23124090	狂犬　ダンジョン	itemLotId_1	12402940	狂犬　ダンジョン　毒	True	
23125000	蛇玉（子）　1本だけ太い　ダンジョン	itemLotId_1	12502940	蛇玉（子）　ダンジョン　毒	True	
23125010	蛇玉（子）　毒霧　ダンジョン	itemLotId_1	12502940	蛇玉（子）　ダンジョン　毒	True	
23126000	蛇玉（子）・小　1本だけ太い　ダンジョン	itemLotId_1	12602940	蛇玉（子）小　ダンジョン　毒	True	
23127000	吸血豚　ダンジョン	itemLotId_1	12702940	吸血豚　ダンジョン　毒	True	
23130000	死と闇の眷属（大）　ダンジョン	itemLotId_1	13002940	死と闇の眷属（大）　ダンジョン　毒	True	
23140000	白痴の蜘蛛（子）　ダンジョン	itemLotId_1	14002900	白痴の蜘蛛（子）　ダンジョン	True	
23201080	墓掘り（鉤）　ダンジョン　	itemLotId_1	20102950	ダンジョン人（墓掘り）鉤　ダンジョン　強敵	True	
23201081	墓掘り（つるはし）　ダンジョン　	itemLotId_1	20102952	ダンジョン人（墓掘り）つるはし　ダンジョン　強敵	True	
23253030	星の花　（頭部のみ）　ダンジョン	itemLotId_1	25302900	星の花　ダンジョン	True	
23253104	星の花　コズミック属性弾丸変化　ダンジョン	itemLotId_1	25302910	星の花　ダンジョン　宇宙	True	
23301000	ダンジョン人（奴隷）　裸　剣　ダンジョン　ドーピング強敵	itemLotId_1	30102990	ダンジョン人（奴隷）剣鉈　ダンジョン　毒+強敵	True	
23301001	ダンジョン人（奴隷）（裸・剣_素手投擲）　ドーピング強敵	itemLotId_1	30102990	ダンジョン人（奴隷）剣鉈　ダンジョン　毒+強敵	True	
23301010	ダンジョン人（奴隷）　裸　鉈　ダンジョン　ドーピング強敵	itemLotId_1	30102990	ダンジョン人（奴隷）剣鉈　ダンジョン　毒+強敵	True	
23301011	ダンジョン人（奴隷）　裸　鉈　投擲　ダンジョン　ドーピング強敵	itemLotId_1	30102936	ダンジョン人（奴隷）鉈投擲　ダンジョン　毒+強敵	True	
23301020	ダンジョン人（奴隷）（白服・ランタン_剣）　ドーピング強敵	itemLotId_1	30102992	ダンジョン人（奴隷）ランタン　ダンジョン　毒+強敵	True	
23301030	ダンジョン人（奴隷）　白服　鉈　ランタン　ダンジョン　ドーピング強敵	itemLotId_1	30102992	ダンジョン人（奴隷）ランタン　ダンジョン　毒+強敵	True	
23301040	ダンジョン人（奴隷）　黒服　双斧　ダンジョン　ドーピング強敵	itemLotId_1	30102996	ダンジョン人（奴隷）斧・斧　ダンジョン　毒+強敵	True	
23301050	ダンジョン人（奴隷）　黒服　ポールウェポン　ダンジョン　ドーピング強敵	itemLotId_1	30102994	ダンジョン人（奴隷）斧ポール　ダンジョン　毒+強敵	True	
23301060	ダンジョン人（奴隷）　黒服　剣　ダンジョンドーピング強敵	itemLotId_1	30102998	ダンジョン人（奴隷）剣・着衣　ダンジョン　毒+強敵	True	
23301070	ダンジョン人（奴隷）　裸　双剣　強い奴隷　ダンジョン	itemLotId_1	30102900	ダンジョン人（奴隷）剣鉈　ダンジョン	True	
23302000	ダンジョン人（番人）　剣盾　ドーピング強敵　ダンジョン	itemLotId_1	30202950	ダンジョン人（番人）　ダンジョン　強敵	True	
23302010	ダンジョン人（番人）　モーニングスター　ドーピング強敵　ダンジョン	itemLotId_1	30202950	ダンジョン人（番人）　ダンジョン　強敵	True	
23302020	ダンジョン人（番人）　剣クロスボウ　ドーピング強敵　ダンジョン	itemLotId_1	30202952	ダンジョン人（番人）　クロスボウ　ダンジョン　強敵	True	
23302030	ダンジョン人（番人）　特大剣　ドーピング強敵　ダンジョン	itemLotId_1	30202950	ダンジョン人（番人）　ダンジョン　強敵	True	
23303000	ダンジョン人（狂人）　片手鎌　毒化　ドーピング強敵　ダンジョン	itemLotId_1	30302950	ダンジョン人（狂人）　ダンジョン　強敵	True	
23303001	ダンジョン人（狂人）　片手折れた大剣　毒化　ドーピング強敵　ダンジョン	itemLotId_1	30302950	ダンジョン人（狂人）　ダンジョン　強敵	True	
23303010	ダンジョン人（狂人）　死体持ち　毒化　ドーピング強敵　ダンジョン	itemLotId_1	30302952	ダンジョン人（狂人）　死体持ち　ダンジョン　強敵	True	
23303020	ダンジョン人（狂人）　二刀鎌　毒化　ドーピング強敵　ダンジョン	itemLotId_1	30302950	ダンジョン人（狂人）　ダンジョン　強敵	True	
23304000	ダンジョン人（デブ）　ナタ　毒化　ドーピング強敵　ダンジョン	itemLotId_1	30402950	ダンジョン人（デブ）　ダンジョン　強敵	True	
23304010	ダンジョン人（デブ）　赤熱ナタ　毒化　ドーピング強敵　ダンジョン	itemLotId_1	30402950	ダンジョン人（デブ）　ダンジョン　強敵	True	
23304020	ダンジョン人（デブ）　ナタ　ショットガン　毒化　ドーピング強敵　ダンジョン	itemLotId_1	30402952	ダンジョン人（デブ）　銃　ダンジョン　強敵	True	
23304040	ダンジョン人（デブ）　ノコギリ　毒化　ドーピング強敵　ダンジョン	itemLotId_1	30402950	ダンジョン人（デブ）　ダンジョン　強敵	True	
23304050	ダンジョン人（デブ）　裸　両手鉄球　毒化　ドーピング強敵　ダンジョン	itemLotId_1	30402954	ダンジョン人（デブ）　鉄球　ダンジョン　強敵	True	
23304051	ダンジョン人（デブ）（鉄球両手・紳士）　毒化＋ドーピング強敵	itemLotId_1	30402954	ダンジョン人（デブ）　鉄球　ダンジョン　強敵	True	
23313000	フレッシュゴーレム（先端剣＋肘剣）　弱点なし　ダンジョン	itemLotId_1	31302900	フレッシュゴーレム　ダンジョン	True	
23313001	フレッシュゴーレム（先端剣＋肘剣）　弱点_左ひざ横（旧　右ひざ横）	itemLotId_1	31302900	フレッシュゴーレム　ダンジョン	True	
23313002	フレッシュゴーレム（先端剣＋肘剣）　弱点_おしり	itemLotId_1	31302900	フレッシュゴーレム　ダンジョン	True	
23313010	フレッシュゴーレム（斧＋大砲）　弱点なし	itemLotId_1	31302910	フレッシュゴーレム　大砲　ダンジョン	True	
23313011	フレッシュゴーレム（斧＋大砲）　弱点_左ひざ横	itemLotId_1	31302910	フレッシュゴーレム　大砲　ダンジョン	True	
23313012	フレッシュゴーレム（斧＋大砲）　弱点_正面高いところ	itemLotId_1	31302910	フレッシュゴーレム　大砲　ダンジョン	True	
23313020	フレッシュゴーレム（肉塊＋鉤）　弱点なし	itemLotId_1	31302900	フレッシュゴーレム　ダンジョン	True	
23313021	フレッシュゴーレム（肉塊＋鉤）　弱点_左ひざ横（旧　右ひざ横）	itemLotId_1	31302900	フレッシュゴーレム　ダンジョン	True	
23313022	フレッシュゴーレム（肉塊＋鉤）　弱点_おしり	itemLotId_1	31302900	フレッシュゴーレム　ダンジョン	True	
25106080	脳喰らい　ダンジョン	itemLotId_1	10602900	脳喰らい　ダンジョン	True	
25106090	脳喰らい　フード　ダンジョン	itemLotId_1	10602900	脳喰らい　ダンジョン	True	
25303000	ダンジョン人（狂人）　片手鎌　ダンジョン	itemLotId_1	30302900	ダンジョン人（狂人）　ダンジョン	True	
25303001	ダンジョン人（狂人）　片手折れた大剣　ダンジョン	itemLotId_1	30302900	ダンジョン人（狂人）　ダンジョン	True	
25303010	ダンジョン人（狂人）　死体持ち　ダンジョン	itemLotId_1	30302902	ダンジョン人（狂人）　死体持ち　ダンジョン	True	
25303020	ダンジョン人（狂人）　二刀鎌　ダンジョン	itemLotId_1	30302900	ダンジョン人（狂人）　ダンジョン	True	
25303102	ダンジョン人（狂人）　片手鎌　嵐属性　ダンジョン	itemLotId_1	30302910	ダンジョン人（狂人）　ダンジョン　嵐	True	
25303109	ダンジョン人（狂人）　片手鎌　儀式　ダンジョン	itemLotId_1	30302980	ダンジョン人（狂人）　ダンジョン　儀式	True	
25303122	ダンジョン人（狂人）　片手折れた大剣　嵐属性　ダンジョン	itemLotId_1	30302910	ダンジョン人（狂人）　ダンジョン　嵐	True	
25303129	ダンジョン人（狂人）　片手折れた大剣　儀式　ダンジョン	itemLotId_1	30302980	ダンジョン人（狂人）　ダンジョン　儀式	True	
25303142	ダンジョン人（狂人）　死体持ち　嵐属性　ダンジョン	itemLotId_1	30302912	ダンジョン人（狂人）　死体持ち　ダンジョン　嵐	True	
25303162	ダンジョン人（狂人）　二刀鎌　嵐属性　ダンジョン	itemLotId_1	30302910	ダンジョン人（狂人）　ダンジョン　嵐	True	
25303169	ダンジョン人（狂人）　二刀鎌　儀式　ダンジョン	itemLotId_1	30302980	ダンジョン人（狂人）　ダンジョン　儀式	True	
25304000	ダンジョン人（デブ）　ナタ　ダンジョン	itemLotId_1	30402900	ダンジョン人（デブ）　ダンジョン	True	
25304010	ダンジョン人（デブ）　赤熱ナタ　ダンジョン	itemLotId_1	30402900	ダンジョン人（デブ）　ダンジョン	True	
25304020	ダンジョン人（デブ）　ナタ　ショットガン　ダンジョン	itemLotId_1	30402902	ダンジョン人（デブ）　銃　ダンジョン	True	
25304040	ダンジョン人（デブ）　ノコギリ　ダンジョン	itemLotId_1	30402900	ダンジョン人（デブ）　ダンジョン	True	
25304050	ダンジョン人（デブ）　裸　両手鉄球　ダンジョン	itemLotId_1	30402904	ダンジョン人（デブ）　鉄球　ダンジョン	True	
25304051	ダンジョン人（デブ）（鉄球両手・紳士）	itemLotId_1	30402904	ダンジョン人（デブ）　鉄球　ダンジョン	True	
25304108	ダンジョン人（デブ）　ナタ　医者　ダンジョン	itemLotId_1	30402970	ダンジョン人（デブ）　ダンジョン　医者	True	
25304128	ダンジョン人（デブ）　赤熱ナタ　医者　ダンジョン	itemLotId_1	30402970	ダンジョン人（デブ）　ダンジョン　医者	True	
25304148	ダンジョン人（デブ）　ナタ　ショットガン　医者　ダンジョン	itemLotId_1	30402972	ダンジョン人（デブ）　銃　ダンジョン　医者	True	
25304168	ダンジョン人（デブ）　ノコギリ　医者　ダンジョン	itemLotId_1	30402970	ダンジョン人（デブ）　ダンジョン　医者	True	
25304188	ダンジョン人（デブ）　裸　両手鉄球　医者　ダンジョン	itemLotId_1	30402974	ダンジョン人（デブ）　鉄球　ダンジョン　医者	True	
25304208	ダンジョン人（デブ）（鉄球両手・紳士）　医者	itemLotId_1	30402974	ダンジョン人（デブ）　鉄球　ダンジョン　医者	True	
26106080	脳喰らい　ダンジョン	itemLotId_1	10602900	脳喰らい　ダンジョン	True	
26106090	脳喰らい　フード　ダンジョン	itemLotId_1	10602900	脳喰らい　ダンジョン	True	
26303000	ダンジョン人（狂人）　片手鎌　ダンジョン	itemLotId_1	30302900	ダンジョン人（狂人）　ダンジョン	True	
26303001	ダンジョン人（狂人）　片手折れた大剣　ダンジョン	itemLotId_1	30302900	ダンジョン人（狂人）　ダンジョン	True	
26303010	ダンジョン人（狂人）　死体持ち　ダンジョン	itemLotId_1	30302902	ダンジョン人（狂人）　死体持ち　ダンジョン	True	
26303020	ダンジョン人（狂人）　二刀鎌　ダンジョン	itemLotId_1	30302900	ダンジョン人（狂人）　ダンジョン	True	
26303102	ダンジョン人（狂人）　片手鎌　嵐属性　ダンジョン	itemLotId_1	30302910	ダンジョン人（狂人）　ダンジョン　嵐	True	
26303109	ダンジョン人（狂人）　片手鎌　儀式　ダンジョン	itemLotId_1	30302980	ダンジョン人（狂人）　ダンジョン　儀式	True	
26303122	ダンジョン人（狂人）　片手折れた大剣　嵐属性　ダンジョン	itemLotId_1	30302910	ダンジョン人（狂人）　ダンジョン　嵐	True	
26303129	ダンジョン人（狂人）　片手折れた大剣　儀式　ダンジョン	itemLotId_1	30302980	ダンジョン人（狂人）　ダンジョン　儀式	True	
26303142	ダンジョン人（狂人）　死体持ち　嵐属性　ダンジョン	itemLotId_1	30302912	ダンジョン人（狂人）　死体持ち　ダンジョン　嵐	True	
26303162	ダンジョン人（狂人）　二刀鎌　嵐属性　ダンジョン	itemLotId_1	30302910	ダンジョン人（狂人）　ダンジョン　嵐	True	
26303169	ダンジョン人（狂人）　二刀鎌　儀式　ダンジョン	itemLotId_1	30302980	ダンジョン人（狂人）　ダンジョン　儀式	True	
26304000	ダンジョン人（デブ）　ナタ　ダンジョン	itemLotId_1	30402900	ダンジョン人（デブ）　ダンジョン	True	
26304010	ダンジョン人（デブ）　赤熱ナタ　ダンジョン	itemLotId_1	30402900	ダンジョン人（デブ）　ダンジョン	True	
26304020	ダンジョン人（デブ）　ナタ　ショットガン　ダンジョン	itemLotId_1	30402902	ダンジョン人（デブ）　銃　ダンジョン	True	
26304040	ダンジョン人（デブ）　ノコギリ　ダンジョン	itemLotId_1	30402900	ダンジョン人（デブ）　ダンジョン	True	
26304050	ダンジョン人（デブ）　裸　両手鉄球　ダンジョン	itemLotId_1	30402904	ダンジョン人（デブ）　鉄球　ダンジョン	True	
26304051	ダンジョン人（デブ）（鉄球両手・紳士）	itemLotId_1	30402904	ダンジョン人（デブ）　鉄球　ダンジョン	True	
26304108	ダンジョン人（デブ）　ナタ　医者　ダンジョン	itemLotId_1	30402970	ダンジョン人（デブ）　ダンジョン　医者	True	
26304128	ダンジョン人（デブ）　赤熱ナタ　医者　ダンジョン	itemLotId_1	30402970	ダンジョン人（デブ）　ダンジョン　医者	True	
26304148	ダンジョン人（デブ）　ナタ　ショットガン　医者　ダンジョン	itemLotId_1	30402972	ダンジョン人（デブ）　銃　ダンジョン　医者	True	
26304168	ダンジョン人（デブ）　ノコギリ　医者　ダンジョン	itemLotId_1	30402970	ダンジョン人（デブ）　ダンジョン　医者	True	
26304188	ダンジョン人（デブ）　裸　両手鉄球　医者　ダンジョン	itemLotId_1	30402974	ダンジョン人（デブ）　鉄球　ダンジョン　医者	True	
26304208	ダンジョン人（デブ）（鉄球両手・紳士）　医者	itemLotId_1	30402974	ダンジョン人（デブ）　鉄球　ダンジョン　医者	True	
27106080	脳喰らい　ダンジョン	itemLotId_1	10602900	脳喰らい　ダンジョン	True	
27106090	脳喰らい　フード　ダンジョン	itemLotId_1	10602900	脳喰らい　ダンジョン	True	
27303000	ダンジョン人（狂人）　片手鎌　ダンジョン	itemLotId_1	30302900	ダンジョン人（狂人）　ダンジョン	True	
27303001	ダンジョン人（狂人）　片手折れた大剣　ダンジョン	itemLotId_1	30302900	ダンジョン人（狂人）　ダンジョン	True	
27303010	ダンジョン人（狂人）　死体持ち　ダンジョン	itemLotId_1	30302902	ダンジョン人（狂人）　死体持ち　ダンジョン	True	
27303020	ダンジョン人（狂人）　二刀鎌　ダンジョン	itemLotId_1	30302900	ダンジョン人（狂人）　ダンジョン	True	
27303102	ダンジョン人（狂人）　片手鎌　嵐属性　ダンジョン	itemLotId_1	30302910	ダンジョン人（狂人）　ダンジョン　嵐	True	
27303109	ダンジョン人（狂人）　片手鎌　儀式　ダンジョン	itemLotId_1	30302980	ダンジョン人（狂人）　ダンジョン　儀式	True	
27303122	ダンジョン人（狂人）　片手折れた大剣　嵐属性　ダンジョン	itemLotId_1	30302910	ダンジョン人（狂人）　ダンジョン　嵐	True	
27303129	ダンジョン人（狂人）　片手折れた大剣　儀式　ダンジョン	itemLotId_1	30302980	ダンジョン人（狂人）　ダンジョン　儀式	True	
27303142	ダンジョン人（狂人）　死体持ち　嵐属性　ダンジョン	itemLotId_1	30302912	ダンジョン人（狂人）　死体持ち　ダンジョン　嵐	True	
27303162	ダンジョン人（狂人）　二刀鎌　嵐属性　ダンジョン	itemLotId_1	30302910	ダンジョン人（狂人）　ダンジョン　嵐	True	
27303169	ダンジョン人（狂人）　二刀鎌　儀式　ダンジョン	itemLotId_1	30302980	ダンジョン人（狂人）　ダンジョン　儀式	True	
27304000	ダンジョン人（デブ）　ナタ　ダンジョン	itemLotId_1	30402900	ダンジョン人（デブ）　ダンジョン	True	
27304010	ダンジョン人（デブ）　赤熱ナタ　ダンジョン	itemLotId_1	30402900	ダンジョン人（デブ）　ダンジョン	True	
27304020	ダンジョン人（デブ）　ナタ　ショットガン　ダンジョン	itemLotId_1	30402902	ダンジョン人（デブ）　銃　ダンジョン	True	
27304040	ダンジョン人（デブ）　ノコギリ　ダンジョン	itemLotId_1	30402900	ダンジョン人（デブ）　ダンジョン	True	
27304050	ダンジョン人（デブ）　裸　両手鉄球　ダンジョン	itemLotId_1	30402904	ダンジョン人（デブ）　鉄球　ダンジョン	True	
27304051	ダンジョン人（デブ）（鉄球両手・紳士）	itemLotId_1	30402904	ダンジョン人（デブ）　鉄球　ダンジョン	True	
27304108	ダンジョン人（デブ）　ナタ　医者　ダンジョン	itemLotId_1	30402970	ダンジョン人（デブ）　ダンジョン　医者	True	
27304128	ダンジョン人（デブ）　赤熱ナタ　医者　ダンジョン	itemLotId_1	30402970	ダンジョン人（デブ）　ダンジョン　医者	True	
27304148	ダンジョン人（デブ）　ナタ　ショットガン　医者　ダンジョン	itemLotId_1	30402972	ダンジョン人（デブ）　銃　ダンジョン　医者	True	
27304168	ダンジョン人（デブ）　ノコギリ　医者　ダンジョン	itemLotId_1	30402970	ダンジョン人（デブ）　ダンジョン　医者	True	
27304188	ダンジョン人（デブ）　裸　両手鉄球　医者　ダンジョン	itemLotId_1	30402974	ダンジョン人（デブ）　鉄球　ダンジョン　医者	True	
27304208	ダンジョン人（デブ）（鉄球両手・紳士）　医者	itemLotId_1	30402974	ダンジョン人（デブ）　鉄球　ダンジョン　医者	True	
28106080	脳喰らい　ダンジョン	itemLotId_1	10602900	脳喰らい　ダンジョン	True	
28106090	脳喰らい　フード　ダンジョン	itemLotId_1	10602900	脳喰らい　ダンジョン	True	
28303000	ダンジョン人（狂人）　片手鎌　ダンジョン	itemLotId_1	30302900	ダンジョン人（狂人）　ダンジョン	True	
28303001	ダンジョン人（狂人）　片手折れた大剣　ダンジョン	itemLotId_1	30302900	ダンジョン人（狂人）　ダンジョン	True	
28303010	ダンジョン人（狂人）　死体持ち　ダンジョン	itemLotId_1	30302902	ダンジョン人（狂人）　死体持ち　ダンジョン	True	
28303020	ダンジョン人（狂人）　二刀鎌　ダンジョン	itemLotId_1	30302900	ダンジョン人（狂人）　ダンジョン	True	
28303102	ダンジョン人（狂人）　片手鎌　嵐属性　ダンジョン	itemLotId_1	30302910	ダンジョン人（狂人）　ダンジョン　嵐	True	
28303109	ダンジョン人（狂人）　片手鎌　儀式　ダンジョン	itemLotId_1	30302980	ダンジョン人（狂人）　ダンジョン　儀式	True	
28303122	ダンジョン人（狂人）　片手折れた大剣　嵐属性　ダンジョン	itemLotId_1	30302910	ダンジョン人（狂人）　ダンジョン　嵐	True	
28303129	ダンジョン人（狂人）　片手折れた大剣　儀式　ダンジョン	itemLotId_1	30302980	ダンジョン人（狂人）　ダンジョン　儀式	True	
28303142	ダンジョン人（狂人）　死体持ち　嵐属性　ダンジョン	itemLotId_1	30302912	ダンジョン人（狂人）　死体持ち　ダンジョン　嵐	True	
28303162	ダンジョン人（狂人）　二刀鎌　嵐属性　ダンジョン	itemLotId_1	30302910	ダンジョン人（狂人）　ダンジョン　嵐	True	
28303169	ダンジョン人（狂人）　二刀鎌　儀式　ダンジョン	itemLotId_1	30302980	ダンジョン人（狂人）　ダンジョン　儀式	True	
28304000	ダンジョン人（デブ）　ナタ　ダンジョン	itemLotId_1	30402900	ダンジョン人（デブ）　ダンジョン	True	
28304010	ダンジョン人（デブ）　赤熱ナタ　ダンジョン	itemLotId_1	30402900	ダンジョン人（デブ）　ダンジョン	True	
28304020	ダンジョン人（デブ）　ナタ　ショットガン　ダンジョン	itemLotId_1	30402902	ダンジョン人（デブ）　銃　ダンジョン	True	
28304040	ダンジョン人（デブ）　ノコギリ　ダンジョン	itemLotId_1	30402900	ダンジョン人（デブ）　ダンジョン	True	
28304050	ダンジョン人（デブ）　裸　両手鉄球　ダンジョン	itemLotId_1	30402904	ダンジョン人（デブ）　鉄球　ダンジョン	True	
28304051	ダンジョン人（デブ）（鉄球両手・紳士）	itemLotId_1	30402904	ダンジョン人（デブ）　鉄球　ダンジョン	True	
28304108	ダンジョン人（デブ）　ナタ　医者　ダンジョン	itemLotId_1	30402970	ダンジョン人（デブ）　ダンジョン　医者	True	
28304128	ダンジョン人（デブ）　赤熱ナタ　医者　ダンジョン	itemLotId_1	30402970	ダンジョン人（デブ）　ダンジョン　医者	True	
28304148	ダンジョン人（デブ）　ナタ　ショットガン　医者　ダンジョン	itemLotId_1	30402972	ダンジョン人（デブ）　銃　ダンジョン　医者	True	
28304168	ダンジョン人（デブ）　ノコギリ　医者　ダンジョン	itemLotId_1	30402970	ダンジョン人（デブ）　ダンジョン　医者	True	
28304188	ダンジョン人（デブ）　裸　両手鉄球　医者　ダンジョン	itemLotId_1	30402974	ダンジョン人（デブ）　鉄球　ダンジョン　医者	True	
28304208	ダンジョン人（デブ）（鉄球両手・紳士）　医者	itemLotId_1	30402974	ダンジョン人（デブ）　鉄球　ダンジョン　医者	True	
30110080	下水ネズミ　ダンジョン	itemLotId_1	11002900	下水ネズミ　ダンジョン	True	
30110081	下水ネズミ　膿付き　ダンジョン	itemLotId_1	11002902	下水ネズミ　膿み付き　ダンジョン	True	
30111011	クモ男パッチ_ダンジョン	itemLotId_1	39020	パッチ_死亡時ドロップアイテム	True	50002100
30111080	死と闇の眷属　首あり　ダンジョン	itemLotId_1	11102900	死と闇の眷属（クモ）　首あり　ダンジョン	True	
30111085	死と闇の眷属　首なし　ダンジョン	itemLotId_1	11102904	死と闇の眷属（クモ）　首なし（ジェネレート）　ダンジョン	True	
30114080	狂信者の獣　ダンジョン	itemLotId_1	11402900	狂信者の獣　ダンジョン	True	
30121080	墓守サソリ　子なし　小はさみ　ダンジョン	itemLotId_1	12102900	墓守サソリ　ダンジョン	True	
30121081	墓守サソリ　子なし　大はさみ　ダンジョン	itemLotId_1	12102900	墓守サソリ　ダンジョン	True	
30121090	墓守サソリ　子あり　小はさみ　ダンジョン	itemLotId_1	12102902	墓守サソリ　子持ち　ダンジョン	True	
30121091	墓守サソリ　子あり　大はさみ　ダンジョン	itemLotId_1	12102902	墓守サソリ　子持ち　ダンジョン	True	
30124090	狂犬　ダンジョン	itemLotId_1	12402900	狂犬　ダンジョン	True	
30125000	蛇玉（子）　1本だけ太い　ダンジョン	itemLotId_1	12502900	蛇玉（子）　ダンジョン	True	
30125010	蛇玉（子）　毒霧　ダンジョン	itemLotId_1	12502900	蛇玉（子）　ダンジョン	True	
30126000	蛇玉（子）・小　1本だけ太い　ダンジョン	itemLotId_1	12602900	蛇玉（子）小　ダンジョン	True	
30127000	吸血豚　ダンジョン	itemLotId_1	12702900	吸血豚　ダンジョン	True	
30130000	死と闇の眷属（大）　ダンジョン	itemLotId_1	13002900	死と闇の眷属（大）　ダンジョン	True	
30201080	墓掘り（鉤）　ダンジョン	itemLotId_1	20102900	ダンジョン人（墓掘り）鉤　ダンジョン	True	
30201081	墓掘り（つるはし）　ダンジョン	itemLotId_1	20102902	ダンジョン人（墓掘り）つるはし　ダンジョン	True	
30300000	ダンジョン人（司祭）　固定砲台　ダンジョン	itemLotId_1	30002900	ダンジョン人（司祭）　ダンジョン	True	
30300001	ダンジョン人（司祭）・立っている	itemLotId_1	30002900	ダンジョン人（司祭）　ダンジョン	True	
30300010	ダンジョン人（司祭）　固定砲台　ダンジョン_ダンジョン用砲台	itemLotId_1	30002900	ダンジョン人（司祭）　ダンジョン	True	
30301000	ダンジョン人（奴隷）　裸　剣　ダンジョン	itemLotId_1	30102900	ダンジョン人（奴隷）剣鉈　ダンジョン	True	
30301001	ダンジョン人（奴隷）（裸・剣_素手投擲）	itemLotId_1	30102900	ダンジョン人（奴隷）剣鉈　ダンジョン	True	
30301010	ダンジョン人（奴隷）　裸　鉈　ダンジョン	itemLotId_1	30102900	ダンジョン人（奴隷）剣鉈　ダンジョン	True	
30301011	ダンジョン人（奴隷）　裸　鉈　投擲　ダンジョン	itemLotId_1	30102930	ダンジョン人（奴隷）鉈投擲　ダンジョン	True	
30301020	ダンジョン人（奴隷）（白服・ランタン_剣）	itemLotId_1	30102902	ダンジョン人（奴隷）ランタン　ダンジョン	True	
30301030	ダンジョン人（奴隷）　白服　鉈　ランタン　ダンジョン	itemLotId_1	30102902	ダンジョン人（奴隷）ランタン　ダンジョン	True	
30301040	ダンジョン人（奴隷）　黒服　双斧　ダンジョン	itemLotId_1	30102906	ダンジョン人（奴隷）斧・斧　ダンジョン	True	
30301050	ダンジョン人（奴隷）　黒服　ポールウェポン　ダンジョン	itemLotId_1	30102904	ダンジョン人（奴隷）斧ポール　ダンジョン	True	
30301060	ダンジョン人（奴隷）　黒服　剣　ダンジョン	itemLotId_1	30102908	ダンジョン人（奴隷）剣・着衣　ダンジョン	True	
30302000	ダンジョン人（番人）　剣盾　ダンジョン	itemLotId_1	30202900	ダンジョン人（番人）　ダンジョン	True	
30302010	ダンジョン人（番人）　モーニングスター　ダンジョン	itemLotId_1	30202900	ダンジョン人（番人）　ダンジョン	True	
30302020	ダンジョン人（番人）　剣クロスボウ　ダンジョン	itemLotId_1	30202902	ダンジョン人（番人）　クロスボウ　ダンジョン	True	
30302030	ダンジョン人（番人）　特大剣　ダンジョン	itemLotId_1	30202900	ダンジョン人（番人）　ダンジョン	True	
30303000	ダンジョン人（狂人）　片手鎌　ダンジョン	itemLotId_1	30304000	ダンジョン人（狂人）　ダンジョン　呪い	True	
30303001	ダンジョン人（狂人）　片手折れた大剣　ダンジョン	itemLotId_1	30304000	ダンジョン人（狂人）　ダンジョン　呪い	True	
30303010	ダンジョン人（狂人）　死体持ち　ダンジョン	itemLotId_1	30304000	ダンジョン人（狂人）　ダンジョン　呪い	True	
30303020	ダンジョン人（狂人）　二刀鎌　ダンジョン	itemLotId_1	30304000	ダンジョン人（狂人）　ダンジョン　呪い	True	
30304000	ダンジョン人（デブ）　ナタ　ダンジョン	itemLotId_1	30404000	ダンジョン人（デブ）　ダンジョン　呪い	True	
30304010	ダンジョン人（デブ）　赤熱ナタ　ダンジョン	itemLotId_1	30404000	ダンジョン人（デブ）　ダンジョン　呪い	True	
30304020	ダンジョン人（デブ）　ナタ　ショットガン　ダンジョン	itemLotId_1	30404000	ダンジョン人（デブ）　ダンジョン　呪い	True	
30304040	ダンジョン人（デブ）　ノコギリ　ダンジョン	itemLotId_1	30404000	ダンジョン人（デブ）　ダンジョン　呪い	True	
30304050	ダンジョン人（デブ）　裸　両手鉄球　ダンジョン	itemLotId_1	30404000	ダンジョン人（デブ）　ダンジョン　呪い	True	
30304051	ダンジョン人（デブ）（鉄球両手・紳士）	itemLotId_1	30404000	ダンジョン人（デブ）　ダンジョン　呪い	True	
31110080	下水ネズミ　ダンジョン	itemLotId_1	11002940	下水ネズミ　ダンジョン　毒	True	
31110081	下水ネズミ　膿付き　ダンジョン	itemLotId_1	11002942	下水ネズミ　膿み付き　ダンジョン　毒	True	
31111011	クモ男パッチ_ダンジョン	itemLotId_1	39020	パッチ_死亡時ドロップアイテム	True	50002100
31111080	死と闇の眷属　首あり　ダンジョン	itemLotId_1	11102940	死と闇の眷属（クモ）　首あり　ダンジョン　毒	True	
31111085	死と闇の眷属　首なし　ダンジョン	itemLotId_1	11102942	死と闇の眷属（クモ）　首なし　ダンジョン　毒	True	
31114080	狂信者の獣　ダンジョン	itemLotId_1	11402940	狂信者の獣　ダンジョン　毒	True	
31121080	墓守サソリ　子なし　小はさみ　ダンジョン	itemLotId_1	12102940	墓守サソリ　ダンジョン　毒	True	
31121081	墓守サソリ　子なし　大はさみ　ダンジョン	itemLotId_1	12102940	墓守サソリ　ダンジョン　毒	True	
31121090	墓守サソリ　子あり　小はさみ　ダンジョン	itemLotId_1	12102942	墓守サソリ　子持ち　ダンジョン　毒	True	
31121091	墓守サソリ　子あり　大はさみ　ダンジョン	itemLotId_1	12102942	墓守サソリ　子持ち　ダンジョン　毒	True	
31124090	狂犬　ダンジョン	itemLotId_1	12402940	狂犬　ダンジョン　毒	True	
31125000	蛇玉（子）　1本だけ太い　ダンジョン	itemLotId_1	12502940	蛇玉（子）　ダンジョン　毒	True	
31125010	蛇玉（子）　毒霧　ダンジョン	itemLotId_1	12502940	蛇玉（子）　ダンジョン　毒	True	
31126000	蛇玉（子）・小　1本だけ太い　ダンジョン	itemLotId_1	12602940	蛇玉（子）小　ダンジョン　毒	True	
31127000	吸血豚　ダンジョン	itemLotId_1	12702940	吸血豚　ダンジョン　毒	True	
31130000	死と闇の眷属（大）　ダンジョン	itemLotId_1	13002940	死と闇の眷属（大）　ダンジョン　毒	True	
31201080	墓掘り（鉤）　ダンジョン	itemLotId_1	20102900	ダンジョン人（墓掘り）鉤　ダンジョン	True	
31201081	墓掘り（つるはし）　ダンジョン	itemLotId_1	20102902	ダンジョン人（墓掘り）つるはし　ダンジョン	True	
31301000	ダンジョン人（奴隷）　裸　剣　ダンジョン　毒	itemLotId_1	30102940	ダンジョン人（奴隷）剣鉈　ダンジョン　毒	True	
31301001	ダンジョン人（奴隷）（裸・剣_素手投擲）　毒	itemLotId_1	30102940	ダンジョン人（奴隷）剣鉈　ダンジョン　毒	True	
31301010	ダンジョン人（奴隷）　裸　鉈　ダンジョン　毒	itemLotId_1	30102940	ダンジョン人（奴隷）剣鉈　ダンジョン　毒	True	
31301011	ダンジョン人（奴隷）　裸　鉈　投擲　ダンジョン　毒	itemLotId_1	30102930	ダンジョン人（奴隷）鉈投擲　ダンジョン	True	
31301020	ダンジョン人（奴隷）（白服・ランタン_剣）　毒	itemLotId_1	30102942	ダンジョン人（奴隷）ランタン　ダンジョン　毒	True	
31301030	ダンジョン人（奴隷）　白服　鉈　ランタン　ダンジョン　毒	itemLotId_1	30102942	ダンジョン人（奴隷）ランタン　ダンジョン　毒	True	
31301040	ダンジョン人（奴隷）　黒服　双斧　ダンジョン　毒	itemLotId_1	30102946	ダンジョン人（奴隷）斧・斧　ダンジョン　毒	True	
31301050	ダンジョン人（奴隷）　黒服　ポールウェポン　ダンジョン　毒	itemLotId_1	30102944	ダンジョン人（奴隷）斧ポール　ダンジョン　毒	True	
31301060	ダンジョン人（奴隷）　黒服　剣　ダンジョン毒	itemLotId_1	30102948	ダンジョン人（奴隷）剣・着衣　ダンジョン　毒	True	
31302000	ダンジョン人（番人）　剣盾　ダンジョン	itemLotId_1	30202900	ダンジョン人（番人）　ダンジョン	True	
31302010	ダンジョン人（番人）　モーニングスター　ダンジョン	itemLotId_1	30202900	ダンジョン人（番人）　ダンジョン	True	
31302020	ダンジョン人（番人）　剣クロスボウ　ダンジョン	itemLotId_1	30202902	ダンジョン人（番人）　クロスボウ　ダンジョン	True	
31302030	ダンジョン人（番人）　特大剣　ダンジョン	itemLotId_1	30202900	ダンジョン人（番人）　ダンジョン	True	
31303000	ダンジョン人（狂人）　片手鎌　毒化　ダンジョン	itemLotId_1	30304000	ダンジョン人（狂人）　ダンジョン　呪い	True	
31303001	ダンジョン人（狂人）　片手折れた大剣　毒化　ダンジョン	itemLotId_1	30304000	ダンジョン人（狂人）　ダンジョン　呪い	True	
31303010	ダンジョン人（狂人）　死体持ち　毒化　ダンジョン	itemLotId_1	30304000	ダンジョン人（狂人）　ダンジョン　呪い	True	
31303020	ダンジョン人（狂人）　二刀鎌　毒化　ダンジョン	itemLotId_1	30304000	ダンジョン人（狂人）　ダンジョン　呪い	True	
31304000	ダンジョン人（デブ）　ナタ　毒化　ダンジョン	itemLotId_1	30404000	ダンジョン人（デブ）　ダンジョン　呪い	True	
31304010	ダンジョン人（デブ）　赤熱ナタ　毒化　ダンジョン	itemLotId_1	30404000	ダンジョン人（デブ）　ダンジョン　呪い	True	
31304020	ダンジョン人（デブ）　ナタ　ショットガン　毒化　ダンジョン	itemLotId_1	30404000	ダンジョン人（デブ）　ダンジョン　呪い	True	
31304040	ダンジョン人（デブ）　ノコギリ　毒化　ダンジョン	itemLotId_1	30404000	ダンジョン人（デブ）　ダンジョン　呪い	True	
31304050	ダンジョン人（デブ）　裸　両手鉄球　毒化　ダンジョン	itemLotId_1	30404000	ダンジョン人（デブ）　ダンジョン　呪い	True	
31304051	ダンジョン人（デブ）（鉄球両手・紳士）　毒化	itemLotId_1	30404000	ダンジョン人（デブ）　ダンジョン　呪い	True	
32110080	下水ネズミ　ダンジョン	itemLotId_1	11002900	下水ネズミ　ダンジョン	True	
32110081	下水ネズミ　膿付き　ダンジョン	itemLotId_1	11002902	下水ネズミ　膿み付き　ダンジョン	True	
32111011	クモ男パッチ_ダンジョン	itemLotId_1	39020	パッチ_死亡時ドロップアイテム	True	50002100
32111080	死と闇の眷属　首あり　ダンジョン	itemLotId_1	11102900	死と闇の眷属（クモ）　首あり　ダンジョン	True	
32111085	死と闇の眷属　首なし　ダンジョン	itemLotId_1	11102902	死と闇の眷属（クモ）　首なし　ダンジョン	True	
32114080	狂信者の獣　ダンジョン	itemLotId_1	11402900	狂信者の獣　ダンジョン	True	
32121080	墓守サソリ　子なし　小はさみ　ダンジョン	itemLotId_1	12102900	墓守サソリ　ダンジョン	True	
32121081	墓守サソリ　子なし　大はさみ　ダンジョン	itemLotId_1	12102900	墓守サソリ　ダンジョン	True	
32121090	墓守サソリ　子あり　小はさみ　ダンジョン	itemLotId_1	12102902	墓守サソリ　子持ち　ダンジョン	True	
32121091	墓守サソリ　子あり　大はさみ　ダンジョン	itemLotId_1	12102902	墓守サソリ　子持ち　ダンジョン	True	
32124090	狂犬　ダンジョン	itemLotId_1	12402900	狂犬　ダンジョン	True	
32125000	蛇玉（子）　1本だけ太い　ダンジョン	itemLotId_1	12502900	蛇玉（子）　ダンジョン	True	
32125010	蛇玉（子）　毒霧　ダンジョン	itemLotId_1	12502900	蛇玉（子）　ダンジョン	True	
32126000	蛇玉（子）・小　1本だけ太い　ダンジョン	itemLotId_1	12602900	蛇玉（子）小　ダンジョン	True	
32127000	吸血豚　ダンジョン	itemLotId_1	12702900	吸血豚　ダンジョン	True	
32130000	死と闇の眷属（大）　ダンジョン	itemLotId_1	13002900	死と闇の眷属（大）　ダンジョン	True	
32201080	墓掘り（鉤）　ダンジョン　	itemLotId_1	20102950	ダンジョン人（墓掘り）鉤　ダンジョン　強敵	True	
32201081	墓掘り（つるはし）　ダンジョン　	itemLotId_1	20102952	ダンジョン人（墓掘り）つるはし　ダンジョン　強敵	True	
32301000	ダンジョン人（奴隷）　裸　剣　ダンジョン　ドーピング強敵	itemLotId_1	30102950	ダンジョン人（奴隷）剣鉈　ダンジョン　強敵	True	
32301001	ダンジョン人（奴隷）（裸・剣_素手投擲）　ドーピング強敵	itemLotId_1	30102950	ダンジョン人（奴隷）剣鉈　ダンジョン　強敵	True	
32301010	ダンジョン人（奴隷）　裸　鉈　ダンジョン　ドーピング強敵	itemLotId_1	30102950	ダンジョン人（奴隷）剣鉈　ダンジョン　強敵	True	
32301011	ダンジョン人（奴隷）　裸　鉈　投擲　ダンジョン　ドーピング強敵	itemLotId_1	30102930	ダンジョン人（奴隷）鉈投擲　ダンジョン	True	
32301020	ダンジョン人（奴隷）（白服・ランタン_剣）　ドーピング強敵	itemLotId_1	30102952	ダンジョン人（奴隷）ランタン　ダンジョン　強敵	True	
32301030	ダンジョン人（奴隷）　白服　鉈　ランタン　ダンジョン　ドーピング強敵	itemLotId_1	30102952	ダンジョン人（奴隷）ランタン　ダンジョン　強敵	True	
32301040	ダンジョン人（奴隷）　黒服　双斧　ダンジョン　ドーピング強敵	itemLotId_1	30102956	ダンジョン人（奴隷）斧・斧　ダンジョン　強敵	True	
32301050	ダンジョン人（奴隷）　黒服　ポールウェポン　ダンジョン　ドーピング強敵	itemLotId_1	30102954	ダンジョン人（奴隷）斧ポール　ダンジョン　強敵	True	
32301060	ダンジョン人（奴隷）　黒服　剣　ダンジョンドーピング強敵	itemLotId_1	30102958	ダンジョン人（奴隷）剣・着衣　ダンジョン　強敵	True	
32302000	ダンジョン人（番人）　剣盾　ドーピング強敵　ダンジョン	itemLotId_1	30202950	ダンジョン人（番人）　ダンジョン　強敵	True	
32302010	ダンジョン人（番人）　モーニングスター　ドーピング強敵　ダンジョン	itemLotId_1	30202950	ダンジョン人（番人）　ダンジョン　強敵	True	
32302020	ダンジョン人（番人）　剣クロスボウ　ドーピング強敵　ダンジョン	itemLotId_1	30202952	ダンジョン人（番人）　クロスボウ　ダンジョン　強敵	True	
32302030	ダンジョン人（番人）　特大剣　ドーピング強敵　ダンジョン	itemLotId_1	30202950	ダンジョン人（番人）　ダンジョン　強敵	True	
32303000	ダンジョン人（狂人）　片手鎌　ドーピング強敵　ダンジョン	itemLotId_1	30304050	ダンジョン人（狂人）　ダンジョン　呪い&強敵	True	
32303001	ダンジョン人（狂人）　片手折れた大剣　ドーピング強敵　ダンジョン	itemLotId_1	30304050	ダンジョン人（狂人）　ダンジョン　呪い&強敵	True	
32303010	ダンジョン人（狂人）　死体持ち　ドーピング強敵　ダンジョン	itemLotId_1	30304050	ダンジョン人（狂人）　ダンジョン　呪い&強敵	True	
32303020	ダンジョン人（狂人）　二刀鎌　ドーピング強敵　ダンジョン	itemLotId_1	30304050	ダンジョン人（狂人）　ダンジョン　呪い&強敵	True	
32304000	ダンジョン人（デブ）　ナタ　ドーピング強敵　ダンジョン	itemLotId_1	30404050	ダンジョン人（デブ）　ダンジョン　呪い&強敵	True	
32304010	ダンジョン人（デブ）　赤熱ナタ　ドーピング強敵　ダンジョン	itemLotId_1	30404050	ダンジョン人（デブ）　ダンジョン　呪い&強敵	True	
32304020	ダンジョン人（デブ）　ナタ　ショットガン　ドーピング強敵　ダンジョン	itemLotId_1	30404050	ダンジョン人（デブ）　ダンジョン　呪い&強敵	True	
32304040	ダンジョン人（デブ）　ノコギリ　ドーピング強敵　ダンジョン	itemLotId_1	30404050	ダンジョン人（デブ）　ダンジョン　呪い&強敵	True	
32304050	ダンジョン人（デブ）　裸　両手鉄球　ドーピング強敵　ダンジョン	itemLotId_1	30404050	ダンジョン人（デブ）　ダンジョン　呪い&強敵	True	
32304051	ダンジョン人（デブ）（鉄球両手・紳士）　ドーピング強敵	itemLotId_1	30404050	ダンジョン人（デブ）　ダンジョン　呪い&強敵	True	
33110080	下水ネズミ　ダンジョン	itemLotId_1	11002940	下水ネズミ　ダンジョン　毒	True	
33110081	下水ネズミ　膿付き　ダンジョン	itemLotId_1	11002942	下水ネズミ　膿み付き　ダンジョン　毒	True	
33111011	クモ男パッチ_ダンジョン	itemLotId_1	39020	パッチ_死亡時ドロップアイテム	True	50002100
33111080	死と闇の眷属　首あり　ダンジョン	itemLotId_1	11102940	死と闇の眷属（クモ）　首あり　ダンジョン　毒	True	
33111085	死と闇の眷属　首なし　ダンジョン	itemLotId_1	11102942	死と闇の眷属（クモ）　首なし　ダンジョン　毒	True	
33114080	狂信者の獣　ダンジョン	itemLotId_1	11402940	狂信者の獣　ダンジョン　毒	True	
33121080	墓守サソリ　子なし　小はさみ　ダンジョン	itemLotId_1	12102940	墓守サソリ　ダンジョン　毒	True	
33121081	墓守サソリ　子なし　大はさみ　ダンジョン	itemLotId_1	12102940	墓守サソリ　ダンジョン　毒	True	
33121090	墓守サソリ　子あり　小はさみ　ダンジョン	itemLotId_1	12102942	墓守サソリ　子持ち　ダンジョン　毒	True	
33121091	墓守サソリ　子あり　大はさみ　ダンジョン	itemLotId_1	12102942	墓守サソリ　子持ち　ダンジョン　毒	True	
33124090	狂犬　ダンジョン	itemLotId_1	12402940	狂犬　ダンジョン　毒	True	
33125000	蛇玉（子）　1本だけ太い　ダンジョン	itemLotId_1	12502940	蛇玉（子）　ダンジョン　毒	True	
33125010	蛇玉（子）　毒霧　ダンジョン	itemLotId_1	12502940	蛇玉（子）　ダンジョン　毒	True	
33126000	蛇玉（子）・小　1本だけ太い　ダンジョン	itemLotId_1	12602940	蛇玉（子）小　ダンジョン　毒	True	
33127000	吸血豚　ダンジョン	itemLotId_1	12702940	吸血豚　ダンジョン　毒	True	
33130000	死と闇の眷属（大）　ダンジョン	itemLotId_1	13002940	死と闇の眷属（大）　ダンジョン　毒	True	
33201080	墓掘り（鉤）　ダンジョン　	itemLotId_1	20102950	ダンジョン人（墓掘り）鉤　ダンジョン　強敵	True	
33201081	墓掘り（つるはし）　ダンジョン　	itemLotId_1	20102952	ダンジョン人（墓掘り）つるはし　ダンジョン　強敵	True	
33301000	ダンジョン人（奴隷）　裸　剣　ダンジョン　ドーピング強敵	itemLotId_1	30102990	ダンジョン人（奴隷）剣鉈　ダンジョン　毒+強敵	True	
33301001	ダンジョン人（奴隷）（裸・剣_素手投擲）　ドーピング強敵	itemLotId_1	30102990	ダンジョン人（奴隷）剣鉈　ダンジョン　毒+強敵	True	
33301010	ダンジョン人（奴隷）　裸　鉈　ダンジョン　ドーピング強敵	itemLotId_1	30102990	ダンジョン人（奴隷）剣鉈　ダンジョン　毒+強敵	True	
33301011	ダンジョン人（奴隷）　裸　鉈　投擲　ダンジョン　ドーピング強敵	itemLotId_1	30102930	ダンジョン人（奴隷）鉈投擲　ダンジョン	True	
33301020	ダンジョン人（奴隷）（白服・ランタン_剣）　ドーピング強敵	itemLotId_1	30102992	ダンジョン人（奴隷）ランタン　ダンジョン　毒+強敵	True	
33301030	ダンジョン人（奴隷）　白服　鉈　ランタン　ダンジョン　ドーピング強敵	itemLotId_1	30102992	ダンジョン人（奴隷）ランタン　ダンジョン　毒+強敵	True	
33301040	ダンジョン人（奴隷）　黒服　双斧　ダンジョン　ドーピング強敵	itemLotId_1	30102996	ダンジョン人（奴隷）斧・斧　ダンジョン　毒+強敵	True	
33301050	ダンジョン人（奴隷）　黒服　ポールウェポン　ダンジョン　ドーピング強敵	itemLotId_1	30102994	ダンジョン人（奴隷）斧ポール　ダンジョン　毒+強敵	True	
33301060	ダンジョン人（奴隷）　黒服　剣　ダンジョンドーピング強敵	itemLotId_1	30102998	ダンジョン人（奴隷）剣・着衣　ダンジョン　毒+強敵	True	
33302000	ダンジョン人（番人）　剣盾　ドーピング強敵　ダンジョン	itemLotId_1	30202950	ダンジョン人（番人）　ダンジョン　強敵	True	
33302010	ダンジョン人（番人）　モーニングスター　ドーピング強敵　ダンジョン	itemLotId_1	30202950	ダンジョン人（番人）　ダンジョン　強敵	True	
33302020	ダンジョン人（番人）　剣クロスボウ　ドーピング強敵　ダンジョン	itemLotId_1	30202952	ダンジョン人（番人）　クロスボウ　ダンジョン　強敵	True	
33302030	ダンジョン人（番人）　特大剣　ドーピング強敵　ダンジョン	itemLotId_1	30202950	ダンジョン人（番人）　ダンジョン　強敵	True	
33303000	ダンジョン人（狂人）　片手鎌　毒化　ドーピング強敵　ダンジョン	itemLotId_1	30304050	ダンジョン人（狂人）　ダンジョン　呪い&強敵	True	
33303001	ダンジョン人（狂人）　片手折れた大剣　毒化　ドーピング強敵　ダンジョン	itemLotId_1	30304050	ダンジョン人（狂人）　ダンジョン　呪い&強敵	True	
33303010	ダンジョン人（狂人）　死体持ち　毒化　ドーピング強敵　ダンジョン	itemLotId_1	30304050	ダンジョン人（狂人）　ダンジョン　呪い&強敵	True	
33303020	ダンジョン人（狂人）　二刀鎌　毒化　ドーピング強敵　ダンジョン	itemLotId_1	30304050	ダンジョン人（狂人）　ダンジョン　呪い&強敵	True	
33304000	ダンジョン人（デブ）　ナタ　毒化　ドーピング強敵　ダンジョン	itemLotId_1	30404050	ダンジョン人（デブ）　ダンジョン　呪い&強敵	True	
33304010	ダンジョン人（デブ）　赤熱ナタ　毒化　ドーピング強敵　ダンジョン	itemLotId_1	30404050	ダンジョン人（デブ）　ダンジョン　呪い&強敵	True	
33304020	ダンジョン人（デブ）　ナタ　ショットガン　毒化　ドーピング強敵　ダンジョン	itemLotId_1	30404050	ダンジョン人（デブ）　ダンジョン　呪い&強敵	True	
33304040	ダンジョン人（デブ）　ノコギリ　毒化　ドーピング強敵　ダンジョン	itemLotId_1	30404050	ダンジョン人（デブ）　ダンジョン　呪い&強敵	True	
33304050	ダンジョン人（デブ）　裸　両手鉄球　毒化　ドーピング強敵　ダンジョン	itemLotId_1	30404050	ダンジョン人（デブ）　ダンジョン　呪い&強敵	True	
33304051	ダンジョン人（デブ）（鉄球両手・紳士）　毒化＋ドーピング強敵	itemLotId_1	30404050	ダンジョン人（デブ）　ダンジョン　呪い&強敵	True	
35106080	脳喰らい　ダンジョン	itemLotId_1	10604000	脳喰らい　ダンジョン　呪い	True	
35106090	脳喰らい　フード　ダンジョン	itemLotId_1	10604000	脳喰らい　ダンジョン　呪い	True	
35303000	ダンジョン人（狂人）　片手鎌　ダンジョン	itemLotId_1	30304000	ダンジョン人（狂人）　ダンジョン　呪い	True	
35303001	ダンジョン人（狂人）　片手折れた大剣　ダンジョン	itemLotId_1	30304000	ダンジョン人（狂人）　ダンジョン　呪い	True	
35303010	ダンジョン人（狂人）　死体持ち　ダンジョン	itemLotId_1	30304000	ダンジョン人（狂人）　ダンジョン　呪い	True	
35303020	ダンジョン人（狂人）　二刀鎌　ダンジョン	itemLotId_1	30304000	ダンジョン人（狂人）　ダンジョン　呪い	True	
35303102	ダンジョン人（狂人）　片手鎌　嵐属性　ダンジョン	itemLotId_1	30304000	ダンジョン人（狂人）　ダンジョン　呪い	True	
35303109	ダンジョン人（狂人）　片手鎌　儀式　ダンジョン	itemLotId_1	30304080	ダンジョン人（狂人）　ダンジョン　呪い&儀式	True	
35303122	ダンジョン人（狂人）　片手折れた大剣　嵐属性　ダンジョン	itemLotId_1	30304000	ダンジョン人（狂人）　ダンジョン　呪い	True	
35303129	ダンジョン人（狂人）　片手折れた大剣　儀式　ダンジョン	itemLotId_1	30304080	ダンジョン人（狂人）　ダンジョン　呪い&儀式	True	
35303142	ダンジョン人（狂人）　死体持ち　嵐属性　ダンジョン	itemLotId_1	30304000	ダンジョン人（狂人）　ダンジョン　呪い	True	
35303162	ダンジョン人（狂人）　二刀鎌　嵐属性　ダンジョン	itemLotId_1	30304000	ダンジョン人（狂人）　ダンジョン　呪い	True	
35303169	ダンジョン人（狂人）　二刀鎌　儀式　ダンジョン	itemLotId_1	30304080	ダンジョン人（狂人）　ダンジョン　呪い&儀式	True	
35304000	ダンジョン人（デブ）　ナタ　ダンジョン	itemLotId_1	30404000	ダンジョン人（デブ）　ダンジョン　呪い	True	
35304010	ダンジョン人（デブ）　赤熱ナタ　ダンジョン	itemLotId_1	30404000	ダンジョン人（デブ）　ダンジョン　呪い	True	
35304020	ダンジョン人（デブ）　ナタ　ショットガン　ダンジョン	itemLotId_1	30404000	ダンジョン人（デブ）　ダンジョン　呪い	True	
35304040	ダンジョン人（デブ）　ノコギリ　ダンジョン	itemLotId_1	30404000	ダンジョン人（デブ）　ダンジョン　呪い	True	
35304050	ダンジョン人（デブ）　裸　両手鉄球　ダンジョン	itemLotId_1	30404000	ダンジョン人（デブ）　ダンジョン　呪い	True	
35304051	ダンジョン人（デブ）（鉄球両手・紳士）	itemLotId_1	30404000	ダンジョン人（デブ）　ダンジョン　呪い	True	
35304108	ダンジョン人（デブ）　ナタ　医者　ダンジョン	itemLotId_1	30404070	ダンジョン人（デブ）　ダンジョン　呪い&医者	True	
35304128	ダンジョン人（デブ）　赤熱ナタ　医者　ダンジョン	itemLotId_1	30404070	ダンジョン人（デブ）　ダンジョン　呪い&医者	True	
35304148	ダンジョン人（デブ）　ナタ　ショットガン　医者　ダンジョン	itemLotId_1	30404070	ダンジョン人（デブ）　ダンジョン　呪い&医者	True	
35304168	ダンジョン人（デブ）　ノコギリ　医者　ダンジョン	itemLotId_1	30404070	ダンジョン人（デブ）　ダンジョン　呪い&医者	True	
35304188	ダンジョン人（デブ）　裸　両手鉄球　医者　ダンジョン	itemLotId_1	30404070	ダンジョン人（デブ）　ダンジョン　呪い&医者	True	
35304208	ダンジョン人（デブ）（鉄球両手・紳士）　医者	itemLotId_1	30404070	ダンジョン人（デブ）　ダンジョン　呪い&医者	True	
36106080	脳喰らい　ダンジョン	itemLotId_1	10604000	脳喰らい　ダンジョン　呪い	True	
36106090	脳喰らい　フード　ダンジョン	itemLotId_1	10604000	脳喰らい　ダンジョン　呪い	True	
36303000	ダンジョン人（狂人）　片手鎌　ダンジョン	itemLotId_1	30304000	ダンジョン人（狂人）　ダンジョン　呪い	True	
36303001	ダンジョン人（狂人）　片手折れた大剣　ダンジョン	itemLotId_1	30304000	ダンジョン人（狂人）　ダンジョン　呪い	True	
36303010	ダンジョン人（狂人）　死体持ち　ダンジョン	itemLotId_1	30304000	ダンジョン人（狂人）　ダンジョン　呪い	True	
36303020	ダンジョン人（狂人）　二刀鎌　ダンジョン	itemLotId_1	30304000	ダンジョン人（狂人）　ダンジョン　呪い	True	
36303102	ダンジョン人（狂人）　片手鎌　嵐属性　ダンジョン	itemLotId_1	30304000	ダンジョン人（狂人）　ダンジョン　呪い	True	
36303109	ダンジョン人（狂人）　片手鎌　儀式　ダンジョン	itemLotId_1	30304080	ダンジョン人（狂人）　ダンジョン　呪い&儀式	True	
36303122	ダンジョン人（狂人）　片手折れた大剣　嵐属性　ダンジョン	itemLotId_1	30304000	ダンジョン人（狂人）　ダンジョン　呪い	True	
36303129	ダンジョン人（狂人）　片手折れた大剣　儀式　ダンジョン	itemLotId_1	30304080	ダンジョン人（狂人）　ダンジョン　呪い&儀式	True	
36303142	ダンジョン人（狂人）　死体持ち　嵐属性　ダンジョン	itemLotId_1	30304000	ダンジョン人（狂人）　ダンジョン　呪い	True	
36303162	ダンジョン人（狂人）　二刀鎌　嵐属性　ダンジョン	itemLotId_1	30304000	ダンジョン人（狂人）　ダンジョン　呪い	True	
36303169	ダンジョン人（狂人）　二刀鎌　儀式　ダンジョン	itemLotId_1	30304080	ダンジョン人（狂人）　ダンジョン　呪い&儀式	True	
36304000	ダンジョン人（デブ）　ナタ　ダンジョン	itemLotId_1	30404000	ダンジョン人（デブ）　ダンジョン　呪い	True	
36304010	ダンジョン人（デブ）　赤熱ナタ　ダンジョン	itemLotId_1	30404000	ダンジョン人（デブ）　ダンジョン　呪い	True	
36304020	ダンジョン人（デブ）　ナタ　ショットガン　ダンジョン	itemLotId_1	30404000	ダンジョン人（デブ）　ダンジョン　呪い	True	
36304040	ダンジョン人（デブ）　ノコギリ　ダンジョン	itemLotId_1	30404000	ダンジョン人（デブ）　ダンジョン　呪い	True	
36304050	ダンジョン人（デブ）　裸　両手鉄球　ダンジョン	itemLotId_1	30404000	ダンジョン人（デブ）　ダンジョン　呪い	True	
36304051	ダンジョン人（デブ）（鉄球両手・紳士）	itemLotId_1	30404000	ダンジョン人（デブ）　ダンジョン　呪い	True	
36304108	ダンジョン人（デブ）　ナタ　医者　ダンジョン	itemLotId_1	30404070	ダンジョン人（デブ）　ダンジョン　呪い&医者	True	
36304128	ダンジョン人（デブ）　赤熱ナタ　医者　ダンジョン	itemLotId_1	30404070	ダンジョン人（デブ）　ダンジョン　呪い&医者	True	
36304148	ダンジョン人（デブ）　ナタ　ショットガン　医者　ダンジョン	itemLotId_1	30404070	ダンジョン人（デブ）　ダンジョン　呪い&医者	True	
36304168	ダンジョン人（デブ）　ノコギリ　医者　ダンジョン	itemLotId_1	30404070	ダンジョン人（デブ）　ダンジョン　呪い&医者	True	
36304188	ダンジョン人（デブ）　裸　両手鉄球　医者　ダンジョン	itemLotId_1	30404070	ダンジョン人（デブ）　ダンジョン　呪い&医者	True	
36304208	ダンジョン人（デブ）（鉄球両手・紳士）　医者	itemLotId_1	30404070	ダンジョン人（デブ）　ダンジョン　呪い&医者	True	
37106080	脳喰らい　ダンジョン	itemLotId_1	10604000	脳喰らい　ダンジョン　呪い	True	
37106090	脳喰らい　フード　ダンジョン	itemLotId_1	10604000	脳喰らい　ダンジョン　呪い	True	
37303000	ダンジョン人（狂人）　片手鎌　ダンジョン	itemLotId_1	30304000	ダンジョン人（狂人）　ダンジョン　呪い	True	
37303001	ダンジョン人（狂人）　片手折れた大剣　ダンジョン	itemLotId_1	30304000	ダンジョン人（狂人）　ダンジョン　呪い	True	
37303010	ダンジョン人（狂人）　死体持ち　ダンジョン	itemLotId_1	30304000	ダンジョン人（狂人）　ダンジョン　呪い	True	
37303020	ダンジョン人（狂人）　二刀鎌　ダンジョン	itemLotId_1	30304000	ダンジョン人（狂人）　ダンジョン　呪い	True	
37303102	ダンジョン人（狂人）　片手鎌　嵐属性　ダンジョン	itemLotId_1	30304000	ダンジョン人（狂人）　ダンジョン　呪い	True	
37303109	ダンジョン人（狂人）　片手鎌　儀式　ダンジョン	itemLotId_1	30304080	ダンジョン人（狂人）　ダンジョン　呪い&儀式	True	
37303122	ダンジョン人（狂人）　片手折れた大剣　嵐属性　ダンジョン	itemLotId_1	30304000	ダンジョン人（狂人）　ダンジョン　呪い	True	
37303129	ダンジョン人（狂人）　片手折れた大剣　儀式　ダンジョン	itemLotId_1	30304080	ダンジョン人（狂人）　ダンジョン　呪い&儀式	True	
37303142	ダンジョン人（狂人）　死体持ち　嵐属性　ダンジョン	itemLotId_1	30304000	ダンジョン人（狂人）　ダンジョン　呪い	True	
37303162	ダンジョン人（狂人）　二刀鎌　嵐属性　ダンジョン	itemLotId_1	30304000	ダンジョン人（狂人）　ダンジョン　呪い	True	
37303169	ダンジョン人（狂人）　二刀鎌　儀式　ダンジョン	itemLotId_1	30304080	ダンジョン人（狂人）　ダンジョン　呪い&儀式	True	
37304000	ダンジョン人（デブ）　ナタ　ダンジョン	itemLotId_1	30404000	ダンジョン人（デブ）　ダンジョン　呪い	True	
37304010	ダンジョン人（デブ）　赤熱ナタ　ダンジョン	itemLotId_1	30404000	ダンジョン人（デブ）　ダンジョン　呪い	True	
37304020	ダンジョン人（デブ）　ナタ　ショットガン　ダンジョン	itemLotId_1	30404000	ダンジョン人（デブ）　ダンジョン　呪い	True	
37304040	ダンジョン人（デブ）　ノコギリ　ダンジョン	itemLotId_1	30404000	ダンジョン人（デブ）　ダンジョン　呪い	True	
37304050	ダンジョン人（デブ）　裸　両手鉄球　ダンジョン	itemLotId_1	30404000	ダンジョン人（デブ）　ダンジョン　呪い	True	
37304051	ダンジョン人（デブ）（鉄球両手・紳士）	itemLotId_1	30404000	ダンジョン人（デブ）　ダンジョン　呪い	True	
37304108	ダンジョン人（デブ）　ナタ　医者　ダンジョン	itemLotId_1	30404070	ダンジョン人（デブ）　ダンジョン　呪い&医者	True	
37304128	ダンジョン人（デブ）　赤熱ナタ　医者　ダンジョン	itemLotId_1	30404070	ダンジョン人（デブ）　ダンジョン　呪い&医者	True	
37304148	ダンジョン人（デブ）　ナタ　ショットガン　医者　ダンジョン	itemLotId_1	30404070	ダンジョン人（デブ）　ダンジョン　呪い&医者	True	
37304168	ダンジョン人（デブ）　ノコギリ　医者　ダンジョン	itemLotId_1	30404070	ダンジョン人（デブ）　ダンジョン　呪い&医者	True	
37304188	ダンジョン人（デブ）　裸　両手鉄球　医者　ダンジョン	itemLotId_1	30404070	ダンジョン人（デブ）　ダンジョン　呪い&医者	True	
37304208	ダンジョン人（デブ）（鉄球両手・紳士）　医者	itemLotId_1	30404070	ダンジョン人（デブ）　ダンジョン　呪い&医者	True	
38106080	脳喰らい　ダンジョン	itemLotId_1	10604000	脳喰らい　ダンジョン　呪い	True	
38106090	脳喰らい　フード　ダンジョン	itemLotId_1	10604000	脳喰らい　ダンジョン　呪い	True	
38303000	ダンジョン人（狂人）　片手鎌　ダンジョン	itemLotId_1	30304000	ダンジョン人（狂人）　ダンジョン　呪い	True	
38303001	ダンジョン人（狂人）　片手折れた大剣　ダンジョン	itemLotId_1	30304000	ダンジョン人（狂人）　ダンジョン　呪い	True	
38303010	ダンジョン人（狂人）　死体持ち　ダンジョン	itemLotId_1	30304000	ダンジョン人（狂人）　ダンジョン　呪い	True	
38303020	ダンジョン人（狂人）　二刀鎌　ダンジョン	itemLotId_1	30304000	ダンジョン人（狂人）　ダンジョン　呪い	True	
38303102	ダンジョン人（狂人）　片手鎌　嵐属性　ダンジョン	itemLotId_1	30304000	ダンジョン人（狂人）　ダンジョン　呪い	True	
38303109	ダンジョン人（狂人）　片手鎌　儀式　ダンジョン	itemLotId_1	30304080	ダンジョン人（狂人）　ダンジョン　呪い&儀式	True	
38303122	ダンジョン人（狂人）　片手折れた大剣　嵐属性　ダンジョン	itemLotId_1	30304000	ダンジョン人（狂人）　ダンジョン　呪い	True	
38303129	ダンジョン人（狂人）　片手折れた大剣　儀式　ダンジョン	itemLotId_1	30304080	ダンジョン人（狂人）　ダンジョン　呪い&儀式	True	
38303142	ダンジョン人（狂人）　死体持ち　嵐属性　ダンジョン	itemLotId_1	30304000	ダンジョン人（狂人）　ダンジョン　呪い	True	
38303162	ダンジョン人（狂人）　二刀鎌　嵐属性　ダンジョン	itemLotId_1	30304000	ダンジョン人（狂人）　ダンジョン　呪い	True	
38303169	ダンジョン人（狂人）　二刀鎌　儀式　ダンジョン	itemLotId_1	30304080	ダンジョン人（狂人）　ダンジョン　呪い&儀式	True	
38304000	ダンジョン人（デブ）　ナタ　ダンジョン	itemLotId_1	30404000	ダンジョン人（デブ）　ダンジョン　呪い	True	
38304010	ダンジョン人（デブ）　赤熱ナタ　ダンジョン	itemLotId_1	30404000	ダンジョン人（デブ）　ダンジョン　呪い	True	
38304020	ダンジョン人（デブ）　ナタ　ショットガン　ダンジョン	itemLotId_1	30404000	ダンジョン人（デブ）　ダンジョン　呪い	True	
38304040	ダンジョン人（デブ）　ノコギリ　ダンジョン	itemLotId_1	30404000	ダンジョン人（デブ）　ダンジョン　呪い	True	
38304050	ダンジョン人（デブ）　裸　両手鉄球　ダンジョン	itemLotId_1	30404000	ダンジョン人（デブ）　ダンジョン　呪い	True	
38304051	ダンジョン人（デブ）（鉄球両手・紳士）	itemLotId_1	30404000	ダンジョン人（デブ）　ダンジョン　呪い	True	
38304108	ダンジョン人（デブ）　ナタ　医者　ダンジョン	itemLotId_1	30404070	ダンジョン人（デブ）　ダンジョン　呪い&医者	True	
38304128	ダンジョン人（デブ）　赤熱ナタ　医者　ダンジョン	itemLotId_1	30404070	ダンジョン人（デブ）　ダンジョン　呪い&医者	True	
38304148	ダンジョン人（デブ）　ナタ　ショットガン　医者　ダンジョン	itemLotId_1	30404070	ダンジョン人（デブ）　ダンジョン　呪い&医者	True	
38304168	ダンジョン人（デブ）　ノコギリ　医者　ダンジョン	itemLotId_1	30404070	ダンジョン人（デブ）　ダンジョン　呪い&医者	True	
38304188	ダンジョン人（デブ）　裸　両手鉄球　医者　ダンジョン	itemLotId_1	30404070	ダンジョン人（デブ）　ダンジョン　呪い&医者	True	
38304208	ダンジョン人（デブ）（鉄球両手・紳士）　医者	itemLotId_1	30404070	ダンジョン人（デブ）　ダンジョン　呪い&医者	True	
100006201	【フロア2】 クモ男パッチ_ダンジョン	itemLotId_1	6200		False	
100007000	【フロア2】　NPC1　血の狩人ヴィート　通常時	itemLotId_1	60000	ダンジョンNPC1　通常時	True	
100007001	【フロア2】　NPC1　血の狩人ヴィート　マルチ召喚代理時	itemLotId_1	60010	ダンジョンNPC1　マルチ召喚代理時	True	
100007010	【フロア2】　NPC2　グレミアの血の狩人　通常時	itemLotId_1	61000	ダンジョンNPC2　通常時	True	
100007011	【フロア2】　NPC2　グレミアの血の狩人マルチ召喚代理時	itemLotId_1	61010	ダンジョンNPC2　マルチ召喚代理時	True	
100007030	【フロア2】　NPC4　医療教会の狩人　通常時	itemLotId_1	63000	ダンジョンNPC4　通常時	True	
100007031	【フロア2】　NPC4　医療教会の狩人　マルチ召喚代理時	itemLotId_1	63010	ダンジョンNPC4　マルチ召喚代理時	True	
100007040	【フロア2】　NPC5　医療教会の血の狩人　通常時	itemLotId_1	64000	ダンジョンNPC5　通常時	True	
100007041	【フロア2】　NPC5　医療教会の血の狩人　マルチ召喚代理時	itemLotId_1	64010	ダンジョンNPC5　マルチ召喚代理時	True	
100007045	【フロア2】　NPC5_2　医療教会の血の狩人　通常時	itemLotId_1	64100	ダンジョンNPC5_2　通常時	True	
100007046	【フロア2】　NPC5_2　医療教会の血の狩人　マルチ召喚代理時	itemLotId_1	64110	ダンジョンNPC5_2　マルチ召喚代理時	True	
100007050	【フロア2】　NPC6　聖歌隊　通常時	itemLotId_1	65000	ダンジョンNPC6　通常時	True	
100007051	【フロア2】　NPC6　聖歌隊　マルチ召喚代理時	itemLotId_1	65010	ダンジョンNPC6　マルチ召喚代理時	True	
100007060	【フロア2】　NPC7　旧ハンター　通常時	itemLotId_1	66000	ダンジョンNPC7　通常時	True	
100007061	【フロア2】　NPC7　旧ハンター　マルチ召喚代理時	itemLotId_1	66010	ダンジョンNPC7　マルチ召喚代理時	True	
100007100	【フロア2】　NPC9：強敵　血族狩り：杭打ち剣　通常時	itemLotId_1	68000	ダンジョンNPC9　通常時	True	
100007101	【フロア2】　NPC9：強敵　血族狩り：杭打ち剣　マルチ召喚代理時	itemLotId_1	68010	ダンジョンNPC9　マルチ召喚代理時	True	
100007110	【フロア2】　NPC10_1：強敵　血族狩り：車輪＋魔法（誘導弾）　通常時	itemLotId_1	69000	ダンジョンNPC10　通常時	True	
100007111	【フロア2】　NPC10_1：強敵　血族狩り：車輪＋魔法（誘導弾）　マルチ召喚代理時	itemLotId_1	69010	ダンジョンNPC10　マルチ召喚代理時	True	
100007115	【フロア2】　NPC10_2：強敵　血族狩り：車輪/教会短銃　通常時	itemLotId_1	70000	ダンジョンNPC10_2　通常時	True	
100007116	【フロア2】　NPC10_2：強敵　血族狩り：車輪/教会短銃　マルチ召喚代理時	itemLotId_1	70010	ダンジョンNPC10_2　マルチ召喚代理時	True	
100007120	【フロア2】　NPC11_1：強敵　滅ぼす者　通常時	itemLotId_1	71000	ダンジョンNPC11_1　通常時	True	
100007121	【フロア2】　NPC11_1：強敵　滅ぼす者　マルチ召喚代理時	itemLotId_1	71010	ダンジョンNPC11_1　マルチ召喚代理時	True	
100007125	【フロア2】　NPC11_2：強敵　滅ぼす者 杖鞭/工房短銃　通常時	itemLotId_1	72000	ダンジョンNPC11_2　通常時	True	
100007126	【フロア2】　NPC11_2：強敵　滅ぼす者 杖鞭/工房短銃　マルチ召喚代理時	itemLotId_1	72010	ダンジョンNPC11_2　マルチ召喚代理時	True	
100007130	【フロア2】　NPC12：強敵　ブランドンの流血鴉　通常時	itemLotId_1	73000	ダンジョンNPC12　通常時	True	
100007131	【フロア2】　NPC12：強敵　ブランドンの流血鴉　マルチ召喚代理時	itemLotId_1	73010	ダンジョンNPC12　マルチ召喚代理時	True	
100007140	【フロア2】　NPC13：強敵　カインの血族　通常時	itemLotId_1	74000	ダンジョンNPC13　通常時	True	
100007141	【フロア2】　NPC13：強敵　カインの血族　マルチ召喚代理時	itemLotId_1	74010	ダンジョンNPC13　マルチ召喚代理時	True	
100007150	【フロア2】　NPC14：強敵　カインの血族騎士　通常時	itemLotId_1	75000	ダンジョンNPC14　通常時	True	
100007151	【フロア2】　NPC14：強敵　カインの血族騎士　マルチ召喚代理時	itemLotId_1	75010	ダンジョンNPC14　マルチ召喚代理時	True	
100007160	【フロア2】　NPC15：強敵　血族狩り　※頭部のみ　通常時	itemLotId_1	76000	ダンジョンNPC15　通常時	True	
100007161	【フロア2】　NPC15：強敵　血族狩り　※頭部のみ　マルチ召喚代理時	itemLotId_1	76010	ダンジョンNPC15　マルチ召喚代理時	True	
100007200	【フロア2】 固定ダンジョン　ボスNPC1　【Boss】	itemLotId_1	77000	固定ダンジョン　ボスNPC1	True	50004000
100007210	【フロア2】 固定ダンジョン　ボスNPC2　【Boss】	itemLotId_1	77010	固定ダンジョン　ボスNPC2	True	50004100
110100080	【フロア2】 猟犬　ダンジョン	itemLotId_1	10002900	猟犬　ダンジョン	True	
110100102	【フロア2】 猟犬　嵐属性　ダンジョン	itemLotId_1	10002910	猟犬　ダンジョン　嵐	True	
110100180	【フロア2】猟犬　（月）　ダンジョン	itemLotId_1	10002920	猟犬　ダンジョン　（月の猟犬）	True	
110101080	【フロア2】 司祭　ダンジョン	itemLotId_1	10102900	司祭　ダンジョン	True	
110101095	【フロア2】 司祭　ダンジョン　強敵	itemLotId_1	10102900	司祭　ダンジョン	True	
110105080	【フロア2】 さまよう寡婦　ダンジョン	itemLotId_1	10502900	さまよう寡婦　ダンジョン	True	
110105800	【フロア2】 さまよう寡婦　マルチ召喚（強）：物理	itemLotId_1	10502950	さまよう寡婦　マルチ召喚（弱）：物理	True	
110105810	【フロア2】 さまよう寡婦　マルチ召喚（強）：銃	itemLotId_1	10502952	さまよう寡婦　マルチ召喚（弱）：銃	True	
110105820	【フロア2】 さまよう寡婦　マルチ召喚（強）：炎雷	itemLotId_1	10502954	さまよう寡婦　マルチ召喚（弱）：炎雷	True	
110105830	【フロア2】 さまよう寡婦　マルチ召喚（強）：魔法	itemLotId_1	10502956	さまよう寡婦　マルチ召喚（弱）：魔法	True	
110105840	【フロア2】 さまよう寡婦　マルチ召喚（強）：補助	itemLotId_1	10502958	さまよう寡婦　マルチ召喚（弱）：補助	True	
110105850	【フロア2】 さまよう寡婦　マルチ召喚（強）：レア素材A	itemLotId_1	10502960	さまよう寡婦　マルチ召喚（弱）：レア素材A	True	
110105860	【フロア2】 さまよう寡婦　マルチ召喚（強）：レア素材B	itemLotId_1	10502962	さまよう寡婦　マルチ召喚（弱）：レア素材B	True	
110105900	【フロア2】 さまよう寡婦　マルチ召喚（弱）：物理	itemLotId_1	10502950	さまよう寡婦　マルチ召喚（弱）：物理	True	
110105910	【フロア2】 さまよう寡婦　マルチ召喚（弱）：銃	itemLotId_1	10502952	さまよう寡婦　マルチ召喚（弱）：銃	True	
110105920	【フロア2】 さまよう寡婦　マルチ召喚（弱）：炎雷	itemLotId_1	10502954	さまよう寡婦　マルチ召喚（弱）：炎雷	True	
110105930	【フロア2】 さまよう寡婦　マルチ召喚（弱）：魔法	itemLotId_1	10502956	さまよう寡婦　マルチ召喚（弱）：魔法	True	
110105940	【フロア2】 さまよう寡婦　マルチ召喚（弱）：補助	itemLotId_1	10502958	さまよう寡婦　マルチ召喚（弱）：補助	True	
110105950	【フロア2】 さまよう寡婦　マルチ召喚（弱）：レア素材A	itemLotId_1	10502960	さまよう寡婦　マルチ召喚（弱）：レア素材A	True	
110105960	【フロア2】 さまよう寡婦　マルチ召喚（弱）：レア素材B	itemLotId_1	10502962	さまよう寡婦　マルチ召喚（弱）：レア素材B	True	
110106080	【フロア2】 脳喰らい　ダンジョン	itemLotId_1	10602900	脳喰らい　ダンジョン	True	
110106085	【フロア2】 脳喰らい　フード　ダンジョン	itemLotId_1	10602902	脳喰らい　フード　ダンジョン	True	
110109080	【フロア2】 異形ビースト　素手_警戒行動なし　ダンジョン	itemLotId_1	10902900	異形ビースト　ダンジョン	True	
110109102	【フロア2】 異形ビースト　嵐属性　ダンジョン	itemLotId_1	10902910	異形ビースト　ダンジョン　嵐	True	
110109580	【フロア2】 異形ビースト　スローキャラ　ダンジョン	itemLotId_1	10902902	異形ビースト_赤目　ダンジョン	True	
110109602	【フロア2】 異形ビースト　スローキャラ　嵐属性　ダンジョン	itemLotId_1	10902912	異形ビースト_赤目　ダンジョン　嵐	True	
110110080	【フロア2】 下水ネズミ　ダンジョン	itemLotId_1	11002900	下水ネズミ　ダンジョン	True	
110110081	【フロア2】 下水ネズミ　膿付き　ダンジョン	itemLotId_1	11002902	下水ネズミ　膿み付き　ダンジョン	True	
110111080	【フロア2】 死と闇の眷属　首あり　ダンジョン	itemLotId_1	11102900	死と闇の眷属（クモ）　首あり　ダンジョン	True	
110111081	【フロア2】 死と闇の眷属（変速前移動）　ダンジョン	itemLotId_1	11102900	死と闇の眷属（クモ）　首あり　ダンジョン	True	
110111085	【フロア2】 死と闇の眷属　首なし　ダンジョン	itemLotId_1	11102902	死と闇の眷属（クモ）　首なし　ダンジョン	True	
110111086	【フロア2】 死と闇の眷属（変速前移動）　首なし　ダンジョン	itemLotId_1	11102901		False	
110111090	【フロア2】 死と闇の眷属　首あり　生成　ダンジョン	itemLotId_1	11102904	死と闇の眷属（クモ）　首なし（ジェネレート）　ダンジョン	True	
110111091	【フロア2】 死と闇の眷属_ジェネレート（変速前移動）　ダンジョン	itemLotId_1	11102902	死と闇の眷属（クモ）　首なし　ダンジョン	True	
110111095	【フロア2】 死と闇の眷属　首なし　生成　ダンジョン	itemLotId_1	11102904	死と闇の眷属（クモ）　首なし（ジェネレート）　ダンジョン	True	
110111096	【フロア2】 死と闇の眷属_ジェネレート（変速前移動）　首なし　ダンジョン	itemLotId_1	11102902	死と闇の眷属（クモ）　首なし　ダンジョン	True	
110111200	【フロア2】 死と闇の眷属　首なし　ダンジョン	itemLotId_1	2909800	プレゼンダンジョン敵ドロップ	True	
110112080	【フロア2】 水死体ビースト　ダンジョン	itemLotId_1	11202900	水死体ビースト　ダンジョン	True	
110112200	【フロア2】 水死体ビースト　ダンジョン	itemLotId_1	2909800	プレゼンダンジョン敵ドロップ	True	
110113080	【フロア2】 デーモンの狂信者　ダンジョン用	itemLotId_1	11302900	デーモンの狂信者　ダンジョン	True	
110114080	【フロア2】 狂信者の獣　ダンジョン	itemLotId_1	11402900	狂信者の獣　ダンジョン	True	
110114902	【フロア2】 狂信者の獣　ダンジョン　嵐属性	itemLotId_1	11402910	狂信者の獣　ダンジョン　嵐	True	
110115080	【フロア2】 スライム　ダンジョン　ダンジョン	itemLotId_1	11502900	スライム　ダンジョン	True	
110116080	【フロア2】 デーモン犬　ダンジョン	itemLotId_1	11602900	デーモン犬　ダンジョン	True	
110118080	さまよう狂気　ダンジョン	itemLotId_1	11810000	さまよう狂気（小）　ダンジョン	True	52902000
110118081	【フロア2】 さまよう狂気(小)　並２　ダンジョン用	itemLotId_1	11810000	さまよう狂気（小）　ダンジョン	True	52902000
110118082	【フロア2】 さまよう狂気(小)　良　ダンジョン用	itemLotId_1	11810000	さまよう狂気（小）　ダンジョン	True	52902000
110118083	【フロア2】 さまよう狂気(小)　レア　ダンジョン用	itemLotId_1	11810000	さまよう狂気（小）　ダンジョン	True	52902000
110119080	【フロア2】 さまよう狂気(中)　ダンジョン	itemLotId_1	11902900	さまよう狂気（中）　ダンジョン　並	True	52903000
110121080	【フロア2】 墓守サソリ　子なし　小はさみ　ダンジョン	itemLotId_1	12102900	墓守サソリ　ダンジョン	True	
110121081	【フロア2】 墓守サソリ　子なし　大はさみ　ダンジョン	itemLotId_1	12102900	墓守サソリ　ダンジョン	True	
110121090	【フロア2】 墓守サソリ　子あり　小はさみ　ダンジョン	itemLotId_1	12102902	墓守サソリ　子持ち　ダンジョン	True	
110121091	【フロア2】 墓守サソリ　子あり　大はさみ　ダンジョン	itemLotId_1	12102902	墓守サソリ　子持ち　ダンジョン	True	
110122080	【フロア2】 幼生オオコウモリ　ダンジョン	itemLotId_1	12202900	幼生オオコウモリ　ダンジョン	True	
110122081	【フロア2】 幼生オオコウモリ（彫像待機）　ダンジョン	itemLotId_1	12202900	幼生オオコウモリ　ダンジョン	True	
110123000	【フロア2】 穴掘り　ダンジョン	itemLotId_1	12302900	穴掘り　ダンジョン	True	
110123200	【フロア2】 穴掘り　ダンジョン	itemLotId_1	2909800	プレゼンダンジョン敵ドロップ	True	
110124090	【フロア2】 狂犬　ダンジョン	itemLotId_1	12402900	狂犬　ダンジョン	True	
110124102	【フロア2】 狂犬　ダンジョン用　嵐属性	itemLotId_1	12402910	狂犬　ダンジョン　嵐	True	
110125000	【フロア2】 蛇玉（子）　1本だけ太い　ダンジョン	itemLotId_1	12502900	蛇玉（子）　ダンジョン	True	
110125010	【フロア2】 蛇玉（子）　毒霧　ダンジョン	itemLotId_1	12502900	蛇玉（子）　ダンジョン	True	
110126000	【フロア2】 蛇玉（子）・小　1本だけ太い　ダンジョン	itemLotId_1	12602900	蛇玉（子）小　ダンジョン	True	
110127000	【フロア2】 吸血豚　ダンジョン	itemLotId_1	12702900	吸血豚　ダンジョン	True	
110127102	【フロア2】 吸血豚　ダンジョン　嵐属性	itemLotId_1	12702910	吸血豚　ダンジョン　嵐	True	
110129000	【フロア2】 異形ビースト（雌）　ダンジョン	itemLotId_1	12902900	異形ビースト（雌）　ダンジョン	True	
110130000	【フロア2】 死と闇の眷属（大）　ダンジョン	itemLotId_1	13002900	死と闇の眷属（大）　ダンジョン	True	
110140000	【フロア2】 白痴の蜘蛛（子）　ダンジョン	itemLotId_1	14002900	白痴の蜘蛛（子）　ダンジョン	True	
110140010	【フロア2】 白痴の蜘蛛（子）　ボスのお供　ダンジョン	itemLotId_1	14002910	白痴の蜘蛛（子）　ダンジョン　ボスのお供	True	
110201020	【フロア2】 墓掘り（銃）　ダンジョン	itemLotId_1	20102904	ダンジョン人（墓掘り）銃　ダンジョン	True	
110201080	【フロア2】 墓掘り（鉤）　ダンジョン	itemLotId_1	20102900	ダンジョン人（墓掘り）鉤　ダンジョン	True	
110201081	【フロア2】 墓掘り（つるはし）　ダンジョン	itemLotId_1	20102902	ダンジョン人（墓掘り）つるはし　ダンジョン	True	
110201090	【フロア2】 墓掘り（鉤）　ダンジョン＿巡回	itemLotId_1	20102900	ダンジョン人（墓掘り）鉤　ダンジョン	True	
110201091	【フロア2】 墓掘り（つるはし）　ダンジョン＿巡回	itemLotId_1	20102902	ダンジョン人（墓掘り）つるはし　ダンジョン	True	
110201092	【フロア2】 墓掘り（銃）＿巡回	itemLotId_1	20102904	ダンジョン人（墓掘り）銃　ダンジョン	True	
110201108	【フロア2】 墓掘り（鉤）　医者　ダンジョン	itemLotId_1	20102970	ダンジョン人（墓掘り）鉤　ダンジョン 医者	True	
110201109	【フロア2】 墓掘り（鉤）　儀式　ダンジョン	itemLotId_1	20102980	ダンジョン人（墓掘り）鉤　ダンジョン 儀式	True	
110201128	【フロア2】 墓掘り（つるはし）　医者　ダンジョン	itemLotId_1	20102972	ダンジョン人（墓掘り）つるはし　ダンジョン　医師	True	
110201200	【フロア2】 墓掘り（銃）	itemLotId_1	2909800	プレゼンダンジョン敵ドロップ	True	
110201210	【フロア2】 墓掘り（鉤）　ダンジョン	itemLotId_1	2909800	プレゼンダンジョン敵ドロップ	True	
110201220	【フロア2】 墓掘り（つるはし）　ダンジョン	itemLotId_1	2909800	プレゼンダンジョン敵ドロップ	True	
110202080	【フロア2】 人さらい　ダンジョン	itemLotId_1	20202900	人さらい　ダンジョン	True	
110204080	【フロア2】 操り骸　ダンジョン	itemLotId_1	20402900	操り骸　ダンジョン　不死敵	True	
110205080	【フロア2】 狂気の悪霊　ダンジョン	itemLotId_1	20502900	狂気の悪霊　ダンジョン	True	
110205290	狂気の悪霊　SAN値　ダンジョン	itemLotId_1	205290		False	
110208080	【フロア2】 月明かりのゴースト 杖あり　ダンジョン	itemLotId_1	20802900	月明かりのゴースト　ダンジョン	True	52902200
110208090	【フロア2】 月明かりのゴースト 杖なし　ダンジョン	itemLotId_1	20802900	月明かりのゴースト　ダンジョン	True	52902200
110209095	【フロア2】 血に渇いた獣　ザコ扱い　ダンジョン	itemLotId_1	20905000	血に渇いた獣　ザコ扱い	True	
110210080	【フロア2】 アイコレクター ダンジョン	itemLotId_1	21002900	アイコレクター　ダンジョン	True	
110210180	【フロア2】 アイコレクター　牢番ババア　 ダンジョン	itemLotId_1	21002902	アイコレクター　ダンジョン	True	
110211080	【フロア2】 蜘蛛のクトゥルフ　ダンジョン	itemLotId_1	21102900	蜘蛛のクトゥルフ　ダンジョン	True	
110212080	【フロア2】 闇の旅団　剣　ダンジョン	itemLotId_1	21202900	闇の旅団　剣　ダンジョン	True	
110212081	【フロア2】 闇の旅団　剣・蝋燭　ダンジョン	itemLotId_1	21202902	闇の旅団　剣・蝋燭　ダンジョン	True	
110212082	【フロア2】 闇の旅団　オーブ・鎚　ダンジョン	itemLotId_1	21202904	闇の旅団　オーブ・鎚　ダンジョン	True	
110213000	【フロア2】 血舐め（血袋小）　ダンジョン	itemLotId_1	21302900	血舐め　ダンジョン	True	
110213010	【フロア2】 血舐め（血袋中）　ダンジョン	itemLotId_1	21302900	血舐め　ダンジョン	True	
110213020	【フロア2】 血舐め（血袋大）　ダンジョン	itemLotId_1	21302900	血舐め　ダンジョン	True	
110213030	【フロア2】 血舐め（血袋特大）　ダンジョン	itemLotId_1	21302900	血舐め　ダンジョン	True	
110216000	【フロア2】 滅びの炎の眷属　ダンジョン	itemLotId_1	21602900	滅びの炎の眷属　ダンジョン	True	
110216001	【フロア2】 滅びの炎の眷属　（帽子なし）　ダンジョン	itemLotId_1	21602900	滅びの炎の眷属　ダンジョン	True	
110218000	【フロア2】 銀の獣の眷属　ダンジョン	itemLotId_1	21802900	銀の獣の眷属　ダンジョン	True	
110218010	【フロア2】 銀の獣の眷属　寄生虫　ダンジョン	itemLotId_1	21802900	銀の獣の眷属　ダンジョン	True	
110219000	【フロア2】 寄生虫　ダンジョン	itemLotId_1	21902900	銀の獣の眷属　寄生虫　ダンジョン	True	
110250080	【フロア2】 月からの使者　触手なし　ダンジョン	itemLotId_1	25002900	月からの使者　ダンジョン	True	
110250081	【フロア2】 月からの使者　触手あり　ダンジョン	itemLotId_1	25002902	月からの使者　触手あり　ダンジョン	True	
110250203	【フロア2】 月からの使者　コズミック属性透明化	itemLotId_1	25002910	月からの使者　ダンジョン　宇宙	True	
110250204	【フロア2】 月からの使者　コズミック属性弾丸変化	itemLotId_1	25002910	月からの使者　ダンジョン　宇宙	True	
110250205	【フロア2】 月からの使者　触手あり　コズミック属性化　ダンジョン	itemLotId_1	25002912	月からの使者　触手あり　ダンジョン　宇宙	True	
110250206	【フロア2】 月からの使者　触手あり　コズミック属性弾丸変化　ダンジョン	itemLotId_1	25002912	月からの使者　触手あり　ダンジョン　宇宙	True	
110252080	【フロア2】 月の幼生　ダンジョン	itemLotId_1	25202900	月の幼生　ダンジョン	True	
110252081	【フロア2】 月の幼生　天井待機　ダンジョン	itemLotId_1	25202900	月の幼生　ダンジョン	True	
110253030	【フロア2】 星の花　（頭部のみ）　ダンジョン	itemLotId_1	25302900	星の花　ダンジョン	True	
110253104	【フロア2】 星の花　コズミック属性弾丸変化　ダンジョン	itemLotId_1	25302910	星の花　ダンジョン　宇宙	True	
110300000	【フロア2】 ダンジョン人（司祭）　固定砲台　ダンジョン	itemLotId_1	30002900	ダンジョン人（司祭）　ダンジョン	True	
110300001	【フロア2】 ダンジョン人（司祭）・立っている	itemLotId_1	30002900	ダンジョン人（司祭）　ダンジョン	True	
110300002	【フロア2】 ダンジョン人（司祭）　周囲強化タイプ　ダンジョン	itemLotId_1	30002905	ダンジョン人（司祭）　ダンジョン 格闘タイプ	True	
110300010	【フロア2】 ダンジョン人（司祭）　固定砲台　ダンジョン_ダンジョン用砲台	itemLotId_1	30002900	ダンジョン人（司祭）　ダンジョン	True	
110300104	【フロア2】 ダンジョン人（司祭）　固定砲台　コズミック属性弾丸変化　ダンジョン	itemLotId_1	30002920	ダンジョン人（司祭）　ダンジョン　宇宙	True	
110300124	【フロア2】 ダンジョン人（司祭）・立っている　コズミック属性弾丸変化	itemLotId_1	30002920	ダンジョン人（司祭）　ダンジョン　宇宙	True	
110300144	【フロア2】 ダンジョン人（司祭）　固定砲台　ダンジョン_ダンジョン用砲台　コズミック属性弾丸変化	itemLotId_1	30002920	ダンジョン人（司祭）　ダンジョン　宇宙	True	
110301000	【フロア2】 ダンジョン人（奴隷）　裸　剣　ダンジョン	itemLotId_1	30102900	ダンジョン人（奴隷）剣鉈　ダンジョン	True	
110301001	【フロア2】 ダンジョン人（奴隷）（裸・剣_素手投擲）	itemLotId_1	30102900	ダンジョン人（奴隷）剣鉈　ダンジョン	True	
110301005	【フロア2】ダンジョン人（奴隷）　裸　剣　ステルス投げナイフ　ダンジョン	itemLotId_1	30102910	ダンジョン人（奴隷）剣鉈　ダンジョン　ステルス投げナイフ	True	
110301009	【フロア2】 ダンジョン人（奴隷）　裸　素手　無気力　ダンジョン	itemLotId_1	30102920	ダンジョン人（奴隷）剣鉈　ダンジョン　無気力	True	
110301010	【フロア2】 ダンジョン人（奴隷）　裸　鉈　ダンジョン	itemLotId_1	30102900	ダンジョン人（奴隷）剣鉈　ダンジョン	True	
110301011	【フロア2】 ダンジョン人（奴隷）　裸　鉈　投擲　ダンジョン	itemLotId_1	30102930	ダンジョン人（奴隷）鉈投擲　ダンジョン	True	
110301020	【フロア2】 ダンジョン人（奴隷）（白服・ランタン_剣）	itemLotId_1	30102902	ダンジョン人（奴隷）ランタン　ダンジョン	True	
110301030	【フロア2】 ダンジョン人（奴隷）　白服　鉈　ランタン　ダンジョン	itemLotId_1	30102902	ダンジョン人（奴隷）ランタン　ダンジョン	True	
110301040	【フロア2】 ダンジョン人（奴隷）　黒服　双斧　ダンジョン	itemLotId_1	30102906	ダンジョン人（奴隷）斧・斧　ダンジョン	True	
110301050	【フロア2】 ダンジョン人（奴隷）　黒服　ポールウェポン　ダンジョン	itemLotId_1	30102904	ダンジョン人（奴隷）斧ポール　ダンジョン	True	
110301060	【フロア2】 ダンジョン人（奴隷）　黒服　剣　ダンジョン	itemLotId_1	30102908	ダンジョン人（奴隷）剣・着衣　ダンジョン	True	
110301070	【フロア2】 ダンジョン人（奴隷）　裸　双剣　強い奴隷　ダンジョン	itemLotId_1	30102970	ダンジョン人（奴隷）剣鉈　ダンジョン　強奴隷	True	
110301107	【フロア2】 ダンジョン人（奴隷）　裸　剣　ダンジョン　戦士	itemLotId_1	30102960	ダンジョン人（奴隷）剣鉈　ダンジョン　戦士	True	
110301109	【フロア2】 ダンジョン人（奴隷）　裸　剣　ダンジョン　儀式	itemLotId_1	30102980	ダンジョン人（奴隷）剣鉈　ダンジョン　儀式	True	
110301127	【フロア2】 ダンジョン人（奴隷）（裸・剣_素手投擲）　戦士	itemLotId_1	30102960	ダンジョン人（奴隷）剣鉈　ダンジョン　戦士	True	
110301129	【フロア2】 ダンジョン人（奴隷）（裸・剣_素手投擲）　儀式	itemLotId_1	30102980	ダンジョン人（奴隷）剣鉈　ダンジョン　儀式	True	
110301147	【フロア2】 ダンジョン人（奴隷）　裸　鉈　戦士　ダンジョン	itemLotId_1	30102960	ダンジョン人（奴隷）剣鉈　ダンジョン　戦士	True	
110301149	【フロア2】 ダンジョン人（奴隷）　裸　鉈　儀式　ダンジョン	itemLotId_1	30102980	ダンジョン人（奴隷）剣鉈　ダンジョン　儀式	True	
110301167	【フロア2】 ダンジョン人（奴隷）　裸　鉈　投擲　戦士　ダンジョン	itemLotId_1	30102930	ダンジョン人（奴隷）鉈投擲　ダンジョン	True	
110301169	【フロア2】 ダンジョン人（奴隷）　裸　鉈　投擲　儀式　ダンジョン	itemLotId_1	30102930	ダンジョン人（奴隷）鉈投擲　ダンジョン	True	
110301187	【フロア2】 ダンジョン人（奴隷）（白服・ランタン_剣）　戦士	itemLotId_1	30102962	ダンジョン人（奴隷）ランタン　ダンジョン　戦士	True	
110301189	【フロア2】 ダンジョン人（奴隷）（白服・ランタン_剣）　儀式	itemLotId_1	30102982	ダンジョン人（奴隷）ランタン　ダンジョン　儀式	True	
110301207	【フロア2】 ダンジョン人（奴隷）　白服　鉈　ランタン　戦士　ダンジョン	itemLotId_1	30102962	ダンジョン人（奴隷）ランタン　ダンジョン　戦士	True	
110301209	【フロア2】 ダンジョン人（奴隷）　白服　鉈　ランタン　儀式　ダンジョン	itemLotId_1	30102982	ダンジョン人（奴隷）ランタン　ダンジョン　儀式	True	
110301227	【フロア2】 ダンジョン人（奴隷）　黒服　双斧　戦士　ダンジョン	itemLotId_1	30102966	ダンジョン人（奴隷）斧・斧　ダンジョン　戦士	True	
110301229	【フロア2】 ダンジョン人（奴隷）　黒服　双斧　儀式　ダンジョン	itemLotId_1	30102986	ダンジョン人（奴隷）斧・斧　ダンジョン　儀式	True	
110301247	【フロア2】 ダンジョン人（奴隷）　黒服　ポールウェポン　戦士　ダンジョン	itemLotId_1	30102964	ダンジョン人（奴隷）斧ポール　ダンジョン　戦士	True	
110301249	【フロア2】 ダンジョン人（奴隷）　黒服　ポールウェポン　儀式　ダンジョン	itemLotId_1	30102984	ダンジョン人（奴隷）斧ポール　ダンジョン　儀式	True	
110301267	【フロア2】 ダンジョン人（奴隷）　黒服　剣　戦士　ダンジョン	itemLotId_1	30102968	ダンジョン人（奴隷）剣・着衣　ダンジョン　戦士	True	
110301269	【フロア2】 ダンジョン人（奴隷）　黒服　剣　儀式　ダンジョン	itemLotId_1	30102988	ダンジョン人（奴隷）剣・着衣　ダンジョン　儀式	True	
110301329	【フロア2】 ダンジョン人（奴隷）　白服　双斧　儀式　ダンジョン	itemLotId_1	30102986	ダンジョン人（奴隷）斧・斧　ダンジョン　儀式	True	
110301349	【フロア2】 ダンジョン人（奴隷）　白服　ポールウェポン　儀式　ダンジョン	itemLotId_1	30102984	ダンジョン人（奴隷）斧ポール　ダンジョン　儀式	True	
110301369	【フロア2】 ダンジョン人（奴隷）　白服　剣　儀式　ダンジョン	itemLotId_1	30102980	ダンジョン人（奴隷）剣鉈　ダンジョン　儀式	True	
110301800	【フロア2】 ダンジョン人（奴隷）　裸　剣　ダンジョン	itemLotId_1	2909800	プレゼンダンジョン敵ドロップ	True	
110301810	【フロア2】 ダンジョン人（奴隷）　裸　鉈　ダンジョン	itemLotId_1	2909800	プレゼンダンジョン敵ドロップ	True	
110301840	【フロア2】 ダンジョン人（奴隷）　黒服　双斧　ダンジョン	itemLotId_1	2909800	プレゼンダンジョン敵ドロップ	True	
110301850	【フロア2】 ダンジョン人（奴隷）　黒服　ポールウェポン　ダンジョン	itemLotId_1	2909800	プレゼンダンジョン敵ドロップ	True	
110301860	【フロア2】 ダンジョン人（奴隷）　黒服　剣　ダンジョン	itemLotId_1	2909800	プレゼンダンジョン敵ドロップ	True	
110302000	【フロア2】 ダンジョン人（番人）　剣盾　ダンジョン	itemLotId_1	30202900	ダンジョン人（番人）　ダンジョン	True	
110302010	【フロア2】 ダンジョン人（番人）　モーニングスター　ダンジョン	itemLotId_1	30202900	ダンジョン人（番人）　ダンジョン	True	
110302020	【フロア2】 ダンジョン人（番人）　剣クロスボウ　ダンジョン	itemLotId_1	30202902	ダンジョン人（番人）　クロスボウ　ダンジョン	True	
110302030	【フロア2】 ダンジョン人（番人）　特大剣　ダンジョン	itemLotId_1	30202900	ダンジョン人（番人）　ダンジョン	True	
110302108	【フロア2】 ダンジョン人（番人）　剣盾　医者　ダンジョン	itemLotId_1	30202970	ダンジョン人（番人）　ダンジョン　医者	True	
110302109	【フロア2】 ダンジョン人（番人）　剣盾　儀式　ダンジョン	itemLotId_1	30202980	ダンジョン人（番人）　ダンジョン　儀式	True	
110302128	【フロア2】 ダンジョン人（番人）　モーニングスター　医者　ダンジョン	itemLotId_1	30202970	ダンジョン人（番人）　ダンジョン　医者	True	
110302148	【フロア2】 ダンジョン人（番人）　剣クロスボウ　医者　ダンジョン	itemLotId_1	30202982	ダンジョン人（番人）　クロスボウ　ダンジョン　儀式	True	
110302168	【フロア2】 ダンジョン人（番人）　特大剣　医者　ダンジョン	itemLotId_1	30202970	ダンジョン人（番人）　ダンジョン　医者	True	
110302169	【フロア2】 ダンジョン人（番人）　特大剣　儀式　ダンジョン	itemLotId_1	30202980	ダンジョン人（番人）　ダンジョン　儀式	True	
110303000	【フロア2】 ダンジョン人（狂人）　片手鎌　ダンジョン	itemLotId_1	30302900	ダンジョン人（狂人）　ダンジョン	True	
110303001	【フロア2】 ダンジョン人（狂人）　片手折れた大剣　ダンジョン	itemLotId_1	30302900	ダンジョン人（狂人）　ダンジョン	True	
110303010	【フロア2】 ダンジョン人（狂人）　死体持ち　ダンジョン	itemLotId_1	30302902	ダンジョン人（狂人）　死体持ち　ダンジョン	True	
110303020	【フロア2】 ダンジョン人（狂人）　二刀鎌　ダンジョン	itemLotId_1	30302900	ダンジョン人（狂人）　ダンジョン	True	
110303102	【フロア2】 ダンジョン人（狂人）　片手鎌　嵐属性　ダンジョン	itemLotId_1	30302910	ダンジョン人（狂人）　ダンジョン　嵐	True	
110303109	【フロア2】 ダンジョン人（狂人）　片手鎌　儀式　ダンジョン	itemLotId_1	30302980	ダンジョン人（狂人）　ダンジョン　儀式	True	
110303122	【フロア2】 ダンジョン人（狂人）　片手折れた大剣　嵐属性　ダンジョン	itemLotId_1	30302910	ダンジョン人（狂人）　ダンジョン　嵐	True	
110303129	【フロア2】 ダンジョン人（狂人）　片手折れた大剣　儀式　ダンジョン	itemLotId_1	30302980	ダンジョン人（狂人）　ダンジョン　儀式	True	
110303142	【フロア2】 ダンジョン人（狂人）　死体持ち　嵐属性　ダンジョン	itemLotId_1	30302912	ダンジョン人（狂人）　死体持ち　ダンジョン　嵐	True	
110303162	【フロア2】 ダンジョン人（狂人）　二刀鎌　嵐属性　ダンジョン	itemLotId_1	30302910	ダンジョン人（狂人）　ダンジョン　嵐	True	
110303169	【フロア2】 ダンジョン人（狂人）　二刀鎌　儀式　ダンジョン	itemLotId_1	30302980	ダンジョン人（狂人）　ダンジョン　儀式	True	
110304000	【フロア2】 ダンジョン人（デブ）　ナタ　ダンジョン	itemLotId_1	30402900	ダンジョン人（デブ）　ダンジョン	True	
110304010	【フロア2】 ダンジョン人（デブ）　赤熱ナタ　ダンジョン	itemLotId_1	30402900	ダンジョン人（デブ）　ダンジョン	True	
110304020	【フロア2】 ダンジョン人（デブ）　ナタ　ショットガン　ダンジョン	itemLotId_1	30402902	ダンジョン人（デブ）　銃　ダンジョン	True	
110304040	【フロア2】 ダンジョン人（デブ）　ノコギリ　ダンジョン	itemLotId_1	30402900	ダンジョン人（デブ）　ダンジョン	True	
110304050	【フロア2】 ダンジョン人（デブ）　裸　両手鉄球　ダンジョン	itemLotId_1	30402904	ダンジョン人（デブ）　鉄球　ダンジョン	True	
110304051	【フロア2】 ダンジョン人（デブ）（鉄球両手・紳士）	itemLotId_1	30402904	ダンジョン人（デブ）　鉄球　ダンジョン	True	
110304108	【フロア2】 ダンジョン人（デブ）　ナタ　ダンジョン　医者	itemLotId_1	30402970	ダンジョン人（デブ）　ダンジョン　医者	True	
110304128	【フロア2】 ダンジョン人（デブ）　赤熱ナタ　ダンジョン　医者	itemLotId_1	30402970	ダンジョン人（デブ）　ダンジョン　医者	True	
110304148	【フロア2】 ダンジョン人（デブ）　ナタ　ショットガン　ダンジョン　医者	itemLotId_1	30402972	ダンジョン人（デブ）　銃　ダンジョン　医者	True	
110304168	【フロア2】 ダンジョン人（デブ）　ノコギリ　ダンジョン　医者	itemLotId_1	30402970	ダンジョン人（デブ）　ダンジョン　医者	True	
110304188	【フロア2】 ダンジョン人（デブ）　裸　両手鉄球　ダンジョン　医者	itemLotId_1	30402974	ダンジョン人（デブ）　鉄球　ダンジョン　医者	True	
110304208	【フロア2】 ダンジョン人（デブ）（鉄球両手・紳士）　医者	itemLotId_1	30402974	ダンジョン人（デブ）　鉄球　ダンジョン　医者	True	
110305005	【フロア2】 ダンジョン人（ロード）　双剣　ザコ扱い　ダンジョン	itemLotId_1	30505000	ダンジョン人（ロード)　双剣　ザコ扱い	True	
110305015	【フロア2】 ダンジョン人（ロード）　杖　ザコ扱い　ダンジョン	itemLotId_1	30515000	ダンジョン人（ロード)　杖　ザコ扱い	True	
110310080	【フロア2】 ミミック　ダンジョン	itemLotId_1	31002900	ミミック　ダンジョン	True	
110310081	【フロア2】 ミミック　遠距離　ダンジョン	itemLotId_1	31002902	ミミック　遠距離タイプ　ダンジョン	True	
110312000	【フロア2】 悪霊（女）　ダンジョン	itemLotId_1	31202900	悪霊（女）　ダンジョン	True	
110312010	【フロア2】 悪霊（女）　ストーカー　ダンジョン	itemLotId_1	31202900	悪霊（女）　ダンジョン	True	
110312011	【フロア2】 悪霊（女）　ストーカー　宝箱から出現　ダンジョン	itemLotId_1	31202900	悪霊（女）　ダンジョン	True	
110313000	【フロア2】 フレッシュゴーレム（先端剣＋肘剣）　弱点なし　ダンジョン	itemLotId_1	31302900	フレッシュゴーレム　ダンジョン	True	
110313001	【フロア2】 フレッシュゴーレム（先端剣＋肘剣）　弱点左ひざ横　ダンジョン	itemLotId_1	31302900	フレッシュゴーレム　ダンジョン	True	
110313002	【フロア2】 フレッシュゴーレム（先端剣＋肘剣）　弱点おしり　ダンジョン	itemLotId_1	31302900	フレッシュゴーレム　ダンジョン	True	
110313010	【フロア2】 フレッシュゴーレム（斧＋大砲）　弱点なし　ダンジョン	itemLotId_1	31302910	フレッシュゴーレム　大砲　ダンジョン	True	
110313011	【フロア2】 フレッシュゴーレム（斧＋大砲）　弱点左ひざ横　ダンジョン	itemLotId_1	31302910	フレッシュゴーレム　大砲　ダンジョン	True	
110313012	【フロア2】 フレッシュゴーレム（斧＋大砲）　弱点正面　ダンジョン	itemLotId_1	31302910	フレッシュゴーレム　大砲　ダンジョン	True	
110313020	【フロア2】 フレッシュゴーレム（肉塊＋鉤）　弱点なし　ダンジョン	itemLotId_1	31302900	フレッシュゴーレム　ダンジョン	True	
110313021	【フロア2】 フレッシュゴーレム（肉塊＋鉤）　弱点左ひざ横　ダンジョン	itemLotId_1	31302900	フレッシュゴーレム　ダンジョン	True	
110313022	【フロア2】 フレッシュゴーレム（肉塊＋鉤）　弱点おしり　ダンジョン	itemLotId_1	31302900	フレッシュゴーレム　ダンジョン	True	
110313109	【フロア2】 フレッシュゴーレム（先端剣＋肘剣）　弱点なし　炎エンチャント　ダンジョン	itemLotId_1	31302980	フレッシュゴーレム　ダンジョン　儀式	True	
110313129	【フロア2】 フレッシュゴーレム（先端剣＋肘剣）　弱点左ひざ横　炎エンチャント　ダンジョン	itemLotId_1	31302980	フレッシュゴーレム　ダンジョン　儀式	True	
110313149	【フロア2】 フレッシュゴーレム（先端剣＋肘剣）　弱点おしり　炎エンチャント　ダンジョン	itemLotId_1	31302980	フレッシュゴーレム　ダンジョン　儀式	True	
110313200	【フロア2】 フレッシュゴーレム（先端剣＋肘剣）　弱点左ひざ横　炎エンチャント　ダンジョン	itemLotId_1	2909800	プレゼンダンジョン敵ドロップ	True	
110501005	【フロア2】 炎の獣　ザコ扱い　ダンジョン	itemLotId_1	50105000	炎の獣　ザコ扱い	True	
110501200	【フロア2】 炎の獣　【Boss】　ダンジョンボス　ダンジョン	itemLotId_1	2909800	プレゼンダンジョン敵ドロップ	True	
110504005	【フロア2】 嵐の獣　ザコ扱い　ダンジョン	itemLotId_1	50405000	嵐の獣　ザコ扱い	True	
110509005	【フロア2】 始祖ビースト　ザコ扱い　ダンジョン	itemLotId_1	50905000	始祖ビースト　ザコ扱い	True	
110750080	【フロア2】 敵アバター　ダンジョン	itemLotId_1	75002900	敵アバター　ダンジョン	True	
119304000	ダンジョン人（デブ）　ナタ　ダンジョン	itemLotId_1	30405000	ダンジョン人（デブ）　ダンジョン　A1	True	
119304010	ダンジョン人（デブ）　赤熱ナタ　ダンジョン	itemLotId_1	30405000	ダンジョン人（デブ）　ダンジョン　A1	True	
119304020	ダンジョン人（デブ）　ナタ　ショットガン　ダンジョン	itemLotId_1	30405000	ダンジョン人（デブ）　ダンジョン　A1	True	
119304040	ダンジョン人（デブ）　ノコギリ　ダンジョン	itemLotId_1	30405000	ダンジョン人（デブ）　ダンジョン　A1	True	
119304050	ダンジョン人（デブ）　裸　両手鉄球　ダンジョン	itemLotId_1	30405000	ダンジョン人（デブ）　ダンジョン　A1	True	
119304051	ダンジョン人（デブ）（鉄球両手・紳士）	itemLotId_1	30405000	ダンジョン人（デブ）　ダンジョン　A1	True	
119304108	ダンジョン人（デブ）　ナタ　医者　ダンジョン	itemLotId_1	30405000	ダンジョン人（デブ）　ダンジョン　A1	True	
119304128	ダンジョン人（デブ）　赤熱ナタ　医者　ダンジョン	itemLotId_1	30405000	ダンジョン人（デブ）　ダンジョン　A1	True	
119304148	ダンジョン人（デブ）　ナタ　ショットガン　医者　ダンジョン	itemLotId_1	30405000	ダンジョン人（デブ）　ダンジョン　A1	True	
119304168	ダンジョン人（デブ）　ノコギリ　医者　ダンジョン	itemLotId_1	30405000	ダンジョン人（デブ）　ダンジョン　A1	True	
119304188	ダンジョン人（デブ）　裸　両手鉄球　医者　ダンジョン	itemLotId_1	30405000	ダンジョン人（デブ）　ダンジョン　A1	True	
119304208	ダンジョン人（デブ）（鉄球両手・紳士）　医者	itemLotId_1	30405000	ダンジョン人（デブ）　ダンジョン　A1	True	
120110080	【フロア2】 下水ネズミ　ダンジョン	itemLotId_1	11002900	下水ネズミ　ダンジョン	True	
120110081	【フロア2】 下水ネズミ　膿付き　ダンジョン	itemLotId_1	11002902	下水ネズミ　膿み付き　ダンジョン	True	
120111080	【フロア2】 死と闇の眷属　首あり　ダンジョン	itemLotId_1	11102900	死と闇の眷属（クモ）　首あり　ダンジョン	True	
120111085	【フロア2】 死と闇の眷属　首なし　ダンジョン	itemLotId_1	11102904	死と闇の眷属（クモ）　首なし（ジェネレート）　ダンジョン	True	
120111090	死と闇の眷属　首あり　生成　ダンジョン	itemLotId_1	11102902	死と闇の眷属（クモ）　首なし　ダンジョン	True	
120111091	死と闇の眷属_ジェネレート（変速前移動）　ダンジョン	itemLotId_1	11102902	死と闇の眷属（クモ）　首なし　ダンジョン	True	
120111095	死と闇の眷属　首なし　生成　ダンジョン	itemLotId_1	11102902	死と闇の眷属（クモ）　首なし　ダンジョン	True	
120111096	死と闇の眷属_ジェネレート（変速前移動）　首なし　ダンジョン	itemLotId_1	11102902	死と闇の眷属（クモ）　首なし　ダンジョン	True	
120114080	【フロア2】 狂信者の獣　ダンジョン	itemLotId_1	11402900	狂信者の獣　ダンジョン	True	
120121080	【フロア2】 墓守サソリ　子なし　小はさみ　ダンジョン	itemLotId_1	12102900	墓守サソリ　ダンジョン	True	
120121081	【フロア2】 墓守サソリ　子なし　大はさみ　ダンジョン	itemLotId_1	12102900	墓守サソリ　ダンジョン	True	
120121090	【フロア2】 墓守サソリ　子あり　小はさみ　ダンジョン	itemLotId_1	12102902	墓守サソリ　子持ち　ダンジョン	True	
120121091	【フロア2】 墓守サソリ　子あり　大はさみ　ダンジョン	itemLotId_1	12102902	墓守サソリ　子持ち　ダンジョン	True	
120124090	【フロア2】 狂犬　ダンジョン	itemLotId_1	12402900	狂犬　ダンジョン	True	
120125000	【フロア2】 蛇玉（子）　1本だけ太い　ダンジョン	itemLotId_1	12502900	蛇玉（子）　ダンジョン	True	
120125010	【フロア2】 蛇玉（子）　毒霧　ダンジョン	itemLotId_1	12502900	蛇玉（子）　ダンジョン	True	
120126000	【フロア2】 蛇玉（子）・小　1本だけ太い　ダンジョン	itemLotId_1	12602900	蛇玉（子）小　ダンジョン	True	
120127000	【フロア2】 吸血豚　ダンジョン	itemLotId_1	12702900	吸血豚　ダンジョン	True	
120130000	【フロア2】 死と闇の眷属（大）　ダンジョン	itemLotId_1	13002900	死と闇の眷属（大）　ダンジョン	True	
120140000	【フロア2】 白痴の蜘蛛（子）　ダンジョン	itemLotId_1	14002900	白痴の蜘蛛（子）　ダンジョン	True	
120201080	【フロア2】 墓掘り（鉤）　ダンジョン	itemLotId_1	20102900	ダンジョン人（墓掘り）鉤　ダンジョン	True	
120201081	【フロア2】 墓掘り（つるはし）　ダンジョン	itemLotId_1	20102902	ダンジョン人（墓掘り）つるはし　ダンジョン	True	
120253030	【フロア2】 星の花　（頭部のみ）　ダンジョン	itemLotId_1	25302900	星の花　ダンジョン	True	
120253104	【フロア2】 星の花　コズミック属性弾丸変化　ダンジョン	itemLotId_1	25302910	星の花　ダンジョン　宇宙	True	
120300000	【フロア2】 ダンジョン人（司祭）　固定砲台　ダンジョン	itemLotId_1	30002900	ダンジョン人（司祭）　ダンジョン	True	
120300001	【フロア2】 ダンジョン人（司祭）・立っている	itemLotId_1	30002900	ダンジョン人（司祭）　ダンジョン	True	
120300010	【フロア2】 ダンジョン人（司祭）　固定砲台　ダンジョン_ダンジョン用砲台	itemLotId_1	30002900	ダンジョン人（司祭）　ダンジョン	True	
120301000	【フロア2】 ダンジョン人（奴隷）　裸　剣　ダンジョン	itemLotId_1	30102900	ダンジョン人（奴隷）剣鉈　ダンジョン	True	
120301001	【フロア2】 ダンジョン人（奴隷）（裸・剣_素手投擲）	itemLotId_1	30102900	ダンジョン人（奴隷）剣鉈　ダンジョン	True	
120301005	【フロア2】ダンジョン人（奴隷）　裸　剣　ステルス投げナイフ　ダンジョン	itemLotId_1	30102900	ダンジョン人（奴隷）剣鉈　ダンジョン	True	
120301010	【フロア2】 ダンジョン人（奴隷）　裸　鉈　ダンジョン	itemLotId_1	30102900	ダンジョン人（奴隷）剣鉈　ダンジョン	True	
120301011	【フロア2】 ダンジョン人（奴隷）　裸　鉈　投擲　ダンジョン	itemLotId_1	30102930	ダンジョン人（奴隷）鉈投擲　ダンジョン	True	
120301020	【フロア2】 ダンジョン人（奴隷）（白服・ランタン_剣）	itemLotId_1	30102902	ダンジョン人（奴隷）ランタン　ダンジョン	True	
120301030	【フロア2】 ダンジョン人（奴隷）　白服　鉈　ランタン　ダンジョン	itemLotId_1	30102902	ダンジョン人（奴隷）ランタン　ダンジョン	True	
120301040	【フロア2】 ダンジョン人（奴隷）　黒服　双斧　ダンジョン	itemLotId_1	30102906	ダンジョン人（奴隷）斧・斧　ダンジョン	True	
120301050	【フロア2】 ダンジョン人（奴隷）　黒服　ポールウェポン　ダンジョン	itemLotId_1	30102904	ダンジョン人（奴隷）斧ポール　ダンジョン	True	
120301060	【フロア2】 ダンジョン人（奴隷）　黒服　剣　ダンジョン	itemLotId_1	30102908	ダンジョン人（奴隷）剣・着衣　ダンジョン	True	
120302000	【フロア2】 ダンジョン人（番人）　剣盾　ダンジョン	itemLotId_1	30202900	ダンジョン人（番人）　ダンジョン	True	
120302010	【フロア2】 ダンジョン人（番人）　モーニングスター　ダンジョン	itemLotId_1	30202900	ダンジョン人（番人）　ダンジョン	True	
120302020	【フロア2】 ダンジョン人（番人）　剣クロスボウ　ダンジョン	itemLotId_1	30202902	ダンジョン人（番人）　クロスボウ　ダンジョン	True	
120302030	【フロア2】 ダンジョン人（番人）　特大剣　ダンジョン	itemLotId_1	30202900	ダンジョン人（番人）　ダンジョン	True	
120303000	【フロア2】 ダンジョン人（狂人）　片手鎌　ダンジョン	itemLotId_1	30302900	ダンジョン人（狂人）　ダンジョン	True	
120303001	【フロア2】 ダンジョン人（狂人）　片手折れた大剣　ダンジョン	itemLotId_1	30302900	ダンジョン人（狂人）　ダンジョン	True	
120303010	【フロア2】 ダンジョン人（狂人）　死体持ち　ダンジョン	itemLotId_1	30302902	ダンジョン人（狂人）　死体持ち　ダンジョン	True	
120303020	【フロア2】 ダンジョン人（狂人）　二刀鎌　ダンジョン	itemLotId_1	30302900	ダンジョン人（狂人）　ダンジョン	True	
120304000	【フロア2】 ダンジョン人（デブ）　ナタ　ダンジョン	itemLotId_1	30402900	ダンジョン人（デブ）　ダンジョン	True	
120304010	【フロア2】 ダンジョン人（デブ）　赤熱ナタ　ダンジョン	itemLotId_1	30402900	ダンジョン人（デブ）　ダンジョン	True	
120304020	【フロア2】 ダンジョン人（デブ）　ナタ　ショットガン　ダンジョン	itemLotId_1	30402902	ダンジョン人（デブ）　銃　ダンジョン	True	
120304040	【フロア2】 ダンジョン人（デブ）　ノコギリ　ダンジョン	itemLotId_1	30402900	ダンジョン人（デブ）　ダンジョン	True	
120304050	【フロア2】 ダンジョン人（デブ）　裸　両手鉄球　ダンジョン	itemLotId_1	30402904	ダンジョン人（デブ）　鉄球　ダンジョン	True	
120304051	【フロア2】 ダンジョン人（デブ）（鉄球両手・紳士）	itemLotId_1	30402904	ダンジョン人（デブ）　鉄球　ダンジョン	True	
120313000	【フロア2】 フレッシュゴーレム（先端剣＋肘剣）　弱点なし　ダンジョン	itemLotId_1	31302900	フレッシュゴーレム　ダンジョン	True	
120313001	【フロア2】 フレッシュゴーレム（先端剣＋肘剣）　弱点左ひざ横　ダンジョン	itemLotId_1	31302900	フレッシュゴーレム　ダンジョン	True	
120313002	【フロア2】 フレッシュゴーレム（先端剣＋肘剣）　弱点おしり　ダンジョン	itemLotId_1	31302900	フレッシュゴーレム　ダンジョン	True	
120313010	【フロア2】 フレッシュゴーレム（斧＋大砲）　弱点なし　ダンジョン	itemLotId_1	31302910	フレッシュゴーレム　大砲　ダンジョン	True	
120313011	【フロア2】 フレッシュゴーレム（斧＋大砲）　弱点左ひざ横　ダンジョン	itemLotId_1	31302910	フレッシュゴーレム　大砲　ダンジョン	True	
120313012	【フロア2】 フレッシュゴーレム（斧＋大砲）　弱点正面　ダンジョン	itemLotId_1	31302910	フレッシュゴーレム　大砲　ダンジョン	True	
120313020	【フロア2】 フレッシュゴーレム（肉塊＋鉤）　弱点なし　ダンジョン	itemLotId_1	31302900	フレッシュゴーレム　ダンジョン	True	
120313021	【フロア2】 フレッシュゴーレム（肉塊＋鉤）　弱点左ひざ横　ダンジョン	itemLotId_1	31302900	フレッシュゴーレム　ダンジョン	True	
120313022	【フロア2】 フレッシュゴーレム（肉塊＋鉤）　弱点おしり　ダンジョン	itemLotId_1	31302900	フレッシュゴーレム　ダンジョン	True	
121110080	【フロア2】 下水ネズミ　ダンジョン	itemLotId_1	11002940	下水ネズミ　ダンジョン　毒	True	
121110081	【フロア2】 下水ネズミ　膿付き　ダンジョン	itemLotId_1	11002942	下水ネズミ　膿み付き　ダンジョン　毒	True	
121111080	【フロア2】 死と闇の眷属　首あり　ダンジョン	itemLotId_1	11102940	死と闇の眷属（クモ）　首あり　ダンジョン　毒	True	
121111085	【フロア2】 死と闇の眷属　首なし　ダンジョン	itemLotId_1	11102942	死と闇の眷属（クモ）　首なし　ダンジョン　毒	True	
121111090	死と闇の眷属　首あり　生成　ダンジョン	itemLotId_1	11102902	死と闇の眷属（クモ）　首なし　ダンジョン	True	
121111091	死と闇の眷属_ジェネレート（変速前移動）　ダンジョン	itemLotId_1	11102902	死と闇の眷属（クモ）　首なし　ダンジョン	True	
121111095	死と闇の眷属　首なし　生成　ダンジョン	itemLotId_1	11102902	死と闇の眷属（クモ）　首なし　ダンジョン	True	
121111096	死と闇の眷属_ジェネレート（変速前移動）　首なし　ダンジョン	itemLotId_1	11102902	死と闇の眷属（クモ）　首なし　ダンジョン	True	
121114080	【フロア2】 狂信者の獣　ダンジョン	itemLotId_1	11402940	狂信者の獣　ダンジョン　毒	True	
121121080	【フロア2】 墓守サソリ　子なし　小はさみ　ダンジョン	itemLotId_1	12102940	墓守サソリ　ダンジョン　毒	True	
121121081	【フロア2】 墓守サソリ　子なし　大はさみ　ダンジョン	itemLotId_1	12102940	墓守サソリ　ダンジョン　毒	True	
121121090	【フロア2】 墓守サソリ　子あり　小はさみ　ダンジョン	itemLotId_1	12102942	墓守サソリ　子持ち　ダンジョン　毒	True	
121121091	【フロア2】 墓守サソリ　子あり　大はさみ　ダンジョン	itemLotId_1	12102942	墓守サソリ　子持ち　ダンジョン　毒	True	
121124090	【フロア2】 狂犬　ダンジョン	itemLotId_1	12402940	狂犬　ダンジョン　毒	True	
121125000	【フロア2】 蛇玉（子）　1本だけ太い　ダンジョン	itemLotId_1	12502940	蛇玉（子）　ダンジョン　毒	True	
121125010	【フロア2】 蛇玉（子）　毒霧　ダンジョン	itemLotId_1	12502940	蛇玉（子）　ダンジョン　毒	True	
121126000	【フロア2】 蛇玉（子）・小　1本だけ太い　ダンジョン	itemLotId_1	12602940	蛇玉（子）小　ダンジョン　毒	True	
121127000	【フロア2】 吸血豚　ダンジョン	itemLotId_1	12702940	吸血豚　ダンジョン　毒	True	
121130000	【フロア2】 死と闇の眷属（大）　ダンジョン	itemLotId_1	13002940	死と闇の眷属（大）　ダンジョン　毒	True	
121140000	【フロア2】 白痴の蜘蛛（子）　ダンジョン	itemLotId_1	14002900	白痴の蜘蛛（子）　ダンジョン	True	
121201080	【フロア2】 墓掘り（鉤）　ダンジョン	itemLotId_1	20102900	ダンジョン人（墓掘り）鉤　ダンジョン	True	
121201081	【フロア2】 墓掘り（つるはし）　ダンジョン	itemLotId_1	20102902	ダンジョン人（墓掘り）つるはし　ダンジョン	True	
121253030	【フロア2】 星の花　（頭部のみ）　ダンジョン	itemLotId_1	25302900	星の花　ダンジョン	True	
121253104	【フロア2】 星の花　コズミック属性弾丸変化　ダンジョン	itemLotId_1	25302910	星の花　ダンジョン　宇宙	True	
121301000	【フロア2】 ダンジョン人（奴隷）　裸　剣　ダンジョン　毒	itemLotId_1	30102940	ダンジョン人（奴隷）剣鉈　ダンジョン　毒	True	
121301001	【フロア2】 ダンジョン人（奴隷）（裸・剣_素手投擲）　毒	itemLotId_1	30102940	ダンジョン人（奴隷）剣鉈　ダンジョン　毒	True	
121301010	【フロア2】 ダンジョン人（奴隷）　裸　鉈　ダンジョン　毒	itemLotId_1	30102940	ダンジョン人（奴隷）剣鉈　ダンジョン　毒	True	
121301011	【フロア2】 ダンジョン人（奴隷）　裸　鉈　投擲　ダンジョン　毒	itemLotId_1	30102932	ダンジョン人（奴隷）鉈投擲　ダンジョン　毒	True	
121301020	【フロア2】 ダンジョン人（奴隷）（白服・ランタン_剣）　毒	itemLotId_1	30102942	ダンジョン人（奴隷）ランタン　ダンジョン　毒	True	
121301030	【フロア2】 ダンジョン人（奴隷）　白服　鉈　ランタン　ダンジョン　毒	itemLotId_1	30102942	ダンジョン人（奴隷）ランタン　ダンジョン　毒	True	
121301040	【フロア2】 ダンジョン人（奴隷）　黒服　双斧　ダンジョン　毒	itemLotId_1	30102946	ダンジョン人（奴隷）斧・斧　ダンジョン　毒	True	
121301050	【フロア2】 ダンジョン人（奴隷）　黒服　ポールウェポン　ダンジョン　毒	itemLotId_1	30102944	ダンジョン人（奴隷）斧ポール　ダンジョン　毒	True	
121301060	【フロア2】 ダンジョン人（奴隷）　黒服　剣　ダンジョン毒	itemLotId_1	30102948	ダンジョン人（奴隷）剣・着衣　ダンジョン　毒	True	
121302000	【フロア2】 ダンジョン人（番人）　剣盾　ダンジョン	itemLotId_1	30202900	ダンジョン人（番人）　ダンジョン	True	
121302010	【フロア2】 ダンジョン人（番人）　モーニングスター　ダンジョン	itemLotId_1	30202900	ダンジョン人（番人）　ダンジョン	True	
121302020	【フロア2】 ダンジョン人（番人）　剣クロスボウ　ダンジョン	itemLotId_1	30202902	ダンジョン人（番人）　クロスボウ　ダンジョン	True	
121302030	【フロア2】 ダンジョン人（番人）　特大剣　ダンジョン	itemLotId_1	30202900	ダンジョン人（番人）　ダンジョン	True	
121303000	【フロア2】 ダンジョン人（狂人）　片手鎌　ダンジョン	itemLotId_1	30302900	ダンジョン人（狂人）　ダンジョン	True	
121303001	【フロア2】 ダンジョン人（狂人）　片手折れた大剣　ダンジョン	itemLotId_1	30302900	ダンジョン人（狂人）　ダンジョン	True	
121303010	【フロア2】 ダンジョン人（狂人）　死体持ち　ダンジョン	itemLotId_1	30302902	ダンジョン人（狂人）　死体持ち　ダンジョン	True	
121303020	【フロア2】 ダンジョン人（狂人）　二刀鎌　ダンジョン	itemLotId_1	30302900	ダンジョン人（狂人）　ダンジョン	True	
121304000	【フロア2】 ダンジョン人（デブ）　ナタ　ダンジョン	itemLotId_1	30402900	ダンジョン人（デブ）　ダンジョン	True	
121304010	【フロア2】 ダンジョン人（デブ）　赤熱ナタ　ダンジョン	itemLotId_1	30402900	ダンジョン人（デブ）　ダンジョン	True	
121304020	【フロア2】 ダンジョン人（デブ）　ナタ　ショットガン　ダンジョン	itemLotId_1	30402902	ダンジョン人（デブ）　銃　ダンジョン	True	
121304040	【フロア2】 ダンジョン人（デブ）　ノコギリ　ダンジョン	itemLotId_1	30402900	ダンジョン人（デブ）　ダンジョン	True	
121304050	【フロア2】 ダンジョン人（デブ）　裸　両手鉄球　ダンジョン	itemLotId_1	30402904	ダンジョン人（デブ）　鉄球　ダンジョン	True	
121304051	【フロア2】 ダンジョン人（デブ）（鉄球両手・紳士）	itemLotId_1	30402904	ダンジョン人（デブ）　鉄球　ダンジョン	True	
121313000	【フロア2】 フレッシュゴーレム（先端剣＋肘剣）　弱点なし　ダンジョン	itemLotId_1	31302900	フレッシュゴーレム　ダンジョン	True	
121313001	【フロア2】 フレッシュゴーレム（先端剣＋肘剣）　弱点左ひざ横　ダンジョン	itemLotId_1	31302900	フレッシュゴーレム　ダンジョン	True	
121313002	【フロア2】 フレッシュゴーレム（先端剣＋肘剣）　弱点おしり　ダンジョン	itemLotId_1	31302900	フレッシュゴーレム　ダンジョン	True	
121313010	【フロア2】 フレッシュゴーレム（斧＋大砲）　弱点なし　ダンジョン	itemLotId_1	31302910	フレッシュゴーレム　大砲　ダンジョン	True	
121313011	【フロア2】 フレッシュゴーレム（斧＋大砲）　弱点左ひざ横　ダンジョン	itemLotId_1	31302910	フレッシュゴーレム　大砲　ダンジョン	True	
121313012	【フロア2】 フレッシュゴーレム（斧＋大砲）　弱点正面　ダンジョン	itemLotId_1	31302910	フレッシュゴーレム　大砲　ダンジョン	True	
121313020	【フロア2】 フレッシュゴーレム（肉塊＋鉤）　弱点なし　ダンジョン	itemLotId_1	31302900	フレッシュゴーレム　ダンジョン	True	
121313021	【フロア2】 フレッシュゴーレム（肉塊＋鉤）　弱点左ひざ横　ダンジョン	itemLotId_1	31302900	フレッシュゴーレム　ダンジョン	True	
121313022	【フロア2】 フレッシュゴーレム（肉塊＋鉤）　弱点おしり　ダンジョン	itemLotId_1	31302900	フレッシュゴーレム　ダンジョン	True	
122110080	【フロア2】 下水ネズミ　ダンジョン	itemLotId_1	11002900	下水ネズミ　ダンジョン	True	
122110081	【フロア2】 下水ネズミ　膿付き　ダンジョン	itemLotId_1	11002902	下水ネズミ　膿み付き　ダンジョン	True	
122111080	【フロア2】 死と闇の眷属　首あり　ダンジョン	itemLotId_1	11102900	死と闇の眷属（クモ）　首あり　ダンジョン	True	
122111085	【フロア2】 死と闇の眷属　首なし　ダンジョン	itemLotId_1	11102902	死と闇の眷属（クモ）　首なし　ダンジョン	True	
122111090	死と闇の眷属　首あり　生成　ダンジョン	itemLotId_1	11102902	死と闇の眷属（クモ）　首なし　ダンジョン	True	
122111091	死と闇の眷属_ジェネレート（変速前移動）　ダンジョン	itemLotId_1	11102902	死と闇の眷属（クモ）　首なし　ダンジョン	True	
122111095	死と闇の眷属　首なし　生成　ダンジョン	itemLotId_1	11102902	死と闇の眷属（クモ）　首なし　ダンジョン	True	
122111096	死と闇の眷属_ジェネレート（変速前移動）　首なし　ダンジョン	itemLotId_1	11102902	死と闇の眷属（クモ）　首なし　ダンジョン	True	
122114080	【フロア2】 狂信者の獣　ダンジョン	itemLotId_1	11402900	狂信者の獣　ダンジョン	True	
122121080	【フロア2】 墓守サソリ　子なし　小はさみ　ダンジョン	itemLotId_1	12102900	墓守サソリ　ダンジョン	True	
122121081	【フロア2】 墓守サソリ　子なし　大はさみ　ダンジョン	itemLotId_1	12102900	墓守サソリ　ダンジョン	True	
122121090	【フロア2】 墓守サソリ　子あり　小はさみ　ダンジョン	itemLotId_1	12102902	墓守サソリ　子持ち　ダンジョン	True	
122121091	【フロア2】 墓守サソリ　子あり　大はさみ　ダンジョン	itemLotId_1	12102902	墓守サソリ　子持ち　ダンジョン	True	
122124090	【フロア2】 狂犬　ダンジョン	itemLotId_1	12402900	狂犬　ダンジョン	True	
122125000	【フロア2】 蛇玉（子）　1本だけ太い　ダンジョン	itemLotId_1	12502900	蛇玉（子）　ダンジョン	True	
122125010	【フロア2】 蛇玉（子）　毒霧　ダンジョン	itemLotId_1	12502900	蛇玉（子）　ダンジョン	True	
122126000	【フロア2】 蛇玉（子）・小　1本だけ太い　ダンジョン	itemLotId_1	12602900	蛇玉（子）小　ダンジョン	True	
122127000	【フロア2】 吸血豚　ダンジョン	itemLotId_1	12702900	吸血豚　ダンジョン	True	
122130000	【フロア2】 死と闇の眷属（大）　ダンジョン	itemLotId_1	13002900	死と闇の眷属（大）　ダンジョン	True	
122140000	【フロア2】 白痴の蜘蛛（子）　ダンジョン	itemLotId_1	14002900	白痴の蜘蛛（子）　ダンジョン	True	
122201080	【フロア2】 墓掘り（鉤）　ダンジョン　	itemLotId_1	20102950	ダンジョン人（墓掘り）鉤　ダンジョン　強敵	True	
122201081	【フロア2】 墓掘り（つるはし）　ダンジョン　	itemLotId_1	20102952	ダンジョン人（墓掘り）つるはし　ダンジョン　強敵	True	
122253030	【フロア2】 星の花　（頭部のみ）　ダンジョン	itemLotId_1	25302900	星の花　ダンジョン	True	
122253104	【フロア2】 星の花　コズミック属性弾丸変化　ダンジョン	itemLotId_1	25302910	星の花　ダンジョン　宇宙	True	
122301000	【フロア2】 ダンジョン人（奴隷）　裸　剣　ダンジョン　ドーピング強敵	itemLotId_1	30102950	ダンジョン人（奴隷）剣鉈　ダンジョン　強敵	True	
122301001	【フロア2】 ダンジョン人（奴隷）（裸・剣_素手投擲）　ドーピング強敵	itemLotId_1	30102950	ダンジョン人（奴隷）剣鉈　ダンジョン　強敵	True	
122301010	【フロア2】 ダンジョン人（奴隷）　裸　鉈　ダンジョン　ドーピング強敵	itemLotId_1	30102950	ダンジョン人（奴隷）剣鉈　ダンジョン　強敵	True	
122301011	【フロア2】 ダンジョン人（奴隷）　裸　鉈　投擲　ダンジョン　ドーピング強敵	itemLotId_1	30102934	ダンジョン人（奴隷）鉈投擲　ダンジョン　強敵	True	
122301020	【フロア2】 ダンジョン人（奴隷）（白服・ランタン_剣）　ドーピング強敵	itemLotId_1	30102952	ダンジョン人（奴隷）ランタン　ダンジョン　強敵	True	
122301030	【フロア2】 ダンジョン人（奴隷）　白服　鉈　ランタン　ダンジョン　ドーピング強敵	itemLotId_1	30102952	ダンジョン人（奴隷）ランタン　ダンジョン　強敵	True	
122301040	【フロア2】 ダンジョン人（奴隷）　黒服　双斧　ダンジョン　ドーピング強敵	itemLotId_1	30102956	ダンジョン人（奴隷）斧・斧　ダンジョン　強敵	True	
122301050	【フロア2】 ダンジョン人（奴隷）　黒服　ポールウェポン　ダンジョン　ドーピング強敵	itemLotId_1	30102954	ダンジョン人（奴隷）斧ポール　ダンジョン　強敵	True	
122301060	【フロア2】 ダンジョン人（奴隷）　黒服　剣　ダンジョンドーピング強敵	itemLotId_1	30102958	ダンジョン人（奴隷）剣・着衣　ダンジョン　強敵	True	
122302000	【フロア2】 ダンジョン人（番人）　剣盾　ドーピング強敵　ダンジョン	itemLotId_1	30202950	ダンジョン人（番人）　ダンジョン　強敵	True	
122302010	【フロア2】 ダンジョン人（番人）　モーニングスター　ドーピング強敵　ダンジョン	itemLotId_1	30202950	ダンジョン人（番人）　ダンジョン　強敵	True	
122302020	【フロア2】 ダンジョン人（番人）　剣クロスボウ　ドーピング強敵　ダンジョン	itemLotId_1	30202952	ダンジョン人（番人）　クロスボウ　ダンジョン　強敵	True	
122302030	【フロア2】 ダンジョン人（番人）　特大剣　ドーピング強敵　ダンジョン	itemLotId_1	30202950	ダンジョン人（番人）　ダンジョン　強敵	True	
122303000	【フロア2】 ダンジョン人（狂人）　片手鎌　ドーピング強敵　ダンジョン	itemLotId_1	30302950	ダンジョン人（狂人）　ダンジョン　強敵	True	
122303001	【フロア2】 ダンジョン人（狂人）　片手折れた大剣　ドーピング強敵　ダンジョン	itemLotId_1	30302950	ダンジョン人（狂人）　ダンジョン　強敵	True	
122303010	【フロア2】 ダンジョン人（狂人）　死体持ち　ドーピング強敵　ダンジョン	itemLotId_1	30302952	ダンジョン人（狂人）　死体持ち　ダンジョン　強敵	True	
122303020	【フロア2】 ダンジョン人（狂人）　二刀鎌　ドーピング強敵　ダンジョン	itemLotId_1	30302950	ダンジョン人（狂人）　ダンジョン　強敵	True	
122304000	【フロア2】 ダンジョン人（デブ）　ナタ　ドーピング強敵　ダンジョン	itemLotId_1	30402950	ダンジョン人（デブ）　ダンジョン　強敵	True	
122304010	【フロア2】 ダンジョン人（デブ）　赤熱ナタ　ドーピング強敵　ダンジョン	itemLotId_1	30402950	ダンジョン人（デブ）　ダンジョン　強敵	True	
122304020	【フロア2】 ダンジョン人（デブ）　ナタ　ショットガン　ドーピング強敵　ダンジョン	itemLotId_1	30402952	ダンジョン人（デブ）　銃　ダンジョン　強敵	True	
122304040	【フロア2】 ダンジョン人（デブ）　ノコギリ　ドーピング強敵　ダンジョン	itemLotId_1	30402950	ダンジョン人（デブ）　ダンジョン　強敵	True	
122304050	【フロア2】 ダンジョン人（デブ）　裸　両手鉄球　ドーピング強敵　ダンジョン	itemLotId_1	30402954	ダンジョン人（デブ）　鉄球　ダンジョン　強敵	True	
122304051	【フロア2】 ダンジョン人（デブ）（鉄球両手・紳士）　ドーピング強敵	itemLotId_1	30402954	ダンジョン人（デブ）　鉄球　ダンジョン　強敵	True	
122313000	【フロア2】 フレッシュゴーレム（先端剣＋肘剣）　弱点なし　ダンジョン	itemLotId_1	31302900	フレッシュゴーレム　ダンジョン	True	
122313001	【フロア2】 フレッシュゴーレム（先端剣＋肘剣）　弱点左ひざ横　ダンジョン	itemLotId_1	31302900	フレッシュゴーレム　ダンジョン	True	
122313002	【フロア2】 フレッシュゴーレム（先端剣＋肘剣）　弱点おしり　ダンジョン	itemLotId_1	31302900	フレッシュゴーレム　ダンジョン	True	
122313010	【フロア2】 フレッシュゴーレム（斧＋大砲）　弱点なし　ダンジョン	itemLotId_1	31302910	フレッシュゴーレム　大砲　ダンジョン	True	
122313011	【フロア2】 フレッシュゴーレム（斧＋大砲）　弱点左ひざ横　ダンジョン	itemLotId_1	31302910	フレッシュゴーレム　大砲　ダンジョン	True	
122313012	【フロア2】 フレッシュゴーレム（斧＋大砲）　弱点正面　ダンジョン	itemLotId_1	31302910	フレッシュゴーレム　大砲　ダンジョン	True	
122313020	【フロア2】 フレッシュゴーレム（肉塊＋鉤）　弱点なし　ダンジョン	itemLotId_1	31302900	フレッシュゴーレム　ダンジョン	True	
122313021	【フロア2】 フレッシュゴーレム（肉塊＋鉤）　弱点左ひざ横　ダンジョン	itemLotId_1	31302900	フレッシュゴーレム　ダンジョン	True	
122313022	【フロア2】 フレッシュゴーレム（肉塊＋鉤）　弱点おしり　ダンジョン	itemLotId_1	31302900	フレッシュゴーレム　ダンジョン	True	
123110080	【フロア2】 下水ネズミ　ダンジョン	itemLotId_1	11002940	下水ネズミ　ダンジョン　毒	True	
123110081	【フロア2】 下水ネズミ　膿付き　ダンジョン	itemLotId_1	11002942	下水ネズミ　膿み付き　ダンジョン　毒	True	
123111080	【フロア2】 死と闇の眷属　首あり　ダンジョン	itemLotId_1	11102940	死と闇の眷属（クモ）　首あり　ダンジョン　毒	True	
123111085	【フロア2】 死と闇の眷属　首なし　ダンジョン	itemLotId_1	11102942	死と闇の眷属（クモ）　首なし　ダンジョン　毒	True	
123111090	死と闇の眷属　首あり　生成　ダンジョン	itemLotId_1	11102902	死と闇の眷属（クモ）　首なし　ダンジョン	True	
123111091	死と闇の眷属_ジェネレート（変速前移動）　ダンジョン	itemLotId_1	11102902	死と闇の眷属（クモ）　首なし　ダンジョン	True	
123111095	死と闇の眷属　首なし　生成　ダンジョン	itemLotId_1	11102902	死と闇の眷属（クモ）　首なし　ダンジョン	True	
123111096	死と闇の眷属_ジェネレート（変速前移動）　首なし　ダンジョン	itemLotId_1	11102902	死と闇の眷属（クモ）　首なし　ダンジョン	True	
123114080	【フロア2】 狂信者の獣　ダンジョン	itemLotId_1	11402940	狂信者の獣　ダンジョン　毒	True	
123121080	【フロア2】 墓守サソリ　子なし　小はさみ　ダンジョン	itemLotId_1	12102940	墓守サソリ　ダンジョン　毒	True	
123121081	【フロア2】 墓守サソリ　子なし　大はさみ　ダンジョン	itemLotId_1	12102940	墓守サソリ　ダンジョン　毒	True	
123121090	【フロア2】 墓守サソリ　子あり　小はさみ　ダンジョン	itemLotId_1	12102942	墓守サソリ　子持ち　ダンジョン　毒	True	
123121091	【フロア2】 墓守サソリ　子あり　大はさみ　ダンジョン	itemLotId_1	12102942	墓守サソリ　子持ち　ダンジョン　毒	True	
123124090	【フロア2】 狂犬　ダンジョン	itemLotId_1	12402940	狂犬　ダンジョン　毒	True	
123125000	【フロア2】 蛇玉（子）　1本だけ太い　ダンジョン	itemLotId_1	12502940	蛇玉（子）　ダンジョン　毒	True	
123125010	【フロア2】 蛇玉（子）　毒霧　ダンジョン	itemLotId_1	12502940	蛇玉（子）　ダンジョン　毒	True	
123126000	【フロア2】 蛇玉（子）・小　1本だけ太い　ダンジョン	itemLotId_1	12602940	蛇玉（子）小　ダンジョン　毒	True	
123127000	【フロア2】 吸血豚　ダンジョン	itemLotId_1	12702940	吸血豚　ダンジョン　毒	True	
123130000	【フロア2】 死と闇の眷属（大）　ダンジョン	itemLotId_1	13002940	死と闇の眷属（大）　ダンジョン　毒	True	
123140000	【フロア2】 白痴の蜘蛛（子）　ダンジョン	itemLotId_1	14002900	白痴の蜘蛛（子）　ダンジョン	True	
123201080	【フロア2】 墓掘り（鉤）　ダンジョン　	itemLotId_1	20102950	ダンジョン人（墓掘り）鉤　ダンジョン　強敵	True	
123201081	【フロア2】 墓掘り（つるはし）　ダンジョン　	itemLotId_1	20102952	ダンジョン人（墓掘り）つるはし　ダンジョン　強敵	True	
123253030	【フロア2】 星の花　（頭部のみ）　ダンジョン	itemLotId_1	25302900	星の花　ダンジョン	True	
123253104	【フロア2】 星の花　コズミック属性弾丸変化　ダンジョン	itemLotId_1	25302910	星の花　ダンジョン　宇宙	True	
123301000	【フロア2】 ダンジョン人（奴隷）　裸　剣　ダンジョン　ドーピング強敵	itemLotId_1	30102990	ダンジョン人（奴隷）剣鉈　ダンジョン　毒+強敵	True	
123301001	【フロア2】 ダンジョン人（奴隷）（裸・剣_素手投擲）　ドーピング強敵	itemLotId_1	30102990	ダンジョン人（奴隷）剣鉈　ダンジョン　毒+強敵	True	
123301010	【フロア2】 ダンジョン人（奴隷）　裸　鉈　ダンジョン　ドーピング強敵	itemLotId_1	30102990	ダンジョン人（奴隷）剣鉈　ダンジョン　毒+強敵	True	
123301011	【フロア2】 ダンジョン人（奴隷）　裸　鉈　投擲　ダンジョン　ドーピング強敵	itemLotId_1	30102936	ダンジョン人（奴隷）鉈投擲　ダンジョン　毒+強敵	True	
123301020	【フロア2】 ダンジョン人（奴隷）（白服・ランタン_剣）　ドーピング強敵	itemLotId_1	30102992	ダンジョン人（奴隷）ランタン　ダンジョン　毒+強敵	True	
123301030	【フロア2】 ダンジョン人（奴隷）　白服　鉈　ランタン　ダンジョン　ドーピング強敵	itemLotId_1	30102992	ダンジョン人（奴隷）ランタン　ダンジョン　毒+強敵	True	
123301040	【フロア2】 ダンジョン人（奴隷）　黒服　双斧　ダンジョン　ドーピング強敵	itemLotId_1	30102996	ダンジョン人（奴隷）斧・斧　ダンジョン　毒+強敵	True	
123301050	【フロア2】 ダンジョン人（奴隷）　黒服　ポールウェポン　ダンジョン　ドーピング強敵	itemLotId_1	30102994	ダンジョン人（奴隷）斧ポール　ダンジョン　毒+強敵	True	
123301060	【フロア2】 ダンジョン人（奴隷）　黒服　剣　ダンジョンドーピング強敵	itemLotId_1	30102998	ダンジョン人（奴隷）剣・着衣　ダンジョン　毒+強敵	True	
123302000	【フロア2】 ダンジョン人（番人）　剣盾　ドーピング強敵　ダンジョン	itemLotId_1	30202950	ダンジョン人（番人）　ダンジョン　強敵	True	
123302010	【フロア2】 ダンジョン人（番人）　モーニングスター　ドーピング強敵　ダンジョン	itemLotId_1	30202950	ダンジョン人（番人）　ダンジョン　強敵	True	
123302020	【フロア2】 ダンジョン人（番人）　剣クロスボウ　ドーピング強敵　ダンジョン	itemLotId_1	30202952	ダンジョン人（番人）　クロスボウ　ダンジョン　強敵	True	
123302030	【フロア2】 ダンジョン人（番人）　特大剣　ドーピング強敵　ダンジョン	itemLotId_1	30202950	ダンジョン人（番人）　ダンジョン　強敵	True	
123303000	【フロア2】 ダンジョン人（狂人）　片手鎌　ドーピング強敵　ダンジョン	itemLotId_1	30302950	ダンジョン人（狂人）　ダンジョン　強敵	True	
123303001	【フロア2】 ダンジョン人（狂人）　片手折れた大剣　ドーピング強敵　ダンジョン	itemLotId_1	30302950	ダンジョン人（狂人）　ダンジョン　強敵	True	
123303010	【フロア2】 ダンジョン人（狂人）　死体持ち　ドーピング強敵　ダンジョン	itemLotId_1	30302952	ダンジョン人（狂人）　死体持ち　ダンジョン　強敵	True	
123303020	【フロア2】 ダンジョン人（狂人）　二刀鎌　ドーピング強敵　ダンジョン	itemLotId_1	30302950	ダンジョン人（狂人）　ダンジョン　強敵	True	
123304000	【フロア2】 ダンジョン人（デブ）　ナタ　ドーピング強敵　ダンジョン	itemLotId_1	30402950	ダンジョン人（デブ）　ダンジョン　強敵	True	
123304010	【フロア2】 ダンジョン人（デブ）　赤熱ナタ　ドーピング強敵　ダンジョン	itemLotId_1	30402950	ダンジョン人（デブ）　ダンジョン　強敵	True	
123304020	【フロア2】 ダンジョン人（デブ）　ナタ　ショットガン　ドーピング強敵　ダンジョン	itemLotId_1	30402952	ダンジョン人（デブ）　銃　ダンジョン　強敵	True	
123304040	【フロア2】 ダンジョン人（デブ）　ノコギリ　ドーピング強敵　ダンジョン	itemLotId_1	30402950	ダンジョン人（デブ）　ダンジョン　強敵	True	
123304050	【フロア2】 ダンジョン人（デブ）　裸　両手鉄球　ドーピング強敵　ダンジョン	itemLotId_1	30402954	ダンジョン人（デブ）　鉄球　ダンジョン　強敵	True	
123304051	【フロア2】 ダンジョン人（デブ）（鉄球両手・紳士）　ドーピング強敵	itemLotId_1	30402954	ダンジョン人（デブ）　鉄球　ダンジョン　強敵	True	
123313000	【フロア2】 フレッシュゴーレム（先端剣＋肘剣）　弱点なし　ダンジョン	itemLotId_1	31302900	フレッシュゴーレム　ダンジョン	True	
123313001	【フロア2】 フレッシュゴーレム（先端剣＋肘剣）　弱点左ひざ横　ダンジョン	itemLotId_1	31302900	フレッシュゴーレム　ダンジョン	True	
123313002	【フロア2】 フレッシュゴーレム（先端剣＋肘剣）　弱点おしり　ダンジョン	itemLotId_1	31302900	フレッシュゴーレム　ダンジョン	True	
123313010	【フロア2】 フレッシュゴーレム（斧＋大砲）　弱点なし　ダンジョン	itemLotId_1	31302910	フレッシュゴーレム　大砲　ダンジョン	True	
123313011	【フロア2】 フレッシュゴーレム（斧＋大砲）　弱点左ひざ横　ダンジョン	itemLotId_1	31302910	フレッシュゴーレム　大砲　ダンジョン	True	
123313012	【フロア2】 フレッシュゴーレム（斧＋大砲）　弱点正面　ダンジョン	itemLotId_1	31302910	フレッシュゴーレム　大砲　ダンジョン	True	
123313020	【フロア2】 フレッシュゴーレム（肉塊＋鉤）　弱点なし　ダンジョン	itemLotId_1	31302900	フレッシュゴーレム　ダンジョン	True	
123313021	【フロア2】 フレッシュゴーレム（肉塊＋鉤）　弱点左ひざ横　ダンジョン	itemLotId_1	31302900	フレッシュゴーレム　ダンジョン	True	
123313022	【フロア2】 フレッシュゴーレム（肉塊＋鉤）　弱点おしり　ダンジョン	itemLotId_1	31302900	フレッシュゴーレム　ダンジョン	True	
125106080	脳喰らい　ダンジョン	itemLotId_1	10602900	脳喰らい　ダンジョン	True	
125106090	脳喰らい　フード　ダンジョン	itemLotId_1	10602900	脳喰らい　ダンジョン	True	
125303000	ダンジョン人（狂人）　片手鎌　ダンジョン	itemLotId_1	30302900	ダンジョン人（狂人）　ダンジョン	True	
125303001	ダンジョン人（狂人）　片手折れた大剣　ダンジョン	itemLotId_1	30302900	ダンジョン人（狂人）　ダンジョン	True	
125303010	ダンジョン人（狂人）　死体持ち　ダンジョン	itemLotId_1	30302902	ダンジョン人（狂人）　死体持ち　ダンジョン	True	
125303020	ダンジョン人（狂人）　二刀鎌　ダンジョン	itemLotId_1	30302900	ダンジョン人（狂人）　ダンジョン	True	
125303102	ダンジョン人（狂人）　片手鎌　嵐属性　ダンジョン	itemLotId_1	30302910	ダンジョン人（狂人）　ダンジョン　嵐	True	
125303109	ダンジョン人（狂人）　片手鎌　儀式　ダンジョン	itemLotId_1	30302980	ダンジョン人（狂人）　ダンジョン　儀式	True	
125303122	ダンジョン人（狂人）　片手折れた大剣　嵐属性　ダンジョン	itemLotId_1	30302910	ダンジョン人（狂人）　ダンジョン　嵐	True	
125303129	ダンジョン人（狂人）　片手折れた大剣　儀式　ダンジョン	itemLotId_1	30302980	ダンジョン人（狂人）　ダンジョン　儀式	True	
125303142	ダンジョン人（狂人）　死体持ち　嵐属性　ダンジョン	itemLotId_1	30302912	ダンジョン人（狂人）　死体持ち　ダンジョン　嵐	True	
125303162	ダンジョン人（狂人）　二刀鎌　嵐属性　ダンジョン	itemLotId_1	30302910	ダンジョン人（狂人）　ダンジョン　嵐	True	
125303169	ダンジョン人（狂人）　二刀鎌　儀式　ダンジョン	itemLotId_1	30302980	ダンジョン人（狂人）　ダンジョン　儀式	True	
125304000	ダンジョン人（デブ）　ナタ　ダンジョン	itemLotId_1	30402900	ダンジョン人（デブ）　ダンジョン	True	
125304010	ダンジョン人（デブ）　赤熱ナタ　ダンジョン	itemLotId_1	30402900	ダンジョン人（デブ）　ダンジョン	True	
125304020	ダンジョン人（デブ）　ナタ　ショットガン　ダンジョン	itemLotId_1	30402902	ダンジョン人（デブ）　銃　ダンジョン	True	
125304040	ダンジョン人（デブ）　ノコギリ　ダンジョン	itemLotId_1	30402900	ダンジョン人（デブ）　ダンジョン	True	
125304050	ダンジョン人（デブ）　裸　両手鉄球　ダンジョン	itemLotId_1	30402904	ダンジョン人（デブ）　鉄球　ダンジョン	True	
125304051	ダンジョン人（デブ）（鉄球両手・紳士）	itemLotId_1	30402904	ダンジョン人（デブ）　鉄球　ダンジョン	True	
125304108	ダンジョン人（デブ）　ナタ　医者　ダンジョン	itemLotId_1	30402970	ダンジョン人（デブ）　ダンジョン　医者	True	
125304128	ダンジョン人（デブ）　赤熱ナタ　医者　ダンジョン	itemLotId_1	30402970	ダンジョン人（デブ）　ダンジョン　医者	True	
125304148	ダンジョン人（デブ）　ナタ　ショットガン　医者　ダンジョン	itemLotId_1	30402972	ダンジョン人（デブ）　銃　ダンジョン　医者	True	
125304168	ダンジョン人（デブ）　ノコギリ　医者　ダンジョン	itemLotId_1	30402970	ダンジョン人（デブ）　ダンジョン　医者	True	
125304188	ダンジョン人（デブ）　裸　両手鉄球　医者　ダンジョン	itemLotId_1	30402974	ダンジョン人（デブ）　鉄球　ダンジョン　医者	True	
125304208	ダンジョン人（デブ）（鉄球両手・紳士）　医者	itemLotId_1	30402974	ダンジョン人（デブ）　鉄球　ダンジョン　医者	True	
126106080	脳喰らい　ダンジョン	itemLotId_1	10602900	脳喰らい　ダンジョン	True	
126106090	脳喰らい　フード　ダンジョン	itemLotId_1	10602900	脳喰らい　ダンジョン	True	
126303000	ダンジョン人（狂人）　片手鎌　ダンジョン	itemLotId_1	30302900	ダンジョン人（狂人）　ダンジョン	True	
126303001	ダンジョン人（狂人）　片手折れた大剣　ダンジョン	itemLotId_1	30302900	ダンジョン人（狂人）　ダンジョン	True	
126303010	ダンジョン人（狂人）　死体持ち　ダンジョン	itemLotId_1	30302902	ダンジョン人（狂人）　死体持ち　ダンジョン	True	
126303020	ダンジョン人（狂人）　二刀鎌　ダンジョン	itemLotId_1	30302900	ダンジョン人（狂人）　ダンジョン	True	
126303102	ダンジョン人（狂人）　片手鎌　嵐属性　ダンジョン	itemLotId_1	30302910	ダンジョン人（狂人）　ダンジョン　嵐	True	
126303109	ダンジョン人（狂人）　片手鎌　儀式　ダンジョン	itemLotId_1	30302980	ダンジョン人（狂人）　ダンジョン　儀式	True	
126303122	ダンジョン人（狂人）　片手折れた大剣　嵐属性　ダンジョン	itemLotId_1	30302910	ダンジョン人（狂人）　ダンジョン　嵐	True	
126303129	ダンジョン人（狂人）　片手折れた大剣　儀式　ダンジョン	itemLotId_1	30302980	ダンジョン人（狂人）　ダンジョン　儀式	True	
126303142	ダンジョン人（狂人）　死体持ち　嵐属性　ダンジョン	itemLotId_1	30302912	ダンジョン人（狂人）　死体持ち　ダンジョン　嵐	True	
126303162	ダンジョン人（狂人）　二刀鎌　嵐属性　ダンジョン	itemLotId_1	30302910	ダンジョン人（狂人）　ダンジョン　嵐	True	
126303169	ダンジョン人（狂人）　二刀鎌　儀式　ダンジョン	itemLotId_1	30302980	ダンジョン人（狂人）　ダンジョン　儀式	True	
126304000	ダンジョン人（デブ）　ナタ　ダンジョン	itemLotId_1	30402900	ダンジョン人（デブ）　ダンジョン	True	
126304010	ダンジョン人（デブ）　赤熱ナタ　ダンジョン	itemLotId_1	30402900	ダンジョン人（デブ）　ダンジョン	True	
126304020	ダンジョン人（デブ）　ナタ　ショットガン　ダンジョン	itemLotId_1	30402902	ダンジョン人（デブ）　銃　ダンジョン	True	
126304040	ダンジョン人（デブ）　ノコギリ　ダンジョン	itemLotId_1	30402900	ダンジョン人（デブ）　ダンジョン	True	
126304050	ダンジョン人（デブ）　裸　両手鉄球　ダンジョン	itemLotId_1	30402904	ダンジョン人（デブ）　鉄球　ダンジョン	True	
126304051	ダンジョン人（デブ）（鉄球両手・紳士）	itemLotId_1	30402904	ダンジョン人（デブ）　鉄球　ダンジョン	True	
126304108	ダンジョン人（デブ）　ナタ　医者　ダンジョン	itemLotId_1	30402970	ダンジョン人（デブ）　ダンジョン　医者	True	
126304128	ダンジョン人（デブ）　赤熱ナタ　医者　ダンジョン	itemLotId_1	30402970	ダンジョン人（デブ）　ダンジョン　医者	True	
126304148	ダンジョン人（デブ）　ナタ　ショットガン　医者　ダンジョン	itemLotId_1	30402972	ダンジョン人（デブ）　銃　ダンジョン　医者	True	
126304168	ダンジョン人（デブ）　ノコギリ　医者　ダンジョン	itemLotId_1	30402970	ダンジョン人（デブ）　ダンジョン　医者	True	
126304188	ダンジョン人（デブ）　裸　両手鉄球　医者　ダンジョン	itemLotId_1	30402974	ダンジョン人（デブ）　鉄球　ダンジョン　医者	True	
126304208	ダンジョン人（デブ）（鉄球両手・紳士）　医者	itemLotId_1	30402974	ダンジョン人（デブ）　鉄球　ダンジョン　医者	True	
127106080	脳喰らい　ダンジョン	itemLotId_1	10602900	脳喰らい　ダンジョン	True	
127106090	脳喰らい　フード　ダンジョン	itemLotId_1	10602900	脳喰らい　ダンジョン	True	
127303000	ダンジョン人（狂人）　片手鎌　ダンジョン	itemLotId_1	30302900	ダンジョン人（狂人）　ダンジョン	True	
127303001	ダンジョン人（狂人）　片手折れた大剣　ダンジョン	itemLotId_1	30302900	ダンジョン人（狂人）　ダンジョン	True	
127303010	ダンジョン人（狂人）　死体持ち　ダンジョン	itemLotId_1	30302902	ダンジョン人（狂人）　死体持ち　ダンジョン	True	
127303020	ダンジョン人（狂人）　二刀鎌　ダンジョン	itemLotId_1	30302900	ダンジョン人（狂人）　ダンジョン	True	
127303102	ダンジョン人（狂人）　片手鎌　嵐属性　ダンジョン	itemLotId_1	30302910	ダンジョン人（狂人）　ダンジョン　嵐	True	
127303109	ダンジョン人（狂人）　片手鎌　儀式　ダンジョン	itemLotId_1	30302980	ダンジョン人（狂人）　ダンジョン　儀式	True	
127303122	ダンジョン人（狂人）　片手折れた大剣　嵐属性　ダンジョン	itemLotId_1	30302910	ダンジョン人（狂人）　ダンジョン　嵐	True	
127303129	ダンジョン人（狂人）　片手折れた大剣　儀式　ダンジョン	itemLotId_1	30302980	ダンジョン人（狂人）　ダンジョン　儀式	True	
127303142	ダンジョン人（狂人）　死体持ち　嵐属性　ダンジョン	itemLotId_1	30302912	ダンジョン人（狂人）　死体持ち　ダンジョン　嵐	True	
127303162	ダンジョン人（狂人）　二刀鎌　嵐属性　ダンジョン	itemLotId_1	30302910	ダンジョン人（狂人）　ダンジョン　嵐	True	
127303169	ダンジョン人（狂人）　二刀鎌　儀式　ダンジョン	itemLotId_1	30302980	ダンジョン人（狂人）　ダンジョン　儀式	True	
127304000	ダンジョン人（デブ）　ナタ　ダンジョン	itemLotId_1	30402900	ダンジョン人（デブ）　ダンジョン	True	
127304010	ダンジョン人（デブ）　赤熱ナタ　ダンジョン	itemLotId_1	30402900	ダンジョン人（デブ）　ダンジョン	True	
127304020	ダンジョン人（デブ）　ナタ　ショットガン　ダンジョン	itemLotId_1	30402902	ダンジョン人（デブ）　銃　ダンジョン	True	
127304040	ダンジョン人（デブ）　ノコギリ　ダンジョン	itemLotId_1	30402900	ダンジョン人（デブ）　ダンジョン	True	
127304050	ダンジョン人（デブ）　裸　両手鉄球　ダンジョン	itemLotId_1	30402904	ダンジョン人（デブ）　鉄球　ダンジョン	True	
127304051	ダンジョン人（デブ）（鉄球両手・紳士）	itemLotId_1	30402904	ダンジョン人（デブ）　鉄球　ダンジョン	True	
127304108	ダンジョン人（デブ）　ナタ　医者　ダンジョン	itemLotId_1	30402970	ダンジョン人（デブ）　ダンジョン　医者	True	
127304128	ダンジョン人（デブ）　赤熱ナタ　医者　ダンジョン	itemLotId_1	30402970	ダンジョン人（デブ）　ダンジョン　医者	True	
127304148	ダンジョン人（デブ）　ナタ　ショットガン　医者　ダンジョン	itemLotId_1	30402972	ダンジョン人（デブ）　銃　ダンジョン　医者	True	
127304168	ダンジョン人（デブ）　ノコギリ　医者　ダンジョン	itemLotId_1	30402970	ダンジョン人（デブ）　ダンジョン　医者	True	
127304188	ダンジョン人（デブ）　裸　両手鉄球　医者　ダンジョン	itemLotId_1	30402974	ダンジョン人（デブ）　鉄球　ダンジョン　医者	True	
127304208	ダンジョン人（デブ）（鉄球両手・紳士）　医者	itemLotId_1	30402974	ダンジョン人（デブ）　鉄球　ダンジョン　医者	True	
128106080	脳喰らい　ダンジョン	itemLotId_1	10602900	脳喰らい　ダンジョン	True	
128106090	脳喰らい　フード　ダンジョン	itemLotId_1	10602900	脳喰らい　ダンジョン	True	
128303000	ダンジョン人（狂人）　片手鎌　ダンジョン	itemLotId_1	30302900	ダンジョン人（狂人）　ダンジョン	True	
128303001	ダンジョン人（狂人）　片手折れた大剣　ダンジョン	itemLotId_1	30302900	ダンジョン人（狂人）　ダンジョン	True	
128303010	ダンジョン人（狂人）　死体持ち　ダンジョン	itemLotId_1	30302902	ダンジョン人（狂人）　死体持ち　ダンジョン	True	
128303020	ダンジョン人（狂人）　二刀鎌　ダンジョン	itemLotId_1	30302900	ダンジョン人（狂人）　ダンジョン	True	
128303102	ダンジョン人（狂人）　片手鎌　嵐属性　ダンジョン	itemLotId_1	30302910	ダンジョン人（狂人）　ダンジョン　嵐	True	
128303109	ダンジョン人（狂人）　片手鎌　儀式　ダンジョン	itemLotId_1	30302980	ダンジョン人（狂人）　ダンジョン　儀式	True	
128303122	ダンジョン人（狂人）　片手折れた大剣　嵐属性　ダンジョン	itemLotId_1	30302910	ダンジョン人（狂人）　ダンジョン　嵐	True	
128303129	ダンジョン人（狂人）　片手折れた大剣　儀式　ダンジョン	itemLotId_1	30302980	ダンジョン人（狂人）　ダンジョン　儀式	True	
128303142	ダンジョン人（狂人）　死体持ち　嵐属性　ダンジョン	itemLotId_1	30302912	ダンジョン人（狂人）　死体持ち　ダンジョン　嵐	True	
128303162	ダンジョン人（狂人）　二刀鎌　嵐属性　ダンジョン	itemLotId_1	30302910	ダンジョン人（狂人）　ダンジョン　嵐	True	
128303169	ダンジョン人（狂人）　二刀鎌　儀式　ダンジョン	itemLotId_1	30302980	ダンジョン人（狂人）　ダンジョン　儀式	True	
128304000	ダンジョン人（デブ）　ナタ　ダンジョン	itemLotId_1	30402900	ダンジョン人（デブ）　ダンジョン	True	
128304010	ダンジョン人（デブ）　赤熱ナタ　ダンジョン	itemLotId_1	30402900	ダンジョン人（デブ）　ダンジョン	True	
128304020	ダンジョン人（デブ）　ナタ　ショットガン　ダンジョン	itemLotId_1	30402902	ダンジョン人（デブ）　銃　ダンジョン	True	
128304040	ダンジョン人（デブ）　ノコギリ　ダンジョン	itemLotId_1	30402900	ダンジョン人（デブ）　ダンジョン	True	
128304050	ダンジョン人（デブ）　裸　両手鉄球　ダンジョン	itemLotId_1	30402904	ダンジョン人（デブ）　鉄球　ダンジョン	True	
128304051	ダンジョン人（デブ）（鉄球両手・紳士）	itemLotId_1	30402904	ダンジョン人（デブ）　鉄球　ダンジョン	True	
128304108	ダンジョン人（デブ）　ナタ　医者　ダンジョン	itemLotId_1	30402970	ダンジョン人（デブ）　ダンジョン　医者	True	
128304128	ダンジョン人（デブ）　赤熱ナタ　医者　ダンジョン	itemLotId_1	30402970	ダンジョン人（デブ）　ダンジョン　医者	True	
128304148	ダンジョン人（デブ）　ナタ　ショットガン　医者　ダンジョン	itemLotId_1	30402972	ダンジョン人（デブ）　銃　ダンジョン　医者	True	
128304168	ダンジョン人（デブ）　ノコギリ　医者　ダンジョン	itemLotId_1	30402970	ダンジョン人（デブ）　ダンジョン　医者	True	
128304188	ダンジョン人（デブ）　裸　両手鉄球　医者　ダンジョン	itemLotId_1	30402974	ダンジョン人（デブ）　鉄球　ダンジョン　医者	True	
128304208	ダンジョン人（デブ）（鉄球両手・紳士）　医者	itemLotId_1	30402974	ダンジョン人（デブ）　鉄球　ダンジョン　医者	True	
130110080	下水ネズミ　ダンジョン	itemLotId_1	11002900	下水ネズミ　ダンジョン	True	
130110081	下水ネズミ　膿付き　ダンジョン	itemLotId_1	11002902	下水ネズミ　膿み付き　ダンジョン	True	
130111080	死と闇の眷属　首あり　ダンジョン	itemLotId_1	11102900	死と闇の眷属（クモ）　首あり　ダンジョン	True	
130111085	死と闇の眷属　首なし　ダンジョン	itemLotId_1	11102904	死と闇の眷属（クモ）　首なし（ジェネレート）　ダンジョン	True	
130114080	狂信者の獣　ダンジョン	itemLotId_1	11402900	狂信者の獣　ダンジョン	True	
130121080	墓守サソリ　子なし　小はさみ　ダンジョン	itemLotId_1	12102900	墓守サソリ　ダンジョン	True	
130121081	墓守サソリ　子なし　大はさみ　ダンジョン	itemLotId_1	12102900	墓守サソリ　ダンジョン	True	
130121090	墓守サソリ　子あり　小はさみ　ダンジョン	itemLotId_1	12102902	墓守サソリ　子持ち　ダンジョン	True	
130121091	墓守サソリ　子あり　大はさみ　ダンジョン	itemLotId_1	12102902	墓守サソリ　子持ち　ダンジョン	True	
130124090	狂犬　ダンジョン	itemLotId_1	12402900	狂犬　ダンジョン	True	
130125000	蛇玉（子）　1本だけ太い　ダンジョン	itemLotId_1	12502900	蛇玉（子）　ダンジョン	True	
130125010	蛇玉（子）　毒霧　ダンジョン	itemLotId_1	12502900	蛇玉（子）　ダンジョン	True	
130126000	蛇玉（子）・小　1本だけ太い　ダンジョン	itemLotId_1	12602900	蛇玉（子）小　ダンジョン	True	
130127000	吸血豚　ダンジョン	itemLotId_1	12702900	吸血豚　ダンジョン	True	
130130000	死と闇の眷属（大）　ダンジョン	itemLotId_1	13002900	死と闇の眷属（大）　ダンジョン	True	
130201080	墓掘り（鉤）　ダンジョン	itemLotId_1	20102900	ダンジョン人（墓掘り）鉤　ダンジョン	True	
130201081	墓掘り（つるはし）　ダンジョン	itemLotId_1	20102902	ダンジョン人（墓掘り）つるはし　ダンジョン	True	
130300000	ダンジョン人（司祭）　固定砲台　ダンジョン	itemLotId_1	30002900	ダンジョン人（司祭）　ダンジョン	True	
130300001	ダンジョン人（司祭）・立っている	itemLotId_1	30002900	ダンジョン人（司祭）　ダンジョン	True	
130300010	ダンジョン人（司祭）　固定砲台　ダンジョン_ダンジョン用砲台	itemLotId_1	30002900	ダンジョン人（司祭）　ダンジョン	True	
130301000	ダンジョン人（奴隷）　裸　剣　ダンジョン	itemLotId_1	30102900	ダンジョン人（奴隷）剣鉈　ダンジョン	True	
130301001	ダンジョン人（奴隷）（裸・剣_素手投擲）	itemLotId_1	30102900	ダンジョン人（奴隷）剣鉈　ダンジョン	True	
130301010	ダンジョン人（奴隷）　裸　鉈　ダンジョン	itemLotId_1	30102900	ダンジョン人（奴隷）剣鉈　ダンジョン	True	
130301011	ダンジョン人（奴隷）　裸　鉈　投擲　ダンジョン	itemLotId_1	30102930	ダンジョン人（奴隷）鉈投擲　ダンジョン	True	
130301020	ダンジョン人（奴隷）（白服・ランタン_剣）	itemLotId_1	30102902	ダンジョン人（奴隷）ランタン　ダンジョン	True	
130301030	ダンジョン人（奴隷）　白服　鉈　ランタン　ダンジョン	itemLotId_1	30102902	ダンジョン人（奴隷）ランタン　ダンジョン	True	
130301040	ダンジョン人（奴隷）　黒服　双斧　ダンジョン	itemLotId_1	30102906	ダンジョン人（奴隷）斧・斧　ダンジョン	True	
130301050	ダンジョン人（奴隷）　黒服　ポールウェポン　ダンジョン	itemLotId_1	30102904	ダンジョン人（奴隷）斧ポール　ダンジョン	True	
130301060	ダンジョン人（奴隷）　黒服　剣　ダンジョン	itemLotId_1	30102908	ダンジョン人（奴隷）剣・着衣　ダンジョン	True	
130302000	ダンジョン人（番人）　剣盾　ダンジョン	itemLotId_1	30202900	ダンジョン人（番人）　ダンジョン	True	
130302010	ダンジョン人（番人）　モーニングスター　ダンジョン	itemLotId_1	30202900	ダンジョン人（番人）　ダンジョン	True	
130302020	ダンジョン人（番人）　剣クロスボウ　ダンジョン	itemLotId_1	30202902	ダンジョン人（番人）　クロスボウ　ダンジョン	True	
130302030	ダンジョン人（番人）　特大剣　ダンジョン	itemLotId_1	30202900	ダンジョン人（番人）　ダンジョン	True	
130303000	ダンジョン人（狂人）　片手鎌　ダンジョン	itemLotId_1	30304000	ダンジョン人（狂人）　ダンジョン　呪い	True	
130303001	ダンジョン人（狂人）　片手折れた大剣　ダンジョン	itemLotId_1	30304000	ダンジョン人（狂人）　ダンジョン　呪い	True	
130303010	ダンジョン人（狂人）　死体持ち　ダンジョン	itemLotId_1	30304000	ダンジョン人（狂人）　ダンジョン　呪い	True	
130303020	ダンジョン人（狂人）　二刀鎌　ダンジョン	itemLotId_1	30304000	ダンジョン人（狂人）　ダンジョン　呪い	True	
130304000	ダンジョン人（デブ）　ナタ　ダンジョン	itemLotId_1	30404000	ダンジョン人（デブ）　ダンジョン　呪い	True	
130304010	ダンジョン人（デブ）　赤熱ナタ　ダンジョン	itemLotId_1	30404000	ダンジョン人（デブ）　ダンジョン　呪い	True	
130304020	ダンジョン人（デブ）　ナタ　ショットガン　ダンジョン	itemLotId_1	30404000	ダンジョン人（デブ）　ダンジョン　呪い	True	
130304040	ダンジョン人（デブ）　ノコギリ　ダンジョン	itemLotId_1	30404000	ダンジョン人（デブ）　ダンジョン　呪い	True	
130304050	ダンジョン人（デブ）　裸　両手鉄球　ダンジョン	itemLotId_1	30404000	ダンジョン人（デブ）　ダンジョン　呪い	True	
130304051	ダンジョン人（デブ）（鉄球両手・紳士）	itemLotId_1	30404000	ダンジョン人（デブ）　ダンジョン　呪い	True	
131110080	下水ネズミ　ダンジョン	itemLotId_1	11002940	下水ネズミ　ダンジョン　毒	True	
131110081	下水ネズミ　膿付き　ダンジョン	itemLotId_1	11002942	下水ネズミ　膿み付き　ダンジョン　毒	True	
131111080	死と闇の眷属　首あり　ダンジョン	itemLotId_1	11102940	死と闇の眷属（クモ）　首あり　ダンジョン　毒	True	
131111085	死と闇の眷属　首なし　ダンジョン	itemLotId_1	11102942	死と闇の眷属（クモ）　首なし　ダンジョン　毒	True	
131114080	狂信者の獣　ダンジョン	itemLotId_1	11402940	狂信者の獣　ダンジョン　毒	True	
131121080	墓守サソリ　子なし　小はさみ　ダンジョン	itemLotId_1	12102940	墓守サソリ　ダンジョン　毒	True	
131121081	墓守サソリ　子なし　大はさみ　ダンジョン	itemLotId_1	12102940	墓守サソリ　ダンジョン　毒	True	
131121090	墓守サソリ　子あり　小はさみ　ダンジョン	itemLotId_1	12102942	墓守サソリ　子持ち　ダンジョン　毒	True	
131121091	墓守サソリ　子あり　大はさみ　ダンジョン	itemLotId_1	12102942	墓守サソリ　子持ち　ダンジョン　毒	True	
131124090	狂犬　ダンジョン	itemLotId_1	12402940	狂犬　ダンジョン　毒	True	
131125000	蛇玉（子）　1本だけ太い　ダンジョン	itemLotId_1	12502940	蛇玉（子）　ダンジョン　毒	True	
131125010	蛇玉（子）　毒霧　ダンジョン	itemLotId_1	12502940	蛇玉（子）　ダンジョン　毒	True	
131126000	蛇玉（子）・小　1本だけ太い　ダンジョン	itemLotId_1	12602940	蛇玉（子）小　ダンジョン　毒	True	
131127000	吸血豚　ダンジョン	itemLotId_1	12702940	吸血豚　ダンジョン　毒	True	
131130000	死と闇の眷属（大）　ダンジョン	itemLotId_1	13002940	死と闇の眷属（大）　ダンジョン　毒	True	
131201080	墓掘り（鉤）　ダンジョン	itemLotId_1	20102900	ダンジョン人（墓掘り）鉤　ダンジョン	True	
131201081	墓掘り（つるはし）　ダンジョン	itemLotId_1	20102902	ダンジョン人（墓掘り）つるはし　ダンジョン	True	
131301000	ダンジョン人（奴隷）　裸　剣　ダンジョン　毒	itemLotId_1	30102940	ダンジョン人（奴隷）剣鉈　ダンジョン　毒	True	
131301001	ダンジョン人（奴隷）（裸・剣_素手投擲）　毒	itemLotId_1	30102940	ダンジョン人（奴隷）剣鉈　ダンジョン　毒	True	
131301010	ダンジョン人（奴隷）　裸　鉈　ダンジョン　毒	itemLotId_1	30102940	ダンジョン人（奴隷）剣鉈　ダンジョン　毒	True	
131301011	ダンジョン人（奴隷）　裸　鉈　投擲　ダンジョン　毒	itemLotId_1	30102930	ダンジョン人（奴隷）鉈投擲　ダンジョン	True	
131301020	ダンジョン人（奴隷）（白服・ランタン_剣）　毒	itemLotId_1	30102942	ダンジョン人（奴隷）ランタン　ダンジョン　毒	True	
131301030	ダンジョン人（奴隷）　白服　鉈　ランタン　ダンジョン　毒	itemLotId_1	30102942	ダンジョン人（奴隷）ランタン　ダンジョン　毒	True	
131301040	ダンジョン人（奴隷）　黒服　双斧　ダンジョン　毒	itemLotId_1	30102946	ダンジョン人（奴隷）斧・斧　ダンジョン　毒	True	
131301050	ダンジョン人（奴隷）　黒服　ポールウェポン　ダンジョン　毒	itemLotId_1	30102944	ダンジョン人（奴隷）斧ポール　ダンジョン　毒	True	
131301060	ダンジョン人（奴隷）　黒服　剣　ダンジョン毒	itemLotId_1	30102948	ダンジョン人（奴隷）剣・着衣　ダンジョン　毒	True	
131302000	ダンジョン人（番人）　剣盾　ダンジョン	itemLotId_1	30202900	ダンジョン人（番人）　ダンジョン	True	
131302010	ダンジョン人（番人）　モーニングスター　ダンジョン	itemLotId_1	30202900	ダンジョン人（番人）　ダンジョン	True	
131302020	ダンジョン人（番人）　剣クロスボウ　ダンジョン	itemLotId_1	30202902	ダンジョン人（番人）　クロスボウ　ダンジョン	True	
131302030	ダンジョン人（番人）　特大剣　ダンジョン	itemLotId_1	30202900	ダンジョン人（番人）　ダンジョン	True	
131303000	ダンジョン人（狂人）　片手鎌　毒化　ダンジョン	itemLotId_1	30304000	ダンジョン人（狂人）　ダンジョン　呪い	True	
131303001	ダンジョン人（狂人）　片手折れた大剣　毒化　ダンジョン	itemLotId_1	30304000	ダンジョン人（狂人）　ダンジョン　呪い	True	
131303010	ダンジョン人（狂人）　死体持ち　毒化　ダンジョン	itemLotId_1	30304000	ダンジョン人（狂人）　ダンジョン　呪い	True	
131303020	ダンジョン人（狂人）　二刀鎌　毒化　ダンジョン	itemLotId_1	30304000	ダンジョン人（狂人）　ダンジョン　呪い	True	
131304000	ダンジョン人（デブ）　ナタ　毒化　ダンジョン	itemLotId_1	30404000	ダンジョン人（デブ）　ダンジョン　呪い	True	
131304010	ダンジョン人（デブ）　赤熱ナタ　毒化　ダンジョン	itemLotId_1	30404000	ダンジョン人（デブ）　ダンジョン　呪い	True	
131304020	ダンジョン人（デブ）　ナタ　ショットガン　毒化　ダンジョン	itemLotId_1	30404000	ダンジョン人（デブ）　ダンジョン　呪い	True	
131304040	ダンジョン人（デブ）　ノコギリ　毒化　ダンジョン	itemLotId_1	30404000	ダンジョン人（デブ）　ダンジョン　呪い	True	
131304050	ダンジョン人（デブ）　裸　両手鉄球　毒化　ダンジョン	itemLotId_1	30404000	ダンジョン人（デブ）　ダンジョン　呪い	True	
131304051	ダンジョン人（デブ）（鉄球両手・紳士）　毒化	itemLotId_1	30404000	ダンジョン人（デブ）　ダンジョン　呪い	True	
132110080	下水ネズミ　ダンジョン	itemLotId_1	11002900	下水ネズミ　ダンジョン	True	
132110081	下水ネズミ　膿付き　ダンジョン	itemLotId_1	11002902	下水ネズミ　膿み付き　ダンジョン	True	
132111080	死と闇の眷属　首あり　ダンジョン	itemLotId_1	11102900	死と闇の眷属（クモ）　首あり　ダンジョン	True	
132111085	死と闇の眷属　首なし　ダンジョン	itemLotId_1	11102902	死と闇の眷属（クモ）　首なし　ダンジョン	True	
132114080	狂信者の獣　ダンジョン	itemLotId_1	11402900	狂信者の獣　ダンジョン	True	
132121080	墓守サソリ　子なし　小はさみ　ダンジョン	itemLotId_1	12102900	墓守サソリ　ダンジョン	True	
132121081	墓守サソリ　子なし　大はさみ　ダンジョン	itemLotId_1	12102900	墓守サソリ　ダンジョン	True	
132121090	墓守サソリ　子あり　小はさみ　ダンジョン	itemLotId_1	12102902	墓守サソリ　子持ち　ダンジョン	True	
132121091	墓守サソリ　子あり　大はさみ　ダンジョン	itemLotId_1	12102902	墓守サソリ　子持ち　ダンジョン	True	
132124090	狂犬　ダンジョン	itemLotId_1	12402900	狂犬　ダンジョン	True	
132125000	蛇玉（子）　1本だけ太い　ダンジョン	itemLotId_1	12502900	蛇玉（子）　ダンジョン	True	
132125010	蛇玉（子）　毒霧　ダンジョン	itemLotId_1	12502900	蛇玉（子）　ダンジョン	True	
132126000	蛇玉（子）・小　1本だけ太い　ダンジョン	itemLotId_1	12602900	蛇玉（子）小　ダンジョン	True	
132127000	吸血豚　ダンジョン	itemLotId_1	12702900	吸血豚　ダンジョン	True	
132130000	死と闇の眷属（大）　ダンジョン	itemLotId_1	13002900	死と闇の眷属（大）　ダンジョン	True	
132201080	墓掘り（鉤）　ダンジョン　	itemLotId_1	20102950	ダンジョン人（墓掘り）鉤　ダンジョン　強敵	True	
132201081	墓掘り（つるはし）　ダンジョン　	itemLotId_1	20102952	ダンジョン人（墓掘り）つるはし　ダンジョン　強敵	True	
132301000	ダンジョン人（奴隷）　裸　剣　ダンジョン　ドーピング強敵	itemLotId_1	30102950	ダンジョン人（奴隷）剣鉈　ダンジョン　強敵	True	
132301001	ダンジョン人（奴隷）（裸・剣_素手投擲）　ドーピング強敵	itemLotId_1	30102950	ダンジョン人（奴隷）剣鉈　ダンジョン　強敵	True	
132301010	ダンジョン人（奴隷）　裸　鉈　ダンジョン　ドーピング強敵	itemLotId_1	30102950	ダンジョン人（奴隷）剣鉈　ダンジョン　強敵	True	
132301011	ダンジョン人（奴隷）　裸　鉈　投擲　ダンジョン　ドーピング強敵	itemLotId_1	30102930	ダンジョン人（奴隷）鉈投擲　ダンジョン	True	
132301020	ダンジョン人（奴隷）（白服・ランタン_剣）　ドーピング強敵	itemLotId_1	30102952	ダンジョン人（奴隷）ランタン　ダンジョン　強敵	True	
132301030	ダンジョン人（奴隷）　白服　鉈　ランタン　ダンジョン　ドーピング強敵	itemLotId_1	30102952	ダンジョン人（奴隷）ランタン　ダンジョン　強敵	True	
132301040	ダンジョン人（奴隷）　黒服　双斧　ダンジョン　ドーピング強敵	itemLotId_1	30102956	ダンジョン人（奴隷）斧・斧　ダンジョン　強敵	True	
132301050	ダンジョン人（奴隷）　黒服　ポールウェポン　ダンジョン　ドーピング強敵	itemLotId_1	30102954	ダンジョン人（奴隷）斧ポール　ダンジョン　強敵	True	
132301060	ダンジョン人（奴隷）　黒服　剣　ダンジョンドーピング強敵	itemLotId_1	30102958	ダンジョン人（奴隷）剣・着衣　ダンジョン　強敵	True	
132302000	ダンジョン人（番人）　剣盾　ドーピング強敵　ダンジョン	itemLotId_1	30202950	ダンジョン人（番人）　ダンジョン　強敵	True	
132302010	ダンジョン人（番人）　モーニングスター　ドーピング強敵　ダンジョン	itemLotId_1	30202950	ダンジョン人（番人）　ダンジョン　強敵	True	
132302020	ダンジョン人（番人）　剣クロスボウ　ドーピング強敵　ダンジョン	itemLotId_1	30202952	ダンジョン人（番人）　クロスボウ　ダンジョン　強敵	True	
132302030	ダンジョン人（番人）　特大剣　ドーピング強敵　ダンジョン	itemLotId_1	30202950	ダンジョン人（番人）　ダンジョン　強敵	True	
132303000	ダンジョン人（狂人）　片手鎌　ドーピング強敵　ダンジョン	itemLotId_1	30304050	ダンジョン人（狂人）　ダンジョン　呪い&強敵	True	
132303001	ダンジョン人（狂人）　片手折れた大剣　ドーピング強敵　ダンジョン	itemLotId_1	30304050	ダンジョン人（狂人）　ダンジョン　呪い&強敵	True	
132303010	ダンジョン人（狂人）　死体持ち　ドーピング強敵　ダンジョン	itemLotId_1	30304050	ダンジョン人（狂人）　ダンジョン　呪い&強敵	True	
132303020	ダンジョン人（狂人）　二刀鎌　ドーピング強敵　ダンジョン	itemLotId_1	30304050	ダンジョン人（狂人）　ダンジョン　呪い&強敵	True	
132304000	ダンジョン人（デブ）　ナタ　ドーピング強敵　ダンジョン	itemLotId_1	30404050	ダンジョン人（デブ）　ダンジョン　呪い&強敵	True	
132304010	ダンジョン人（デブ）　赤熱ナタ　ドーピング強敵　ダンジョン	itemLotId_1	30404050	ダンジョン人（デブ）　ダンジョン　呪い&強敵	True	
132304020	ダンジョン人（デブ）　ナタ　ショットガン　ドーピング強敵　ダンジョン	itemLotId_1	30404050	ダンジョン人（デブ）　ダンジョン　呪い&強敵	True	
132304040	ダンジョン人（デブ）　ノコギリ　ドーピング強敵　ダンジョン	itemLotId_1	30404050	ダンジョン人（デブ）　ダンジョン　呪い&強敵	True	
132304050	ダンジョン人（デブ）　裸　両手鉄球　ドーピング強敵　ダンジョン	itemLotId_1	30404050	ダンジョン人（デブ）　ダンジョン　呪い&強敵	True	
132304051	ダンジョン人（デブ）（鉄球両手・紳士）　ドーピング強敵	itemLotId_1	30404050	ダンジョン人（デブ）　ダンジョン　呪い&強敵	True	
133110080	下水ネズミ　ダンジョン	itemLotId_1	11002940	下水ネズミ　ダンジョン　毒	True	
133110081	下水ネズミ　膿付き　ダンジョン	itemLotId_1	11002942	下水ネズミ　膿み付き　ダンジョン　毒	True	
133111080	死と闇の眷属　首あり　ダンジョン	itemLotId_1	11102940	死と闇の眷属（クモ）　首あり　ダンジョン　毒	True	
133111085	死と闇の眷属　首なし　ダンジョン	itemLotId_1	11102942	死と闇の眷属（クモ）　首なし　ダンジョン　毒	True	
133114080	狂信者の獣　ダンジョン	itemLotId_1	11402940	狂信者の獣　ダンジョン　毒	True	
133121080	墓守サソリ　子なし　小はさみ　ダンジョン	itemLotId_1	12102940	墓守サソリ　ダンジョン　毒	True	
133121081	墓守サソリ　子なし　大はさみ　ダンジョン	itemLotId_1	12102940	墓守サソリ　ダンジョン　毒	True	
133121090	墓守サソリ　子あり　小はさみ　ダンジョン	itemLotId_1	12102942	墓守サソリ　子持ち　ダンジョン　毒	True	
133121091	墓守サソリ　子あり　大はさみ　ダンジョン	itemLotId_1	12102942	墓守サソリ　子持ち　ダンジョン　毒	True	
133124090	狂犬　ダンジョン	itemLotId_1	12402940	狂犬　ダンジョン　毒	True	
133125000	蛇玉（子）　1本だけ太い　ダンジョン	itemLotId_1	12502940	蛇玉（子）　ダンジョン　毒	True	
133125010	蛇玉（子）　毒霧　ダンジョン	itemLotId_1	12502940	蛇玉（子）　ダンジョン　毒	True	
133126000	蛇玉（子）・小　1本だけ太い　ダンジョン	itemLotId_1	12602940	蛇玉（子）小　ダンジョン　毒	True	
133127000	吸血豚　ダンジョン	itemLotId_1	12702940	吸血豚　ダンジョン　毒	True	
133130000	死と闇の眷属（大）　ダンジョン	itemLotId_1	13002940	死と闇の眷属（大）　ダンジョン　毒	True	
133201080	墓掘り（鉤）　ダンジョン　	itemLotId_1	20102950	ダンジョン人（墓掘り）鉤　ダンジョン　強敵	True	
133201081	墓掘り（つるはし）　ダンジョン　	itemLotId_1	20102952	ダンジョン人（墓掘り）つるはし　ダンジョン　強敵	True	
133301000	ダンジョン人（奴隷）　裸　剣　ダンジョン　ドーピング強敵	itemLotId_1	30102990	ダンジョン人（奴隷）剣鉈　ダンジョン　毒+強敵	True	
133301001	ダンジョン人（奴隷）（裸・剣_素手投擲）　ドーピング強敵	itemLotId_1	30102990	ダンジョン人（奴隷）剣鉈　ダンジョン　毒+強敵	True	
133301010	ダンジョン人（奴隷）　裸　鉈　ダンジョン　ドーピング強敵	itemLotId_1	30102990	ダンジョン人（奴隷）剣鉈　ダンジョン　毒+強敵	True	
133301011	ダンジョン人（奴隷）　裸　鉈　投擲　ダンジョン　ドーピング強敵	itemLotId_1	30102930	ダンジョン人（奴隷）鉈投擲　ダンジョン	True	
133301020	ダンジョン人（奴隷）（白服・ランタン_剣）　ドーピング強敵	itemLotId_1	30102992	ダンジョン人（奴隷）ランタン　ダンジョン　毒+強敵	True	
133301030	ダンジョン人（奴隷）　白服　鉈　ランタン　ダンジョン　ドーピング強敵	itemLotId_1	30102992	ダンジョン人（奴隷）ランタン　ダンジョン　毒+強敵	True	
133301040	ダンジョン人（奴隷）　黒服　双斧　ダンジョン　ドーピング強敵	itemLotId_1	30102996	ダンジョン人（奴隷）斧・斧　ダンジョン　毒+強敵	True	
133301050	ダンジョン人（奴隷）　黒服　ポールウェポン　ダンジョン　ドーピング強敵	itemLotId_1	30102994	ダンジョン人（奴隷）斧ポール　ダンジョン　毒+強敵	True	
133301060	ダンジョン人（奴隷）　黒服　剣　ダンジョンドーピング強敵	itemLotId_1	30102998	ダンジョン人（奴隷）剣・着衣　ダンジョン　毒+強敵	True	
133302000	ダンジョン人（番人）　剣盾　ドーピング強敵　ダンジョン	itemLotId_1	30202950	ダンジョン人（番人）　ダンジョン　強敵	True	
133302010	ダンジョン人（番人）　モーニングスター　ドーピング強敵　ダンジョン	itemLotId_1	30202950	ダンジョン人（番人）　ダンジョン　強敵	True	
133302020	ダンジョン人（番人）　剣クロスボウ　ドーピング強敵　ダンジョン	itemLotId_1	30202952	ダンジョン人（番人）　クロスボウ　ダンジョン　強敵	True	
133302030	ダンジョン人（番人）　特大剣　ドーピング強敵　ダンジョン	itemLotId_1	30202950	ダンジョン人（番人）　ダンジョン　強敵	True	
133303000	ダンジョン人（狂人）　片手鎌　毒化　ドーピング強敵　ダンジョン	itemLotId_1	30304050	ダンジョン人（狂人）　ダンジョン　呪い&強敵	True	
133303001	ダンジョン人（狂人）　片手折れた大剣　毒化　ドーピング強敵　ダンジョン	itemLotId_1	30304050	ダンジョン人（狂人）　ダンジョン　呪い&強敵	True	
133303010	ダンジョン人（狂人）　死体持ち　毒化　ドーピング強敵　ダンジョン	itemLotId_1	30304050	ダンジョン人（狂人）　ダンジョン　呪い&強敵	True	
133303020	ダンジョン人（狂人）　二刀鎌　毒化　ドーピング強敵　ダンジョン	itemLotId_1	30304050	ダンジョン人（狂人）　ダンジョン　呪い&強敵	True	
133304000	ダンジョン人（デブ）　ナタ　毒化　ドーピング強敵　ダンジョン	itemLotId_1	30404050	ダンジョン人（デブ）　ダンジョン　呪い&強敵	True	
133304010	ダンジョン人（デブ）　赤熱ナタ　毒化　ドーピング強敵　ダンジョン	itemLotId_1	30404050	ダンジョン人（デブ）　ダンジョン　呪い&強敵	True	
133304020	ダンジョン人（デブ）　ナタ　ショットガン　毒化　ドーピング強敵　ダンジョン	itemLotId_1	30404050	ダンジョン人（デブ）　ダンジョン　呪い&強敵	True	
133304040	ダンジョン人（デブ）　ノコギリ　毒化　ドーピング強敵　ダンジョン	itemLotId_1	30404050	ダンジョン人（デブ）　ダンジョン　呪い&強敵	True	
133304050	ダンジョン人（デブ）　裸　両手鉄球　毒化　ドーピング強敵　ダンジョン	itemLotId_1	30404050	ダンジョン人（デブ）　ダンジョン　呪い&強敵	True	
133304051	ダンジョン人（デブ）（鉄球両手・紳士）　毒化＋ドーピング強敵	itemLotId_1	30404050	ダンジョン人（デブ）　ダンジョン　呪い&強敵	True	
135106080	脳喰らい　ダンジョン	itemLotId_1	10604000	脳喰らい　ダンジョン　呪い	True	
135106090	脳喰らい　フード　ダンジョン	itemLotId_1	10604000	脳喰らい　ダンジョン　呪い	True	
135303000	ダンジョン人（狂人）　片手鎌　ダンジョン	itemLotId_1	30304000	ダンジョン人（狂人）　ダンジョン　呪い	True	
135303001	ダンジョン人（狂人）　片手折れた大剣　ダンジョン	itemLotId_1	30304000	ダンジョン人（狂人）　ダンジョン　呪い	True	
135303010	ダンジョン人（狂人）　死体持ち　ダンジョン	itemLotId_1	30304000	ダンジョン人（狂人）　ダンジョン　呪い	True	
135303020	ダンジョン人（狂人）　二刀鎌　ダンジョン	itemLotId_1	30304000	ダンジョン人（狂人）　ダンジョン　呪い	True	
135303102	ダンジョン人（狂人）　片手鎌　嵐属性　ダンジョン	itemLotId_1	30304000	ダンジョン人（狂人）　ダンジョン　呪い	True	
135303109	ダンジョン人（狂人）　片手鎌　儀式　ダンジョン	itemLotId_1	30304080	ダンジョン人（狂人）　ダンジョン　呪い&儀式	True	
135303122	ダンジョン人（狂人）　片手折れた大剣　嵐属性　ダンジョン	itemLotId_1	30304000	ダンジョン人（狂人）　ダンジョン　呪い	True	
135303129	ダンジョン人（狂人）　片手折れた大剣　儀式　ダンジョン	itemLotId_1	30304080	ダンジョン人（狂人）　ダンジョン　呪い&儀式	True	
135303142	ダンジョン人（狂人）　死体持ち　嵐属性　ダンジョン	itemLotId_1	30304000	ダンジョン人（狂人）　ダンジョン　呪い	True	
135303162	ダンジョン人（狂人）　二刀鎌　嵐属性　ダンジョン	itemLotId_1	30304000	ダンジョン人（狂人）　ダンジョン　呪い	True	
135303169	ダンジョン人（狂人）　二刀鎌　儀式　ダンジョン	itemLotId_1	30304080	ダンジョン人（狂人）　ダンジョン　呪い&儀式	True	
135304000	ダンジョン人（デブ）　ナタ　ダンジョン	itemLotId_1	30404000	ダンジョン人（デブ）　ダンジョン　呪い	True	
135304010	ダンジョン人（デブ）　赤熱ナタ　ダンジョン	itemLotId_1	30404000	ダンジョン人（デブ）　ダンジョン　呪い	True	
135304020	ダンジョン人（デブ）　ナタ　ショットガン　ダンジョン	itemLotId_1	30404000	ダンジョン人（デブ）　ダンジョン　呪い	True	
135304040	ダンジョン人（デブ）　ノコギリ　ダンジョン	itemLotId_1	30404000	ダンジョン人（デブ）　ダンジョン　呪い	True	
135304050	ダンジョン人（デブ）　裸　両手鉄球　ダンジョン	itemLotId_1	30404000	ダンジョン人（デブ）　ダンジョン　呪い	True	
135304051	ダンジョン人（デブ）（鉄球両手・紳士）	itemLotId_1	30404000	ダンジョン人（デブ）　ダンジョン　呪い	True	
135304108	ダンジョン人（デブ）　ナタ　医者　ダンジョン	itemLotId_1	30404070	ダンジョン人（デブ）　ダンジョン　呪い&医者	True	
135304128	ダンジョン人（デブ）　赤熱ナタ　医者　ダンジョン	itemLotId_1	30404070	ダンジョン人（デブ）　ダンジョン　呪い&医者	True	
135304148	ダンジョン人（デブ）　ナタ　ショットガン　医者　ダンジョン	itemLotId_1	30404070	ダンジョン人（デブ）　ダンジョン　呪い&医者	True	
135304168	ダンジョン人（デブ）　ノコギリ　医者　ダンジョン	itemLotId_1	30404070	ダンジョン人（デブ）　ダンジョン　呪い&医者	True	
135304188	ダンジョン人（デブ）　裸　両手鉄球　医者　ダンジョン	itemLotId_1	30404070	ダンジョン人（デブ）　ダンジョン　呪い&医者	True	
135304208	ダンジョン人（デブ）（鉄球両手・紳士）　医者	itemLotId_1	30404070	ダンジョン人（デブ）　ダンジョン　呪い&医者	True	
136106080	脳喰らい　ダンジョン	itemLotId_1	10604000	脳喰らい　ダンジョン　呪い	True	
136106090	脳喰らい　フード　ダンジョン	itemLotId_1	10604000	脳喰らい　ダンジョン　呪い	True	
136303000	ダンジョン人（狂人）　片手鎌　ダンジョン	itemLotId_1	30304000	ダンジョン人（狂人）　ダンジョン　呪い	True	
136303001	ダンジョン人（狂人）　片手折れた大剣　ダンジョン	itemLotId_1	30304000	ダンジョン人（狂人）　ダンジョン　呪い	True	
136303010	ダンジョン人（狂人）　死体持ち　ダンジョン	itemLotId_1	30304000	ダンジョン人（狂人）　ダンジョン　呪い	True	
136303020	ダンジョン人（狂人）　二刀鎌　ダンジョン	itemLotId_1	30304000	ダンジョン人（狂人）　ダンジョン　呪い	True	
136303102	ダンジョン人（狂人）　片手鎌　嵐属性　ダンジョン	itemLotId_1	30304000	ダンジョン人（狂人）　ダンジョン　呪い	True	
136303109	ダンジョン人（狂人）　片手鎌　儀式　ダンジョン	itemLotId_1	30304080	ダンジョン人（狂人）　ダンジョン　呪い&儀式	True	
136303122	ダンジョン人（狂人）　片手折れた大剣　嵐属性　ダンジョン	itemLotId_1	30304000	ダンジョン人（狂人）　ダンジョン　呪い	True	
136303129	ダンジョン人（狂人）　片手折れた大剣　儀式　ダンジョン	itemLotId_1	30304080	ダンジョン人（狂人）　ダンジョン　呪い&儀式	True	
136303142	ダンジョン人（狂人）　死体持ち　嵐属性　ダンジョン	itemLotId_1	30304000	ダンジョン人（狂人）　ダンジョン　呪い	True	
136303162	ダンジョン人（狂人）　二刀鎌　嵐属性　ダンジョン	itemLotId_1	30304000	ダンジョン人（狂人）　ダンジョン　呪い	True	
136303169	ダンジョン人（狂人）　二刀鎌　儀式　ダンジョン	itemLotId_1	30304080	ダンジョン人（狂人）　ダンジョン　呪い&儀式	True	
136304000	ダンジョン人（デブ）　ナタ　ダンジョン	itemLotId_1	30404000	ダンジョン人（デブ）　ダンジョン　呪い	True	
136304010	ダンジョン人（デブ）　赤熱ナタ　ダンジョン	itemLotId_1	30404000	ダンジョン人（デブ）　ダンジョン　呪い	True	
136304020	ダンジョン人（デブ）　ナタ　ショットガン　ダンジョン	itemLotId_1	30404000	ダンジョン人（デブ）　ダンジョン　呪い	True	
136304040	ダンジョン人（デブ）　ノコギリ　ダンジョン	itemLotId_1	30404000	ダンジョン人（デブ）　ダンジョン　呪い	True	
136304050	ダンジョン人（デブ）　裸　両手鉄球　ダンジョン	itemLotId_1	30404000	ダンジョン人（デブ）　ダンジョン　呪い	True	
136304051	ダンジョン人（デブ）（鉄球両手・紳士）	itemLotId_1	30404000	ダンジョン人（デブ）　ダンジョン　呪い	True	
136304108	ダンジョン人（デブ）　ナタ　医者　ダンジョン	itemLotId_1	30404070	ダンジョン人（デブ）　ダンジョン　呪い&医者	True	
136304128	ダンジョン人（デブ）　赤熱ナタ　医者　ダンジョン	itemLotId_1	30404070	ダンジョン人（デブ）　ダンジョン　呪い&医者	True	
136304148	ダンジョン人（デブ）　ナタ　ショットガン　医者　ダンジョン	itemLotId_1	30404070	ダンジョン人（デブ）　ダンジョン　呪い&医者	True	
136304168	ダンジョン人（デブ）　ノコギリ　医者　ダンジョン	itemLotId_1	30404070	ダンジョン人（デブ）　ダンジョン　呪い&医者	True	
136304188	ダンジョン人（デブ）　裸　両手鉄球　医者　ダンジョン	itemLotId_1	30404070	ダンジョン人（デブ）　ダンジョン　呪い&医者	True	
136304208	ダンジョン人（デブ）（鉄球両手・紳士）　医者	itemLotId_1	30404070	ダンジョン人（デブ）　ダンジョン　呪い&医者	True	
137106080	脳喰らい　ダンジョン	itemLotId_1	10604000	脳喰らい　ダンジョン　呪い	True	
137106090	脳喰らい　フード　ダンジョン	itemLotId_1	10604000	脳喰らい　ダンジョン　呪い	True	
137303000	ダンジョン人（狂人）　片手鎌　ダンジョン	itemLotId_1	30304000	ダンジョン人（狂人）　ダンジョン　呪い	True	
137303001	ダンジョン人（狂人）　片手折れた大剣　ダンジョン	itemLotId_1	30304000	ダンジョン人（狂人）　ダンジョン　呪い	True	
137303010	ダンジョン人（狂人）　死体持ち　ダンジョン	itemLotId_1	30304000	ダンジョン人（狂人）　ダンジョン　呪い	True	
137303020	ダンジョン人（狂人）　二刀鎌　ダンジョン	itemLotId_1	30304000	ダンジョン人（狂人）　ダンジョン　呪い	True	
137303102	ダンジョン人（狂人）　片手鎌　嵐属性　ダンジョン	itemLotId_1	30304000	ダンジョン人（狂人）　ダンジョン　呪い	True	
137303109	ダンジョン人（狂人）　片手鎌　儀式　ダンジョン	itemLotId_1	30304080	ダンジョン人（狂人）　ダンジョン　呪い&儀式	True	
137303122	ダンジョン人（狂人）　片手折れた大剣　嵐属性　ダンジョン	itemLotId_1	30304000	ダンジョン人（狂人）　ダンジョン　呪い	True	
137303129	ダンジョン人（狂人）　片手折れた大剣　儀式　ダンジョン	itemLotId_1	30304080	ダンジョン人（狂人）　ダンジョン　呪い&儀式	True	
137303142	ダンジョン人（狂人）　死体持ち　嵐属性　ダンジョン	itemLotId_1	30304000	ダンジョン人（狂人）　ダンジョン　呪い	True	
137303162	ダンジョン人（狂人）　二刀鎌　嵐属性　ダンジョン	itemLotId_1	30304000	ダンジョン人（狂人）　ダンジョン　呪い	True	
137303169	ダンジョン人（狂人）　二刀鎌　儀式　ダンジョン	itemLotId_1	30304080	ダンジョン人（狂人）　ダンジョン　呪い&儀式	True	
137304000	ダンジョン人（デブ）　ナタ　ダンジョン	itemLotId_1	30404000	ダンジョン人（デブ）　ダンジョン　呪い	True	
137304010	ダンジョン人（デブ）　赤熱ナタ　ダンジョン	itemLotId_1	30404000	ダンジョン人（デブ）　ダンジョン　呪い	True	
137304020	ダンジョン人（デブ）　ナタ　ショットガン　ダンジョン	itemLotId_1	30404000	ダンジョン人（デブ）　ダンジョン　呪い	True	
137304040	ダンジョン人（デブ）　ノコギリ　ダンジョン	itemLotId_1	30404000	ダンジョン人（デブ）　ダンジョン　呪い	True	
137304050	ダンジョン人（デブ）　裸　両手鉄球　ダンジョン	itemLotId_1	30404000	ダンジョン人（デブ）　ダンジョン　呪い	True	
137304051	ダンジョン人（デブ）（鉄球両手・紳士）	itemLotId_1	30404000	ダンジョン人（デブ）　ダンジョン　呪い	True	
137304108	ダンジョン人（デブ）　ナタ　医者　ダンジョン	itemLotId_1	30404070	ダンジョン人（デブ）　ダンジョン　呪い&医者	True	
137304128	ダンジョン人（デブ）　赤熱ナタ　医者　ダンジョン	itemLotId_1	30404070	ダンジョン人（デブ）　ダンジョン　呪い&医者	True	
137304148	ダンジョン人（デブ）　ナタ　ショットガン　医者　ダンジョン	itemLotId_1	30404070	ダンジョン人（デブ）　ダンジョン　呪い&医者	True	
137304168	ダンジョン人（デブ）　ノコギリ　医者　ダンジョン	itemLotId_1	30404070	ダンジョン人（デブ）　ダンジョン　呪い&医者	True	
137304188	ダンジョン人（デブ）　裸　両手鉄球　医者　ダンジョン	itemLotId_1	30404070	ダンジョン人（デブ）　ダンジョン　呪い&医者	True	
137304208	ダンジョン人（デブ）（鉄球両手・紳士）　医者	itemLotId_1	30404070	ダンジョン人（デブ）　ダンジョン　呪い&医者	True	
138106080	脳喰らい　ダンジョン	itemLotId_1	10604000	脳喰らい　ダンジョン　呪い	True	
138106090	脳喰らい　フード　ダンジョン	itemLotId_1	10604000	脳喰らい　ダンジョン　呪い	True	
138303000	ダンジョン人（狂人）　片手鎌　ダンジョン	itemLotId_1	30304000	ダンジョン人（狂人）　ダンジョン　呪い	True	
138303001	ダンジョン人（狂人）　片手折れた大剣　ダンジョン	itemLotId_1	30304000	ダンジョン人（狂人）　ダンジョン　呪い	True	
138303010	ダンジョン人（狂人）　死体持ち　ダンジョン	itemLotId_1	30304000	ダンジョン人（狂人）　ダンジョン　呪い	True	
138303020	ダンジョン人（狂人）　二刀鎌　ダンジョン	itemLotId_1	30304000	ダンジョン人（狂人）　ダンジョン　呪い	True	
138303102	ダンジョン人（狂人）　片手鎌　嵐属性　ダンジョン	itemLotId_1	30304000	ダンジョン人（狂人）　ダンジョン　呪い	True	
138303109	ダンジョン人（狂人）　片手鎌　儀式　ダンジョン	itemLotId_1	30304080	ダンジョン人（狂人）　ダンジョン　呪い&儀式	True	
138303122	ダンジョン人（狂人）　片手折れた大剣　嵐属性　ダンジョン	itemLotId_1	30304000	ダンジョン人（狂人）　ダンジョン　呪い	True	
138303129	ダンジョン人（狂人）　片手折れた大剣　儀式　ダンジョン	itemLotId_1	30304080	ダンジョン人（狂人）　ダンジョン　呪い&儀式	True	
138303142	ダンジョン人（狂人）　死体持ち　嵐属性　ダンジョン	itemLotId_1	30304000	ダンジョン人（狂人）　ダンジョン　呪い	True	
138303162	ダンジョン人（狂人）　二刀鎌　嵐属性　ダンジョン	itemLotId_1	30304000	ダンジョン人（狂人）　ダンジョン　呪い	True	
138303169	ダンジョン人（狂人）　二刀鎌　儀式　ダンジョン	itemLotId_1	30304080	ダンジョン人（狂人）　ダンジョン　呪い&儀式	True	
138304000	ダンジョン人（デブ）　ナタ　ダンジョン	itemLotId_1	30404000	ダンジョン人（デブ）　ダンジョン　呪い	True	
138304010	ダンジョン人（デブ）　赤熱ナタ　ダンジョン	itemLotId_1	30404000	ダンジョン人（デブ）　ダンジョン　呪い	True	
138304020	ダンジョン人（デブ）　ナタ　ショットガン　ダンジョン	itemLotId_1	30404000	ダンジョン人（デブ）　ダンジョン　呪い	True	
138304040	ダンジョン人（デブ）　ノコギリ　ダンジョン	itemLotId_1	30404000	ダンジョン人（デブ）　ダンジョン　呪い	True	
138304050	ダンジョン人（デブ）　裸　両手鉄球　ダンジョン	itemLotId_1	30404000	ダンジョン人（デブ）　ダンジョン　呪い	True	
138304051	ダンジョン人（デブ）（鉄球両手・紳士）	itemLotId_1	30404000	ダンジョン人（デブ）　ダンジョン　呪い	True	
138304108	ダンジョン人（デブ）　ナタ　医者　ダンジョン	itemLotId_1	30404070	ダンジョン人（デブ）　ダンジョン　呪い&医者	True	
138304128	ダンジョン人（デブ）　赤熱ナタ　医者　ダンジョン	itemLotId_1	30404070	ダンジョン人（デブ）　ダンジョン　呪い&医者	True	
138304148	ダンジョン人（デブ）　ナタ　ショットガン　医者　ダンジョン	itemLotId_1	30404070	ダンジョン人（デブ）　ダンジョン　呪い&医者	True	
138304168	ダンジョン人（デブ）　ノコギリ　医者　ダンジョン	itemLotId_1	30404070	ダンジョン人（デブ）　ダンジョン　呪い&医者	True	
138304188	ダンジョン人（デブ）　裸　両手鉄球　医者　ダンジョン	itemLotId_1	30404070	ダンジョン人（デブ）　ダンジョン　呪い&医者	True	
138304208	ダンジョン人（デブ）（鉄球両手・紳士）　医者	itemLotId_1	30404070	ダンジョン人（デブ）　ダンジョン　呪い&医者	True	
200006201	【フロア3】 クモ男パッチ_ダンジョン	itemLotId_1	6200		False	
200007000	【フロア3】　NPC1　血の狩人ヴィート　通常時	itemLotId_1	60000	ダンジョンNPC1　通常時	True	
200007001	【フロア3】　NPC1　血の狩人ヴィート　マルチ召喚代理時	itemLotId_1	60010	ダンジョンNPC1　マルチ召喚代理時	True	
200007010	【フロア3】　NPC2　グレミアの血の狩人　通常時	itemLotId_1	61000	ダンジョンNPC2　通常時	True	
200007011	【フロア3】　NPC2　グレミアの血の狩人マルチ召喚代理時	itemLotId_1	61010	ダンジョンNPC2　マルチ召喚代理時	True	
200007030	【フロア3】　NPC4　医療教会の狩人　通常時	itemLotId_1	63000	ダンジョンNPC4　通常時	True	
200007031	【フロア3】　NPC4　医療教会の狩人　マルチ召喚代理時	itemLotId_1	63010	ダンジョンNPC4　マルチ召喚代理時	True	
200007040	【フロア3】　NPC5　医療教会の血の狩人　通常時	itemLotId_1	64000	ダンジョンNPC5　通常時	True	
200007041	【フロア3】　NPC5　医療教会の血の狩人　マルチ召喚代理時	itemLotId_1	64010	ダンジョンNPC5　マルチ召喚代理時	True	
200007045	【フロア3】　NPC5_2　医療教会の血の狩人　通常時	itemLotId_1	64100	ダンジョンNPC5_2　通常時	True	
200007046	【フロア3】　NPC5_2　医療教会の血の狩人　マルチ召喚代理時	itemLotId_1	64110	ダンジョンNPC5_2　マルチ召喚代理時	True	
200007050	【フロア3】　NPC6　聖歌隊　通常時	itemLotId_1	65000	ダンジョンNPC6　通常時	True	
200007051	【フロア3】　NPC6　聖歌隊　マルチ召喚代理時	itemLotId_1	65010	ダンジョンNPC6　マルチ召喚代理時	True	
200007060	【フロア3】　NPC7　旧ハンター　通常時	itemLotId_1	66000	ダンジョンNPC7　通常時	True	
200007061	【フロア3】　NPC7　旧ハンター　マルチ召喚代理時	itemLotId_1	66010	ダンジョンNPC7　マルチ召喚代理時	True	
200007100	【フロア3】　NPC9：強敵　血族狩り：杭打ち剣　通常時	itemLotId_1	68000	ダンジョンNPC9　通常時	True	
200007101	【フロア3】　NPC9：強敵　血族狩り：杭打ち剣　マルチ召喚代理時	itemLotId_1	68010	ダンジョンNPC9　マルチ召喚代理時	True	
200007110	【フロア3】　NPC10_1：強敵　血族狩り：車輪＋魔法（誘導弾）　通常時	itemLotId_1	69000	ダンジョンNPC10　通常時	True	
200007111	【フロア3】　NPC10_1：強敵　血族狩り：車輪＋魔法（誘導弾）　マルチ召喚代理時	itemLotId_1	69010	ダンジョンNPC10　マルチ召喚代理時	True	
200007115	【フロア3】　NPC10_2：強敵　血族狩り：車輪/教会短銃　通常時	itemLotId_1	70000	ダンジョンNPC10_2　通常時	True	
200007116	【フロア3】　NPC10_2：強敵　血族狩り：車輪/教会短銃　マルチ召喚代理時	itemLotId_1	70010	ダンジョンNPC10_2　マルチ召喚代理時	True	
200007120	【フロア3】　NPC11_1：強敵　滅ぼす者　通常時	itemLotId_1	71000	ダンジョンNPC11_1　通常時	True	
200007121	【フロア3】　NPC11_1：強敵　滅ぼす者　マルチ召喚代理時	itemLotId_1	71010	ダンジョンNPC11_1　マルチ召喚代理時	True	
200007125	【フロア3】　NPC11_2：強敵　滅ぼす者 杖鞭/工房短銃　通常時	itemLotId_1	72000	ダンジョンNPC11_2　通常時	True	
200007126	【フロア3】　NPC11_2：強敵　滅ぼす者 杖鞭/工房短銃　マルチ召喚代理時	itemLotId_1	72010	ダンジョンNPC11_2　マルチ召喚代理時	True	
200007130	【フロア3】　NPC12：強敵　ブランドンの流血鴉　通常時	itemLotId_1	73000	ダンジョンNPC12　通常時	True	
200007131	【フロア3】　NPC12：強敵　ブランドンの流血鴉　マルチ召喚代理時	itemLotId_1	73010	ダンジョンNPC12　マルチ召喚代理時	True	
200007140	【フロア3】　NPC13：強敵　カインの血族　通常時	itemLotId_1	74000	ダンジョンNPC13　通常時	True	
200007141	【フロア3】　NPC13：強敵　カインの血族　マルチ召喚代理時	itemLotId_1	74010	ダンジョンNPC13　マルチ召喚代理時	True	
200007150	【フロア3】　NPC14：強敵　カインの血族騎士　通常時	itemLotId_1	75000	ダンジョンNPC14　通常時	True	
200007151	【フロア3】　NPC14：強敵　カインの血族騎士　マルチ召喚代理時	itemLotId_1	75010	ダンジョンNPC14　マルチ召喚代理時	True	
200007160	【フロア3】　NPC15：強敵　血族狩り　※頭部のみ　通常時	itemLotId_1	76000	ダンジョンNPC15　通常時	True	
200007161	【フロア3】　NPC15：強敵　血族狩り　※頭部のみ　マルチ召喚代理時	itemLotId_1	76010	ダンジョンNPC15　マルチ召喚代理時	True	
200007200	【フロア3】 固定ダンジョン　ボスNPC1　【Boss】	itemLotId_1	77000	固定ダンジョン　ボスNPC1	True	50004000
200007210	【フロア3】 固定ダンジョン　ボスNPC2　【Boss】	itemLotId_1	77010	固定ダンジョン　ボスNPC2	True	50004100
210100080	【フロア3】 猟犬　ダンジョン	itemLotId_1	10002900	猟犬　ダンジョン	True	
210100102	【フロア3】 猟犬　嵐属性　ダンジョン	itemLotId_1	10002910	猟犬　ダンジョン　嵐	True	
210100180	【フロア3】猟犬　（月）　ダンジョン	itemLotId_1	10002920	猟犬　ダンジョン　（月の猟犬）	True	
210101080	【フロア3】 司祭　ダンジョン	itemLotId_1	10102900	司祭　ダンジョン	True	
210101095	【フロア3】 司祭　ダンジョン　強敵	itemLotId_1	10102900	司祭　ダンジョン	True	
210105080	【フロア3】 さまよう寡婦　ダンジョン	itemLotId_1	10502900	さまよう寡婦　ダンジョン	True	
210105800	【フロア3】 さまよう寡婦　マルチ召喚（強）：物理	itemLotId_1	10502950	さまよう寡婦　マルチ召喚（弱）：物理	True	
210105810	【フロア3】 さまよう寡婦　マルチ召喚（強）：銃	itemLotId_1	10502952	さまよう寡婦　マルチ召喚（弱）：銃	True	
210105820	【フロア3】 さまよう寡婦　マルチ召喚（強）：炎雷	itemLotId_1	10502954	さまよう寡婦　マルチ召喚（弱）：炎雷	True	
210105830	【フロア3】 さまよう寡婦　マルチ召喚（強）：魔法	itemLotId_1	10502956	さまよう寡婦　マルチ召喚（弱）：魔法	True	
210105840	【フロア3】 さまよう寡婦　マルチ召喚（強）：補助	itemLotId_1	10502958	さまよう寡婦　マルチ召喚（弱）：補助	True	
210105850	【フロア3】 さまよう寡婦　マルチ召喚（強）：レア素材A	itemLotId_1	10502960	さまよう寡婦　マルチ召喚（弱）：レア素材A	True	
210105860	【フロア3】 さまよう寡婦　マルチ召喚（強）：レア素材B	itemLotId_1	10502962	さまよう寡婦　マルチ召喚（弱）：レア素材B	True	
210105900	【フロア3】 さまよう寡婦　マルチ召喚（弱）：物理	itemLotId_1	10502950	さまよう寡婦　マルチ召喚（弱）：物理	True	
210105910	【フロア3】 さまよう寡婦　マルチ召喚（弱）：銃	itemLotId_1	10502952	さまよう寡婦　マルチ召喚（弱）：銃	True	
210105920	【フロア3】 さまよう寡婦　マルチ召喚（弱）：炎雷	itemLotId_1	10502954	さまよう寡婦　マルチ召喚（弱）：炎雷	True	
210105930	【フロア3】 さまよう寡婦　マルチ召喚（弱）：魔法	itemLotId_1	10502956	さまよう寡婦　マルチ召喚（弱）：魔法	True	
210105940	【フロア3】 さまよう寡婦　マルチ召喚（弱）：補助	itemLotId_1	10502958	さまよう寡婦　マルチ召喚（弱）：補助	True	
210105950	【フロア3】 さまよう寡婦　マルチ召喚（弱）：レア素材A	itemLotId_1	10502960	さまよう寡婦　マルチ召喚（弱）：レア素材A	True	
210105960	【フロア3】 さまよう寡婦　マルチ召喚（弱）：レア素材B	itemLotId_1	10502962	さまよう寡婦　マルチ召喚（弱）：レア素材B	True	
210106080	【フロア3】 脳喰らい　ダンジョン	itemLotId_1	10602900	脳喰らい　ダンジョン	True	
210106085	【フロア3】 脳喰らい　フード　ダンジョン	itemLotId_1	10602902	脳喰らい　フード　ダンジョン	True	
210109080	【フロア3】 異形ビースト　素手_警戒行動なし　ダンジョン	itemLotId_1	10902900	異形ビースト　ダンジョン	True	
210109102	【フロア3】 異形ビースト　嵐属性　ダンジョン	itemLotId_1	10902910	異形ビースト　ダンジョン　嵐	True	
210109580	【フロア3】 異形ビースト　スローキャラ　ダンジョン	itemLotId_1	10902902	異形ビースト_赤目　ダンジョン	True	
210109602	【フロア3】 異形ビースト　スローキャラ　嵐属性　ダンジョン	itemLotId_1	10902912	異形ビースト_赤目　ダンジョン　嵐	True	
210110080	【フロア3】 下水ネズミ　ダンジョン	itemLotId_1	11002900	下水ネズミ　ダンジョン	True	
210110081	【フロア3】 下水ネズミ　膿付き　ダンジョン	itemLotId_1	11002902	下水ネズミ　膿み付き　ダンジョン	True	
210111080	【フロア3】 死と闇の眷属　首あり　ダンジョン	itemLotId_1	11102900	死と闇の眷属（クモ）　首あり　ダンジョン	True	
210111081	【フロア3】 死と闇の眷属（変速前移動）　ダンジョン	itemLotId_1	11102900	死と闇の眷属（クモ）　首あり　ダンジョン	True	
210111085	【フロア3】 死と闇の眷属　首なし　ダンジョン	itemLotId_1	11102902	死と闇の眷属（クモ）　首なし　ダンジョン	True	
210111086	【フロア3】 死と闇の眷属（変速前移動）　首なし　ダンジョン	itemLotId_1	11102901		False	
210111090	【フロア3】 死と闇の眷属　首あり　生成　ダンジョン	itemLotId_1	11102904	死と闇の眷属（クモ）　首なし（ジェネレート）　ダンジョン	True	
210111091	【フロア3】 死と闇の眷属_ジェネレート（変速前移動）　ダンジョン	itemLotId_1	11102904	死と闇の眷属（クモ）　首なし（ジェネレート）　ダンジョン	True	
210111095	【フロア3】 死と闇の眷属　首なし　生成　ダンジョン	itemLotId_1	11102904	死と闇の眷属（クモ）　首なし（ジェネレート）　ダンジョン	True	
210111096	【フロア3】 死と闇の眷属_ジェネレート（変速前移動）　首なし　ダンジョン	itemLotId_1	11102902	死と闇の眷属（クモ）　首なし　ダンジョン	True	
210111200	【フロア3】 死と闇の眷属　首なし　ダンジョン	itemLotId_1	2909800	プレゼンダンジョン敵ドロップ	True	
210112080	【フロア3】 水死体ビースト　ダンジョン	itemLotId_1	11202900	水死体ビースト　ダンジョン	True	
210112200	【フロア3】 水死体ビースト　ダンジョン	itemLotId_1	2909800	プレゼンダンジョン敵ドロップ	True	
210113080	【フロア3】 デーモンの狂信者　ダンジョン用	itemLotId_1	11302900	デーモンの狂信者　ダンジョン	True	
210114080	【フロア3】 狂信者の獣　ダンジョン	itemLotId_1	11402900	狂信者の獣　ダンジョン	True	
210114902	【フロア3】 狂信者の獣　ダンジョン　嵐属性	itemLotId_1	11402910	狂信者の獣　ダンジョン　嵐	True	
210115080	【フロア3】 スライム　ダンジョン　ダンジョン	itemLotId_1	11502900	スライム　ダンジョン	True	
210116080	【フロア3】 デーモン犬　ダンジョン	itemLotId_1	11602900	デーモン犬　ダンジョン	True	
210118080	【フロア3】 さまよう狂気　ダンジョン	itemLotId_1	11810000	さまよう狂気（小）　ダンジョン	True	52902000
210118081	【フロア3】 さまよう狂気(小)　並２　ダンジョン用	itemLotId_1	11810000	さまよう狂気（小）　ダンジョン	True	52902000
210118082	【フロア3】 さまよう狂気(小)　良　ダンジョン用	itemLotId_1	11810000	さまよう狂気（小）　ダンジョン	True	52902000
210118083	【フロア3】 さまよう狂気(小)　レア　ダンジョン用	itemLotId_1	11810000	さまよう狂気（小）　ダンジョン	True	52902000
210119080	【フロア3】 さまよう狂気(中)　ダンジョン	itemLotId_1	11902900	さまよう狂気（中）　ダンジョン　並	True	52903000
210121080	【フロア3】 墓守サソリ　子なし　小はさみ　ダンジョン	itemLotId_1	12102900	墓守サソリ　ダンジョン	True	
210121081	【フロア3】 墓守サソリ　子なし　大はさみ　ダンジョン	itemLotId_1	12102900	墓守サソリ　ダンジョン	True	
210121090	【フロア3】 墓守サソリ　子あり　小はさみ　ダンジョン	itemLotId_1	12102902	墓守サソリ　子持ち　ダンジョン	True	
210121091	【フロア3】 墓守サソリ　子あり　大はさみ　ダンジョン	itemLotId_1	12102902	墓守サソリ　子持ち　ダンジョン	True	
210122080	【フロア3】 幼生オオコウモリ　ダンジョン	itemLotId_1	12202900	幼生オオコウモリ　ダンジョン	True	
210122081	【フロア3】 幼生オオコウモリ（彫像待機）　ダンジョン	itemLotId_1	12202900	幼生オオコウモリ　ダンジョン	True	
210123000	【フロア3】 穴掘り　ダンジョン	itemLotId_1	12302900	穴掘り　ダンジョン	True	
210123200	【フロア3】 穴掘り　ダンジョン	itemLotId_1	2909800	プレゼンダンジョン敵ドロップ	True	
210124090	【フロア3】 狂犬　ダンジョン	itemLotId_1	12402900	狂犬　ダンジョン	True	
210124102	【フロア3】 狂犬　ダンジョン用　嵐属性	itemLotId_1	12402910	狂犬　ダンジョン　嵐	True	
210125000	【フロア3】 蛇玉（子）　1本だけ太い　ダンジョン	itemLotId_1	12502900	蛇玉（子）　ダンジョン	True	
210125010	【フロア3】 蛇玉（子）　毒霧　ダンジョン	itemLotId_1	12502900	蛇玉（子）　ダンジョン	True	
210126000	【フロア3】 蛇玉（子）・小　1本だけ太い　ダンジョン	itemLotId_1	12602900	蛇玉（子）小　ダンジョン	True	
210127000	【フロア3】 吸血豚　ダンジョン	itemLotId_1	12702900	吸血豚　ダンジョン	True	
210127102	【フロア3】 吸血豚　ダンジョン　嵐属性	itemLotId_1	12702910	吸血豚　ダンジョン　嵐	True	
210129000	【フロア3】 異形ビースト（雌）　ダンジョン	itemLotId_1	12902900	異形ビースト（雌）　ダンジョン	True	
210130000	【フロア3】 死と闇の眷属（大）　ダンジョン	itemLotId_1	13002900	死と闇の眷属（大）　ダンジョン	True	
210140000	【フロア3】 白痴の蜘蛛（子）　ダンジョン	itemLotId_1	14002900	白痴の蜘蛛（子）　ダンジョン	True	
210140010	【フロア3】 白痴の蜘蛛（子）　ボスのお供　ダンジョン	itemLotId_1	14002910	白痴の蜘蛛（子）　ダンジョン　ボスのお供	True	
210201020	【フロア3】 墓掘り（銃）　ダンジョン	itemLotId_1	20102904	ダンジョン人（墓掘り）銃　ダンジョン	True	
210201080	【フロア3】 墓掘り（鉤）　ダンジョン	itemLotId_1	20102900	ダンジョン人（墓掘り）鉤　ダンジョン	True	
210201081	【フロア3】 墓掘り（つるはし）　ダンジョン	itemLotId_1	20102902	ダンジョン人（墓掘り）つるはし　ダンジョン	True	
210201090	【フロア3】 墓掘り（鉤）　ダンジョン＿巡回	itemLotId_1	20102900	ダンジョン人（墓掘り）鉤　ダンジョン	True	
210201091	【フロア3】 墓掘り（つるはし）　ダンジョン＿巡回	itemLotId_1	20102902	ダンジョン人（墓掘り）つるはし　ダンジョン	True	
210201092	【フロア3】 墓掘り（銃）＿巡回	itemLotId_1	20102904	ダンジョン人（墓掘り）銃　ダンジョン	True	
210201108	【フロア3】 墓掘り（鉤）　医者　ダンジョン	itemLotId_1	20102970	ダンジョン人（墓掘り）鉤　ダンジョン 医者	True	
210201109	【フロア3】 墓掘り（鉤）　儀式　ダンジョン	itemLotId_1	20102980	ダンジョン人（墓掘り）鉤　ダンジョン 儀式	True	
210201128	【フロア3】 墓掘り（つるはし）　医者　ダンジョン	itemLotId_1	20102972	ダンジョン人（墓掘り）つるはし　ダンジョン　医師	True	
210201200	【フロア3】 墓掘り（銃）	itemLotId_1	2909800	プレゼンダンジョン敵ドロップ	True	
210201210	【フロア3】 墓掘り（鉤）　ダンジョン	itemLotId_1	2909800	プレゼンダンジョン敵ドロップ	True	
210201220	【フロア3】 墓掘り（つるはし）　ダンジョン	itemLotId_1	2909800	プレゼンダンジョン敵ドロップ	True	
210202080	【フロア3】 人さらい　ダンジョン	itemLotId_1	20202900	人さらい　ダンジョン	True	
210204080	【フロア3】 操り骸　ダンジョン	itemLotId_1	20402900	操り骸　ダンジョン　不死敵	True	
210205080	【フロア3】 狂気の悪霊　ダンジョン	itemLotId_1	20502900	狂気の悪霊　ダンジョン	True	
210205290	狂気の悪霊　SAN値　ダンジョン	itemLotId_1	205290		False	
210208080	【フロア3】 月明かりのゴースト 杖あり　ダンジョン	itemLotId_1	20802900	月明かりのゴースト　ダンジョン	True	52902200
210208090	【フロア3】 月明かりのゴースト 杖なし　ダンジョン	itemLotId_1	20802900	月明かりのゴースト　ダンジョン	True	52902200
210209095	【フロア3】 血に渇いた獣　ザコ扱い　ダンジョン	itemLotId_1	20905000	血に渇いた獣　ザコ扱い	True	
210210080	【フロア3】 アイコレクター ダンジョン	itemLotId_1	21002900	アイコレクター　ダンジョン	True	
210210180	【フロア3】 アイコレクター　牢番ババア　 ダンジョン	itemLotId_1	21002902	アイコレクター　ダンジョン	True	
210211080	【フロア3】 蜘蛛のクトゥルフ　ダンジョン	itemLotId_1	21102900	蜘蛛のクトゥルフ　ダンジョン	True	
210212080	【フロア3】 闇の旅団　剣　ダンジョン	itemLotId_1	21202900	闇の旅団　剣　ダンジョン	True	
210212081	【フロア3】 闇の旅団　剣・蝋燭　ダンジョン	itemLotId_1	21202902	闇の旅団　剣・蝋燭　ダンジョン	True	
210212082	【フロア3】 闇の旅団　オーブ・鎚　ダンジョン	itemLotId_1	21202904	闇の旅団　オーブ・鎚　ダンジョン	True	
210213000	【フロア3】 血舐め（血袋小）　ダンジョン	itemLotId_1	21302900	血舐め　ダンジョン	True	
210213010	【フロア3】 血舐め（血袋中）　ダンジョン	itemLotId_1	21302900	血舐め　ダンジョン	True	
210213020	【フロア3】 血舐め（血袋大）　ダンジョン	itemLotId_1	21302900	血舐め　ダンジョン	True	
210213030	【フロア3】 血舐め（血袋特大）　ダンジョン	itemLotId_1	21302900	血舐め　ダンジョン	True	
210216000	【フロア3】 滅びの炎の眷属　ダンジョン	itemLotId_1	21602900	滅びの炎の眷属　ダンジョン	True	
210216001	【フロア3】 滅びの炎の眷属　（帽子なし）　ダンジョン	itemLotId_1	21602900	滅びの炎の眷属　ダンジョン	True	
210218000	【フロア3】 銀の獣の眷属　ダンジョン	itemLotId_1	21802900	銀の獣の眷属　ダンジョン	True	
210218010	【フロア3】 銀の獣の眷属　寄生虫　ダンジョン	itemLotId_1	21802900	銀の獣の眷属　ダンジョン	True	
210219000	【フロア3】 寄生虫　ダンジョン	itemLotId_1	21902900	銀の獣の眷属　寄生虫　ダンジョン	True	
210250080	【フロア3】 月からの使者　触手なし　ダンジョン	itemLotId_1	25002900	月からの使者　ダンジョン	True	
210250081	【フロア3】 月からの使者　触手あり　ダンジョン	itemLotId_1	25002902	月からの使者　触手あり　ダンジョン	True	
210250203	【フロア3】 月からの使者　コズミック属性透明化	itemLotId_1	25002910	月からの使者　ダンジョン　宇宙	True	
210250204	【フロア3】 月からの使者　コズミック属性弾丸変化	itemLotId_1	25002910	月からの使者　ダンジョン　宇宙	True	
210250205	【フロア3】 月からの使者　触手あり　コズミック属性化　ダンジョン	itemLotId_1	25002912	月からの使者　触手あり　ダンジョン　宇宙	True	
210250206	【フロア3】 月からの使者　触手あり　コズミック属性弾丸変化　ダンジョン	itemLotId_1	25002912	月からの使者　触手あり　ダンジョン　宇宙	True	
210252080	【フロア3】 月の幼生　ダンジョン	itemLotId_1	25202900	月の幼生　ダンジョン	True	
210252081	【フロア3】 月の幼生　天井待機　ダンジョン	itemLotId_1	25202900	月の幼生　ダンジョン	True	
210253030	【フロア3】 星の花　（頭部のみ）　ダンジョン	itemLotId_1	25302900	星の花　ダンジョン	True	
210253104	【フロア3】 星の花　コズミック属性弾丸変化　ダンジョン	itemLotId_1	25302910	星の花　ダンジョン　宇宙	True	
210300000	【フロア3】 ダンジョン人（司祭）　固定砲台　ダンジョン	itemLotId_1	30002900	ダンジョン人（司祭）　ダンジョン	True	
210300001	【フロア3】 ダンジョン人（司祭）・立っている	itemLotId_1	30002900	ダンジョン人（司祭）　ダンジョン	True	
210300002	【フロア3】 ダンジョン人（司祭）　周囲強化タイプ　ダンジョン	itemLotId_1	30002905	ダンジョン人（司祭）　ダンジョン 格闘タイプ	True	
210300010	【フロア3】 ダンジョン人（司祭）　固定砲台　ダンジョン_ダンジョン用砲台	itemLotId_1	30002900	ダンジョン人（司祭）　ダンジョン	True	
210300104	【フロア3】 ダンジョン人（司祭）　固定砲台　コズミック属性弾丸変化　ダンジョン	itemLotId_1	30002920	ダンジョン人（司祭）　ダンジョン　宇宙	True	
210300124	【フロア3】 ダンジョン人（司祭）・立っている　コズミック属性弾丸変化	itemLotId_1	30002920	ダンジョン人（司祭）　ダンジョン　宇宙	True	
210300144	【フロア3】 ダンジョン人（司祭）　固定砲台　ダンジョン_ダンジョン用砲台　コズミック属性弾丸変化	itemLotId_1	30002920	ダンジョン人（司祭）　ダンジョン　宇宙	True	
210301000	【フロア3】 ダンジョン人（奴隷）　裸　剣　ダンジョン	itemLotId_1	30102900	ダンジョン人（奴隷）剣鉈　ダンジョン	True	
210301001	【フロア3】 ダンジョン人（奴隷）（裸・剣_素手投擲）	itemLotId_1	30102900	ダンジョン人（奴隷）剣鉈　ダンジョン	True	
210301005	【フロア3】 ダンジョン人（奴隷）　裸　剣　ステルス投げナイフ　ダンジョン	itemLotId_1	30102910	ダンジョン人（奴隷）剣鉈　ダンジョン　ステルス投げナイフ	True	
210301009	【フロア3】 ダンジョン人（奴隷）　裸　素手　無気力　ダンジョン	itemLotId_1	30102920	ダンジョン人（奴隷）剣鉈　ダンジョン　無気力	True	
210301010	【フロア3】 ダンジョン人（奴隷）　裸　鉈　ダンジョン	itemLotId_1	30102900	ダンジョン人（奴隷）剣鉈　ダンジョン	True	
210301011	【フロア3】 ダンジョン人（奴隷）　裸　鉈　投擲　ダンジョン	itemLotId_1	30102930	ダンジョン人（奴隷）鉈投擲　ダンジョン	True	
210301020	【フロア3】 ダンジョン人（奴隷）（白服・ランタン_剣）	itemLotId_1	30102902	ダンジョン人（奴隷）ランタン　ダンジョン	True	
210301030	【フロア3】 ダンジョン人（奴隷）　白服　鉈　ランタン　ダンジョン	itemLotId_1	30102902	ダンジョン人（奴隷）ランタン　ダンジョン	True	
210301040	【フロア3】 ダンジョン人（奴隷）　黒服　双斧　ダンジョン	itemLotId_1	30102906	ダンジョン人（奴隷）斧・斧　ダンジョン	True	
210301050	【フロア3】 ダンジョン人（奴隷）　黒服　ポールウェポン　ダンジョン	itemLotId_1	30102904	ダンジョン人（奴隷）斧ポール　ダンジョン	True	
210301060	【フロア3】 ダンジョン人（奴隷）　黒服　剣　ダンジョン	itemLotId_1	30102908	ダンジョン人（奴隷）剣・着衣　ダンジョン	True	
210301070	【フロア3】 ダンジョン人（奴隷）　裸　双剣　強い奴隷　ダンジョン	itemLotId_1	30102970	ダンジョン人（奴隷）剣鉈　ダンジョン　強奴隷	True	
210301107	【フロア3】 ダンジョン人（奴隷）　裸　剣　ダンジョン　戦士	itemLotId_1	30102960	ダンジョン人（奴隷）剣鉈　ダンジョン　戦士	True	
210301109	【フロア3】 ダンジョン人（奴隷）　裸　剣　ダンジョン　儀式	itemLotId_1	30102980	ダンジョン人（奴隷）剣鉈　ダンジョン　儀式	True	
210301127	【フロア3】 ダンジョン人（奴隷）（裸・剣_素手投擲）　戦士	itemLotId_1	30102960	ダンジョン人（奴隷）剣鉈　ダンジョン　戦士	True	
210301129	【フロア3】 ダンジョン人（奴隷）（裸・剣_素手投擲）　儀式	itemLotId_1	30102980	ダンジョン人（奴隷）剣鉈　ダンジョン　儀式	True	
210301147	【フロア3】 ダンジョン人（奴隷）　裸　鉈　戦士　ダンジョン	itemLotId_1	30102960	ダンジョン人（奴隷）剣鉈　ダンジョン　戦士	True	
210301149	【フロア3】 ダンジョン人（奴隷）　裸　鉈　儀式　ダンジョン	itemLotId_1	30102980	ダンジョン人（奴隷）剣鉈　ダンジョン　儀式	True	
210301167	【フロア3】 ダンジョン人（奴隷）　裸　鉈　投擲　戦士　ダンジョン	itemLotId_1	30102930	ダンジョン人（奴隷）鉈投擲　ダンジョン	True	
210301169	【フロア3】 ダンジョン人（奴隷）　裸　鉈　投擲　儀式　ダンジョン	itemLotId_1	30102930	ダンジョン人（奴隷）鉈投擲　ダンジョン	True	
210301187	【フロア3】 ダンジョン人（奴隷）（白服・ランタン_剣）　戦士	itemLotId_1	30102962	ダンジョン人（奴隷）ランタン　ダンジョン　戦士	True	
210301189	【フロア3】 ダンジョン人（奴隷）（白服・ランタン_剣）　儀式	itemLotId_1	30102982	ダンジョン人（奴隷）ランタン　ダンジョン　儀式	True	
210301207	【フロア3】 ダンジョン人（奴隷）　白服　鉈　ランタン　戦士　ダンジョン	itemLotId_1	30102962	ダンジョン人（奴隷）ランタン　ダンジョン　戦士	True	
210301209	【フロア3】 ダンジョン人（奴隷）　白服　鉈　ランタン　儀式　ダンジョン	itemLotId_1	30102982	ダンジョン人（奴隷）ランタン　ダンジョン　儀式	True	
210301227	【フロア3】 ダンジョン人（奴隷）　黒服　双斧　戦士　ダンジョン	itemLotId_1	30102966	ダンジョン人（奴隷）斧・斧　ダンジョン　戦士	True	
210301229	【フロア3】 ダンジョン人（奴隷）　黒服　双斧　儀式　ダンジョン	itemLotId_1	30102986	ダンジョン人（奴隷）斧・斧　ダンジョン　儀式	True	
210301247	【フロア3】 ダンジョン人（奴隷）　黒服　ポールウェポン　戦士　ダンジョン	itemLotId_1	30102964	ダンジョン人（奴隷）斧ポール　ダンジョン　戦士	True	
210301249	【フロア3】 ダンジョン人（奴隷）　黒服　ポールウェポン　儀式　ダンジョン	itemLotId_1	30102984	ダンジョン人（奴隷）斧ポール　ダンジョン　儀式	True	
210301267	【フロア3】 ダンジョン人（奴隷）　黒服　剣　戦士　ダンジョン	itemLotId_1	30102968	ダンジョン人（奴隷）剣・着衣　ダンジョン　戦士	True	
210301269	【フロア3】 ダンジョン人（奴隷）　黒服　剣　儀式　ダンジョン	itemLotId_1	30102988	ダンジョン人（奴隷）剣・着衣　ダンジョン　儀式	True	
210301329	【フロア3】 ダンジョン人（奴隷）　白服　双斧　儀式　ダンジョン	itemLotId_1	30102986	ダンジョン人（奴隷）斧・斧　ダンジョン　儀式	True	
210301349	【フロア3】 ダンジョン人（奴隷）　白服　ポールウェポン　儀式　ダンジョン	itemLotId_1	30102984	ダンジョン人（奴隷）斧ポール　ダンジョン　儀式	True	
210301800	【フロア3】 ダンジョン人（奴隷）　裸　剣　ダンジョン	itemLotId_1	2909800	プレゼンダンジョン敵ドロップ	True	
210301810	【フロア3】 ダンジョン人（奴隷）　裸　鉈　ダンジョン	itemLotId_1	2909800	プレゼンダンジョン敵ドロップ	True	
210301840	【フロア3】 ダンジョン人（奴隷）　黒服　双斧　ダンジョン	itemLotId_1	2909800	プレゼンダンジョン敵ドロップ	True	
210301850	【フロア3】 ダンジョン人（奴隷）　黒服　ポールウェポン　ダンジョン	itemLotId_1	2909800	プレゼンダンジョン敵ドロップ	True	
210301860	【フロア3】 ダンジョン人（奴隷）　黒服　剣　ダンジョン	itemLotId_1	2909800	プレゼンダンジョン敵ドロップ	True	
210302000	【フロア3】 ダンジョン人（番人）　剣盾　ダンジョン	itemLotId_1	30202900	ダンジョン人（番人）　ダンジョン	True	
210302010	【フロア3】 ダンジョン人（番人）　モーニングスター　ダンジョン	itemLotId_1	30202900	ダンジョン人（番人）　ダンジョン	True	
210302020	【フロア3】 ダンジョン人（番人）　剣クロスボウ　ダンジョン	itemLotId_1	30202902	ダンジョン人（番人）　クロスボウ　ダンジョン	True	
210302030	【フロア3】 ダンジョン人（番人）　特大剣　ダンジョン	itemLotId_1	30202900	ダンジョン人（番人）　ダンジョン	True	
210302108	【フロア3】 ダンジョン人（番人）　剣盾　医者　ダンジョン	itemLotId_1	30202970	ダンジョン人（番人）　ダンジョン　医者	True	
210302109	【フロア3】 ダンジョン人（番人）　剣盾　儀式　ダンジョン	itemLotId_1	30202980	ダンジョン人（番人）　ダンジョン　儀式	True	
210302128	【フロア3】 ダンジョン人（番人）　モーニングスター　医者　ダンジョン	itemLotId_1	30202970	ダンジョン人（番人）　ダンジョン　医者	True	
210302148	【フロア3】 ダンジョン人（番人）　剣クロスボウ　医者　ダンジョン	itemLotId_1	30202982	ダンジョン人（番人）　クロスボウ　ダンジョン　儀式	True	
210302168	【フロア3】 ダンジョン人（番人）　特大剣　医者　ダンジョン	itemLotId_1	30202970	ダンジョン人（番人）　ダンジョン　医者	True	
210302169	【フロア3】 ダンジョン人（番人）　特大剣　儀式　ダンジョン	itemLotId_1	30202980	ダンジョン人（番人）　ダンジョン　儀式	True	
210303000	【フロア3】 ダンジョン人（狂人）　片手鎌　ダンジョン	itemLotId_1	30302900	ダンジョン人（狂人）　ダンジョン	True	
210303001	【フロア3】 ダンジョン人（狂人）　片手折れた大剣　ダンジョン	itemLotId_1	30302900	ダンジョン人（狂人）　ダンジョン	True	
210303010	【フロア3】 ダンジョン人（狂人）　死体持ち　ダンジョン	itemLotId_1	30302902	ダンジョン人（狂人）　死体持ち　ダンジョン	True	
210303020	【フロア3】 ダンジョン人（狂人）　二刀鎌　ダンジョン	itemLotId_1	30302900	ダンジョン人（狂人）　ダンジョン	True	
210303102	【フロア3】 ダンジョン人（狂人）　片手鎌　嵐属性　ダンジョン	itemLotId_1	30302910	ダンジョン人（狂人）　ダンジョン　嵐	True	
210303109	【フロア3】 ダンジョン人（狂人）　片手鎌　儀式　ダンジョン	itemLotId_1	30302980	ダンジョン人（狂人）　ダンジョン　儀式	True	
210303122	【フロア3】 ダンジョン人（狂人）　片手折れた大剣　嵐属性　ダンジョン	itemLotId_1	30302910	ダンジョン人（狂人）　ダンジョン　嵐	True	
210303129	【フロア3】 ダンジョン人（狂人）　片手折れた大剣　儀式　ダンジョン	itemLotId_1	30302980	ダンジョン人（狂人）　ダンジョン　儀式	True	
210303142	【フロア3】 ダンジョン人（狂人）　死体持ち　嵐属性　ダンジョン	itemLotId_1	30302912	ダンジョン人（狂人）　死体持ち　ダンジョン　嵐	True	
210303162	【フロア3】 ダンジョン人（狂人）　二刀鎌　嵐属性　ダンジョン	itemLotId_1	30302910	ダンジョン人（狂人）　ダンジョン　嵐	True	
210303169	【フロア3】 ダンジョン人（狂人）　二刀鎌　儀式　ダンジョン	itemLotId_1	30302980	ダンジョン人（狂人）　ダンジョン　儀式	True	
210304000	【フロア3】 ダンジョン人（デブ）　ナタ　ダンジョン	itemLotId_1	30402900	ダンジョン人（デブ）　ダンジョン	True	
210304010	【フロア3】 ダンジョン人（デブ）　赤熱ナタ　ダンジョン	itemLotId_1	30402900	ダンジョン人（デブ）　ダンジョン	True	
210304020	【フロア3】 ダンジョン人（デブ）　ナタ　ショットガン　ダンジョン	itemLotId_1	30402902	ダンジョン人（デブ）　銃　ダンジョン	True	
210304040	【フロア3】 ダンジョン人（デブ）　ノコギリ　ダンジョン	itemLotId_1	30402900	ダンジョン人（デブ）　ダンジョン	True	
210304050	【フロア3】 ダンジョン人（デブ）　裸　両手鉄球　ダンジョン	itemLotId_1	30402904	ダンジョン人（デブ）　鉄球　ダンジョン	True	
210304051	【フロア3】 ダンジョン人（デブ）（鉄球両手・紳士）	itemLotId_1	30402904	ダンジョン人（デブ）　鉄球　ダンジョン	True	
210304108	【フロア3】 ダンジョン人（デブ）　ナタ　ダンジョン　医者	itemLotId_1	30402970	ダンジョン人（デブ）　ダンジョン　医者	True	
210304128	【フロア3】 ダンジョン人（デブ）　赤熱ナタ　ダンジョン　医者	itemLotId_1	30402970	ダンジョン人（デブ）　ダンジョン　医者	True	
210304148	【フロア3】 ダンジョン人（デブ）　ナタ　ショットガン　ダンジョン　医者	itemLotId_1	30402972	ダンジョン人（デブ）　銃　ダンジョン　医者	True	
210304168	【フロア3】 ダンジョン人（デブ）　ノコギリ　ダンジョン　医者	itemLotId_1	30402970	ダンジョン人（デブ）　ダンジョン　医者	True	
210304188	【フロア3】 ダンジョン人（デブ）　裸　両手鉄球　ダンジョン　医者	itemLotId_1	30402974	ダンジョン人（デブ）　鉄球　ダンジョン　医者	True	
210304208	【フロア3】 ダンジョン人（デブ）（鉄球両手・紳士）　医者	itemLotId_1	30402974	ダンジョン人（デブ）　鉄球　ダンジョン　医者	True	
210305005	【フロア3】 ダンジョン人（ロード）　双剣　ザコ扱い　ダンジョン	itemLotId_1	30505000	ダンジョン人（ロード)　双剣　ザコ扱い	True	
210305015	【フロア3】 ダンジョン人（ロード）　杖　ザコ扱い　ダンジョン	itemLotId_1	30515000	ダンジョン人（ロード)　杖　ザコ扱い	True	
210310080	【フロア3】 ミミック　ダンジョン	itemLotId_1	31002900	ミミック　ダンジョン	True	
210310081	【フロア3】 ミミック　遠距離　ダンジョン	itemLotId_1	31002902	ミミック　遠距離タイプ　ダンジョン	True	
210312000	【フロア3】 悪霊（女）　ダンジョン	itemLotId_1	31202900	悪霊（女）　ダンジョン	True	
210312010	【フロア3】 悪霊（女）　ストーカー　ダンジョン	itemLotId_1	31202900	悪霊（女）　ダンジョン	True	
210312011	【フロア3】 悪霊（女）　ストーカー　宝箱から出現　ダンジョン	itemLotId_1	31202900	悪霊（女）　ダンジョン	True	
210313000	【フロア3】 フレッシュゴーレム（先端剣＋肘剣）　弱点なし　ダンジョン	itemLotId_1	31302900	フレッシュゴーレム　ダンジョン	True	
210313001	【フロア3】 フレッシュゴーレム（先端剣＋肘剣）　弱点左ひざ横　ダンジョン	itemLotId_1	31302900	フレッシュゴーレム　ダンジョン	True	
210313002	【フロア3】 フレッシュゴーレム（先端剣＋肘剣）　弱点おしり　ダンジョン	itemLotId_1	31302900	フレッシュゴーレム　ダンジョン	True	
210313010	【フロア3】 フレッシュゴーレム（斧＋大砲）　弱点なし　ダンジョン	itemLotId_1	31302910	フレッシュゴーレム　大砲　ダンジョン	True	
210313011	【フロア3】 フレッシュゴーレム（斧＋大砲）　弱点左ひざ横　ダンジョン	itemLotId_1	31302910	フレッシュゴーレム　大砲　ダンジョン	True	
210313012	【フロア3】 フレッシュゴーレム（斧＋大砲）　弱点正面　ダンジョン	itemLotId_1	31302910	フレッシュゴーレム　大砲　ダンジョン	True	
210313020	【フロア3】 フレッシュゴーレム（肉塊＋鉤）　弱点なし　ダンジョン	itemLotId_1	31302900	フレッシュゴーレム　ダンジョン	True	
210313021	【フロア3】 フレッシュゴーレム（肉塊＋鉤）　弱点左ひざ横　ダンジョン	itemLotId_1	31302900	フレッシュゴーレム　ダンジョン	True	
210313022	【フロア3】 フレッシュゴーレム（肉塊＋鉤）　弱点おしり　ダンジョン	itemLotId_1	31302900	フレッシュゴーレム　ダンジョン	True	
210313109	【フロア3】 フレッシュゴーレム（先端剣＋肘剣）　弱点なし　炎エンチャント　ダンジョン	itemLotId_1	31302980	フレッシュゴーレム　ダンジョン　儀式	True	
210313129	【フロア3】 フレッシュゴーレム（先端剣＋肘剣）　弱点左ひざ横　炎エンチャント　ダンジョン	itemLotId_1	31302980	フレッシュゴーレム　ダンジョン　儀式	True	
210313149	【フロア3】 フレッシュゴーレム（先端剣＋肘剣）　弱点おしり　炎エンチャント　ダンジョン	itemLotId_1	31302980	フレッシュゴーレム　ダンジョン　儀式	True	
210313200	【フロア3】 フレッシュゴーレム（先端剣＋肘剣）　弱点左ひざ横　炎エンチャント　ダンジョン	itemLotId_1	2909800	プレゼンダンジョン敵ドロップ	True	
210501005	【フロア3】 炎の獣　ザコ扱い　ダンジョン	itemLotId_1	50105000	炎の獣　ザコ扱い	True	
210501200	【フロア3】 炎の獣　【Boss】　ダンジョンボス　ダンジョン	itemLotId_1	2909800	プレゼンダンジョン敵ドロップ	True	
210504005	【フロア3】 嵐の獣　ザコ扱い　ダンジョン	itemLotId_1	50405000	嵐の獣　ザコ扱い	True	
210509005	【フロア3】 始祖ビースト　ザコ扱い　ダンジョン	itemLotId_1	50905000	始祖ビースト　ザコ扱い	True	
210750080	【フロア3】 敵アバター　ダンジョン	itemLotId_1	75002900	敵アバター　ダンジョン	True	
219304000	ダンジョン人（デブ）　ナタ　ダンジョン	itemLotId_1	30405000	ダンジョン人（デブ）　ダンジョン　A1	True	
219304010	ダンジョン人（デブ）　赤熱ナタ　ダンジョン	itemLotId_1	30405000	ダンジョン人（デブ）　ダンジョン　A1	True	
219304020	ダンジョン人（デブ）　ナタ　ショットガン　ダンジョン	itemLotId_1	30405000	ダンジョン人（デブ）　ダンジョン　A1	True	
219304040	ダンジョン人（デブ）　ノコギリ　ダンジョン	itemLotId_1	30405000	ダンジョン人（デブ）　ダンジョン　A1	True	
219304050	ダンジョン人（デブ）　裸　両手鉄球　ダンジョン	itemLotId_1	30405000	ダンジョン人（デブ）　ダンジョン　A1	True	
219304051	ダンジョン人（デブ）（鉄球両手・紳士）	itemLotId_1	30405000	ダンジョン人（デブ）　ダンジョン　A1	True	
219304108	ダンジョン人（デブ）　ナタ　医者　ダンジョン	itemLotId_1	30405000	ダンジョン人（デブ）　ダンジョン　A1	True	
219304128	ダンジョン人（デブ）　赤熱ナタ　医者　ダンジョン	itemLotId_1	30405000	ダンジョン人（デブ）　ダンジョン　A1	True	
219304148	ダンジョン人（デブ）　ナタ　ショットガン　医者　ダンジョン	itemLotId_1	30405000	ダンジョン人（デブ）　ダンジョン　A1	True	
219304168	ダンジョン人（デブ）　ノコギリ　医者　ダンジョン	itemLotId_1	30405000	ダンジョン人（デブ）　ダンジョン　A1	True	
219304188	ダンジョン人（デブ）　裸　両手鉄球　医者　ダンジョン	itemLotId_1	30405000	ダンジョン人（デブ）　ダンジョン　A1	True	
219304208	ダンジョン人（デブ）（鉄球両手・紳士）　医者	itemLotId_1	30405000	ダンジョン人（デブ）　ダンジョン　A1	True	
220110080	【フロア3】 下水ネズミ　ダンジョン	itemLotId_1	11002900	下水ネズミ　ダンジョン	True	
220110081	【フロア3】 下水ネズミ　膿付き　ダンジョン	itemLotId_1	11002902	下水ネズミ　膿み付き　ダンジョン	True	
220111080	【フロア3】 死と闇の眷属　首あり　ダンジョン	itemLotId_1	11102900	死と闇の眷属（クモ）　首あり　ダンジョン	True	
220111085	【フロア3】 死と闇の眷属　首なし　ダンジョン	itemLotId_1	11102904	死と闇の眷属（クモ）　首なし（ジェネレート）　ダンジョン	True	
220111090	死と闇の眷属　首あり　生成　ダンジョン	itemLotId_1	11102902	死と闇の眷属（クモ）　首なし　ダンジョン	True	
220111091	死と闇の眷属_ジェネレート（変速前移動）　ダンジョン	itemLotId_1	11102902	死と闇の眷属（クモ）　首なし　ダンジョン	True	
220111095	死と闇の眷属　首なし　生成　ダンジョン	itemLotId_1	11102902	死と闇の眷属（クモ）　首なし　ダンジョン	True	
220111096	死と闇の眷属_ジェネレート（変速前移動）　首なし　ダンジョン	itemLotId_1	11102902	死と闇の眷属（クモ）　首なし　ダンジョン	True	
220114080	【フロア3】 狂信者の獣　ダンジョン	itemLotId_1	11402900	狂信者の獣　ダンジョン	True	
220121080	【フロア3】 墓守サソリ　子なし　小はさみ　ダンジョン	itemLotId_1	12102900	墓守サソリ　ダンジョン	True	
220121081	【フロア3】 墓守サソリ　子なし　大はさみ　ダンジョン	itemLotId_1	12102900	墓守サソリ　ダンジョン	True	
220121090	【フロア3】 墓守サソリ　子あり　小はさみ　ダンジョン	itemLotId_1	12102902	墓守サソリ　子持ち　ダンジョン	True	
220121091	【フロア3】 墓守サソリ　子あり　大はさみ　ダンジョン	itemLotId_1	12102902	墓守サソリ　子持ち　ダンジョン	True	
220124090	【フロア3】 狂犬　ダンジョン	itemLotId_1	12402900	狂犬　ダンジョン	True	
220125000	【フロア3】 蛇玉（子）　1本だけ太い　ダンジョン	itemLotId_1	12502900	蛇玉（子）　ダンジョン	True	
220125010	【フロア3】 蛇玉（子）　毒霧　ダンジョン	itemLotId_1	12502900	蛇玉（子）　ダンジョン	True	
220126000	【フロア3】 蛇玉（子）・小　1本だけ太い　ダンジョン	itemLotId_1	12602900	蛇玉（子）小　ダンジョン	True	
220127000	【フロア3】 吸血豚　ダンジョン	itemLotId_1	12702900	吸血豚　ダンジョン	True	
220130000	【フロア3】 死と闇の眷属（大）　ダンジョン	itemLotId_1	13002900	死と闇の眷属（大）　ダンジョン	True	
220140000	【フロア3】 白痴の蜘蛛（子）　ダンジョン	itemLotId_1	14002900	白痴の蜘蛛（子）　ダンジョン	True	
220201080	【フロア3】 墓掘り（鉤）　ダンジョン	itemLotId_1	20102900	ダンジョン人（墓掘り）鉤　ダンジョン	True	
220201081	【フロア3】 墓掘り（つるはし）　ダンジョン	itemLotId_1	20102902	ダンジョン人（墓掘り）つるはし　ダンジョン	True	
220253030	【フロア3】 星の花　（頭部のみ）　ダンジョン	itemLotId_1	25302900	星の花　ダンジョン	True	
220253104	【フロア3】 星の花　コズミック属性弾丸変化　ダンジョン	itemLotId_1	25302910	星の花　ダンジョン　宇宙	True	
220300000	【フロア3】 ダンジョン人（司祭）　固定砲台　ダンジョン	itemLotId_1	30002900	ダンジョン人（司祭）　ダンジョン	True	
220300001	【フロア3】 ダンジョン人（司祭）・立っている	itemLotId_1	30002900	ダンジョン人（司祭）　ダンジョン	True	
220300010	【フロア3】 ダンジョン人（司祭）　固定砲台　ダンジョン_ダンジョン用砲台	itemLotId_1	30002900	ダンジョン人（司祭）　ダンジョン	True	
220301000	【フロア3】 ダンジョン人（奴隷）　裸　剣　ダンジョン	itemLotId_1	30102900	ダンジョン人（奴隷）剣鉈　ダンジョン	True	
220301001	【フロア3】 ダンジョン人（奴隷）（裸・剣_素手投擲）	itemLotId_1	30102900	ダンジョン人（奴隷）剣鉈　ダンジョン	True	
220301005	【フロア3】 ダンジョン人（奴隷）　裸　剣　ステルス投げナイフ　ダンジョン	itemLotId_1	30102900	ダンジョン人（奴隷）剣鉈　ダンジョン	True	
220301010	【フロア3】 ダンジョン人（奴隷）　裸　鉈　ダンジョン	itemLotId_1	30102900	ダンジョン人（奴隷）剣鉈　ダンジョン	True	
220301011	【フロア3】 ダンジョン人（奴隷）　裸　鉈　投擲　ダンジョン	itemLotId_1	30102930	ダンジョン人（奴隷）鉈投擲　ダンジョン	True	
220301020	【フロア3】 ダンジョン人（奴隷）（白服・ランタン_剣）	itemLotId_1	30102902	ダンジョン人（奴隷）ランタン　ダンジョン	True	
220301030	【フロア3】 ダンジョン人（奴隷）　白服　鉈　ランタン　ダンジョン	itemLotId_1	30102902	ダンジョン人（奴隷）ランタン　ダンジョン	True	
220301040	【フロア3】 ダンジョン人（奴隷）　黒服　双斧　ダンジョン	itemLotId_1	30102906	ダンジョン人（奴隷）斧・斧　ダンジョン	True	
220301050	【フロア3】 ダンジョン人（奴隷）　黒服　ポールウェポン　ダンジョン	itemLotId_1	30102904	ダンジョン人（奴隷）斧ポール　ダンジョン	True	
220301060	【フロア3】 ダンジョン人（奴隷）　黒服　剣　ダンジョン	itemLotId_1	30102908	ダンジョン人（奴隷）剣・着衣　ダンジョン	True	
220302000	【フロア3】 ダンジョン人（番人）　剣盾　ダンジョン	itemLotId_1	30202900	ダンジョン人（番人）　ダンジョン	True	
220302010	【フロア3】 ダンジョン人（番人）　モーニングスター　ダンジョン	itemLotId_1	30202900	ダンジョン人（番人）　ダンジョン	True	
220302020	【フロア3】 ダンジョン人（番人）　剣クロスボウ　ダンジョン	itemLotId_1	30202902	ダンジョン人（番人）　クロスボウ　ダンジョン	True	
220302030	【フロア3】 ダンジョン人（番人）　特大剣　ダンジョン	itemLotId_1	30202900	ダンジョン人（番人）　ダンジョン	True	
220303000	【フロア3】 ダンジョン人（狂人）　片手鎌　ダンジョン	itemLotId_1	30302900	ダンジョン人（狂人）　ダンジョン	True	
220303001	【フロア3】 ダンジョン人（狂人）　片手折れた大剣　ダンジョン	itemLotId_1	30302900	ダンジョン人（狂人）　ダンジョン	True	
220303010	【フロア3】 ダンジョン人（狂人）　死体持ち　ダンジョン	itemLotId_1	30302902	ダンジョン人（狂人）　死体持ち　ダンジョン	True	
220303020	【フロア3】 ダンジョン人（狂人）　二刀鎌　ダンジョン	itemLotId_1	30302900	ダンジョン人（狂人）　ダンジョン	True	
220304000	【フロア3】 ダンジョン人（デブ）　ナタ　ダンジョン	itemLotId_1	30402900	ダンジョン人（デブ）　ダンジョン	True	
220304010	【フロア3】 ダンジョン人（デブ）　赤熱ナタ　ダンジョン	itemLotId_1	30402900	ダンジョン人（デブ）　ダンジョン	True	
220304020	【フロア3】 ダンジョン人（デブ）　ナタ　ショットガン　ダンジョン	itemLotId_1	30402902	ダンジョン人（デブ）　銃　ダンジョン	True	
220304040	【フロア3】 ダンジョン人（デブ）　ノコギリ　ダンジョン	itemLotId_1	30402900	ダンジョン人（デブ）　ダンジョン	True	
220304050	【フロア3】 ダンジョン人（デブ）　裸　両手鉄球　ダンジョン	itemLotId_1	30402904	ダンジョン人（デブ）　鉄球　ダンジョン	True	
220304051	【フロア3】 ダンジョン人（デブ）（鉄球両手・紳士）	itemLotId_1	30402904	ダンジョン人（デブ）　鉄球　ダンジョン	True	
220313000	【フロア3】 フレッシュゴーレム（先端剣＋肘剣）　弱点なし　ダンジョン	itemLotId_1	31302900	フレッシュゴーレム　ダンジョン	True	
220313001	【フロア3】 フレッシュゴーレム（先端剣＋肘剣）　弱点左ひざ横　ダンジョン	itemLotId_1	31302900	フレッシュゴーレム　ダンジョン	True	
220313002	【フロア3】 フレッシュゴーレム（先端剣＋肘剣）　弱点おしり　ダンジョン	itemLotId_1	31302900	フレッシュゴーレム　ダンジョン	True	
220313010	【フロア3】 フレッシュゴーレム（斧＋大砲）　弱点なし　ダンジョン	itemLotId_1	31302910	フレッシュゴーレム　大砲　ダンジョン	True	
220313011	【フロア3】 フレッシュゴーレム（斧＋大砲）　弱点左ひざ横　ダンジョン	itemLotId_1	31302910	フレッシュゴーレム　大砲　ダンジョン	True	
220313012	【フロア3】 フレッシュゴーレム（斧＋大砲）　弱点正面　ダンジョン	itemLotId_1	31302910	フレッシュゴーレム　大砲　ダンジョン	True	
220313020	【フロア3】 フレッシュゴーレム（肉塊＋鉤）　弱点なし　ダンジョン	itemLotId_1	31302900	フレッシュゴーレム　ダンジョン	True	
220313021	【フロア3】 フレッシュゴーレム（肉塊＋鉤）　弱点左ひざ横　ダンジョン	itemLotId_1	31302900	フレッシュゴーレム　ダンジョン	True	
220313022	【フロア3】 フレッシュゴーレム（肉塊＋鉤）　弱点おしり　ダンジョン	itemLotId_1	31302900	フレッシュゴーレム　ダンジョン	True	
221110080	【フロア3】 下水ネズミ　ダンジョン	itemLotId_1	11002940	下水ネズミ　ダンジョン　毒	True	
221110081	【フロア3】 下水ネズミ　膿付き　ダンジョン	itemLotId_1	11002942	下水ネズミ　膿み付き　ダンジョン　毒	True	
221111080	【フロア3】 死と闇の眷属　首あり　ダンジョン	itemLotId_1	11102940	死と闇の眷属（クモ）　首あり　ダンジョン　毒	True	
221111085	【フロア3】 死と闇の眷属　首なし　ダンジョン	itemLotId_1	11102942	死と闇の眷属（クモ）　首なし　ダンジョン　毒	True	
221111090	死と闇の眷属　首あり　生成　ダンジョン	itemLotId_1	11102902	死と闇の眷属（クモ）　首なし　ダンジョン	True	
221111091	死と闇の眷属_ジェネレート（変速前移動）　ダンジョン	itemLotId_1	11102902	死と闇の眷属（クモ）　首なし　ダンジョン	True	
221111095	死と闇の眷属　首なし　生成　ダンジョン	itemLotId_1	11102902	死と闇の眷属（クモ）　首なし　ダンジョン	True	
221111096	死と闇の眷属_ジェネレート（変速前移動）　首なし　ダンジョン	itemLotId_1	11102902	死と闇の眷属（クモ）　首なし　ダンジョン	True	
221114080	【フロア3】 狂信者の獣　ダンジョン	itemLotId_1	11402940	狂信者の獣　ダンジョン　毒	True	
221121080	【フロア3】 墓守サソリ　子なし　小はさみ　ダンジョン	itemLotId_1	12102940	墓守サソリ　ダンジョン　毒	True	
221121081	【フロア3】 墓守サソリ　子なし　大はさみ　ダンジョン	itemLotId_1	12102940	墓守サソリ　ダンジョン　毒	True	
221121090	【フロア3】 墓守サソリ　子あり　小はさみ　ダンジョン	itemLotId_1	12102942	墓守サソリ　子持ち　ダンジョン　毒	True	
221121091	【フロア3】 墓守サソリ　子あり　大はさみ　ダンジョン	itemLotId_1	12102942	墓守サソリ　子持ち　ダンジョン　毒	True	
221124090	【フロア3】 狂犬　ダンジョン	itemLotId_1	12402940	狂犬　ダンジョン　毒	True	
221125000	【フロア3】 蛇玉（子）　1本だけ太い　ダンジョン	itemLotId_1	12502940	蛇玉（子）　ダンジョン　毒	True	
221125010	【フロア3】 蛇玉（子）　毒霧　ダンジョン	itemLotId_1	12502940	蛇玉（子）　ダンジョン　毒	True	
221126000	【フロア3】 蛇玉（子）・小　1本だけ太い　ダンジョン	itemLotId_1	12602940	蛇玉（子）小　ダンジョン　毒	True	
221127000	【フロア3】 吸血豚　ダンジョン	itemLotId_1	12702940	吸血豚　ダンジョン　毒	True	
221130000	【フロア3】 死と闇の眷属（大）　ダンジョン	itemLotId_1	13002940	死と闇の眷属（大）　ダンジョン　毒	True	
221140000	【フロア3】 白痴の蜘蛛（子）　ダンジョン	itemLotId_1	14002900	白痴の蜘蛛（子）　ダンジョン	True	
221201080	【フロア3】 墓掘り（鉤）　ダンジョン	itemLotId_1	20102900	ダンジョン人（墓掘り）鉤　ダンジョン	True	
221201081	【フロア3】 墓掘り（つるはし）　ダンジョン	itemLotId_1	20102902	ダンジョン人（墓掘り）つるはし　ダンジョン	True	
221253030	【フロア3】 星の花　（頭部のみ）　ダンジョン	itemLotId_1	25302900	星の花　ダンジョン	True	
221253104	【フロア3】 星の花　コズミック属性弾丸変化　ダンジョン	itemLotId_1	25302910	星の花　ダンジョン　宇宙	True	
221301000	【フロア3】 ダンジョン人（奴隷）　裸　剣　ダンジョン　毒	itemLotId_1	30102940	ダンジョン人（奴隷）剣鉈　ダンジョン　毒	True	
221301001	【フロア3】 ダンジョン人（奴隷）（裸・剣_素手投擲）　毒	itemLotId_1	30102940	ダンジョン人（奴隷）剣鉈　ダンジョン　毒	True	
221301010	【フロア3】 ダンジョン人（奴隷）　裸　鉈　ダンジョン　毒	itemLotId_1	30102940	ダンジョン人（奴隷）剣鉈　ダンジョン　毒	True	
221301011	【フロア3】 ダンジョン人（奴隷）　裸　鉈　投擲　ダンジョン　毒	itemLotId_1	30102932	ダンジョン人（奴隷）鉈投擲　ダンジョン　毒	True	
221301020	【フロア3】 ダンジョン人（奴隷）（白服・ランタン_剣）　毒	itemLotId_1	30102942	ダンジョン人（奴隷）ランタン　ダンジョン　毒	True	
221301030	【フロア3】 ダンジョン人（奴隷）　白服　鉈　ランタン　ダンジョン　毒	itemLotId_1	30102942	ダンジョン人（奴隷）ランタン　ダンジョン　毒	True	
221301040	【フロア3】 ダンジョン人（奴隷）　黒服　双斧　ダンジョン　毒	itemLotId_1	30102946	ダンジョン人（奴隷）斧・斧　ダンジョン　毒	True	
221301050	【フロア3】 ダンジョン人（奴隷）　黒服　ポールウェポン　ダンジョン　毒	itemLotId_1	30102944	ダンジョン人（奴隷）斧ポール　ダンジョン　毒	True	
221301060	【フロア3】 ダンジョン人（奴隷）　黒服　剣　ダンジョン毒	itemLotId_1	30102948	ダンジョン人（奴隷）剣・着衣　ダンジョン　毒	True	
221302000	【フロア3】 ダンジョン人（番人）　剣盾　ダンジョン	itemLotId_1	30202900	ダンジョン人（番人）　ダンジョン	True	
221302010	【フロア3】 ダンジョン人（番人）　モーニングスター　ダンジョン	itemLotId_1	30202900	ダンジョン人（番人）　ダンジョン	True	
221302020	【フロア3】 ダンジョン人（番人）　剣クロスボウ　ダンジョン	itemLotId_1	30202902	ダンジョン人（番人）　クロスボウ　ダンジョン	True	
221302030	【フロア3】 ダンジョン人（番人）　特大剣　ダンジョン	itemLotId_1	30202900	ダンジョン人（番人）　ダンジョン	True	
221303000	【フロア3】 ダンジョン人（狂人）　片手鎌　ダンジョン	itemLotId_1	30302900	ダンジョン人（狂人）　ダンジョン	True	
221303001	【フロア3】 ダンジョン人（狂人）　片手折れた大剣　ダンジョン	itemLotId_1	30302900	ダンジョン人（狂人）　ダンジョン	True	
221303010	【フロア3】 ダンジョン人（狂人）　死体持ち　ダンジョン	itemLotId_1	30302902	ダンジョン人（狂人）　死体持ち　ダンジョン	True	
221303020	【フロア3】 ダンジョン人（狂人）　二刀鎌　ダンジョン	itemLotId_1	30302900	ダンジョン人（狂人）　ダンジョン	True	
221304000	【フロア3】 ダンジョン人（デブ）　ナタ　ダンジョン	itemLotId_1	30402900	ダンジョン人（デブ）　ダンジョン	True	
221304010	【フロア3】 ダンジョン人（デブ）　赤熱ナタ　ダンジョン	itemLotId_1	30402900	ダンジョン人（デブ）　ダンジョン	True	
221304020	【フロア3】 ダンジョン人（デブ）　ナタ　ショットガン　ダンジョン	itemLotId_1	30402902	ダンジョン人（デブ）　銃　ダンジョン	True	
221304040	【フロア3】 ダンジョン人（デブ）　ノコギリ　ダンジョン	itemLotId_1	30402900	ダンジョン人（デブ）　ダンジョン	True	
221304050	【フロア3】 ダンジョン人（デブ）　裸　両手鉄球　ダンジョン	itemLotId_1	30402904	ダンジョン人（デブ）　鉄球　ダンジョン	True	
221304051	【フロア3】 ダンジョン人（デブ）（鉄球両手・紳士）	itemLotId_1	30402904	ダンジョン人（デブ）　鉄球　ダンジョン	True	
221313000	【フロア3】 フレッシュゴーレム（先端剣＋肘剣）　弱点なし　ダンジョン	itemLotId_1	31302900	フレッシュゴーレム　ダンジョン	True	
221313001	【フロア3】 フレッシュゴーレム（先端剣＋肘剣）　弱点左ひざ横　ダンジョン	itemLotId_1	31302900	フレッシュゴーレム　ダンジョン	True	
221313002	【フロア3】 フレッシュゴーレム（先端剣＋肘剣）　弱点おしり　ダンジョン	itemLotId_1	31302900	フレッシュゴーレム　ダンジョン	True	
221313010	【フロア3】 フレッシュゴーレム（斧＋大砲）　弱点なし　ダンジョン	itemLotId_1	31302910	フレッシュゴーレム　大砲　ダンジョン	True	
221313011	【フロア3】 フレッシュゴーレム（斧＋大砲）　弱点左ひざ横　ダンジョン	itemLotId_1	31302910	フレッシュゴーレム　大砲　ダンジョン	True	
221313012	【フロア3】 フレッシュゴーレム（斧＋大砲）　弱点正面　ダンジョン	itemLotId_1	31302910	フレッシュゴーレム　大砲　ダンジョン	True	
221313020	【フロア3】 フレッシュゴーレム（肉塊＋鉤）　弱点なし　ダンジョン	itemLotId_1	31302900	フレッシュゴーレム　ダンジョン	True	
221313021	【フロア3】 フレッシュゴーレム（肉塊＋鉤）　弱点左ひざ横　ダンジョン	itemLotId_1	31302900	フレッシュゴーレム　ダンジョン	True	
221313022	【フロア3】 フレッシュゴーレム（肉塊＋鉤）　弱点おしり　ダンジョン	itemLotId_1	31302900	フレッシュゴーレム　ダンジョン	True	
222110080	【フロア3】 下水ネズミ　ダンジョン	itemLotId_1	11002900	下水ネズミ　ダンジョン	True	
222110081	【フロア3】 下水ネズミ　膿付き　ダンジョン	itemLotId_1	11002902	下水ネズミ　膿み付き　ダンジョン	True	
222111080	【フロア3】 死と闇の眷属　首あり　ダンジョン	itemLotId_1	11102900	死と闇の眷属（クモ）　首あり　ダンジョン	True	
222111085	【フロア3】 死と闇の眷属　首なし　ダンジョン	itemLotId_1	11102902	死と闇の眷属（クモ）　首なし　ダンジョン	True	
222111090	死と闇の眷属　首あり　生成　ダンジョン	itemLotId_1	11102902	死と闇の眷属（クモ）　首なし　ダンジョン	True	
222111091	死と闇の眷属_ジェネレート（変速前移動）　ダンジョン	itemLotId_1	11102902	死と闇の眷属（クモ）　首なし　ダンジョン	True	
222111095	死と闇の眷属　首なし　生成　ダンジョン	itemLotId_1	11102902	死と闇の眷属（クモ）　首なし　ダンジョン	True	
222111096	死と闇の眷属_ジェネレート（変速前移動）　首なし　ダンジョン	itemLotId_1	11102902	死と闇の眷属（クモ）　首なし　ダンジョン	True	
222114080	【フロア3】 狂信者の獣　ダンジョン	itemLotId_1	11402900	狂信者の獣　ダンジョン	True	
222121080	【フロア3】 墓守サソリ　子なし　小はさみ　ダンジョン	itemLotId_1	12102900	墓守サソリ　ダンジョン	True	
222121081	【フロア3】 墓守サソリ　子なし　大はさみ　ダンジョン	itemLotId_1	12102900	墓守サソリ　ダンジョン	True	
222121090	【フロア3】 墓守サソリ　子あり　小はさみ　ダンジョン	itemLotId_1	12102902	墓守サソリ　子持ち　ダンジョン	True	
222121091	【フロア3】 墓守サソリ　子あり　大はさみ　ダンジョン	itemLotId_1	12102902	墓守サソリ　子持ち　ダンジョン	True	
222124090	【フロア3】 狂犬　ダンジョン	itemLotId_1	12402900	狂犬　ダンジョン	True	
222125000	【フロア3】 蛇玉（子）　1本だけ太い　ダンジョン	itemLotId_1	12502900	蛇玉（子）　ダンジョン	True	
222125010	【フロア3】 蛇玉（子）　毒霧　ダンジョン	itemLotId_1	12502900	蛇玉（子）　ダンジョン	True	
222126000	【フロア3】 蛇玉（子）・小　1本だけ太い　ダンジョン	itemLotId_1	12602900	蛇玉（子）小　ダンジョン	True	
222127000	【フロア3】 吸血豚　ダンジョン	itemLotId_1	12702900	吸血豚　ダンジョン	True	
222130000	【フロア3】 死と闇の眷属（大）　ダンジョン	itemLotId_1	13002900	死と闇の眷属（大）　ダンジョン	True	
222140000	【フロア3】 白痴の蜘蛛（子）　ダンジョン	itemLotId_1	14002900	白痴の蜘蛛（子）　ダンジョン	True	
222201080	【フロア3】 墓掘り（鉤）　ダンジョン　	itemLotId_1	20102950	ダンジョン人（墓掘り）鉤　ダンジョン　強敵	True	
222201081	【フロア3】 墓掘り（つるはし）　ダンジョン　	itemLotId_1	20102952	ダンジョン人（墓掘り）つるはし　ダンジョン　強敵	True	
222253030	【フロア3】 星の花　（頭部のみ）　ダンジョン	itemLotId_1	25302900	星の花　ダンジョン	True	
222253104	【フロア3】 星の花　コズミック属性弾丸変化　ダンジョン	itemLotId_1	25302910	星の花　ダンジョン　宇宙	True	
222301000	【フロア3】 ダンジョン人（奴隷）　裸　剣　ダンジョン　ドーピング強敵	itemLotId_1	30102950	ダンジョン人（奴隷）剣鉈　ダンジョン　強敵	True	
222301001	【フロア3】 ダンジョン人（奴隷）（裸・剣_素手投擲）　ドーピング強敵	itemLotId_1	30102950	ダンジョン人（奴隷）剣鉈　ダンジョン　強敵	True	
222301010	【フロア3】 ダンジョン人（奴隷）　裸　鉈　ダンジョン　ドーピング強敵	itemLotId_1	30102950	ダンジョン人（奴隷）剣鉈　ダンジョン　強敵	True	
222301011	【フロア3】 ダンジョン人（奴隷）　裸　鉈　投擲　ダンジョン　ドーピング強敵	itemLotId_1	30102934	ダンジョン人（奴隷）鉈投擲　ダンジョン　強敵	True	
222301020	【フロア3】 ダンジョン人（奴隷）（白服・ランタン_剣）　ドーピング強敵	itemLotId_1	30102952	ダンジョン人（奴隷）ランタン　ダンジョン　強敵	True	
222301030	【フロア3】 ダンジョン人（奴隷）　白服　鉈　ランタン　ダンジョン　ドーピング強敵	itemLotId_1	30102952	ダンジョン人（奴隷）ランタン　ダンジョン　強敵	True	
222301040	【フロア3】 ダンジョン人（奴隷）　黒服　双斧　ダンジョン　ドーピング強敵	itemLotId_1	30102956	ダンジョン人（奴隷）斧・斧　ダンジョン　強敵	True	
222301050	【フロア3】 ダンジョン人（奴隷）　黒服　ポールウェポン　ダンジョン　ドーピング強敵	itemLotId_1	30102954	ダンジョン人（奴隷）斧ポール　ダンジョン　強敵	True	
222301060	【フロア3】 ダンジョン人（奴隷）　黒服　剣　ダンジョンドーピング強敵	itemLotId_1	30102958	ダンジョン人（奴隷）剣・着衣　ダンジョン　強敵	True	
222302000	【フロア3】 ダンジョン人（番人）　剣盾　ドーピング強敵　ダンジョン	itemLotId_1	30202950	ダンジョン人（番人）　ダンジョン　強敵	True	
222302010	【フロア3】 ダンジョン人（番人）　モーニングスター　ドーピング強敵　ダンジョン	itemLotId_1	30202950	ダンジョン人（番人）　ダンジョン　強敵	True	
222302020	【フロア3】 ダンジョン人（番人）　剣クロスボウ　ドーピング強敵　ダンジョン	itemLotId_1	30202952	ダンジョン人（番人）　クロスボウ　ダンジョン　強敵	True	
222302030	【フロア3】 ダンジョン人（番人）　特大剣　ドーピング強敵　ダンジョン	itemLotId_1	30202950	ダンジョン人（番人）　ダンジョン　強敵	True	
222303000	【フロア3】 ダンジョン人（狂人）　片手鎌　ドーピング強敵　ダンジョン	itemLotId_1	30302950	ダンジョン人（狂人）　ダンジョン　強敵	True	
222303001	【フロア3】 ダンジョン人（狂人）　片手折れた大剣　ドーピング強敵　ダンジョン	itemLotId_1	30302950	ダンジョン人（狂人）　ダンジョン　強敵	True	
222303010	【フロア3】 ダンジョン人（狂人）　死体持ち　ドーピング強敵　ダンジョン	itemLotId_1	30302952	ダンジョン人（狂人）　死体持ち　ダンジョン　強敵	True	
222303020	【フロア3】 ダンジョン人（狂人）　二刀鎌　ドーピング強敵　ダンジョン	itemLotId_1	30302950	ダンジョン人（狂人）　ダンジョン　強敵	True	
222304000	【フロア3】 ダンジョン人（デブ）　ナタ　ドーピング強敵　ダンジョン	itemLotId_1	30402950	ダンジョン人（デブ）　ダンジョン　強敵	True	
222304010	【フロア3】 ダンジョン人（デブ）　赤熱ナタ　ドーピング強敵　ダンジョン	itemLotId_1	30402950	ダンジョン人（デブ）　ダンジョン　強敵	True	
222304020	【フロア3】 ダンジョン人（デブ）　ナタ　ショットガン　ドーピング強敵　ダンジョン	itemLotId_1	30402952	ダンジョン人（デブ）　銃　ダンジョン　強敵	True	
222304040	【フロア3】 ダンジョン人（デブ）　ノコギリ　ドーピング強敵　ダンジョン	itemLotId_1	30402950	ダンジョン人（デブ）　ダンジョン　強敵	True	
222304050	【フロア3】 ダンジョン人（デブ）　裸　両手鉄球　ドーピング強敵　ダンジョン	itemLotId_1	30402954	ダンジョン人（デブ）　鉄球　ダンジョン　強敵	True	
222304051	【フロア3】 ダンジョン人（デブ）（鉄球両手・紳士）　ドーピング強敵	itemLotId_1	30402954	ダンジョン人（デブ）　鉄球　ダンジョン　強敵	True	
222313000	【フロア3】 フレッシュゴーレム（先端剣＋肘剣）　弱点なし　ダンジョン	itemLotId_1	31302900	フレッシュゴーレム　ダンジョン	True	
222313001	【フロア3】 フレッシュゴーレム（先端剣＋肘剣）　弱点左ひざ横　ダンジョン	itemLotId_1	31302900	フレッシュゴーレム　ダンジョン	True	
222313002	【フロア3】 フレッシュゴーレム（先端剣＋肘剣）　弱点おしり　ダンジョン	itemLotId_1	31302900	フレッシュゴーレム　ダンジョン	True	
222313010	【フロア3】 フレッシュゴーレム（斧＋大砲）　弱点なし　ダンジョン	itemLotId_1	31302910	フレッシュゴーレム　大砲　ダンジョン	True	
222313011	【フロア3】 フレッシュゴーレム（斧＋大砲）　弱点左ひざ横　ダンジョン	itemLotId_1	31302910	フレッシュゴーレム　大砲　ダンジョン	True	
222313012	【フロア3】 フレッシュゴーレム（斧＋大砲）　弱点正面　ダンジョン	itemLotId_1	31302910	フレッシュゴーレム　大砲　ダンジョン	True	
222313020	【フロア3】 フレッシュゴーレム（肉塊＋鉤）　弱点なし　ダンジョン	itemLotId_1	31302900	フレッシュゴーレム　ダンジョン	True	
222313021	【フロア3】 フレッシュゴーレム（肉塊＋鉤）　弱点左ひざ横　ダンジョン	itemLotId_1	31302900	フレッシュゴーレム　ダンジョン	True	
222313022	【フロア3】 フレッシュゴーレム（肉塊＋鉤）　弱点おしり　ダンジョン	itemLotId_1	31302900	フレッシュゴーレム　ダンジョン	True	
223110080	【フロア3】 下水ネズミ　ダンジョン	itemLotId_1	11002940	下水ネズミ　ダンジョン　毒	True	
223110081	【フロア3】 下水ネズミ　膿付き　ダンジョン	itemLotId_1	11002942	下水ネズミ　膿み付き　ダンジョン　毒	True	
223111080	【フロア3】 死と闇の眷属　首あり　ダンジョン	itemLotId_1	11102940	死と闇の眷属（クモ）　首あり　ダンジョン　毒	True	
223111085	【フロア3】 死と闇の眷属　首なし　ダンジョン	itemLotId_1	11102942	死と闇の眷属（クモ）　首なし　ダンジョン　毒	True	
223111090	死と闇の眷属　首あり　生成　ダンジョン	itemLotId_1	11102902	死と闇の眷属（クモ）　首なし　ダンジョン	True	
223111091	死と闇の眷属_ジェネレート（変速前移動）　ダンジョン	itemLotId_1	11102902	死と闇の眷属（クモ）　首なし　ダンジョン	True	
223111095	死と闇の眷属　首なし　生成　ダンジョン	itemLotId_1	11102902	死と闇の眷属（クモ）　首なし　ダンジョン	True	
223111096	死と闇の眷属_ジェネレート（変速前移動）　首なし　ダンジョン	itemLotId_1	11102902	死と闇の眷属（クモ）　首なし　ダンジョン	True	
223114080	【フロア3】 狂信者の獣　ダンジョン	itemLotId_1	11402940	狂信者の獣　ダンジョン　毒	True	
223121080	【フロア3】 墓守サソリ　子なし　小はさみ　ダンジョン	itemLotId_1	12102940	墓守サソリ　ダンジョン　毒	True	
223121081	【フロア3】 墓守サソリ　子なし　大はさみ　ダンジョン	itemLotId_1	12102940	墓守サソリ　ダンジョン　毒	True	
223121090	【フロア3】 墓守サソリ　子あり　小はさみ　ダンジョン	itemLotId_1	12102942	墓守サソリ　子持ち　ダンジョン　毒	True	
223121091	【フロア3】 墓守サソリ　子あり　大はさみ　ダンジョン	itemLotId_1	12102942	墓守サソリ　子持ち　ダンジョン　毒	True	
223124090	【フロア3】 狂犬　ダンジョン	itemLotId_1	12402940	狂犬　ダンジョン　毒	True	
223125000	【フロア3】 蛇玉（子）　1本だけ太い　ダンジョン	itemLotId_1	12502940	蛇玉（子）　ダンジョン　毒	True	
223125010	【フロア3】 蛇玉（子）　毒霧　ダンジョン	itemLotId_1	12502940	蛇玉（子）　ダンジョン　毒	True	
223126000	【フロア3】 蛇玉（子）・小　1本だけ太い　ダンジョン	itemLotId_1	12602940	蛇玉（子）小　ダンジョン　毒	True	
223127000	【フロア3】 吸血豚　ダンジョン	itemLotId_1	12702940	吸血豚　ダンジョン　毒	True	
223130000	【フロア3】 死と闇の眷属（大）　ダンジョン	itemLotId_1	13002940	死と闇の眷属（大）　ダンジョン　毒	True	
223140000	【フロア3】 白痴の蜘蛛（子）　ダンジョン	itemLotId_1	14002900	白痴の蜘蛛（子）　ダンジョン	True	
223201080	【フロア3】 墓掘り（鉤）　ダンジョン　	itemLotId_1	20102950	ダンジョン人（墓掘り）鉤　ダンジョン　強敵	True	
223201081	【フロア3】 墓掘り（つるはし）　ダンジョン　	itemLotId_1	20102952	ダンジョン人（墓掘り）つるはし　ダンジョン　強敵	True	
223253030	【フロア3】 星の花　（頭部のみ）　ダンジョン	itemLotId_1	25302900	星の花　ダンジョン	True	
223253104	【フロア3】 星の花　コズミック属性弾丸変化　ダンジョン	itemLotId_1	25302910	星の花　ダンジョン　宇宙	True	
223301000	【フロア3】 ダンジョン人（奴隷）　裸　剣　ダンジョン　ドーピング強敵	itemLotId_1	30102990	ダンジョン人（奴隷）剣鉈　ダンジョン　毒+強敵	True	
223301001	【フロア3】 ダンジョン人（奴隷）（裸・剣_素手投擲）　ドーピング強敵	itemLotId_1	30102990	ダンジョン人（奴隷）剣鉈　ダンジョン　毒+強敵	True	
223301010	【フロア3】 ダンジョン人（奴隷）　裸　鉈　ダンジョン　ドーピング強敵	itemLotId_1	30102990	ダンジョン人（奴隷）剣鉈　ダンジョン　毒+強敵	True	
223301011	【フロア3】 ダンジョン人（奴隷）　裸　鉈　投擲　ダンジョン　ドーピング強敵	itemLotId_1	30102936	ダンジョン人（奴隷）鉈投擲　ダンジョン　毒+強敵	True	
223301020	【フロア3】 ダンジョン人（奴隷）（白服・ランタン_剣）　ドーピング強敵	itemLotId_1	30102992	ダンジョン人（奴隷）ランタン　ダンジョン　毒+強敵	True	
223301030	【フロア3】 ダンジョン人（奴隷）　白服　鉈　ランタン　ダンジョン　ドーピング強敵	itemLotId_1	30102992	ダンジョン人（奴隷）ランタン　ダンジョン　毒+強敵	True	
223301040	【フロア3】 ダンジョン人（奴隷）　黒服　双斧　ダンジョン　ドーピング強敵	itemLotId_1	30102996	ダンジョン人（奴隷）斧・斧　ダンジョン　毒+強敵	True	
223301050	【フロア3】 ダンジョン人（奴隷）　黒服　ポールウェポン　ダンジョン　ドーピング強敵	itemLotId_1	30102994	ダンジョン人（奴隷）斧ポール　ダンジョン　毒+強敵	True	
223301060	【フロア3】 ダンジョン人（奴隷）　黒服　剣　ダンジョンドーピング強敵	itemLotId_1	30102998	ダンジョン人（奴隷）剣・着衣　ダンジョン　毒+強敵	True	
223302000	【フロア3】 ダンジョン人（番人）　剣盾　ドーピング強敵　ダンジョン	itemLotId_1	30202950	ダンジョン人（番人）　ダンジョン　強敵	True	
223302010	【フロア3】 ダンジョン人（番人）　モーニングスター　ドーピング強敵　ダンジョン	itemLotId_1	30202950	ダンジョン人（番人）　ダンジョン　強敵	True	
223302020	【フロア3】 ダンジョン人（番人）　剣クロスボウ　ドーピング強敵　ダンジョン	itemLotId_1	30202952	ダンジョン人（番人）　クロスボウ　ダンジョン　強敵	True	
223302030	【フロア3】 ダンジョン人（番人）　特大剣　ドーピング強敵　ダンジョン	itemLotId_1	30202950	ダンジョン人（番人）　ダンジョン　強敵	True	
223303000	【フロア3】 ダンジョン人（狂人）　片手鎌　ドーピング強敵　ダンジョン	itemLotId_1	30302950	ダンジョン人（狂人）　ダンジョン　強敵	True	
223303001	【フロア3】 ダンジョン人（狂人）　片手折れた大剣　ドーピング強敵　ダンジョン	itemLotId_1	30302950	ダンジョン人（狂人）　ダンジョン　強敵	True	
223303010	【フロア3】 ダンジョン人（狂人）　死体持ち　ドーピング強敵　ダンジョン	itemLotId_1	30302952	ダンジョン人（狂人）　死体持ち　ダンジョン　強敵	True	
223303020	【フロア3】 ダンジョン人（狂人）　二刀鎌　ドーピング強敵　ダンジョン	itemLotId_1	30302950	ダンジョン人（狂人）　ダンジョン　強敵	True	
223304000	【フロア3】 ダンジョン人（デブ）　ナタ　ドーピング強敵　ダンジョン	itemLotId_1	30402950	ダンジョン人（デブ）　ダンジョン　強敵	True	
223304010	【フロア3】 ダンジョン人（デブ）　赤熱ナタ　ドーピング強敵　ダンジョン	itemLotId_1	30402950	ダンジョン人（デブ）　ダンジョン　強敵	True	
223304020	【フロア3】 ダンジョン人（デブ）　ナタ　ショットガン　ドーピング強敵　ダンジョン	itemLotId_1	30402952	ダンジョン人（デブ）　銃　ダンジョン　強敵	True	
223304040	【フロア3】 ダンジョン人（デブ）　ノコギリ　ドーピング強敵　ダンジョン	itemLotId_1	30402950	ダンジョン人（デブ）　ダンジョン　強敵	True	
223304050	【フロア3】 ダンジョン人（デブ）　裸　両手鉄球　ドーピング強敵　ダンジョン	itemLotId_1	30402954	ダンジョン人（デブ）　鉄球　ダンジョン　強敵	True	
223304051	【フロア3】 ダンジョン人（デブ）（鉄球両手・紳士）　ドーピング強敵	itemLotId_1	30402954	ダンジョン人（デブ）　鉄球　ダンジョン　強敵	True	
223313000	【フロア3】 フレッシュゴーレム（先端剣＋肘剣）　弱点なし　ダンジョン	itemLotId_1	31302900	フレッシュゴーレム　ダンジョン	True	
223313001	【フロア3】 フレッシュゴーレム（先端剣＋肘剣）　弱点左ひざ横　ダンジョン	itemLotId_1	31302900	フレッシュゴーレム　ダンジョン	True	
223313002	【フロア3】 フレッシュゴーレム（先端剣＋肘剣）　弱点おしり　ダンジョン	itemLotId_1	31302900	フレッシュゴーレム　ダンジョン	True	
223313010	【フロア3】 フレッシュゴーレム（斧＋大砲）　弱点なし　ダンジョン	itemLotId_1	31302910	フレッシュゴーレム　大砲　ダンジョン	True	
223313011	【フロア3】 フレッシュゴーレム（斧＋大砲）　弱点左ひざ横　ダンジョン	itemLotId_1	31302910	フレッシュゴーレム　大砲　ダンジョン	True	
223313012	【フロア3】 フレッシュゴーレム（斧＋大砲）　弱点正面　ダンジョン	itemLotId_1	31302910	フレッシュゴーレム　大砲　ダンジョン	True	
223313020	【フロア3】 フレッシュゴーレム（肉塊＋鉤）　弱点なし　ダンジョン	itemLotId_1	31302900	フレッシュゴーレム　ダンジョン	True	
223313021	【フロア3】 フレッシュゴーレム（肉塊＋鉤）　弱点左ひざ横　ダンジョン	itemLotId_1	31302900	フレッシュゴーレム　ダンジョン	True	
223313022	【フロア3】 フレッシュゴーレム（肉塊＋鉤）　弱点おしり　ダンジョン	itemLotId_1	31302900	フレッシュゴーレム　ダンジョン	True	
225106080	脳喰らい　ダンジョン	itemLotId_1	10602900	脳喰らい　ダンジョン	True	
225106090	脳喰らい　フード　ダンジョン	itemLotId_1	10602900	脳喰らい　ダンジョン	True	
225303000	ダンジョン人（狂人）　片手鎌　ダンジョン	itemLotId_1	30302900	ダンジョン人（狂人）　ダンジョン	True	
225303001	ダンジョン人（狂人）　片手折れた大剣　ダンジョン	itemLotId_1	30302900	ダンジョン人（狂人）　ダンジョン	True	
225303010	ダンジョン人（狂人）　死体持ち　ダンジョン	itemLotId_1	30302902	ダンジョン人（狂人）　死体持ち　ダンジョン	True	
225303020	ダンジョン人（狂人）　二刀鎌　ダンジョン	itemLotId_1	30302900	ダンジョン人（狂人）　ダンジョン	True	
225303102	ダンジョン人（狂人）　片手鎌　嵐属性　ダンジョン	itemLotId_1	30302910	ダンジョン人（狂人）　ダンジョン　嵐	True	
225303109	ダンジョン人（狂人）　片手鎌　儀式　ダンジョン	itemLotId_1	30302980	ダンジョン人（狂人）　ダンジョン　儀式	True	
225303122	ダンジョン人（狂人）　片手折れた大剣　嵐属性　ダンジョン	itemLotId_1	30302910	ダンジョン人（狂人）　ダンジョン　嵐	True	
225303129	ダンジョン人（狂人）　片手折れた大剣　儀式　ダンジョン	itemLotId_1	30302980	ダンジョン人（狂人）　ダンジョン　儀式	True	
225303142	ダンジョン人（狂人）　死体持ち　嵐属性　ダンジョン	itemLotId_1	30302912	ダンジョン人（狂人）　死体持ち　ダンジョン　嵐	True	
225303162	ダンジョン人（狂人）　二刀鎌　嵐属性　ダンジョン	itemLotId_1	30302910	ダンジョン人（狂人）　ダンジョン　嵐	True	
225303169	ダンジョン人（狂人）　二刀鎌　儀式　ダンジョン	itemLotId_1	30302980	ダンジョン人（狂人）　ダンジョン　儀式	True	
225304000	ダンジョン人（デブ）　ナタ　ダンジョン	itemLotId_1	30402900	ダンジョン人（デブ）　ダンジョン	True	
225304010	ダンジョン人（デブ）　赤熱ナタ　ダンジョン	itemLotId_1	30402900	ダンジョン人（デブ）　ダンジョン	True	
225304020	ダンジョン人（デブ）　ナタ　ショットガン　ダンジョン	itemLotId_1	30402902	ダンジョン人（デブ）　銃　ダンジョン	True	
225304040	ダンジョン人（デブ）　ノコギリ　ダンジョン	itemLotId_1	30402900	ダンジョン人（デブ）　ダンジョン	True	
225304050	ダンジョン人（デブ）　裸　両手鉄球　ダンジョン	itemLotId_1	30402904	ダンジョン人（デブ）　鉄球　ダンジョン	True	
225304051	ダンジョン人（デブ）（鉄球両手・紳士）	itemLotId_1	30402904	ダンジョン人（デブ）　鉄球　ダンジョン	True	
225304108	ダンジョン人（デブ）　ナタ　医者　ダンジョン	itemLotId_1	30402970	ダンジョン人（デブ）　ダンジョン　医者	True	
225304128	ダンジョン人（デブ）　赤熱ナタ　医者　ダンジョン	itemLotId_1	30402970	ダンジョン人（デブ）　ダンジョン　医者	True	
225304148	ダンジョン人（デブ）　ナタ　ショットガン　医者　ダンジョン	itemLotId_1	30402972	ダンジョン人（デブ）　銃　ダンジョン　医者	True	
225304168	ダンジョン人（デブ）　ノコギリ　医者　ダンジョン	itemLotId_1	30402970	ダンジョン人（デブ）　ダンジョン　医者	True	
225304188	ダンジョン人（デブ）　裸　両手鉄球　医者　ダンジョン	itemLotId_1	30402974	ダンジョン人（デブ）　鉄球　ダンジョン　医者	True	
225304208	ダンジョン人（デブ）（鉄球両手・紳士）　医者	itemLotId_1	30402974	ダンジョン人（デブ）　鉄球　ダンジョン　医者	True	
226106080	脳喰らい　ダンジョン	itemLotId_1	10602900	脳喰らい　ダンジョン	True	
226106090	脳喰らい　フード　ダンジョン	itemLotId_1	10602900	脳喰らい　ダンジョン	True	
226303000	ダンジョン人（狂人）　片手鎌　ダンジョン	itemLotId_1	30302900	ダンジョン人（狂人）　ダンジョン	True	
226303001	ダンジョン人（狂人）　片手折れた大剣　ダンジョン	itemLotId_1	30302900	ダンジョン人（狂人）　ダンジョン	True	
226303010	ダンジョン人（狂人）　死体持ち　ダンジョン	itemLotId_1	30302902	ダンジョン人（狂人）　死体持ち　ダンジョン	True	
226303020	ダンジョン人（狂人）　二刀鎌　ダンジョン	itemLotId_1	30302900	ダンジョン人（狂人）　ダンジョン	True	
226303102	ダンジョン人（狂人）　片手鎌　嵐属性　ダンジョン	itemLotId_1	30302910	ダンジョン人（狂人）　ダンジョン　嵐	True	
226303109	ダンジョン人（狂人）　片手鎌　儀式　ダンジョン	itemLotId_1	30302980	ダンジョン人（狂人）　ダンジョン　儀式	True	
226303122	ダンジョン人（狂人）　片手折れた大剣　嵐属性　ダンジョン	itemLotId_1	30302910	ダンジョン人（狂人）　ダンジョン　嵐	True	
226303129	ダンジョン人（狂人）　片手折れた大剣　儀式　ダンジョン	itemLotId_1	30302980	ダンジョン人（狂人）　ダンジョン　儀式	True	
226303142	ダンジョン人（狂人）　死体持ち　嵐属性　ダンジョン	itemLotId_1	30302912	ダンジョン人（狂人）　死体持ち　ダンジョン　嵐	True	
226303162	ダンジョン人（狂人）　二刀鎌　嵐属性　ダンジョン	itemLotId_1	30302910	ダンジョン人（狂人）　ダンジョン　嵐	True	
226303169	ダンジョン人（狂人）　二刀鎌　儀式　ダンジョン	itemLotId_1	30302980	ダンジョン人（狂人）　ダンジョン　儀式	True	
226304000	ダンジョン人（デブ）　ナタ　ダンジョン	itemLotId_1	30402900	ダンジョン人（デブ）　ダンジョン	True	
226304010	ダンジョン人（デブ）　赤熱ナタ　ダンジョン	itemLotId_1	30402900	ダンジョン人（デブ）　ダンジョン	True	
226304020	ダンジョン人（デブ）　ナタ　ショットガン　ダンジョン	itemLotId_1	30402902	ダンジョン人（デブ）　銃　ダンジョン	True	
226304040	ダンジョン人（デブ）　ノコギリ　ダンジョン	itemLotId_1	30402900	ダンジョン人（デブ）　ダンジョン	True	
226304050	ダンジョン人（デブ）　裸　両手鉄球　ダンジョン	itemLotId_1	30402904	ダンジョン人（デブ）　鉄球　ダンジョン	True	
226304051	ダンジョン人（デブ）（鉄球両手・紳士）	itemLotId_1	30402904	ダンジョン人（デブ）　鉄球　ダンジョン	True	
226304108	ダンジョン人（デブ）　ナタ　医者　ダンジョン	itemLotId_1	30402970	ダンジョン人（デブ）　ダンジョン　医者	True	
226304128	ダンジョン人（デブ）　赤熱ナタ　医者　ダンジョン	itemLotId_1	30402970	ダンジョン人（デブ）　ダンジョン　医者	True	
226304148	ダンジョン人（デブ）　ナタ　ショットガン　医者　ダンジョン	itemLotId_1	30402972	ダンジョン人（デブ）　銃　ダンジョン　医者	True	
226304168	ダンジョン人（デブ）　ノコギリ　医者　ダンジョン	itemLotId_1	30402970	ダンジョン人（デブ）　ダンジョン　医者	True	
226304188	ダンジョン人（デブ）　裸　両手鉄球　医者　ダンジョン	itemLotId_1	30402974	ダンジョン人（デブ）　鉄球　ダンジョン　医者	True	
226304208	ダンジョン人（デブ）（鉄球両手・紳士）　医者	itemLotId_1	30402974	ダンジョン人（デブ）　鉄球　ダンジョン　医者	True	
227106080	脳喰らい　ダンジョン	itemLotId_1	10602900	脳喰らい　ダンジョン	True	
227106090	脳喰らい　フード　ダンジョン	itemLotId_1	10602900	脳喰らい　ダンジョン	True	
227303000	ダンジョン人（狂人）　片手鎌　ダンジョン	itemLotId_1	30302900	ダンジョン人（狂人）　ダンジョン	True	
227303001	ダンジョン人（狂人）　片手折れた大剣　ダンジョン	itemLotId_1	30302900	ダンジョン人（狂人）　ダンジョン	True	
227303010	ダンジョン人（狂人）　死体持ち　ダンジョン	itemLotId_1	30302902	ダンジョン人（狂人）　死体持ち　ダンジョン	True	
227303020	ダンジョン人（狂人）　二刀鎌　ダンジョン	itemLotId_1	30302900	ダンジョン人（狂人）　ダンジョン	True	
227303102	ダンジョン人（狂人）　片手鎌　嵐属性　ダンジョン	itemLotId_1	30302910	ダンジョン人（狂人）　ダンジョン　嵐	True	
227303109	ダンジョン人（狂人）　片手鎌　儀式　ダンジョン	itemLotId_1	30302980	ダンジョン人（狂人）　ダンジョン　儀式	True	
227303122	ダンジョン人（狂人）　片手折れた大剣　嵐属性　ダンジョン	itemLotId_1	30302910	ダンジョン人（狂人）　ダンジョン　嵐	True	
227303129	ダンジョン人（狂人）　片手折れた大剣　儀式　ダンジョン	itemLotId_1	30302980	ダンジョン人（狂人）　ダンジョン　儀式	True	
227303142	ダンジョン人（狂人）　死体持ち　嵐属性　ダンジョン	itemLotId_1	30302912	ダンジョン人（狂人）　死体持ち　ダンジョン　嵐	True	
227303162	ダンジョン人（狂人）　二刀鎌　嵐属性　ダンジョン	itemLotId_1	30302910	ダンジョン人（狂人）　ダンジョン　嵐	True	
227303169	ダンジョン人（狂人）　二刀鎌　儀式　ダンジョン	itemLotId_1	30302980	ダンジョン人（狂人）　ダンジョン　儀式	True	
227304000	ダンジョン人（デブ）　ナタ　ダンジョン	itemLotId_1	30402900	ダンジョン人（デブ）　ダンジョン	True	
227304010	ダンジョン人（デブ）　赤熱ナタ　ダンジョン	itemLotId_1	30402900	ダンジョン人（デブ）　ダンジョン	True	
227304020	ダンジョン人（デブ）　ナタ　ショットガン　ダンジョン	itemLotId_1	30402902	ダンジョン人（デブ）　銃　ダンジョン	True	
227304040	ダンジョン人（デブ）　ノコギリ　ダンジョン	itemLotId_1	30402900	ダンジョン人（デブ）　ダンジョン	True	
227304050	ダンジョン人（デブ）　裸　両手鉄球　ダンジョン	itemLotId_1	30402904	ダンジョン人（デブ）　鉄球　ダンジョン	True	
227304051	ダンジョン人（デブ）（鉄球両手・紳士）	itemLotId_1	30402904	ダンジョン人（デブ）　鉄球　ダンジョン	True	
227304108	ダンジョン人（デブ）　ナタ　医者　ダンジョン	itemLotId_1	30402970	ダンジョン人（デブ）　ダンジョン　医者	True	
227304128	ダンジョン人（デブ）　赤熱ナタ　医者　ダンジョン	itemLotId_1	30402970	ダンジョン人（デブ）　ダンジョン　医者	True	
227304148	ダンジョン人（デブ）　ナタ　ショットガン　医者　ダンジョン	itemLotId_1	30402972	ダンジョン人（デブ）　銃　ダンジョン　医者	True	
227304168	ダンジョン人（デブ）　ノコギリ　医者　ダンジョン	itemLotId_1	30402970	ダンジョン人（デブ）　ダンジョン　医者	True	
227304188	ダンジョン人（デブ）　裸　両手鉄球　医者　ダンジョン	itemLotId_1	30402974	ダンジョン人（デブ）　鉄球　ダンジョン　医者	True	
227304208	ダンジョン人（デブ）（鉄球両手・紳士）　医者	itemLotId_1	30402974	ダンジョン人（デブ）　鉄球　ダンジョン　医者	True	
228106080	脳喰らい　ダンジョン	itemLotId_1	10602900	脳喰らい　ダンジョン	True	
228106090	脳喰らい　フード　ダンジョン	itemLotId_1	10602900	脳喰らい　ダンジョン	True	
228303000	ダンジョン人（狂人）　片手鎌　ダンジョン	itemLotId_1	30302900	ダンジョン人（狂人）　ダンジョン	True	
228303001	ダンジョン人（狂人）　片手折れた大剣　ダンジョン	itemLotId_1	30302900	ダンジョン人（狂人）　ダンジョン	True	
228303010	ダンジョン人（狂人）　死体持ち　ダンジョン	itemLotId_1	30302902	ダンジョン人（狂人）　死体持ち　ダンジョン	True	
228303020	ダンジョン人（狂人）　二刀鎌　ダンジョン	itemLotId_1	30302900	ダンジョン人（狂人）　ダンジョン	True	
228303102	ダンジョン人（狂人）　片手鎌　嵐属性　ダンジョン	itemLotId_1	30302910	ダンジョン人（狂人）　ダンジョン　嵐	True	
228303109	ダンジョン人（狂人）　片手鎌　儀式　ダンジョン	itemLotId_1	30302980	ダンジョン人（狂人）　ダンジョン　儀式	True	
228303122	ダンジョン人（狂人）　片手折れた大剣　嵐属性　ダンジョン	itemLotId_1	30302910	ダンジョン人（狂人）　ダンジョン　嵐	True	
228303129	ダンジョン人（狂人）　片手折れた大剣　儀式　ダンジョン	itemLotId_1	30302980	ダンジョン人（狂人）　ダンジョン　儀式	True	
228303142	ダンジョン人（狂人）　死体持ち　嵐属性　ダンジョン	itemLotId_1	30302912	ダンジョン人（狂人）　死体持ち　ダンジョン　嵐	True	
228303162	ダンジョン人（狂人）　二刀鎌　嵐属性　ダンジョン	itemLotId_1	30302910	ダンジョン人（狂人）　ダンジョン　嵐	True	
228303169	ダンジョン人（狂人）　二刀鎌　儀式　ダンジョン	itemLotId_1	30302980	ダンジョン人（狂人）　ダンジョン　儀式	True	
228304000	ダンジョン人（デブ）　ナタ　ダンジョン	itemLotId_1	30402900	ダンジョン人（デブ）　ダンジョン	True	
228304010	ダンジョン人（デブ）　赤熱ナタ　ダンジョン	itemLotId_1	30402900	ダンジョン人（デブ）　ダンジョン	True	
228304020	ダンジョン人（デブ）　ナタ　ショットガン　ダンジョン	itemLotId_1	30402902	ダンジョン人（デブ）　銃　ダンジョン	True	
228304040	ダンジョン人（デブ）　ノコギリ　ダンジョン	itemLotId_1	30402900	ダンジョン人（デブ）　ダンジョン	True	
228304050	ダンジョン人（デブ）　裸　両手鉄球　ダンジョン	itemLotId_1	30402904	ダンジョン人（デブ）　鉄球　ダンジョン	True	
228304051	ダンジョン人（デブ）（鉄球両手・紳士）	itemLotId_1	30402904	ダンジョン人（デブ）　鉄球　ダンジョン	True	
228304108	ダンジョン人（デブ）　ナタ　医者　ダンジョン	itemLotId_1	30402970	ダンジョン人（デブ）　ダンジョン　医者	True	
228304128	ダンジョン人（デブ）　赤熱ナタ　医者　ダンジョン	itemLotId_1	30402970	ダンジョン人（デブ）　ダンジョン　医者	True	
228304148	ダンジョン人（デブ）　ナタ　ショットガン　医者　ダンジョン	itemLotId_1	30402972	ダンジョン人（デブ）　銃　ダンジョン　医者	True	
228304168	ダンジョン人（デブ）　ノコギリ　医者　ダンジョン	itemLotId_1	30402970	ダンジョン人（デブ）　ダンジョン　医者	True	
228304188	ダンジョン人（デブ）　裸　両手鉄球　医者　ダンジョン	itemLotId_1	30402974	ダンジョン人（デブ）　鉄球　ダンジョン　医者	True	
228304208	ダンジョン人（デブ）（鉄球両手・紳士）　医者	itemLotId_1	30402974	ダンジョン人（デブ）　鉄球　ダンジョン　医者	True	
230110080	下水ネズミ　ダンジョン	itemLotId_1	11002900	下水ネズミ　ダンジョン	True	
230110081	下水ネズミ　膿付き　ダンジョン	itemLotId_1	11002902	下水ネズミ　膿み付き　ダンジョン	True	
230111080	死と闇の眷属　首あり　ダンジョン	itemLotId_1	11102900	死と闇の眷属（クモ）　首あり　ダンジョン	True	
230111085	死と闇の眷属　首なし　ダンジョン	itemLotId_1	11102904	死と闇の眷属（クモ）　首なし（ジェネレート）　ダンジョン	True	
230114080	狂信者の獣　ダンジョン	itemLotId_1	11402900	狂信者の獣　ダンジョン	True	
230121080	墓守サソリ　子なし　小はさみ　ダンジョン	itemLotId_1	12102900	墓守サソリ　ダンジョン	True	
230121081	墓守サソリ　子なし　大はさみ　ダンジョン	itemLotId_1	12102900	墓守サソリ　ダンジョン	True	
230121090	墓守サソリ　子あり　小はさみ　ダンジョン	itemLotId_1	12102902	墓守サソリ　子持ち　ダンジョン	True	
230121091	墓守サソリ　子あり　大はさみ　ダンジョン	itemLotId_1	12102902	墓守サソリ　子持ち　ダンジョン	True	
230124090	狂犬　ダンジョン	itemLotId_1	12402900	狂犬　ダンジョン	True	
230125000	蛇玉（子）　1本だけ太い　ダンジョン	itemLotId_1	12502900	蛇玉（子）　ダンジョン	True	
230125010	蛇玉（子）　毒霧　ダンジョン	itemLotId_1	12502900	蛇玉（子）　ダンジョン	True	
230126000	蛇玉（子）・小　1本だけ太い　ダンジョン	itemLotId_1	12602900	蛇玉（子）小　ダンジョン	True	
230127000	吸血豚　ダンジョン	itemLotId_1	12702900	吸血豚　ダンジョン	True	
230130000	死と闇の眷属（大）　ダンジョン	itemLotId_1	13002900	死と闇の眷属（大）　ダンジョン	True	
230201080	墓掘り（鉤）　ダンジョン	itemLotId_1	20102900	ダンジョン人（墓掘り）鉤　ダンジョン	True	
230201081	墓掘り（つるはし）　ダンジョン	itemLotId_1	20102902	ダンジョン人（墓掘り）つるはし　ダンジョン	True	
230300000	ダンジョン人（司祭）　固定砲台　ダンジョン	itemLotId_1	30002900	ダンジョン人（司祭）　ダンジョン	True	
230300001	ダンジョン人（司祭）・立っている	itemLotId_1	30002900	ダンジョン人（司祭）　ダンジョン	True	
230300010	ダンジョン人（司祭）　固定砲台　ダンジョン_ダンジョン用砲台	itemLotId_1	30002900	ダンジョン人（司祭）　ダンジョン	True	
230301000	ダンジョン人（奴隷）　裸　剣　ダンジョン	itemLotId_1	30102900	ダンジョン人（奴隷）剣鉈　ダンジョン	True	
230301001	ダンジョン人（奴隷）（裸・剣_素手投擲）	itemLotId_1	30102900	ダンジョン人（奴隷）剣鉈　ダンジョン	True	
230301010	ダンジョン人（奴隷）　裸　鉈　ダンジョン	itemLotId_1	30102900	ダンジョン人（奴隷）剣鉈　ダンジョン	True	
230301011	ダンジョン人（奴隷）　裸　鉈　投擲　ダンジョン	itemLotId_1	30102930	ダンジョン人（奴隷）鉈投擲　ダンジョン	True	
230301020	ダンジョン人（奴隷）（白服・ランタン_剣）	itemLotId_1	30102902	ダンジョン人（奴隷）ランタン　ダンジョン	True	
230301030	ダンジョン人（奴隷）　白服　鉈　ランタン　ダンジョン	itemLotId_1	30102902	ダンジョン人（奴隷）ランタン　ダンジョン	True	
230301040	ダンジョン人（奴隷）　黒服　双斧　ダンジョン	itemLotId_1	30102906	ダンジョン人（奴隷）斧・斧　ダンジョン	True	
230301050	ダンジョン人（奴隷）　黒服　ポールウェポン　ダンジョン	itemLotId_1	30102904	ダンジョン人（奴隷）斧ポール　ダンジョン	True	
230301060	ダンジョン人（奴隷）　黒服　剣　ダンジョン	itemLotId_1	30102908	ダンジョン人（奴隷）剣・着衣　ダンジョン	True	
230302000	ダンジョン人（番人）　剣盾　ダンジョン	itemLotId_1	30202900	ダンジョン人（番人）　ダンジョン	True	
230302010	ダンジョン人（番人）　モーニングスター　ダンジョン	itemLotId_1	30202900	ダンジョン人（番人）　ダンジョン	True	
230302020	ダンジョン人（番人）　剣クロスボウ　ダンジョン	itemLotId_1	30202902	ダンジョン人（番人）　クロスボウ　ダンジョン	True	
230302030	ダンジョン人（番人）　特大剣　ダンジョン	itemLotId_1	30202900	ダンジョン人（番人）　ダンジョン	True	
230303000	ダンジョン人（狂人）　片手鎌　ダンジョン	itemLotId_1	30304000	ダンジョン人（狂人）　ダンジョン　呪い	True	
230303001	ダンジョン人（狂人）　片手折れた大剣　ダンジョン	itemLotId_1	30304000	ダンジョン人（狂人）　ダンジョン　呪い	True	
230303010	ダンジョン人（狂人）　死体持ち　ダンジョン	itemLotId_1	30304000	ダンジョン人（狂人）　ダンジョン　呪い	True	
230303020	ダンジョン人（狂人）　二刀鎌　ダンジョン	itemLotId_1	30304000	ダンジョン人（狂人）　ダンジョン　呪い	True	
230304000	ダンジョン人（デブ）　ナタ　ダンジョン	itemLotId_1	30404000	ダンジョン人（デブ）　ダンジョン　呪い	True	
230304010	ダンジョン人（デブ）　赤熱ナタ　ダンジョン	itemLotId_1	30404000	ダンジョン人（デブ）　ダンジョン　呪い	True	
230304020	ダンジョン人（デブ）　ナタ　ショットガン　ダンジョン	itemLotId_1	30404000	ダンジョン人（デブ）　ダンジョン　呪い	True	
230304040	ダンジョン人（デブ）　ノコギリ　ダンジョン	itemLotId_1	30404000	ダンジョン人（デブ）　ダンジョン　呪い	True	
230304050	ダンジョン人（デブ）　裸　両手鉄球　ダンジョン	itemLotId_1	30404000	ダンジョン人（デブ）　ダンジョン　呪い	True	
230304051	ダンジョン人（デブ）（鉄球両手・紳士）	itemLotId_1	30404000	ダンジョン人（デブ）　ダンジョン　呪い	True	
231110080	下水ネズミ　ダンジョン	itemLotId_1	11002940	下水ネズミ　ダンジョン　毒	True	
231110081	下水ネズミ　膿付き　ダンジョン	itemLotId_1	11002942	下水ネズミ　膿み付き　ダンジョン　毒	True	
231111080	死と闇の眷属　首あり　ダンジョン	itemLotId_1	11102940	死と闇の眷属（クモ）　首あり　ダンジョン　毒	True	
231111085	死と闇の眷属　首なし　ダンジョン	itemLotId_1	11102942	死と闇の眷属（クモ）　首なし　ダンジョン　毒	True	
231114080	狂信者の獣　ダンジョン	itemLotId_1	11402940	狂信者の獣　ダンジョン　毒	True	
231121080	墓守サソリ　子なし　小はさみ　ダンジョン	itemLotId_1	12102940	墓守サソリ　ダンジョン　毒	True	
231121081	墓守サソリ　子なし　大はさみ　ダンジョン	itemLotId_1	12102940	墓守サソリ　ダンジョン　毒	True	
231121090	墓守サソリ　子あり　小はさみ　ダンジョン	itemLotId_1	12102942	墓守サソリ　子持ち　ダンジョン　毒	True	
231121091	墓守サソリ　子あり　大はさみ　ダンジョン	itemLotId_1	12102942	墓守サソリ　子持ち　ダンジョン　毒	True	
231124090	狂犬　ダンジョン	itemLotId_1	12402940	狂犬　ダンジョン　毒	True	
231125000	蛇玉（子）　1本だけ太い　ダンジョン	itemLotId_1	12502940	蛇玉（子）　ダンジョン　毒	True	
231125010	蛇玉（子）　毒霧　ダンジョン	itemLotId_1	12502940	蛇玉（子）　ダンジョン　毒	True	
231126000	蛇玉（子）・小　1本だけ太い　ダンジョン	itemLotId_1	12602940	蛇玉（子）小　ダンジョン　毒	True	
231127000	吸血豚　ダンジョン	itemLotId_1	12702940	吸血豚　ダンジョン　毒	True	
231130000	死と闇の眷属（大）　ダンジョン	itemLotId_1	13002940	死と闇の眷属（大）　ダンジョン　毒	True	
231201080	墓掘り（鉤）　ダンジョン	itemLotId_1	20102900	ダンジョン人（墓掘り）鉤　ダンジョン	True	
231201081	墓掘り（つるはし）　ダンジョン	itemLotId_1	20102902	ダンジョン人（墓掘り）つるはし　ダンジョン	True	
231301000	ダンジョン人（奴隷）　裸　剣　ダンジョン　毒	itemLotId_1	30102940	ダンジョン人（奴隷）剣鉈　ダンジョン　毒	True	
231301001	ダンジョン人（奴隷）（裸・剣_素手投擲）　毒	itemLotId_1	30102940	ダンジョン人（奴隷）剣鉈　ダンジョン　毒	True	
231301010	ダンジョン人（奴隷）　裸　鉈　ダンジョン　毒	itemLotId_1	30102940	ダンジョン人（奴隷）剣鉈　ダンジョン　毒	True	
231301011	ダンジョン人（奴隷）　裸　鉈　投擲　ダンジョン　毒	itemLotId_1	30102930	ダンジョン人（奴隷）鉈投擲　ダンジョン	True	
231301020	ダンジョン人（奴隷）（白服・ランタン_剣）　毒	itemLotId_1	30102942	ダンジョン人（奴隷）ランタン　ダンジョン　毒	True	
231301030	ダンジョン人（奴隷）　白服　鉈　ランタン　ダンジョン　毒	itemLotId_1	30102942	ダンジョン人（奴隷）ランタン　ダンジョン　毒	True	
231301040	ダンジョン人（奴隷）　黒服　双斧　ダンジョン　毒	itemLotId_1	30102946	ダンジョン人（奴隷）斧・斧　ダンジョン　毒	True	
231301050	ダンジョン人（奴隷）　黒服　ポールウェポン　ダンジョン　毒	itemLotId_1	30102944	ダンジョン人（奴隷）斧ポール　ダンジョン　毒	True	
231301060	ダンジョン人（奴隷）　黒服　剣　ダンジョン毒	itemLotId_1	30102948	ダンジョン人（奴隷）剣・着衣　ダンジョン　毒	True	
231302000	ダンジョン人（番人）　剣盾　ダンジョン	itemLotId_1	30202900	ダンジョン人（番人）　ダンジョン	True	
231302010	ダンジョン人（番人）　モーニングスター　ダンジョン	itemLotId_1	30202900	ダンジョン人（番人）　ダンジョン	True	
231302020	ダンジョン人（番人）　剣クロスボウ　ダンジョン	itemLotId_1	30202902	ダンジョン人（番人）　クロスボウ　ダンジョン	True	
231302030	ダンジョン人（番人）　特大剣　ダンジョン	itemLotId_1	30202900	ダンジョン人（番人）　ダンジョン	True	
231303000	ダンジョン人（狂人）　片手鎌　毒化　ダンジョン	itemLotId_1	30304000	ダンジョン人（狂人）　ダンジョン　呪い	True	
231303001	ダンジョン人（狂人）　片手折れた大剣　毒化　ダンジョン	itemLotId_1	30304000	ダンジョン人（狂人）　ダンジョン　呪い	True	
231303010	ダンジョン人（狂人）　死体持ち　毒化　ダンジョン	itemLotId_1	30304000	ダンジョン人（狂人）　ダンジョン　呪い	True	
231303020	ダンジョン人（狂人）　二刀鎌　毒化　ダンジョン	itemLotId_1	30304000	ダンジョン人（狂人）　ダンジョン　呪い	True	
231304000	ダンジョン人（デブ）　ナタ　毒化　ダンジョン	itemLotId_1	30404000	ダンジョン人（デブ）　ダンジョン　呪い	True	
231304010	ダンジョン人（デブ）　赤熱ナタ　毒化　ダンジョン	itemLotId_1	30404000	ダンジョン人（デブ）　ダンジョン　呪い	True	
231304020	ダンジョン人（デブ）　ナタ　ショットガン　毒化　ダンジョン	itemLotId_1	30404000	ダンジョン人（デブ）　ダンジョン　呪い	True	
231304040	ダンジョン人（デブ）　ノコギリ　毒化　ダンジョン	itemLotId_1	30404000	ダンジョン人（デブ）　ダンジョン　呪い	True	
231304050	ダンジョン人（デブ）　裸　両手鉄球　毒化　ダンジョン	itemLotId_1	30404000	ダンジョン人（デブ）　ダンジョン　呪い	True	
231304051	ダンジョン人（デブ）（鉄球両手・紳士）　毒化	itemLotId_1	30404000	ダンジョン人（デブ）　ダンジョン　呪い	True	
232110080	下水ネズミ　ダンジョン	itemLotId_1	11002900	下水ネズミ　ダンジョン	True	
232110081	下水ネズミ　膿付き　ダンジョン	itemLotId_1	11002902	下水ネズミ　膿み付き　ダンジョン	True	
232111080	死と闇の眷属　首あり　ダンジョン	itemLotId_1	11102900	死と闇の眷属（クモ）　首あり　ダンジョン	True	
232111085	死と闇の眷属　首なし　ダンジョン	itemLotId_1	11102902	死と闇の眷属（クモ）　首なし　ダンジョン	True	
232114080	狂信者の獣　ダンジョン	itemLotId_1	11402900	狂信者の獣　ダンジョン	True	
232121080	墓守サソリ　子なし　小はさみ　ダンジョン	itemLotId_1	12102900	墓守サソリ　ダンジョン	True	
232121081	墓守サソリ　子なし　大はさみ　ダンジョン	itemLotId_1	12102900	墓守サソリ　ダンジョン	True	
232121090	墓守サソリ　子あり　小はさみ　ダンジョン	itemLotId_1	12102902	墓守サソリ　子持ち　ダンジョン	True	
232121091	墓守サソリ　子あり　大はさみ　ダンジョン	itemLotId_1	12102902	墓守サソリ　子持ち　ダンジョン	True	
232124090	狂犬　ダンジョン	itemLotId_1	12402900	狂犬　ダンジョン	True	
232125000	蛇玉（子）　1本だけ太い　ダンジョン	itemLotId_1	12502900	蛇玉（子）　ダンジョン	True	
232125010	蛇玉（子）　毒霧　ダンジョン	itemLotId_1	12502900	蛇玉（子）　ダンジョン	True	
232126000	蛇玉（子）・小　1本だけ太い　ダンジョン	itemLotId_1	12602900	蛇玉（子）小　ダンジョン	True	
232127000	吸血豚　ダンジョン	itemLotId_1	12702900	吸血豚　ダンジョン	True	
232130000	死と闇の眷属（大）　ダンジョン	itemLotId_1	13002900	死と闇の眷属（大）　ダンジョン	True	
232201080	墓掘り（鉤）　ダンジョン　	itemLotId_1	20102950	ダンジョン人（墓掘り）鉤　ダンジョン　強敵	True	
232201081	墓掘り（つるはし）　ダンジョン　	itemLotId_1	20102952	ダンジョン人（墓掘り）つるはし　ダンジョン　強敵	True	
232301000	ダンジョン人（奴隷）　裸　剣　ダンジョン　ドーピング強敵	itemLotId_1	30102950	ダンジョン人（奴隷）剣鉈　ダンジョン　強敵	True	
232301001	ダンジョン人（奴隷）（裸・剣_素手投擲）　ドーピング強敵	itemLotId_1	30102950	ダンジョン人（奴隷）剣鉈　ダンジョン　強敵	True	
232301010	ダンジョン人（奴隷）　裸　鉈　ダンジョン　ドーピング強敵	itemLotId_1	30102950	ダンジョン人（奴隷）剣鉈　ダンジョン　強敵	True	
232301011	ダンジョン人（奴隷）　裸　鉈　投擲　ダンジョン　ドーピング強敵	itemLotId_1	30102930	ダンジョン人（奴隷）鉈投擲　ダンジョン	True	
232301020	ダンジョン人（奴隷）（白服・ランタン_剣）　ドーピング強敵	itemLotId_1	30102952	ダンジョン人（奴隷）ランタン　ダンジョン　強敵	True	
232301030	ダンジョン人（奴隷）　白服　鉈　ランタン　ダンジョン　ドーピング強敵	itemLotId_1	30102952	ダンジョン人（奴隷）ランタン　ダンジョン　強敵	True	
232301040	ダンジョン人（奴隷）　黒服　双斧　ダンジョン　ドーピング強敵	itemLotId_1	30102956	ダンジョン人（奴隷）斧・斧　ダンジョン　強敵	True	
232301050	ダンジョン人（奴隷）　黒服　ポールウェポン　ダンジョン　ドーピング強敵	itemLotId_1	30102954	ダンジョン人（奴隷）斧ポール　ダンジョン　強敵	True	
232301060	ダンジョン人（奴隷）　黒服　剣　ダンジョンドーピング強敵	itemLotId_1	30102958	ダンジョン人（奴隷）剣・着衣　ダンジョン　強敵	True	
232302000	ダンジョン人（番人）　剣盾　ドーピング強敵　ダンジョン	itemLotId_1	30202950	ダンジョン人（番人）　ダンジョン　強敵	True	
232302010	ダンジョン人（番人）　モーニングスター　ドーピング強敵　ダンジョン	itemLotId_1	30202950	ダンジョン人（番人）　ダンジョン　強敵	True	
232302020	ダンジョン人（番人）　剣クロスボウ　ドーピング強敵　ダンジョン	itemLotId_1	30202952	ダンジョン人（番人）　クロスボウ　ダンジョン　強敵	True	
232302030	ダンジョン人（番人）　特大剣　ドーピング強敵　ダンジョン	itemLotId_1	30202950	ダンジョン人（番人）　ダンジョン　強敵	True	
232303000	ダンジョン人（狂人）　片手鎌　ドーピング強敵　ダンジョン	itemLotId_1	30304050	ダンジョン人（狂人）　ダンジョン　呪い&強敵	True	
232303001	ダンジョン人（狂人）　片手折れた大剣　ドーピング強敵　ダンジョン	itemLotId_1	30304050	ダンジョン人（狂人）　ダンジョン　呪い&強敵	True	
232303010	ダンジョン人（狂人）　死体持ち　ドーピング強敵　ダンジョン	itemLotId_1	30304050	ダンジョン人（狂人）　ダンジョン　呪い&強敵	True	
232303020	ダンジョン人（狂人）　二刀鎌　ドーピング強敵　ダンジョン	itemLotId_1	30304050	ダンジョン人（狂人）　ダンジョン　呪い&強敵	True	
232304000	ダンジョン人（デブ）　ナタ　ドーピング強敵　ダンジョン	itemLotId_1	30404050	ダンジョン人（デブ）　ダンジョン　呪い&強敵	True	
232304010	ダンジョン人（デブ）　赤熱ナタ　ドーピング強敵　ダンジョン	itemLotId_1	30404050	ダンジョン人（デブ）　ダンジョン　呪い&強敵	True	
232304020	ダンジョン人（デブ）　ナタ　ショットガン　ドーピング強敵　ダンジョン	itemLotId_1	30404050	ダンジョン人（デブ）　ダンジョン　呪い&強敵	True	
232304040	ダンジョン人（デブ）　ノコギリ　ドーピング強敵　ダンジョン	itemLotId_1	30404050	ダンジョン人（デブ）　ダンジョン　呪い&強敵	True	
232304050	ダンジョン人（デブ）　裸　両手鉄球　ドーピング強敵　ダンジョン	itemLotId_1	30404050	ダンジョン人（デブ）　ダンジョン　呪い&強敵	True	
232304051	ダンジョン人（デブ）（鉄球両手・紳士）　ドーピング強敵	itemLotId_1	30404050	ダンジョン人（デブ）　ダンジョン　呪い&強敵	True	
233110080	下水ネズミ　ダンジョン	itemLotId_1	11002940	下水ネズミ　ダンジョン　毒	True	
233110081	下水ネズミ　膿付き　ダンジョン	itemLotId_1	11002942	下水ネズミ　膿み付き　ダンジョン　毒	True	
233111080	死と闇の眷属　首あり　ダンジョン	itemLotId_1	11102940	死と闇の眷属（クモ）　首あり　ダンジョン　毒	True	
233111085	死と闇の眷属　首なし　ダンジョン	itemLotId_1	11102942	死と闇の眷属（クモ）　首なし　ダンジョン　毒	True	
233114080	狂信者の獣　ダンジョン	itemLotId_1	11402940	狂信者の獣　ダンジョン　毒	True	
233121080	墓守サソリ　子なし　小はさみ　ダンジョン	itemLotId_1	12102940	墓守サソリ　ダンジョン　毒	True	
233121081	墓守サソリ　子なし　大はさみ　ダンジョン	itemLotId_1	12102940	墓守サソリ　ダンジョン　毒	True	
233121090	墓守サソリ　子あり　小はさみ　ダンジョン	itemLotId_1	12102942	墓守サソリ　子持ち　ダンジョン　毒	True	
233121091	墓守サソリ　子あり　大はさみ　ダンジョン	itemLotId_1	12102942	墓守サソリ　子持ち　ダンジョン　毒	True	
233124090	狂犬　ダンジョン	itemLotId_1	12402940	狂犬　ダンジョン　毒	True	
233125000	蛇玉（子）　1本だけ太い　ダンジョン	itemLotId_1	12502940	蛇玉（子）　ダンジョン　毒	True	
233125010	蛇玉（子）　毒霧　ダンジョン	itemLotId_1	12502940	蛇玉（子）　ダンジョン　毒	True	
233126000	蛇玉（子）・小　1本だけ太い　ダンジョン	itemLotId_1	12602940	蛇玉（子）小　ダンジョン　毒	True	
233127000	吸血豚　ダンジョン	itemLotId_1	12702940	吸血豚　ダンジョン　毒	True	
233130000	死と闇の眷属（大）　ダンジョン	itemLotId_1	13002940	死と闇の眷属（大）　ダンジョン　毒	True	
233201080	墓掘り（鉤）　ダンジョン　	itemLotId_1	20102950	ダンジョン人（墓掘り）鉤　ダンジョン　強敵	True	
233201081	墓掘り（つるはし）　ダンジョン　	itemLotId_1	20102952	ダンジョン人（墓掘り）つるはし　ダンジョン　強敵	True	
233301000	ダンジョン人（奴隷）　裸　剣　ダンジョン　ドーピング強敵	itemLotId_1	30102990	ダンジョン人（奴隷）剣鉈　ダンジョン　毒+強敵	True	
233301001	ダンジョン人（奴隷）（裸・剣_素手投擲）　ドーピング強敵	itemLotId_1	30102990	ダンジョン人（奴隷）剣鉈　ダンジョン　毒+強敵	True	
233301010	ダンジョン人（奴隷）　裸　鉈　ダンジョン　ドーピング強敵	itemLotId_1	30102990	ダンジョン人（奴隷）剣鉈　ダンジョン　毒+強敵	True	
233301011	ダンジョン人（奴隷）　裸　鉈　投擲　ダンジョン　ドーピング強敵	itemLotId_1	30102930	ダンジョン人（奴隷）鉈投擲　ダンジョン	True	
233301020	ダンジョン人（奴隷）（白服・ランタン_剣）　ドーピング強敵	itemLotId_1	30102992	ダンジョン人（奴隷）ランタン　ダンジョン　毒+強敵	True	
233301030	ダンジョン人（奴隷）　白服　鉈　ランタン　ダンジョン　ドーピング強敵	itemLotId_1	30102992	ダンジョン人（奴隷）ランタン　ダンジョン　毒+強敵	True	
233301040	ダンジョン人（奴隷）　黒服　双斧　ダンジョン　ドーピング強敵	itemLotId_1	30102996	ダンジョン人（奴隷）斧・斧　ダンジョン　毒+強敵	True	
233301050	ダンジョン人（奴隷）　黒服　ポールウェポン　ダンジョン　ドーピング強敵	itemLotId_1	30102994	ダンジョン人（奴隷）斧ポール　ダンジョン　毒+強敵	True	
233301060	ダンジョン人（奴隷）　黒服　剣　ダンジョンドーピング強敵	itemLotId_1	30102998	ダンジョン人（奴隷）剣・着衣　ダンジョン　毒+強敵	True	
233302000	ダンジョン人（番人）　剣盾　ドーピング強敵　ダンジョン	itemLotId_1	30202950	ダンジョン人（番人）　ダンジョン　強敵	True	
233302010	ダンジョン人（番人）　モーニングスター　ドーピング強敵　ダンジョン	itemLotId_1	30202950	ダンジョン人（番人）　ダンジョン　強敵	True	
233302020	ダンジョン人（番人）　剣クロスボウ　ドーピング強敵　ダンジョン	itemLotId_1	30202952	ダンジョン人（番人）　クロスボウ　ダンジョン　強敵	True	
233302030	ダンジョン人（番人）　特大剣　ドーピング強敵　ダンジョン	itemLotId_1	30202950	ダンジョン人（番人）　ダンジョン　強敵	True	
233303000	ダンジョン人（狂人）　片手鎌　毒化　ドーピング強敵　ダンジョン	itemLotId_1	30304050	ダンジョン人（狂人）　ダンジョン　呪い&強敵	True	
233303001	ダンジョン人（狂人）　片手折れた大剣　毒化　ドーピング強敵　ダンジョン	itemLotId_1	30304050	ダンジョン人（狂人）　ダンジョン　呪い&強敵	True	
233303010	ダンジョン人（狂人）　死体持ち　毒化　ドーピング強敵　ダンジョン	itemLotId_1	30304050	ダンジョン人（狂人）　ダンジョン　呪い&強敵	True	
233303020	ダンジョン人（狂人）　二刀鎌　毒化　ドーピング強敵　ダンジョン	itemLotId_1	30304050	ダンジョン人（狂人）　ダンジョン　呪い&強敵	True	
233304000	ダンジョン人（デブ）　ナタ　毒化　ドーピング強敵　ダンジョン	itemLotId_1	30404050	ダンジョン人（デブ）　ダンジョン　呪い&強敵	True	
233304010	ダンジョン人（デブ）　赤熱ナタ　毒化　ドーピング強敵　ダンジョン	itemLotId_1	30404050	ダンジョン人（デブ）　ダンジョン　呪い&強敵	True	
233304020	ダンジョン人（デブ）　ナタ　ショットガン　毒化　ドーピング強敵　ダンジョン	itemLotId_1	30404050	ダンジョン人（デブ）　ダンジョン　呪い&強敵	True	
233304040	ダンジョン人（デブ）　ノコギリ　毒化　ドーピング強敵　ダンジョン	itemLotId_1	30404050	ダンジョン人（デブ）　ダンジョン　呪い&強敵	True	
233304050	ダンジョン人（デブ）　裸　両手鉄球　毒化　ドーピング強敵　ダンジョン	itemLotId_1	30404050	ダンジョン人（デブ）　ダンジョン　呪い&強敵	True	
233304051	ダンジョン人（デブ）（鉄球両手・紳士）　毒化＋ドーピング強敵	itemLotId_1	30404050	ダンジョン人（デブ）　ダンジョン　呪い&強敵	True	
235106080	脳喰らい　ダンジョン	itemLotId_1	10604000	脳喰らい　ダンジョン　呪い	True	
235106090	脳喰らい　フード　ダンジョン	itemLotId_1	10604000	脳喰らい　ダンジョン　呪い	True	
235303000	ダンジョン人（狂人）　片手鎌　ダンジョン	itemLotId_1	30304000	ダンジョン人（狂人）　ダンジョン　呪い	True	
235303001	ダンジョン人（狂人）　片手折れた大剣　ダンジョン	itemLotId_1	30304000	ダンジョン人（狂人）　ダンジョン　呪い	True	
235303010	ダンジョン人（狂人）　死体持ち　ダンジョン	itemLotId_1	30304000	ダンジョン人（狂人）　ダンジョン　呪い	True	
235303020	ダンジョン人（狂人）　二刀鎌　ダンジョン	itemLotId_1	30304000	ダンジョン人（狂人）　ダンジョン　呪い	True	
235303102	ダンジョン人（狂人）　片手鎌　嵐属性　ダンジョン	itemLotId_1	30304000	ダンジョン人（狂人）　ダンジョン　呪い	True	
235303109	ダンジョン人（狂人）　片手鎌　儀式　ダンジョン	itemLotId_1	30304080	ダンジョン人（狂人）　ダンジョン　呪い&儀式	True	
235303122	ダンジョン人（狂人）　片手折れた大剣　嵐属性　ダンジョン	itemLotId_1	30304000	ダンジョン人（狂人）　ダンジョン　呪い	True	
235303129	ダンジョン人（狂人）　片手折れた大剣　儀式　ダンジョン	itemLotId_1	30304080	ダンジョン人（狂人）　ダンジョン　呪い&儀式	True	
235303142	ダンジョン人（狂人）　死体持ち　嵐属性　ダンジョン	itemLotId_1	30304000	ダンジョン人（狂人）　ダンジョン　呪い	True	
235303162	ダンジョン人（狂人）　二刀鎌　嵐属性　ダンジョン	itemLotId_1	30304000	ダンジョン人（狂人）　ダンジョン　呪い	True	
235303169	ダンジョン人（狂人）　二刀鎌　儀式　ダンジョン	itemLotId_1	30304080	ダンジョン人（狂人）　ダンジョン　呪い&儀式	True	
235304000	ダンジョン人（デブ）　ナタ　ダンジョン	itemLotId_1	30404000	ダンジョン人（デブ）　ダンジョン　呪い	True	
235304010	ダンジョン人（デブ）　赤熱ナタ　ダンジョン	itemLotId_1	30404000	ダンジョン人（デブ）　ダンジョン　呪い	True	
235304020	ダンジョン人（デブ）　ナタ　ショットガン　ダンジョン	itemLotId_1	30404000	ダンジョン人（デブ）　ダンジョン　呪い	True	
235304040	ダンジョン人（デブ）　ノコギリ　ダンジョン	itemLotId_1	30404000	ダンジョン人（デブ）　ダンジョン　呪い	True	
235304050	ダンジョン人（デブ）　裸　両手鉄球　ダンジョン	itemLotId_1	30404000	ダンジョン人（デブ）　ダンジョン　呪い	True	
235304051	ダンジョン人（デブ）（鉄球両手・紳士）	itemLotId_1	30404000	ダンジョン人（デブ）　ダンジョン　呪い	True	
235304108	ダンジョン人（デブ）　ナタ　医者　ダンジョン	itemLotId_1	30404070	ダンジョン人（デブ）　ダンジョン　呪い&医者	True	
235304128	ダンジョン人（デブ）　赤熱ナタ　医者　ダンジョン	itemLotId_1	30404070	ダンジョン人（デブ）　ダンジョン　呪い&医者	True	
235304148	ダンジョン人（デブ）　ナタ　ショットガン　医者　ダンジョン	itemLotId_1	30404070	ダンジョン人（デブ）　ダンジョン　呪い&医者	True	
235304168	ダンジョン人（デブ）　ノコギリ　医者　ダンジョン	itemLotId_1	30404070	ダンジョン人（デブ）　ダンジョン　呪い&医者	True	
235304188	ダンジョン人（デブ）　裸　両手鉄球　医者　ダンジョン	itemLotId_1	30404070	ダンジョン人（デブ）　ダンジョン　呪い&医者	True	
235304208	ダンジョン人（デブ）（鉄球両手・紳士）　医者	itemLotId_1	30404070	ダンジョン人（デブ）　ダンジョン　呪い&医者	True	
236106080	脳喰らい　ダンジョン	itemLotId_1	10604000	脳喰らい　ダンジョン　呪い	True	
236106090	脳喰らい　フード　ダンジョン	itemLotId_1	10604000	脳喰らい　ダンジョン　呪い	True	
236303000	ダンジョン人（狂人）　片手鎌　ダンジョン	itemLotId_1	30304000	ダンジョン人（狂人）　ダンジョン　呪い	True	
236303001	ダンジョン人（狂人）　片手折れた大剣　ダンジョン	itemLotId_1	30304000	ダンジョン人（狂人）　ダンジョン　呪い	True	
236303010	ダンジョン人（狂人）　死体持ち　ダンジョン	itemLotId_1	30304000	ダンジョン人（狂人）　ダンジョン　呪い	True	
236303020	ダンジョン人（狂人）　二刀鎌　ダンジョン	itemLotId_1	30304000	ダンジョン人（狂人）　ダンジョン　呪い	True	
236303102	ダンジョン人（狂人）　片手鎌　嵐属性　ダンジョン	itemLotId_1	30304000	ダンジョン人（狂人）　ダンジョン　呪い	True	
236303109	ダンジョン人（狂人）　片手鎌　儀式　ダンジョン	itemLotId_1	30304080	ダンジョン人（狂人）　ダンジョン　呪い&儀式	True	
236303122	ダンジョン人（狂人）　片手折れた大剣　嵐属性　ダンジョン	itemLotId_1	30304000	ダンジョン人（狂人）　ダンジョン　呪い	True	
236303129	ダンジョン人（狂人）　片手折れた大剣　儀式　ダンジョン	itemLotId_1	30304080	ダンジョン人（狂人）　ダンジョン　呪い&儀式	True	
236303142	ダンジョン人（狂人）　死体持ち　嵐属性　ダンジョン	itemLotId_1	30304000	ダンジョン人（狂人）　ダンジョン　呪い	True	
236303162	ダンジョン人（狂人）　二刀鎌　嵐属性　ダンジョン	itemLotId_1	30304000	ダンジョン人（狂人）　ダンジョン　呪い	True	
236303169	ダンジョン人（狂人）　二刀鎌　儀式　ダンジョン	itemLotId_1	30304080	ダンジョン人（狂人）　ダンジョン　呪い&儀式	True	
236304000	ダンジョン人（デブ）　ナタ　ダンジョン	itemLotId_1	30404000	ダンジョン人（デブ）　ダンジョン　呪い	True	
236304010	ダンジョン人（デブ）　赤熱ナタ　ダンジョン	itemLotId_1	30404000	ダンジョン人（デブ）　ダンジョン　呪い	True	
236304020	ダンジョン人（デブ）　ナタ　ショットガン　ダンジョン	itemLotId_1	30404000	ダンジョン人（デブ）　ダンジョン　呪い	True	
236304040	ダンジョン人（デブ）　ノコギリ　ダンジョン	itemLotId_1	30404000	ダンジョン人（デブ）　ダンジョン　呪い	True	
236304050	ダンジョン人（デブ）　裸　両手鉄球　ダンジョン	itemLotId_1	30404000	ダンジョン人（デブ）　ダンジョン　呪い	True	
236304051	ダンジョン人（デブ）（鉄球両手・紳士）	itemLotId_1	30404000	ダンジョン人（デブ）　ダンジョン　呪い	True	
236304108	ダンジョン人（デブ）　ナタ　医者　ダンジョン	itemLotId_1	30404070	ダンジョン人（デブ）　ダンジョン　呪い&医者	True	
236304128	ダンジョン人（デブ）　赤熱ナタ　医者　ダンジョン	itemLotId_1	30404070	ダンジョン人（デブ）　ダンジョン　呪い&医者	True	
236304148	ダンジョン人（デブ）　ナタ　ショットガン　医者　ダンジョン	itemLotId_1	30404070	ダンジョン人（デブ）　ダンジョン　呪い&医者	True	
236304168	ダンジョン人（デブ）　ノコギリ　医者　ダンジョン	itemLotId_1	30404070	ダンジョン人（デブ）　ダンジョン　呪い&医者	True	
236304188	ダンジョン人（デブ）　裸　両手鉄球　医者　ダンジョン	itemLotId_1	30404070	ダンジョン人（デブ）　ダンジョン　呪い&医者	True	
236304208	ダンジョン人（デブ）（鉄球両手・紳士）　医者	itemLotId_1	30404070	ダンジョン人（デブ）　ダンジョン　呪い&医者	True	
237106080	脳喰らい　ダンジョン	itemLotId_1	10604000	脳喰らい　ダンジョン　呪い	True	
237106090	脳喰らい　フード　ダンジョン	itemLotId_1	10604000	脳喰らい　ダンジョン　呪い	True	
237303000	ダンジョン人（狂人）　片手鎌　ダンジョン	itemLotId_1	30304000	ダンジョン人（狂人）　ダンジョン　呪い	True	
237303001	ダンジョン人（狂人）　片手折れた大剣　ダンジョン	itemLotId_1	30304000	ダンジョン人（狂人）　ダンジョン　呪い	True	
237303010	ダンジョン人（狂人）　死体持ち　ダンジョン	itemLotId_1	30304000	ダンジョン人（狂人）　ダンジョン　呪い	True	
237303020	ダンジョン人（狂人）　二刀鎌　ダンジョン	itemLotId_1	30304000	ダンジョン人（狂人）　ダンジョン　呪い	True	
237303102	ダンジョン人（狂人）　片手鎌　嵐属性　ダンジョン	itemLotId_1	30304000	ダンジョン人（狂人）　ダンジョン　呪い	True	
237303109	ダンジョン人（狂人）　片手鎌　儀式　ダンジョン	itemLotId_1	30304080	ダンジョン人（狂人）　ダンジョン　呪い&儀式	True	
237303122	ダンジョン人（狂人）　片手折れた大剣　嵐属性　ダンジョン	itemLotId_1	30304000	ダンジョン人（狂人）　ダンジョン　呪い	True	
237303129	ダンジョン人（狂人）　片手折れた大剣　儀式　ダンジョン	itemLotId_1	30304080	ダンジョン人（狂人）　ダンジョン　呪い&儀式	True	
237303142	ダンジョン人（狂人）　死体持ち　嵐属性　ダンジョン	itemLotId_1	30304000	ダンジョン人（狂人）　ダンジョン　呪い	True	
237303162	ダンジョン人（狂人）　二刀鎌　嵐属性　ダンジョン	itemLotId_1	30304000	ダンジョン人（狂人）　ダンジョン　呪い	True	
237303169	ダンジョン人（狂人）　二刀鎌　儀式　ダンジョン	itemLotId_1	30304080	ダンジョン人（狂人）　ダンジョン　呪い&儀式	True	
237304000	ダンジョン人（デブ）　ナタ　ダンジョン	itemLotId_1	30404000	ダンジョン人（デブ）　ダンジョン　呪い	True	
237304010	ダンジョン人（デブ）　赤熱ナタ　ダンジョン	itemLotId_1	30404000	ダンジョン人（デブ）　ダンジョン　呪い	True	
237304020	ダンジョン人（デブ）　ナタ　ショットガン　ダンジョン	itemLotId_1	30404000	ダンジョン人（デブ）　ダンジョン　呪い	True	
237304040	ダンジョン人（デブ）　ノコギリ　ダンジョン	itemLotId_1	30404000	ダンジョン人（デブ）　ダンジョン　呪い	True	
237304050	ダンジョン人（デブ）　裸　両手鉄球　ダンジョン	itemLotId_1	30404000	ダンジョン人（デブ）　ダンジョン　呪い	True	
237304051	ダンジョン人（デブ）（鉄球両手・紳士）	itemLotId_1	30404000	ダンジョン人（デブ）　ダンジョン　呪い	True	
237304108	ダンジョン人（デブ）　ナタ　医者　ダンジョン	itemLotId_1	30404070	ダンジョン人（デブ）　ダンジョン　呪い&医者	True	
237304128	ダンジョン人（デブ）　赤熱ナタ　医者　ダンジョン	itemLotId_1	30404070	ダンジョン人（デブ）　ダンジョン　呪い&医者	True	
237304148	ダンジョン人（デブ）　ナタ　ショットガン　医者　ダンジョン	itemLotId_1	30404070	ダンジョン人（デブ）　ダンジョン　呪い&医者	True	
237304168	ダンジョン人（デブ）　ノコギリ　医者　ダンジョン	itemLotId_1	30404070	ダンジョン人（デブ）　ダンジョン　呪い&医者	True	
237304188	ダンジョン人（デブ）　裸　両手鉄球　医者　ダンジョン	itemLotId_1	30404070	ダンジョン人（デブ）　ダンジョン　呪い&医者	True	
237304208	ダンジョン人（デブ）（鉄球両手・紳士）　医者	itemLotId_1	30404070	ダンジョン人（デブ）　ダンジョン　呪い&医者	True	
238106080	脳喰らい　ダンジョン	itemLotId_1	10604000	脳喰らい　ダンジョン　呪い	True	
238106090	脳喰らい　フード　ダンジョン	itemLotId_1	10604000	脳喰らい　ダンジョン　呪い	True	
238303000	ダンジョン人（狂人）　片手鎌　ダンジョン	itemLotId_1	30304000	ダンジョン人（狂人）　ダンジョン　呪い	True	
238303001	ダンジョン人（狂人）　片手折れた大剣　ダンジョン	itemLotId_1	30304000	ダンジョン人（狂人）　ダンジョン　呪い	True	
238303010	ダンジョン人（狂人）　死体持ち　ダンジョン	itemLotId_1	30304000	ダンジョン人（狂人）　ダンジョン　呪い	True	
238303020	ダンジョン人（狂人）　二刀鎌　ダンジョン	itemLotId_1	30304000	ダンジョン人（狂人）　ダンジョン　呪い	True	
238303102	ダンジョン人（狂人）　片手鎌　嵐属性　ダンジョン	itemLotId_1	30304000	ダンジョン人（狂人）　ダンジョン　呪い	True	
238303109	ダンジョン人（狂人）　片手鎌　儀式　ダンジョン	itemLotId_1	30304080	ダンジョン人（狂人）　ダンジョン　呪い&儀式	True	
238303122	ダンジョン人（狂人）　片手折れた大剣　嵐属性　ダンジョン	itemLotId_1	30304000	ダンジョン人（狂人）　ダンジョン　呪い	True	
238303129	ダンジョン人（狂人）　片手折れた大剣　儀式　ダンジョン	itemLotId_1	30304080	ダンジョン人（狂人）　ダンジョン　呪い&儀式	True	
238303142	ダンジョン人（狂人）　死体持ち　嵐属性　ダンジョン	itemLotId_1	30304000	ダンジョン人（狂人）　ダンジョン　呪い	True	
238303162	ダンジョン人（狂人）　二刀鎌　嵐属性　ダンジョン	itemLotId_1	30304000	ダンジョン人（狂人）　ダンジョン　呪い	True	
238303169	ダンジョン人（狂人）　二刀鎌　儀式　ダンジョン	itemLotId_1	30304080	ダンジョン人（狂人）　ダンジョン　呪い&儀式	True	
238304000	ダンジョン人（デブ）　ナタ　ダンジョン	itemLotId_1	30404000	ダンジョン人（デブ）　ダンジョン　呪い	True	
238304010	ダンジョン人（デブ）　赤熱ナタ　ダンジョン	itemLotId_1	30404000	ダンジョン人（デブ）　ダンジョン　呪い	True	
238304020	ダンジョン人（デブ）　ナタ　ショットガン　ダンジョン	itemLotId_1	30404000	ダンジョン人（デブ）　ダンジョン　呪い	True	
238304040	ダンジョン人（デブ）　ノコギリ　ダンジョン	itemLotId_1	30404000	ダンジョン人（デブ）　ダンジョン　呪い	True	
238304050	ダンジョン人（デブ）　裸　両手鉄球　ダンジョン	itemLotId_1	30404000	ダンジョン人（デブ）　ダンジョン　呪い	True	
238304051	ダンジョン人（デブ）（鉄球両手・紳士）	itemLotId_1	30404000	ダンジョン人（デブ）　ダンジョン　呪い	True	
238304108	ダンジョン人（デブ）　ナタ　医者　ダンジョン	itemLotId_1	30404070	ダンジョン人（デブ）　ダンジョン　呪い&医者	True	
238304128	ダンジョン人（デブ）　赤熱ナタ　医者　ダンジョン	itemLotId_1	30404070	ダンジョン人（デブ）　ダンジョン　呪い&医者	True	
238304148	ダンジョン人（デブ）　ナタ　ショットガン　医者　ダンジョン	itemLotId_1	30404070	ダンジョン人（デブ）　ダンジョン　呪い&医者	True	
238304168	ダンジョン人（デブ）　ノコギリ　医者　ダンジョン	itemLotId_1	30404070	ダンジョン人（デブ）　ダンジョン　呪い&医者	True	
238304188	ダンジョン人（デブ）　裸　両手鉄球　医者　ダンジョン	itemLotId_1	30404070	ダンジョン人（デブ）　ダンジョン　呪い&医者	True	
238304208	ダンジョン人（デブ）（鉄球両手・紳士）　医者	itemLotId_1	30404070	ダンジョン人（デブ）　ダンジョン　呪い&医者	True	
300006201	【フロア4】 クモ男パッチ_ダンジョン	itemLotId_1	6200		False	
300007000	【フロア4】　NPC1　血の狩人ヴィート　通常時	itemLotId_1	60000	ダンジョンNPC1　通常時	True	
300007001	【フロア4】　NPC1　血の狩人ヴィート　マルチ召喚代理時	itemLotId_1	60010	ダンジョンNPC1　マルチ召喚代理時	True	
300007010	【フロア4】　NPC2　グレミアの血の狩人　通常時	itemLotId_1	61000	ダンジョンNPC2　通常時	True	
300007011	【フロア4】　NPC2　グレミアの血の狩人マルチ召喚代理時	itemLotId_1	61010	ダンジョンNPC2　マルチ召喚代理時	True	
300007030	【フロア4】　NPC4　医療教会の狩人　通常時	itemLotId_1	63000	ダンジョンNPC4　通常時	True	
300007031	【フロア4】　NPC4　医療教会の狩人　マルチ召喚代理時	itemLotId_1	63010	ダンジョンNPC4　マルチ召喚代理時	True	
300007040	【フロア4】　NPC5　医療教会の血の狩人　通常時	itemLotId_1	64000	ダンジョンNPC5　通常時	True	
300007041	【フロア4】　NPC5　医療教会の血の狩人　マルチ召喚代理時	itemLotId_1	64010	ダンジョンNPC5　マルチ召喚代理時	True	
300007045	【フロア4】　NPC5_2　医療教会の血の狩人　通常時	itemLotId_1	64100	ダンジョンNPC5_2　通常時	True	
300007046	【フロア4】　NPC5_2　医療教会の血の狩人　マルチ召喚代理時	itemLotId_1	64110	ダンジョンNPC5_2　マルチ召喚代理時	True	
300007050	【フロア4】　NPC6　聖歌隊　通常時	itemLotId_1	65000	ダンジョンNPC6　通常時	True	
300007051	【フロア4】　NPC6　聖歌隊　マルチ召喚代理時	itemLotId_1	65010	ダンジョンNPC6　マルチ召喚代理時	True	
300007060	【フロア4】　NPC7　旧ハンター　通常時	itemLotId_1	66000	ダンジョンNPC7　通常時	True	
300007061	【フロア4】　NPC7　旧ハンター　マルチ召喚代理時	itemLotId_1	66010	ダンジョンNPC7　マルチ召喚代理時	True	
300007100	【フロア4】　NPC9：強敵　血族狩り：杭打ち剣　通常時	itemLotId_1	68000	ダンジョンNPC9　通常時	True	
300007101	【フロア4】　NPC9：強敵　血族狩り：杭打ち剣　マルチ召喚代理時	itemLotId_1	68010	ダンジョンNPC9　マルチ召喚代理時	True	
300007110	【フロア4】　NPC10_1：強敵　血族狩り：車輪＋魔法（誘導弾）　通常時	itemLotId_1	69000	ダンジョンNPC10　通常時	True	
300007111	【フロア4】　NPC10_1：強敵　血族狩り：車輪＋魔法（誘導弾）　マルチ召喚代理時	itemLotId_1	69010	ダンジョンNPC10　マルチ召喚代理時	True	
300007115	【フロア4】　NPC10_2：強敵　血族狩り：車輪/教会短銃　通常時	itemLotId_1	70000	ダンジョンNPC10_2　通常時	True	
300007116	【フロア4】　NPC10_2：強敵　血族狩り：車輪/教会短銃　マルチ召喚代理時	itemLotId_1	70010	ダンジョンNPC10_2　マルチ召喚代理時	True	
300007120	【フロア4】　NPC11_1：強敵　滅ぼす者　通常時	itemLotId_1	71000	ダンジョンNPC11_1　通常時	True	
300007121	【フロア4】　NPC11_1：強敵　滅ぼす者　マルチ召喚代理時	itemLotId_1	71010	ダンジョンNPC11_1　マルチ召喚代理時	True	
300007125	【フロア4】　NPC11_2：強敵　滅ぼす者 杖鞭/工房短銃　通常時	itemLotId_1	72000	ダンジョンNPC11_2　通常時	True	
300007126	【フロア4】　NPC11_2：強敵　滅ぼす者 杖鞭/工房短銃　マルチ召喚代理時	itemLotId_1	72010	ダンジョンNPC11_2　マルチ召喚代理時	True	
300007130	【フロア4】　NPC12：強敵　ブランドンの流血鴉　通常時	itemLotId_1	73000	ダンジョンNPC12　通常時	True	
300007131	【フロア4】　NPC12：強敵　ブランドンの流血鴉　マルチ召喚代理時	itemLotId_1	73010	ダンジョンNPC12　マルチ召喚代理時	True	
300007140	【フロア4】　NPC13：強敵　カインの血族　通常時	itemLotId_1	74000	ダンジョンNPC13　通常時	True	
300007141	【フロア4】　NPC13：強敵　カインの血族　マルチ召喚代理時	itemLotId_1	74010	ダンジョンNPC13　マルチ召喚代理時	True	
300007150	【フロア4】　NPC14：強敵　カインの血族騎士　通常時	itemLotId_1	75000	ダンジョンNPC14　通常時	True	
300007151	【フロア4】　NPC14：強敵　カインの血族騎士　マルチ召喚代理時	itemLotId_1	75010	ダンジョンNPC14　マルチ召喚代理時	True	
300007160	【フロア4】　NPC15：強敵　血族狩り　※頭部のみ　通常時	itemLotId_1	76000	ダンジョンNPC15　通常時	True	
300007161	【フロア4】　NPC15：強敵　血族狩り　※頭部のみ　マルチ召喚代理時	itemLotId_1	76010	ダンジョンNPC15　マルチ召喚代理時	True	
300007200	【フロア4】 固定ダンジョン　ボスNPC1　【Boss】	itemLotId_1	77000	固定ダンジョン　ボスNPC1	True	50004000
300007210	【フロア4】 固定ダンジョン　ボスNPC2　【Boss】	itemLotId_1	77010	固定ダンジョン　ボスNPC2	True	50004100
310100080	【フロア4】 猟犬　ダンジョン	itemLotId_1	10002900	猟犬　ダンジョン	True	
310100102	【フロア4】 猟犬　ダンジョン嵐属性	itemLotId_1	10002910	猟犬　ダンジョン　嵐	True	
310100180	【フロア4】猟犬　（月）　ダンジョン	itemLotId_1	10002920	猟犬　ダンジョン　（月の猟犬）	True	
310101080	【フロア4】 司祭　ダンジョン	itemLotId_1	10102900	司祭　ダンジョン	True	
310101095	【フロア4】 司祭　ダンジョン　強敵	itemLotId_1	10102900	司祭　ダンジョン	True	
310105080	【フロア4】 さまよう寡婦　ダンジョン	itemLotId_1	10502900	さまよう寡婦　ダンジョン	True	
310105800	【フロア4】 さまよう寡婦　マルチ召喚（強）：物理	itemLotId_1	10502950	さまよう寡婦　マルチ召喚（弱）：物理	True	
310105810	【フロア4】 さまよう寡婦　マルチ召喚（強）：銃	itemLotId_1	10502952	さまよう寡婦　マルチ召喚（弱）：銃	True	
310105820	【フロア4】 さまよう寡婦　マルチ召喚（強）：炎雷	itemLotId_1	10502954	さまよう寡婦　マルチ召喚（弱）：炎雷	True	
310105830	【フロア4】 さまよう寡婦　マルチ召喚（強）：魔法	itemLotId_1	10502956	さまよう寡婦　マルチ召喚（弱）：魔法	True	
310105840	【フロア4】 さまよう寡婦　マルチ召喚（強）：補助	itemLotId_1	10502958	さまよう寡婦　マルチ召喚（弱）：補助	True	
310105850	【フロア4】 さまよう寡婦　マルチ召喚（強）：レア素材A	itemLotId_1	10502960	さまよう寡婦　マルチ召喚（弱）：レア素材A	True	
310105860	【フロア4】 さまよう寡婦　マルチ召喚（強）：レア素材B	itemLotId_1	10502962	さまよう寡婦　マルチ召喚（弱）：レア素材B	True	
310105900	【フロア4】 さまよう寡婦　マルチ召喚（弱）：物理	itemLotId_1	10502950	さまよう寡婦　マルチ召喚（弱）：物理	True	
310105910	【フロア4】 さまよう寡婦　マルチ召喚（弱）：銃	itemLotId_1	10502952	さまよう寡婦　マルチ召喚（弱）：銃	True	
310105920	【フロア4】 さまよう寡婦　マルチ召喚（弱）：炎雷	itemLotId_1	10502954	さまよう寡婦　マルチ召喚（弱）：炎雷	True	
310105930	【フロア4】 さまよう寡婦　マルチ召喚（弱）：魔法	itemLotId_1	10502956	さまよう寡婦　マルチ召喚（弱）：魔法	True	
310105940	【フロア4】 さまよう寡婦　マルチ召喚（弱）：補助	itemLotId_1	10502958	さまよう寡婦　マルチ召喚（弱）：補助	True	
310105950	【フロア4】 さまよう寡婦　マルチ召喚（弱）：レア素材A	itemLotId_1	10502960	さまよう寡婦　マルチ召喚（弱）：レア素材A	True	
310105960	【フロア4】 さまよう寡婦　マルチ召喚（弱）：レア素材B	itemLotId_1	10502962	さまよう寡婦　マルチ召喚（弱）：レア素材B	True	
310106080	【フロア4】 脳喰らい　ダンジョン	itemLotId_1	10602900	脳喰らい　ダンジョン	True	
310106085	【フロア4】 脳喰らい　フード　ダンジョン	itemLotId_1	10602902	脳喰らい　フード　ダンジョン	True	
310109080	【フロア4】 異形ビースト　素手_警戒行動なし　ダンジョン	itemLotId_1	10902900	異形ビースト　ダンジョン	True	
310109102	【フロア4】 異形ビースト　嵐属性　ダンジョン	itemLotId_1	10902910	異形ビースト　ダンジョン　嵐	True	
310109580	【フロア4】 異形ビースト　スローキャラ　ダンジョン	itemLotId_1	10902902	異形ビースト_赤目　ダンジョン	True	
310109602	【フロア4】 異形ビースト　スローキャラ　嵐属性　ダンジョン	itemLotId_1	10902912	異形ビースト_赤目　ダンジョン　嵐	True	
310110080	【フロア4】 下水ネズミ　ダンジョン	itemLotId_1	11002900	下水ネズミ　ダンジョン	True	
310110081	【フロア4】 下水ネズミ　膿付き　ダンジョン	itemLotId_1	11002902	下水ネズミ　膿み付き　ダンジョン	True	
310111080	【フロア4】 死と闇の眷属　首あり　ダンジョン	itemLotId_1	11102900	死と闇の眷属（クモ）　首あり　ダンジョン	True	
310111081	【フロア4】 死と闇の眷属（変速前移動）　ダンジョン	itemLotId_1	11102900	死と闇の眷属（クモ）　首あり　ダンジョン	True	
310111085	【フロア4】 死と闇の眷属　首なし　ダンジョン	itemLotId_1	11102902	死と闇の眷属（クモ）　首なし　ダンジョン	True	
310111086	【フロア4】 死と闇の眷属（変速前移動）　首なし　ダンジョン	itemLotId_1	11102901		False	
310111090	【フロア4】 死と闇の眷属　首あり　生成　ダンジョン	itemLotId_1	11102904	死と闇の眷属（クモ）　首なし（ジェネレート）　ダンジョン	True	
310111091	【フロア4】 死と闇の眷属_ジェネレート（変速前移動）　ダンジョン	itemLotId_1	11102902	死と闇の眷属（クモ）　首なし　ダンジョン	True	
310111095	【フロア4】 死と闇の眷属　首なし　生成　ダンジョン	itemLotId_1	11102904	死と闇の眷属（クモ）　首なし（ジェネレート）　ダンジョン	True	
310111096	【フロア4】 死と闇の眷属_ジェネレート（変速前移動）　首なし　ダンジョン	itemLotId_1	11102902	死と闇の眷属（クモ）　首なし　ダンジョン	True	
310111200	【フロア4】 死と闇の眷属　首なし　ダンジョン	itemLotId_1	2909800	プレゼンダンジョン敵ドロップ	True	
310112080	【フロア4】 水死体ビースト　ダンジョン	itemLotId_1	11202900	水死体ビースト　ダンジョン	True	
310112200	【フロア4】 水死体ビースト　ダンジョン	itemLotId_1	2909800	プレゼンダンジョン敵ドロップ	True	
310113080	【フロア4】 デーモンの狂信者　ダンジョン用	itemLotId_1	11302900	デーモンの狂信者　ダンジョン	True	
310114080	【フロア4】 狂信者の獣　ダンジョン	itemLotId_1	11402900	狂信者の獣　ダンジョン	True	
310114902	【フロア4】 狂信者の獣　ダンジョン　嵐属性	itemLotId_1	11402910	狂信者の獣　ダンジョン　嵐	True	
310115080	【フロア4】 スライム　ダンジョン	itemLotId_1	11502900	スライム　ダンジョン	True	
310116080	【フロア4】 デーモン犬　ダンジョン	itemLotId_1	11602900	デーモン犬　ダンジョン	True	
310118080	【フロア4】 さまよう狂気　ダンジョン	itemLotId_1	11810000	さまよう狂気（小）　ダンジョン	True	52902000
310118081	【フロア4】 さまよう狂気(小)　並２　ダンジョン用	itemLotId_1	11810000	さまよう狂気（小）　ダンジョン	True	52902000
310118082	【フロア4】 さまよう狂気(小)　良　ダンジョン用	itemLotId_1	11810000	さまよう狂気（小）　ダンジョン	True	52902000
310118083	【フロア4】 さまよう狂気(小)　レア　ダンジョン用	itemLotId_1	11810000	さまよう狂気（小）　ダンジョン	True	52902000
310119080	【フロア4】 さまよう狂気(中)　ダンジョン	itemLotId_1	11902900	さまよう狂気（中）　ダンジョン　並	True	52903000
310121080	【フロア4】 墓守サソリ　子なし　小はさみ　ダンジョン	itemLotId_1	12102900	墓守サソリ　ダンジョン	True	
310121081	【フロア4】 墓守サソリ　子なし　大はさみ　ダンジョン	itemLotId_1	12102900	墓守サソリ　ダンジョン	True	
310121090	【フロア4】 墓守サソリ　子あり　小はさみ　ダンジョン	itemLotId_1	12102902	墓守サソリ　子持ち　ダンジョン	True	
310121091	【フロア4】 墓守サソリ　子あり　大はさみ　ダンジョン	itemLotId_1	12102902	墓守サソリ　子持ち　ダンジョン	True	
310122080	【フロア4】 幼生オオコウモリ　ダンジョン	itemLotId_1	12202900	幼生オオコウモリ　ダンジョン	True	
310122081	【フロア4】 幼生オオコウモリ（彫像待機）　ダンジョン	itemLotId_1	12202900	幼生オオコウモリ　ダンジョン	True	
310123000	【フロア4】 穴掘り　ダンジョン	itemLotId_1	12302900	穴掘り　ダンジョン	True	
310123200	【フロア4】 穴掘り　ダンジョン	itemLotId_1	2909800	プレゼンダンジョン敵ドロップ	True	
310124090	【フロア4】 狂犬　ダンジョン	itemLotId_1	12402900	狂犬　ダンジョン	True	
310124102	【フロア4】 狂犬　ダンジョン用　嵐属性	itemLotId_1	12402910	狂犬　ダンジョン　嵐	True	
310125000	【フロア4】 蛇玉（子）　1本だけ太い　ダンジョン	itemLotId_1	12502900	蛇玉（子）　ダンジョン	True	
310125010	【フロア4】 蛇玉（子）　毒霧　ダンジョン	itemLotId_1	12502900	蛇玉（子）　ダンジョン	True	
310126000	【フロア4】 蛇玉（子）・小　1本だけ太い　ダンジョン	itemLotId_1	12602900	蛇玉（子）小　ダンジョン	True	
310127000	【フロア4】 吸血豚　ダンジョン	itemLotId_1	12702900	吸血豚　ダンジョン	True	
310127102	【フロア4】 吸血豚　ダンジョン　嵐属性	itemLotId_1	12702910	吸血豚　ダンジョン　嵐	True	
310129000	【フロア4】 異形ビースト（雌）　ダンジョン	itemLotId_1	12902900	異形ビースト（雌）　ダンジョン	True	
310130000	【フロア4】 死と闇の眷属（大）　ダンジョン	itemLotId_1	13002900	死と闇の眷属（大）　ダンジョン	True	
310140000	【フロア4】 白痴の蜘蛛（子）　ダンジョン	itemLotId_1	14002900	白痴の蜘蛛（子）　ダンジョン	True	
310140010	【フロア4】 白痴の蜘蛛（子）　ボスのお供　ダンジョン	itemLotId_1	14002910	白痴の蜘蛛（子）　ダンジョン　ボスのお供	True	
310201020	【フロア4】 墓掘り（銃）　ダンジョン	itemLotId_1	20102904	ダンジョン人（墓掘り）銃　ダンジョン	True	
310201080	【フロア4】 墓掘り（鉤）　ダンジョン	itemLotId_1	20102900	ダンジョン人（墓掘り）鉤　ダンジョン	True	
310201081	【フロア4】 墓掘り（つるはし）　ダンジョン	itemLotId_1	20102902	ダンジョン人（墓掘り）つるはし　ダンジョン	True	
310201090	【フロア4】 墓掘り（鉤）　ダンジョン＿巡回	itemLotId_1	20102900	ダンジョン人（墓掘り）鉤　ダンジョン	True	
310201091	【フロア4】 墓掘り（つるはし）　ダンジョン＿巡回	itemLotId_1	20102902	ダンジョン人（墓掘り）つるはし　ダンジョン	True	
310201092	【フロア4】 墓掘り（銃）＿巡回	itemLotId_1	20102904	ダンジョン人（墓掘り）銃　ダンジョン	True	
310201108	【フロア4】 墓掘り（鉤）　医者　ダンジョン	itemLotId_1	20102970	ダンジョン人（墓掘り）鉤　ダンジョン 医者	True	
310201109	【フロア4】 墓掘り（鉤）　儀式　ダンジョン	itemLotId_1	20102980	ダンジョン人（墓掘り）鉤　ダンジョン 儀式	True	
310201128	【フロア4】 墓掘り（つるはし）　医者　ダンジョン	itemLotId_1	20102972	ダンジョン人（墓掘り）つるはし　ダンジョン　医師	True	
310201200	【フロア4】 墓掘り（銃）	itemLotId_1	2909800	プレゼンダンジョン敵ドロップ	True	
310201210	【フロア4】 墓掘り（鉤）　ダンジョン	itemLotId_1	2909800	プレゼンダンジョン敵ドロップ	True	
310201220	【フロア4】 墓掘り（つるはし）　ダンジョン	itemLotId_1	2909800	プレゼンダンジョン敵ドロップ	True	
310202080	【フロア4】 人さらい　ダンジョン	itemLotId_1	20202900	人さらい　ダンジョン	True	
310204080	【フロア4】 操り骸　ダンジョン	itemLotId_1	20402900	操り骸　ダンジョン　不死敵	True	
310205080	【フロア4】 狂気の悪霊　ダンジョン	itemLotId_1	20502900	狂気の悪霊　ダンジョン	True	
310205290	狂気の悪霊　SAN値　ダンジョン	itemLotId_1	205290		False	
310208080	【フロア4】 月明かりのゴースト 杖あり　ダンジョン	itemLotId_1	20802900	月明かりのゴースト　ダンジョン	True	52902200
310208090	【フロア4】 月明かりのゴースト 杖なし　ダンジョン	itemLotId_1	20802900	月明かりのゴースト　ダンジョン	True	52902200
310209095	【フロア4】 血に渇いた獣　ザコ扱い　ダンジョン	itemLotId_1	20905000	血に渇いた獣　ザコ扱い	True	
310210080	【フロア4】 アイコレクター ダンジョン	itemLotId_1	21002900	アイコレクター　ダンジョン	True	
310210180	【フロア4】 アイコレクター　牢番ババア　 ダンジョン	itemLotId_1	21002902	アイコレクター　ダンジョン	True	
310211080	【フロア4】 蜘蛛のクトゥルフ　ダンジョン	itemLotId_1	21102900	蜘蛛のクトゥルフ　ダンジョン	True	
310212080	【フロア4】 闇の旅団　剣　ダンジョン	itemLotId_1	21202900	闇の旅団　剣　ダンジョン	True	
310212081	【フロア4】 闇の旅団　剣・蝋燭　ダンジョン	itemLotId_1	21202902	闇の旅団　剣・蝋燭　ダンジョン	True	
310212082	【フロア4】 闇の旅団　オーブ・鎚　ダンジョン	itemLotId_1	21202904	闇の旅団　オーブ・鎚　ダンジョン	True	
310213000	【フロア4】 血舐め（血袋小）　ダンジョン	itemLotId_1	21302900	血舐め　ダンジョン	True	
310213010	【フロア4】 血舐め（血袋中）　ダンジョン	itemLotId_1	21302900	血舐め　ダンジョン	True	
310213020	【フロア4】 血舐め（血袋大）　ダンジョン	itemLotId_1	21302900	血舐め　ダンジョン	True	
310213030	【フロア4】 血舐め（血袋特大）　ダンジョン	itemLotId_1	21302900	血舐め　ダンジョン	True	
310216000	【フロア4】 滅びの炎の眷属　ダンジョン	itemLotId_1	21602900	滅びの炎の眷属　ダンジョン	True	
310216001	【フロア4】 滅びの炎の眷属　（帽子なし）　ダンジョン	itemLotId_1	21602900	滅びの炎の眷属　ダンジョン	True	
310218000	【フロア4】 銀の獣の眷属　ダンジョン	itemLotId_1	21802900	銀の獣の眷属　ダンジョン	True	
310218010	【フロア4】 銀の獣の眷属　寄生虫　ダンジョン	itemLotId_1	21802900	銀の獣の眷属　ダンジョン	True	
310219000	【フロア4】 寄生虫　ダンジョン	itemLotId_1	21902900	銀の獣の眷属　寄生虫　ダンジョン	True	
310250080	【フロア4】 月からの使者　触手なし　ダンジョン	itemLotId_1	25002900	月からの使者　ダンジョン	True	
310250081	【フロア4】 月からの使者　触手あり　ダンジョン	itemLotId_1	25002902	月からの使者　触手あり　ダンジョン	True	
310250203	【フロア4】 月からの使者　コズミック属性透明化	itemLotId_1	25002910	月からの使者　ダンジョン　宇宙	True	
310250204	【フロア4】 月からの使者　コズミック属性弾丸変化	itemLotId_1	25002910	月からの使者　ダンジョン　宇宙	True	
310250205	【フロア4】 月からの使者　触手あり　コズミック属性化　ダンジョン	itemLotId_1	25002912	月からの使者　触手あり　ダンジョン　宇宙	True	
310250206	【フロア4】 月からの使者　触手あり　コズミック属性弾丸変化　ダンジョン	itemLotId_1	25002912	月からの使者　触手あり　ダンジョン　宇宙	True	
310252080	【フロア4】 月の幼生　ダンジョン	itemLotId_1	25202900	月の幼生　ダンジョン	True	
310252081	【フロア4】 月の幼生　天井待機　ダンジョン	itemLotId_1	25202900	月の幼生　ダンジョン	True	
310253030	【フロア4】 星の花　（頭部のみ）　ダンジョン	itemLotId_1	25302900	星の花　ダンジョン	True	
310253104	【フロア4】 星の花　コズミック属性弾丸変化　ダンジョン	itemLotId_1	25302910	星の花　ダンジョン　宇宙	True	
310300000	【フロア4】 ダンジョン人（司祭）　固定砲台　ダンジョン	itemLotId_1	30002900	ダンジョン人（司祭）　ダンジョン	True	
310300001	【フロア4】 ダンジョン人（司祭）・立っている	itemLotId_1	30002900	ダンジョン人（司祭）　ダンジョン	True	
310300002	【フロア4】 ダンジョン人（司祭）　周囲強化タイプ　ダンジョン	itemLotId_1	30002905	ダンジョン人（司祭）　ダンジョン 格闘タイプ	True	
310300010	【フロア4】 ダンジョン人（司祭）　固定砲台　ダンジョン_ダンジョン用砲台	itemLotId_1	30002900	ダンジョン人（司祭）　ダンジョン	True	
310300104	【フロア4】 ダンジョン人（司祭）　固定砲台　コズミック属性弾丸変化　ダンジョン	itemLotId_1	30002920	ダンジョン人（司祭）　ダンジョン　宇宙	True	
310300124	【フロア4】 ダンジョン人（司祭）・立っている　コズミック属性弾丸変化	itemLotId_1	30002920	ダンジョン人（司祭）　ダンジョン　宇宙	True	
310300144	【フロア4】 ダンジョン人（司祭）　固定砲台　ダンジョン_ダンジョン用砲台　コズミック属性弾丸変化	itemLotId_1	30002920	ダンジョン人（司祭）　ダンジョン　宇宙	True	
310301000	【フロア4】 ダンジョン人（奴隷）　裸　剣　ダンジョン	itemLotId_1	30102900	ダンジョン人（奴隷）剣鉈　ダンジョン	True	
310301001	【フロア4】 ダンジョン人（奴隷）（裸・剣_素手投擲）	itemLotId_1	30102900	ダンジョン人（奴隷）剣鉈　ダンジョン	True	
310301005	【フロア4】 ダンジョン人（奴隷）　裸　剣　ステルス投げナイフ　ダンジョン	itemLotId_1	30102910	ダンジョン人（奴隷）剣鉈　ダンジョン　ステルス投げナイフ	True	
310301009	【フロア4】 ダンジョン人（奴隷）　裸　素手　無気力　ダンジョン	itemLotId_1	30102920	ダンジョン人（奴隷）剣鉈　ダンジョン　無気力	True	
310301010	【フロア4】 ダンジョン人（奴隷）　裸　鉈　ダンジョン	itemLotId_1	30102900	ダンジョン人（奴隷）剣鉈　ダンジョン	True	
310301011	【フロア4】 ダンジョン人（奴隷）　裸　鉈　投擲　ダンジョン	itemLotId_1	30102930	ダンジョン人（奴隷）鉈投擲　ダンジョン	True	
310301020	【フロア4】 ダンジョン人（奴隷）（白服・ランタン_剣）	itemLotId_1	30102902	ダンジョン人（奴隷）ランタン　ダンジョン	True	
310301030	【フロア4】 ダンジョン人（奴隷）　白服　鉈　ランタン　ダンジョン	itemLotId_1	30102902	ダンジョン人（奴隷）ランタン　ダンジョン	True	
310301040	【フロア4】 ダンジョン人（奴隷）　黒服　双斧　ダンジョン	itemLotId_1	30102906	ダンジョン人（奴隷）斧・斧　ダンジョン	True	
310301050	【フロア4】 ダンジョン人（奴隷）　黒服　ポールウェポン　ダンジョン	itemLotId_1	30102904	ダンジョン人（奴隷）斧ポール　ダンジョン	True	
310301060	【フロア4】 ダンジョン人（奴隷）　黒服　剣　ダンジョン	itemLotId_1	30102908	ダンジョン人（奴隷）剣・着衣　ダンジョン	True	
310301070	【フロア4】 ダンジョン人（奴隷）　裸　双剣　強い奴隷　ダンジョン	itemLotId_1	30102970	ダンジョン人（奴隷）剣鉈　ダンジョン　強奴隷	True	
310301107	【フロア4】 ダンジョン人（奴隷）　裸　剣　ダンジョン　戦士	itemLotId_1	30102960	ダンジョン人（奴隷）剣鉈　ダンジョン　戦士	True	
310301109	【フロア4】 ダンジョン人（奴隷）　裸　剣　ダンジョン　儀式	itemLotId_1	30102980	ダンジョン人（奴隷）剣鉈　ダンジョン　儀式	True	
310301127	【フロア4】 ダンジョン人（奴隷）（裸・剣_素手投擲）　戦士	itemLotId_1	30102960	ダンジョン人（奴隷）剣鉈　ダンジョン　戦士	True	
310301129	【フロア4】 ダンジョン人（奴隷）（裸・剣_素手投擲）　儀式	itemLotId_1	30102980	ダンジョン人（奴隷）剣鉈　ダンジョン　儀式	True	
310301147	【フロア4】 ダンジョン人（奴隷）　裸　鉈　戦士　ダンジョン	itemLotId_1	30102960	ダンジョン人（奴隷）剣鉈　ダンジョン　戦士	True	
310301149	【フロア4】 ダンジョン人（奴隷）　裸　鉈　儀式　ダンジョン	itemLotId_1	30102980	ダンジョン人（奴隷）剣鉈　ダンジョン　儀式	True	
310301167	【フロア4】 ダンジョン人（奴隷）　裸　鉈　投擲　戦士　ダンジョン	itemLotId_1	30102930	ダンジョン人（奴隷）鉈投擲　ダンジョン	True	
310301169	【フロア4】 ダンジョン人（奴隷）　裸　鉈　投擲　儀式　ダンジョン	itemLotId_1	30102930	ダンジョン人（奴隷）鉈投擲　ダンジョン	True	
310301187	【フロア4】 ダンジョン人（奴隷）（白服・ランタン_剣）　戦士	itemLotId_1	30102962	ダンジョン人（奴隷）ランタン　ダンジョン　戦士	True	
310301189	【フロア4】 ダンジョン人（奴隷）（白服・ランタン_剣）　儀式	itemLotId_1	30102982	ダンジョン人（奴隷）ランタン　ダンジョン　儀式	True	
310301207	【フロア4】 ダンジョン人（奴隷）　白服　鉈　ランタン　戦士　ダンジョン	itemLotId_1	30102962	ダンジョン人（奴隷）ランタン　ダンジョン　戦士	True	
310301209	【フロア4】 ダンジョン人（奴隷）　白服　鉈　ランタン　儀式　ダンジョン	itemLotId_1	30102982	ダンジョン人（奴隷）ランタン　ダンジョン　儀式	True	
310301227	【フロア4】 ダンジョン人（奴隷）　黒服　双斧　戦士　ダンジョン	itemLotId_1	30102966	ダンジョン人（奴隷）斧・斧　ダンジョン　戦士	True	
310301229	【フロア4】 ダンジョン人（奴隷）　黒服　双斧　儀式　ダンジョン	itemLotId_1	30102986	ダンジョン人（奴隷）斧・斧　ダンジョン　儀式	True	
310301247	【フロア4】 ダンジョン人（奴隷）　黒服　ポールウェポン　戦士　ダンジョン	itemLotId_1	30102964	ダンジョン人（奴隷）斧ポール　ダンジョン　戦士	True	
310301249	【フロア4】 ダンジョン人（奴隷）　黒服　ポールウェポン　儀式　ダンジョン	itemLotId_1	30102984	ダンジョン人（奴隷）斧ポール　ダンジョン　儀式	True	
310301267	【フロア4】 ダンジョン人（奴隷）　黒服　剣　戦士　ダンジョン	itemLotId_1	30102968	ダンジョン人（奴隷）剣・着衣　ダンジョン　戦士	True	
310301269	【フロア4】 ダンジョン人（奴隷）　黒服　剣　儀式　ダンジョン	itemLotId_1	30102988	ダンジョン人（奴隷）剣・着衣　ダンジョン　儀式	True	
310301329	【フロア4】 ダンジョン人（奴隷）　白服　双斧　儀式　ダンジョン	itemLotId_1	30102986	ダンジョン人（奴隷）斧・斧　ダンジョン　儀式	True	
310301349	【フロア4】 ダンジョン人（奴隷）　白服　ポールウェポン　儀式　ダンジョン	itemLotId_1	30102984	ダンジョン人（奴隷）斧ポール　ダンジョン　儀式	True	
310301369	【フロア4】 ダンジョン人（奴隷）　白服　剣　儀式　ダンジョン	itemLotId_1	30102980	ダンジョン人（奴隷）剣鉈　ダンジョン　儀式	True	
310301800	【フロア4】 ダンジョン人（奴隷）　裸　剣　ダンジョン	itemLotId_1	2909800	プレゼンダンジョン敵ドロップ	True	
310301810	【フロア4】 ダンジョン人（奴隷）　裸　鉈　ダンジョン	itemLotId_1	2909800	プレゼンダンジョン敵ドロップ	True	
310301840	【フロア4】 ダンジョン人（奴隷）　黒服　双斧　ダンジョン	itemLotId_1	2909800	プレゼンダンジョン敵ドロップ	True	
310301850	【フロア4】 ダンジョン人（奴隷）　黒服　ポールウェポン　ダンジョン	itemLotId_1	2909800	プレゼンダンジョン敵ドロップ	True	
310301860	【フロア4】 ダンジョン人（奴隷）　黒服　剣　ダンジョン	itemLotId_1	2909800	プレゼンダンジョン敵ドロップ	True	
310302000	【フロア4】 ダンジョン人（番人）　剣盾　ダンジョン	itemLotId_1	30202900	ダンジョン人（番人）　ダンジョン	True	
310302010	【フロア4】 ダンジョン人（番人）　モーニングスター　ダンジョン	itemLotId_1	30202900	ダンジョン人（番人）　ダンジョン	True	
310302020	【フロア4】 ダンジョン人（番人）　剣クロスボウ　ダンジョン	itemLotId_1	30202902	ダンジョン人（番人）　クロスボウ　ダンジョン	True	
310302030	【フロア4】 ダンジョン人（番人）　特大剣　ダンジョン	itemLotId_1	30202900	ダンジョン人（番人）　ダンジョン	True	
310302108	【フロア4】 ダンジョン人（番人）　剣盾　医者　ダンジョン	itemLotId_1	30202970	ダンジョン人（番人）　ダンジョン　医者	True	
310302109	【フロア4】 ダンジョン人（番人）　剣盾　儀式　ダンジョン	itemLotId_1	30202980	ダンジョン人（番人）　ダンジョン　儀式	True	
310302128	【フロア4】 ダンジョン人（番人）　モーニングスター　医者　ダンジョン	itemLotId_1	30202970	ダンジョン人（番人）　ダンジョン　医者	True	
310302148	【フロア4】 ダンジョン人（番人）　剣クロスボウ　医者　ダンジョン	itemLotId_1	30202982	ダンジョン人（番人）　クロスボウ　ダンジョン　儀式	True	
310302168	【フロア4】 ダンジョン人（番人）　特大剣　医者　ダンジョン	itemLotId_1	30202970	ダンジョン人（番人）　ダンジョン　医者	True	
310302169	【フロア4】 ダンジョン人（番人）　特大剣　儀式　ダンジョン	itemLotId_1	30202980	ダンジョン人（番人）　ダンジョン　儀式	True	
310303000	【フロア4】 ダンジョン人（狂人）　片手鎌　ダンジョン	itemLotId_1	30302900	ダンジョン人（狂人）　ダンジョン	True	
310303001	【フロア4】 ダンジョン人（狂人）　片手折れた大剣　ダンジョン	itemLotId_1	30302900	ダンジョン人（狂人）　ダンジョン	True	
310303010	【フロア4】 ダンジョン人（狂人）　死体持ち　ダンジョン	itemLotId_1	30302902	ダンジョン人（狂人）　死体持ち　ダンジョン	True	
310303020	【フロア4】 ダンジョン人（狂人）　二刀鎌　ダンジョン	itemLotId_1	30302900	ダンジョン人（狂人）　ダンジョン	True	
310303102	【フロア4】 ダンジョン人（狂人）　片手鎌　嵐属性　ダンジョン	itemLotId_1	30302910	ダンジョン人（狂人）　ダンジョン　嵐	True	
310303109	【フロア4】 ダンジョン人（狂人）　片手鎌　儀式　ダンジョン	itemLotId_1	30302980	ダンジョン人（狂人）　ダンジョン　儀式	True	
310303122	【フロア4】 ダンジョン人（狂人）　片手折れた大剣　嵐属性　ダンジョン	itemLotId_1	30302910	ダンジョン人（狂人）　ダンジョン　嵐	True	
310303129	【フロア4】 ダンジョン人（狂人）　片手折れた大剣　儀式　ダンジョン	itemLotId_1	30302980	ダンジョン人（狂人）　ダンジョン　儀式	True	
310303142	【フロア4】 ダンジョン人（狂人）　死体持ち　嵐属性　ダンジョン	itemLotId_1	30302912	ダンジョン人（狂人）　死体持ち　ダンジョン　嵐	True	
310303162	【フロア4】 ダンジョン人（狂人）　二刀鎌　嵐属性　ダンジョン	itemLotId_1	30302910	ダンジョン人（狂人）　ダンジョン　嵐	True	
310303169	【フロア4】 ダンジョン人（狂人）　二刀鎌　儀式　ダンジョン	itemLotId_1	30302980	ダンジョン人（狂人）　ダンジョン　儀式	True	
310304000	【フロア4】 ダンジョン人（デブ）　ナタ　ダンジョン	itemLotId_1	30402900	ダンジョン人（デブ）　ダンジョン	True	
310304010	【フロア4】 ダンジョン人（デブ）　赤熱ナタ　ダンジョン	itemLotId_1	30402900	ダンジョン人（デブ）　ダンジョン	True	
310304020	【フロア4】 ダンジョン人（デブ）　ナタ　ショットガン　ダンジョン	itemLotId_1	30402902	ダンジョン人（デブ）　銃　ダンジョン	True	
310304040	【フロア4】 ダンジョン人（デブ）　ノコギリ　ダンジョン	itemLotId_1	30402900	ダンジョン人（デブ）　ダンジョン	True	
310304050	【フロア4】 ダンジョン人（デブ）　裸　両手鉄球　ダンジョン	itemLotId_1	30402904	ダンジョン人（デブ）　鉄球　ダンジョン	True	
310304051	【フロア4】 ダンジョン人（デブ）（鉄球両手・紳士）	itemLotId_1	30402904	ダンジョン人（デブ）　鉄球　ダンジョン	True	
310304108	【フロア4】 ダンジョン人（デブ）　ナタ　ダンジョン　医者	itemLotId_1	30402970	ダンジョン人（デブ）　ダンジョン　医者	True	
310304128	【フロア4】 ダンジョン人（デブ）　赤熱ナタ　ダンジョン　医者	itemLotId_1	30402970	ダンジョン人（デブ）　ダンジョン　医者	True	
310304148	【フロア4】 ダンジョン人（デブ）　ナタ　ショットガン　ダンジョン　医者	itemLotId_1	30402972	ダンジョン人（デブ）　銃　ダンジョン　医者	True	
310304168	【フロア4】 ダンジョン人（デブ）　ノコギリ　ダンジョン　医者	itemLotId_1	30402970	ダンジョン人（デブ）　ダンジョン　医者	True	
310304188	【フロア4】 ダンジョン人（デブ）　裸　両手鉄球　ダンジョン　医者	itemLotId_1	30402974	ダンジョン人（デブ）　鉄球　ダンジョン　医者	True	
310304208	【フロア4】 ダンジョン人（デブ）（鉄球両手・紳士）　医者	itemLotId_1	30402974	ダンジョン人（デブ）　鉄球　ダンジョン　医者	True	
310305005	【フロア4】 ダンジョン人（ロード）　双剣　ザコ扱い　ダンジョン	itemLotId_1	30505000	ダンジョン人（ロード)　双剣　ザコ扱い	True	
310305015	【フロア4】 ダンジョン人（ロード）　杖　ザコ扱い　ダンジョン	itemLotId_1	30515000	ダンジョン人（ロード)　杖　ザコ扱い	True	
310310080	【フロア4】 ミミック　ダンジョン	itemLotId_1	31002900	ミミック　ダンジョン	True	
310310081	【フロア4】 ミミック　遠距離　ダンジョン	itemLotId_1	31002902	ミミック　遠距離タイプ　ダンジョン	True	
310312000	【フロア4】 悪霊（女）　ダンジョン	itemLotId_1	31202900	悪霊（女）　ダンジョン	True	
310312010	【フロア4】 悪霊（女）　ストーカー　ダンジョン	itemLotId_1	31202900	悪霊（女）　ダンジョン	True	
310312011	【フロア4】 悪霊（女）　ストーカー　宝箱から出現　ダンジョン	itemLotId_1	31202900	悪霊（女）　ダンジョン	True	
310313000	【フロア4】 フレッシュゴーレム（先端剣＋肘剣）　弱点なし　ダンジョン	itemLotId_1	31302900	フレッシュゴーレム　ダンジョン	True	
310313001	【フロア4】 フレッシュゴーレム（先端剣＋肘剣）　弱点左ひざ横　ダンジョン	itemLotId_1	31302900	フレッシュゴーレム　ダンジョン	True	
310313002	【フロア4】 フレッシュゴーレム（先端剣＋肘剣）　弱点おしり　ダンジョン	itemLotId_1	31302900	フレッシュゴーレム　ダンジョン	True	
310313010	【フロア4】 フレッシュゴーレム（斧＋大砲）　弱点なし　ダンジョン	itemLotId_1	31302910	フレッシュゴーレム　大砲　ダンジョン	True	
310313011	【フロア4】 フレッシュゴーレム（斧＋大砲）　弱点左ひざ横　ダンジョン	itemLotId_1	31302910	フレッシュゴーレム　大砲　ダンジョン	True	
310313012	【フロア4】 フレッシュゴーレム（斧＋大砲）　弱点正面　ダンジョン	itemLotId_1	31302910	フレッシュゴーレム　大砲　ダンジョン	True	
310313020	【フロア4】 フレッシュゴーレム（肉塊＋鉤）　弱点なし　ダンジョン	itemLotId_1	31302900	フレッシュゴーレム　ダンジョン	True	
310313021	【フロア4】 フレッシュゴーレム（肉塊＋鉤）　弱点左ひざ横　ダンジョン	itemLotId_1	31302900	フレッシュゴーレム　ダンジョン	True	
310313022	【フロア4】 フレッシュゴーレム（肉塊＋鉤）　弱点おしり　ダンジョン	itemLotId_1	31302900	フレッシュゴーレム　ダンジョン	True	
310313109	【フロア4】 フレッシュゴーレム（先端剣＋肘剣）　弱点なし　炎エンチャント　ダンジョン	itemLotId_1	31302980	フレッシュゴーレム　ダンジョン　儀式	True	
310313129	【フロア4】 フレッシュゴーレム（先端剣＋肘剣）　弱点左ひざ横　炎エンチャント　ダンジョン	itemLotId_1	31302980	フレッシュゴーレム　ダンジョン　儀式	True	
310313149	【フロア4】 フレッシュゴーレム（先端剣＋肘剣）　弱点おしり　炎エンチャント　ダンジョン	itemLotId_1	31302980	フレッシュゴーレム　ダンジョン　儀式	True	
310313200	【フロア4】 フレッシュゴーレム（先端剣＋肘剣）　弱点左ひざ横　炎エンチャント　ダンジョン	itemLotId_1	2909800	プレゼンダンジョン敵ドロップ	True	
310501005	【フロア4】 炎の獣　ザコ扱い　ダンジョン	itemLotId_1	50105000	炎の獣　ザコ扱い	True	
310501200	【フロア4】 炎の獣　【Boss】　ダンジョンボス　ダンジョン	itemLotId_1	2909800	プレゼンダンジョン敵ドロップ	True	
310504005	【フロア4】 嵐の獣　ザコ扱い　ダンジョン	itemLotId_1	50405000	嵐の獣　ザコ扱い	True	
310509005	【フロア4】 始祖ビースト　ザコ扱い　ダンジョン	itemLotId_1	50905000	始祖ビースト　ザコ扱い	True	
310750080	【フロア4】 敵アバター　ダンジョン	itemLotId_1	75002900	敵アバター　ダンジョン	True	
319304000	ダンジョン人（デブ）　ナタ　ダンジョン	itemLotId_1	30405000	ダンジョン人（デブ）　ダンジョン　A1	True	
319304010	ダンジョン人（デブ）　赤熱ナタ　ダンジョン	itemLotId_1	30405000	ダンジョン人（デブ）　ダンジョン　A1	True	
319304020	ダンジョン人（デブ）　ナタ　ショットガン　ダンジョン	itemLotId_1	30405000	ダンジョン人（デブ）　ダンジョン　A1	True	
319304040	ダンジョン人（デブ）　ノコギリ　ダンジョン	itemLotId_1	30405000	ダンジョン人（デブ）　ダンジョン　A1	True	
319304050	ダンジョン人（デブ）　裸　両手鉄球　ダンジョン	itemLotId_1	30405000	ダンジョン人（デブ）　ダンジョン　A1	True	
319304051	ダンジョン人（デブ）（鉄球両手・紳士）	itemLotId_1	30405000	ダンジョン人（デブ）　ダンジョン　A1	True	
319304108	ダンジョン人（デブ）　ナタ　医者　ダンジョン	itemLotId_1	30405000	ダンジョン人（デブ）　ダンジョン　A1	True	
319304128	ダンジョン人（デブ）　赤熱ナタ　医者　ダンジョン	itemLotId_1	30405000	ダンジョン人（デブ）　ダンジョン　A1	True	
319304148	ダンジョン人（デブ）　ナタ　ショットガン　医者　ダンジョン	itemLotId_1	30405000	ダンジョン人（デブ）　ダンジョン　A1	True	
319304168	ダンジョン人（デブ）　ノコギリ　医者　ダンジョン	itemLotId_1	30405000	ダンジョン人（デブ）　ダンジョン　A1	True	
319304188	ダンジョン人（デブ）　裸　両手鉄球　医者　ダンジョン	itemLotId_1	30405000	ダンジョン人（デブ）　ダンジョン　A1	True	
319304208	ダンジョン人（デブ）（鉄球両手・紳士）　医者	itemLotId_1	30405000	ダンジョン人（デブ）　ダンジョン　A1	True	
320110080	【フロア4】 下水ネズミ　ダンジョン	itemLotId_1	11002900	下水ネズミ　ダンジョン	True	
320110081	【フロア4】 下水ネズミ　膿付き　ダンジョン	itemLotId_1	11002902	下水ネズミ　膿み付き　ダンジョン	True	
320111080	【フロア4】 死と闇の眷属　首あり　ダンジョン	itemLotId_1	11102900	死と闇の眷属（クモ）　首あり　ダンジョン	True	
320111085	【フロア4】 死と闇の眷属　首なし　ダンジョン	itemLotId_1	11102904	死と闇の眷属（クモ）　首なし（ジェネレート）　ダンジョン	True	
320111090	死と闇の眷属　首あり　生成　ダンジョン	itemLotId_1	11102902	死と闇の眷属（クモ）　首なし　ダンジョン	True	
320111091	死と闇の眷属_ジェネレート（変速前移動）　ダンジョン	itemLotId_1	11102902	死と闇の眷属（クモ）　首なし　ダンジョン	True	
320111095	死と闇の眷属　首なし　生成　ダンジョン	itemLotId_1	11102902	死と闇の眷属（クモ）　首なし　ダンジョン	True	
320111096	死と闇の眷属_ジェネレート（変速前移動）　首なし　ダンジョン	itemLotId_1	11102902	死と闇の眷属（クモ）　首なし　ダンジョン	True	
320114080	【フロア4】 狂信者の獣　ダンジョン	itemLotId_1	11402900	狂信者の獣　ダンジョン	True	
320121080	【フロア4】 墓守サソリ　子なし　小はさみ　ダンジョン	itemLotId_1	12102900	墓守サソリ　ダンジョン	True	
320121081	【フロア4】 墓守サソリ　子なし　大はさみ　ダンジョン	itemLotId_1	12102900	墓守サソリ　ダンジョン	True	
320121090	【フロア4】 墓守サソリ　子あり　小はさみ　ダンジョン	itemLotId_1	12102902	墓守サソリ　子持ち　ダンジョン	True	
320121091	【フロア4】 墓守サソリ　子あり　大はさみ　ダンジョン	itemLotId_1	12102902	墓守サソリ　子持ち　ダンジョン	True	
320124090	【フロア4】 狂犬　ダンジョン	itemLotId_1	12402900	狂犬　ダンジョン	True	
320125000	【フロア4】 蛇玉（子）　1本だけ太い　ダンジョン	itemLotId_1	12502900	蛇玉（子）　ダンジョン	True	
320125010	【フロア4】 蛇玉（子）　毒霧　ダンジョン	itemLotId_1	12502900	蛇玉（子）　ダンジョン	True	
320126000	【フロア4】 蛇玉（子）・小　1本だけ太い　ダンジョン	itemLotId_1	12602900	蛇玉（子）小　ダンジョン	True	
320127000	【フロア4】 吸血豚　ダンジョン	itemLotId_1	12702900	吸血豚　ダンジョン	True	
320130000	【フロア4】 死と闇の眷属（大）　ダンジョン	itemLotId_1	13002900	死と闇の眷属（大）　ダンジョン	True	
320140000	【フロア4】 白痴の蜘蛛（子）　ダンジョン	itemLotId_1	14002900	白痴の蜘蛛（子）　ダンジョン	True	
320201080	【フロア4】 墓掘り（鉤）　ダンジョン	itemLotId_1	20102900	ダンジョン人（墓掘り）鉤　ダンジョン	True	
320201081	【フロア4】 墓掘り（つるはし）　ダンジョン	itemLotId_1	20102902	ダンジョン人（墓掘り）つるはし　ダンジョン	True	
320253030	【フロア4】 星の花　（頭部のみ）　ダンジョン	itemLotId_1	25302900	星の花　ダンジョン	True	
320253104	【フロア4】 星の花　コズミック属性弾丸変化　ダンジョン	itemLotId_1	25302910	星の花　ダンジョン　宇宙	True	
320300000	【フロア4】 ダンジョン人（司祭）　固定砲台　ダンジョン	itemLotId_1	30002900	ダンジョン人（司祭）　ダンジョン	True	
320300001	【フロア4】 ダンジョン人（司祭）・立っている	itemLotId_1	30002900	ダンジョン人（司祭）　ダンジョン	True	
320300010	【フロア4】 ダンジョン人（司祭）　固定砲台　ダンジョン_ダンジョン用砲台	itemLotId_1	30002900	ダンジョン人（司祭）　ダンジョン	True	
320301000	【フロア4】 ダンジョン人（奴隷）　裸　剣　ダンジョン	itemLotId_1	30102900	ダンジョン人（奴隷）剣鉈　ダンジョン	True	
320301001	【フロア4】 ダンジョン人（奴隷）（裸・剣_素手投擲）	itemLotId_1	30102900	ダンジョン人（奴隷）剣鉈　ダンジョン	True	
320301005	【フロア4】 ダンジョン人（奴隷）　裸　剣　ステルス投げナイフ　ダンジョン	itemLotId_1	30102900	ダンジョン人（奴隷）剣鉈　ダンジョン	True	
320301010	【フロア4】 ダンジョン人（奴隷）　裸　鉈　ダンジョン	itemLotId_1	30102900	ダンジョン人（奴隷）剣鉈　ダンジョン	True	
320301011	【フロア4】 ダンジョン人（奴隷）　裸　鉈　投擲　ダンジョン	itemLotId_1	30102930	ダンジョン人（奴隷）鉈投擲　ダンジョン	True	
320301020	【フロア4】 ダンジョン人（奴隷）（白服・ランタン_剣）	itemLotId_1	30102902	ダンジョン人（奴隷）ランタン　ダンジョン	True	
320301030	【フロア4】 ダンジョン人（奴隷）　白服　鉈　ランタン　ダンジョン	itemLotId_1	30102902	ダンジョン人（奴隷）ランタン　ダンジョン	True	
320301040	【フロア4】 ダンジョン人（奴隷）　黒服　双斧　ダンジョン	itemLotId_1	30102906	ダンジョン人（奴隷）斧・斧　ダンジョン	True	
320301050	【フロア4】 ダンジョン人（奴隷）　黒服　ポールウェポン　ダンジョン	itemLotId_1	30102904	ダンジョン人（奴隷）斧ポール　ダンジョン	True	
320301060	【フロア4】 ダンジョン人（奴隷）　黒服　剣　ダンジョン	itemLotId_1	30102908	ダンジョン人（奴隷）剣・着衣　ダンジョン	True	
320302000	【フロア4】 ダンジョン人（番人）　剣盾　ダンジョン	itemLotId_1	30202900	ダンジョン人（番人）　ダンジョン	True	
320302010	【フロア4】 ダンジョン人（番人）　モーニングスター　ダンジョン	itemLotId_1	30202900	ダンジョン人（番人）　ダンジョン	True	
320302020	【フロア4】 ダンジョン人（番人）　剣クロスボウ　ダンジョン	itemLotId_1	30202902	ダンジョン人（番人）　クロスボウ　ダンジョン	True	
320302030	【フロア4】 ダンジョン人（番人）　特大剣　ダンジョン	itemLotId_1	30202900	ダンジョン人（番人）　ダンジョン	True	
320303000	【フロア4】 ダンジョン人（狂人）　片手鎌　ダンジョン	itemLotId_1	30302900	ダンジョン人（狂人）　ダンジョン	True	
320303001	【フロア4】 ダンジョン人（狂人）　片手折れた大剣　ダンジョン	itemLotId_1	30302900	ダンジョン人（狂人）　ダンジョン	True	
320303010	【フロア4】 ダンジョン人（狂人）　死体持ち　ダンジョン	itemLotId_1	30302902	ダンジョン人（狂人）　死体持ち　ダンジョン	True	
320303020	【フロア4】 ダンジョン人（狂人）　二刀鎌　ダンジョン	itemLotId_1	30302900	ダンジョン人（狂人）　ダンジョン	True	
320304000	【フロア4】 ダンジョン人（デブ）　ナタ　ダンジョン	itemLotId_1	30402900	ダンジョン人（デブ）　ダンジョン	True	
320304010	【フロア4】 ダンジョン人（デブ）　赤熱ナタ　ダンジョン	itemLotId_1	30402900	ダンジョン人（デブ）　ダンジョン	True	
320304020	【フロア4】 ダンジョン人（デブ）　ナタ　ショットガン　ダンジョン	itemLotId_1	30402902	ダンジョン人（デブ）　銃　ダンジョン	True	
320304040	【フロア4】 ダンジョン人（デブ）　ノコギリ　ダンジョン	itemLotId_1	30402900	ダンジョン人（デブ）　ダンジョン	True	
320304050	【フロア4】 ダンジョン人（デブ）　裸　両手鉄球　ダンジョン	itemLotId_1	30402904	ダンジョン人（デブ）　鉄球　ダンジョン	True	
320304051	【フロア4】 ダンジョン人（デブ）（鉄球両手・紳士）	itemLotId_1	30402904	ダンジョン人（デブ）　鉄球　ダンジョン	True	
320313000	【フロア4】 フレッシュゴーレム（先端剣＋肘剣）　弱点なし　ダンジョン	itemLotId_1	31302900	フレッシュゴーレム　ダンジョン	True	
320313001	【フロア4】 フレッシュゴーレム（先端剣＋肘剣）　弱点左ひざ横　ダンジョン	itemLotId_1	31302900	フレッシュゴーレム　ダンジョン	True	
320313002	【フロア4】 フレッシュゴーレム（先端剣＋肘剣）　弱点おしり　ダンジョン	itemLotId_1	31302900	フレッシュゴーレム　ダンジョン	True	
320313010	【フロア4】 フレッシュゴーレム（斧＋大砲）　弱点なし　ダンジョン	itemLotId_1	31302910	フレッシュゴーレム　大砲　ダンジョン	True	
320313011	【フロア4】 フレッシュゴーレム（斧＋大砲）　弱点左ひざ横　ダンジョン	itemLotId_1	31302910	フレッシュゴーレム　大砲　ダンジョン	True	
320313012	【フロア4】 フレッシュゴーレム（斧＋大砲）　弱点正面　ダンジョン	itemLotId_1	31302910	フレッシュゴーレム　大砲　ダンジョン	True	
320313020	【フロア4】 フレッシュゴーレム（肉塊＋鉤）　弱点なし　ダンジョン	itemLotId_1	31302900	フレッシュゴーレム　ダンジョン	True	
320313021	【フロア4】 フレッシュゴーレム（肉塊＋鉤）　弱点左ひざ横　ダンジョン	itemLotId_1	31302900	フレッシュゴーレム　ダンジョン	True	
320313022	【フロア4】 フレッシュゴーレム（肉塊＋鉤）　弱点おしり　ダンジョン	itemLotId_1	31302900	フレッシュゴーレム　ダンジョン	True	
321110080	【フロア4】 下水ネズミ　ダンジョン	itemLotId_1	11002940	下水ネズミ　ダンジョン　毒	True	
321110081	【フロア4】 下水ネズミ　膿付き　ダンジョン	itemLotId_1	11002942	下水ネズミ　膿み付き　ダンジョン　毒	True	
321111080	【フロア4】 死と闇の眷属　首あり　ダンジョン	itemLotId_1	11102940	死と闇の眷属（クモ）　首あり　ダンジョン　毒	True	
321111085	【フロア4】 死と闇の眷属　首なし　ダンジョン	itemLotId_1	11102942	死と闇の眷属（クモ）　首なし　ダンジョン　毒	True	
321111090	死と闇の眷属　首あり　生成　ダンジョン	itemLotId_1	11102902	死と闇の眷属（クモ）　首なし　ダンジョン	True	
321111091	死と闇の眷属_ジェネレート（変速前移動）　ダンジョン	itemLotId_1	11102902	死と闇の眷属（クモ）　首なし　ダンジョン	True	
321111095	死と闇の眷属　首なし　生成　ダンジョン	itemLotId_1	11102902	死と闇の眷属（クモ）　首なし　ダンジョン	True	
321111096	死と闇の眷属_ジェネレート（変速前移動）　首なし　ダンジョン	itemLotId_1	11102902	死と闇の眷属（クモ）　首なし　ダンジョン	True	
321114080	【フロア4】 狂信者の獣　ダンジョン	itemLotId_1	11402940	狂信者の獣　ダンジョン　毒	True	
321121080	【フロア4】 墓守サソリ　子なし　小はさみ　ダンジョン	itemLotId_1	12102940	墓守サソリ　ダンジョン　毒	True	
321121081	【フロア4】 墓守サソリ　子なし　大はさみ　ダンジョン	itemLotId_1	12102940	墓守サソリ　ダンジョン　毒	True	
321121090	【フロア4】 墓守サソリ　子あり　小はさみ　ダンジョン	itemLotId_1	12102942	墓守サソリ　子持ち　ダンジョン　毒	True	
321121091	【フロア4】 墓守サソリ　子あり　大はさみ　ダンジョン	itemLotId_1	12102942	墓守サソリ　子持ち　ダンジョン　毒	True	
321124090	【フロア4】 狂犬　ダンジョン	itemLotId_1	12402940	狂犬　ダンジョン　毒	True	
321125000	【フロア4】 蛇玉（子）　1本だけ太い　ダンジョン	itemLotId_1	12502940	蛇玉（子）　ダンジョン　毒	True	
321125010	【フロア4】 蛇玉（子）　毒霧　ダンジョン	itemLotId_1	12502940	蛇玉（子）　ダンジョン　毒	True	
321126000	【フロア4】 蛇玉（子）・小　1本だけ太い　ダンジョン	itemLotId_1	12602940	蛇玉（子）小　ダンジョン　毒	True	
321127000	【フロア4】 吸血豚　ダンジョン	itemLotId_1	12702940	吸血豚　ダンジョン　毒	True	
321130000	【フロア4】 死と闇の眷属（大）　ダンジョン	itemLotId_1	13002940	死と闇の眷属（大）　ダンジョン　毒	True	
321140000	【フロア4】 白痴の蜘蛛（子）　ダンジョン	itemLotId_1	14002900	白痴の蜘蛛（子）　ダンジョン	True	
321201080	【フロア4】 墓掘り（鉤）　ダンジョン	itemLotId_1	20102900	ダンジョン人（墓掘り）鉤　ダンジョン	True	
321201081	【フロア4】 墓掘り（つるはし）　ダンジョン	itemLotId_1	20102902	ダンジョン人（墓掘り）つるはし　ダンジョン	True	
321253030	【フロア4】 星の花　（頭部のみ）　ダンジョン	itemLotId_1	25302900	星の花　ダンジョン	True	
321253104	【フロア4】 星の花　コズミック属性弾丸変化　ダンジョン	itemLotId_1	25302910	星の花　ダンジョン　宇宙	True	
321301000	【フロア4】 ダンジョン人（奴隷）　裸　剣　ダンジョン　毒	itemLotId_1	30102940	ダンジョン人（奴隷）剣鉈　ダンジョン　毒	True	
321301001	【フロア4】 ダンジョン人（奴隷）（裸・剣_素手投擲）　毒	itemLotId_1	30102940	ダンジョン人（奴隷）剣鉈　ダンジョン　毒	True	
321301010	【フロア4】 ダンジョン人（奴隷）　裸　鉈　ダンジョン　毒	itemLotId_1	30102940	ダンジョン人（奴隷）剣鉈　ダンジョン　毒	True	
321301011	【フロア4】 ダンジョン人（奴隷）　裸　鉈　投擲　ダンジョン　毒	itemLotId_1	30102932	ダンジョン人（奴隷）鉈投擲　ダンジョン　毒	True	
321301020	【フロア4】 ダンジョン人（奴隷）（白服・ランタン_剣）　毒	itemLotId_1	30102942	ダンジョン人（奴隷）ランタン　ダンジョン　毒	True	
321301030	【フロア4】 ダンジョン人（奴隷）　白服　鉈　ランタン　ダンジョン　毒	itemLotId_1	30102942	ダンジョン人（奴隷）ランタン　ダンジョン　毒	True	
321301040	【フロア4】 ダンジョン人（奴隷）　黒服　双斧　ダンジョン　毒	itemLotId_1	30102946	ダンジョン人（奴隷）斧・斧　ダンジョン　毒	True	
321301050	【フロア4】 ダンジョン人（奴隷）　黒服　ポールウェポン　ダンジョン　毒	itemLotId_1	30102944	ダンジョン人（奴隷）斧ポール　ダンジョン　毒	True	
321301060	【フロア4】 ダンジョン人（奴隷）　黒服　剣　ダンジョン毒	itemLotId_1	30102948	ダンジョン人（奴隷）剣・着衣　ダンジョン　毒	True	
321302000	【フロア4】 ダンジョン人（番人）　剣盾　ダンジョン	itemLotId_1	30202900	ダンジョン人（番人）　ダンジョン	True	
321302010	【フロア4】 ダンジョン人（番人）　モーニングスター　ダンジョン	itemLotId_1	30202900	ダンジョン人（番人）　ダンジョン	True	
321302020	【フロア4】 ダンジョン人（番人）　剣クロスボウ　ダンジョン	itemLotId_1	30202902	ダンジョン人（番人）　クロスボウ　ダンジョン	True	
321302030	【フロア4】 ダンジョン人（番人）　特大剣　ダンジョン	itemLotId_1	30202900	ダンジョン人（番人）　ダンジョン	True	
321303000	【フロア4】 ダンジョン人（狂人）　片手鎌　ダンジョン	itemLotId_1	30302900	ダンジョン人（狂人）　ダンジョン	True	
321303001	【フロア4】 ダンジョン人（狂人）　片手折れた大剣　ダンジョン	itemLotId_1	30302900	ダンジョン人（狂人）　ダンジョン	True	
321303010	【フロア4】 ダンジョン人（狂人）　死体持ち　ダンジョン	itemLotId_1	30302902	ダンジョン人（狂人）　死体持ち　ダンジョン	True	
321303020	【フロア4】 ダンジョン人（狂人）　二刀鎌　ダンジョン	itemLotId_1	30302900	ダンジョン人（狂人）　ダンジョン	True	
321304000	【フロア4】 ダンジョン人（デブ）　ナタ　ダンジョン	itemLotId_1	30402900	ダンジョン人（デブ）　ダンジョン	True	
321304010	【フロア4】 ダンジョン人（デブ）　赤熱ナタ　ダンジョン	itemLotId_1	30402900	ダンジョン人（デブ）　ダンジョン	True	
321304020	【フロア4】 ダンジョン人（デブ）　ナタ　ショットガン　ダンジョン	itemLotId_1	30402902	ダンジョン人（デブ）　銃　ダンジョン	True	
321304040	【フロア4】 ダンジョン人（デブ）　ノコギリ　ダンジョン	itemLotId_1	30402900	ダンジョン人（デブ）　ダンジョン	True	
321304050	【フロア4】 ダンジョン人（デブ）　裸　両手鉄球　ダンジョン	itemLotId_1	30402904	ダンジョン人（デブ）　鉄球　ダンジョン	True	
321304051	【フロア4】 ダンジョン人（デブ）（鉄球両手・紳士）	itemLotId_1	30402904	ダンジョン人（デブ）　鉄球　ダンジョン	True	
321313000	【フロア4】 フレッシュゴーレム（先端剣＋肘剣）　弱点なし　ダンジョン	itemLotId_1	31302900	フレッシュゴーレム　ダンジョン	True	
321313001	【フロア4】 フレッシュゴーレム（先端剣＋肘剣）　弱点左ひざ横　ダンジョン	itemLotId_1	31302900	フレッシュゴーレム　ダンジョン	True	
321313002	【フロア4】 フレッシュゴーレム（先端剣＋肘剣）　弱点おしり　ダンジョン	itemLotId_1	31302900	フレッシュゴーレム　ダンジョン	True	
321313010	【フロア4】 フレッシュゴーレム（斧＋大砲）　弱点なし　ダンジョン	itemLotId_1	31302910	フレッシュゴーレム　大砲　ダンジョン	True	
321313011	【フロア4】 フレッシュゴーレム（斧＋大砲）　弱点左ひざ横　ダンジョン	itemLotId_1	31302910	フレッシュゴーレム　大砲　ダンジョン	True	
321313012	【フロア4】 フレッシュゴーレム（斧＋大砲）　弱点正面　ダンジョン	itemLotId_1	31302910	フレッシュゴーレム　大砲　ダンジョン	True	
321313020	【フロア4】 フレッシュゴーレム（肉塊＋鉤）　弱点なし　ダンジョン	itemLotId_1	31302900	フレッシュゴーレム　ダンジョン	True	
321313021	【フロア4】 フレッシュゴーレム（肉塊＋鉤）　弱点左ひざ横　ダンジョン	itemLotId_1	31302900	フレッシュゴーレム　ダンジョン	True	
321313022	【フロア4】 フレッシュゴーレム（肉塊＋鉤）　弱点おしり　ダンジョン	itemLotId_1	31302900	フレッシュゴーレム　ダンジョン	True	
322110080	【フロア4】 下水ネズミ　ダンジョン	itemLotId_1	11002900	下水ネズミ　ダンジョン	True	
322110081	【フロア4】 下水ネズミ　膿付き　ダンジョン	itemLotId_1	11002902	下水ネズミ　膿み付き　ダンジョン	True	
322111080	【フロア4】 死と闇の眷属　首あり　ダンジョン	itemLotId_1	11102900	死と闇の眷属（クモ）　首あり　ダンジョン	True	
322111085	【フロア4】 死と闇の眷属　首なし　ダンジョン	itemLotId_1	11102902	死と闇の眷属（クモ）　首なし　ダンジョン	True	
322111090	死と闇の眷属　首あり　生成　ダンジョン	itemLotId_1	11102902	死と闇の眷属（クモ）　首なし　ダンジョン	True	
322111091	死と闇の眷属_ジェネレート（変速前移動）　ダンジョン	itemLotId_1	11102902	死と闇の眷属（クモ）　首なし　ダンジョン	True	
322111095	死と闇の眷属　首なし　生成　ダンジョン	itemLotId_1	11102902	死と闇の眷属（クモ）　首なし　ダンジョン	True	
322111096	死と闇の眷属_ジェネレート（変速前移動）　首なし　ダンジョン	itemLotId_1	11102902	死と闇の眷属（クモ）　首なし　ダンジョン	True	
322114080	【フロア4】 狂信者の獣　ダンジョン	itemLotId_1	11402900	狂信者の獣　ダンジョン	True	
322121080	【フロア4】 墓守サソリ　子なし　小はさみ　ダンジョン	itemLotId_1	12102900	墓守サソリ　ダンジョン	True	
322121081	【フロア4】 墓守サソリ　子なし　大はさみ　ダンジョン	itemLotId_1	12102900	墓守サソリ　ダンジョン	True	
322121090	【フロア4】 墓守サソリ　子あり　小はさみ　ダンジョン	itemLotId_1	12102902	墓守サソリ　子持ち　ダンジョン	True	
322121091	【フロア4】 墓守サソリ　子あり　大はさみ　ダンジョン	itemLotId_1	12102902	墓守サソリ　子持ち　ダンジョン	True	
322124090	【フロア4】 狂犬　ダンジョン	itemLotId_1	12402900	狂犬　ダンジョン	True	
322125000	【フロア4】 蛇玉（子）　1本だけ太い　ダンジョン	itemLotId_1	12502900	蛇玉（子）　ダンジョン	True	
322125010	【フロア4】 蛇玉（子）　毒霧　ダンジョン	itemLotId_1	12502900	蛇玉（子）　ダンジョン	True	
322126000	【フロア4】 蛇玉（子）・小　1本だけ太い　ダンジョン	itemLotId_1	12602900	蛇玉（子）小　ダンジョン	True	
322127000	【フロア4】 吸血豚　ダンジョン	itemLotId_1	12702900	吸血豚　ダンジョン	True	
322130000	【フロア4】 死と闇の眷属（大）　ダンジョン	itemLotId_1	13002900	死と闇の眷属（大）　ダンジョン	True	
322140000	【フロア4】 白痴の蜘蛛（子）　ダンジョン	itemLotId_1	14002900	白痴の蜘蛛（子）　ダンジョン	True	
322201080	【フロア4】 墓掘り（鉤）　ダンジョン　	itemLotId_1	20102950	ダンジョン人（墓掘り）鉤　ダンジョン　強敵	True	
322201081	【フロア4】 墓掘り（つるはし）　ダンジョン　	itemLotId_1	20102952	ダンジョン人（墓掘り）つるはし　ダンジョン　強敵	True	
322253030	【フロア4】 星の花　（頭部のみ）　ダンジョン	itemLotId_1	25302900	星の花　ダンジョン	True	
322253104	【フロア4】 星の花　コズミック属性弾丸変化　ダンジョン	itemLotId_1	25302910	星の花　ダンジョン　宇宙	True	
322301000	【フロア4】 ダンジョン人（奴隷）　裸　剣　ダンジョン　ドーピング強敵	itemLotId_1	30102950	ダンジョン人（奴隷）剣鉈　ダンジョン　強敵	True	
322301001	【フロア4】 ダンジョン人（奴隷）（裸・剣_素手投擲）　ドーピング強敵	itemLotId_1	30102950	ダンジョン人（奴隷）剣鉈　ダンジョン　強敵	True	
322301010	【フロア4】 ダンジョン人（奴隷）　裸　鉈　ダンジョン　ドーピング強敵	itemLotId_1	30102950	ダンジョン人（奴隷）剣鉈　ダンジョン　強敵	True	
322301011	【フロア4】 ダンジョン人（奴隷）　裸　鉈　投擲　ダンジョン　ドーピング強敵	itemLotId_1	30102934	ダンジョン人（奴隷）鉈投擲　ダンジョン　強敵	True	
322301020	【フロア4】 ダンジョン人（奴隷）（白服・ランタン_剣）　ドーピング強敵	itemLotId_1	30102952	ダンジョン人（奴隷）ランタン　ダンジョン　強敵	True	
322301030	【フロア4】 ダンジョン人（奴隷）　白服　鉈　ランタン　ダンジョン　ドーピング強敵	itemLotId_1	30102952	ダンジョン人（奴隷）ランタン　ダンジョン　強敵	True	
322301040	【フロア4】 ダンジョン人（奴隷）　黒服　双斧　ダンジョン　ドーピング強敵	itemLotId_1	30102956	ダンジョン人（奴隷）斧・斧　ダンジョン　強敵	True	
322301050	【フロア4】 ダンジョン人（奴隷）　黒服　ポールウェポン　ダンジョン　ドーピング強敵	itemLotId_1	30102954	ダンジョン人（奴隷）斧ポール　ダンジョン　強敵	True	
322301060	【フロア4】 ダンジョン人（奴隷）　黒服　剣　ダンジョンドーピング強敵	itemLotId_1	30102958	ダンジョン人（奴隷）剣・着衣　ダンジョン　強敵	True	
322302000	【フロア4】 ダンジョン人（番人）　剣盾　ドーピング強敵　ダンジョン	itemLotId_1	30202950	ダンジョン人（番人）　ダンジョン　強敵	True	
322302010	【フロア4】 ダンジョン人（番人）　モーニングスター　ドーピング強敵　ダンジョン	itemLotId_1	30202950	ダンジョン人（番人）　ダンジョン　強敵	True	
322302020	【フロア4】 ダンジョン人（番人）　剣クロスボウ　ドーピング強敵　ダンジョン	itemLotId_1	30202952	ダンジョン人（番人）　クロスボウ　ダンジョン　強敵	True	
322302030	【フロア4】 ダンジョン人（番人）　特大剣　ドーピング強敵　ダンジョン	itemLotId_1	30202950	ダンジョン人（番人）　ダンジョン　強敵	True	
322303000	【フロア4】 ダンジョン人（狂人）　片手鎌　ドーピング強敵　ダンジョン	itemLotId_1	30302950	ダンジョン人（狂人）　ダンジョン　強敵	True	
322303001	【フロア4】 ダンジョン人（狂人）　片手折れた大剣　ドーピング強敵　ダンジョン	itemLotId_1	30302950	ダンジョン人（狂人）　ダンジョン　強敵	True	
322303010	【フロア4】 ダンジョン人（狂人）　死体持ち　ドーピング強敵　ダンジョン	itemLotId_1	30302952	ダンジョン人（狂人）　死体持ち　ダンジョン　強敵	True	
322303020	【フロア4】 ダンジョン人（狂人）　二刀鎌　ドーピング強敵　ダンジョン	itemLotId_1	30302950	ダンジョン人（狂人）　ダンジョン　強敵	True	
322304000	【フロア4】 ダンジョン人（デブ）　ナタ　ドーピング強敵　ダンジョン	itemLotId_1	30402950	ダンジョン人（デブ）　ダンジョン　強敵	True	
322304010	【フロア4】 ダンジョン人（デブ）　赤熱ナタ　ドーピング強敵　ダンジョン	itemLotId_1	30402950	ダンジョン人（デブ）　ダンジョン　強敵	True	
322304020	【フロア4】 ダンジョン人（デブ）　ナタ　ショットガン　ドーピング強敵　ダンジョン	itemLotId_1	30402952	ダンジョン人（デブ）　銃　ダンジョン　強敵	True	
322304040	【フロア4】 ダンジョン人（デブ）　ノコギリ　ドーピング強敵　ダンジョン	itemLotId_1	30402950	ダンジョン人（デブ）　ダンジョン　強敵	True	
322304050	【フロア4】 ダンジョン人（デブ）　裸　両手鉄球　ドーピング強敵　ダンジョン	itemLotId_1	30402954	ダンジョン人（デブ）　鉄球　ダンジョン　強敵	True	
322304051	【フロア4】 ダンジョン人（デブ）（鉄球両手・紳士）　ドーピング強敵	itemLotId_1	30402954	ダンジョン人（デブ）　鉄球　ダンジョン　強敵	True	
322313000	【フロア4】 フレッシュゴーレム（先端剣＋肘剣）　弱点なし　ダンジョン	itemLotId_1	31302900	フレッシュゴーレム　ダンジョン	True	
322313001	【フロア4】 フレッシュゴーレム（先端剣＋肘剣）　弱点左ひざ横　ダンジョン	itemLotId_1	31302900	フレッシュゴーレム　ダンジョン	True	
322313002	【フロア4】 フレッシュゴーレム（先端剣＋肘剣）　弱点おしり　ダンジョン	itemLotId_1	31302900	フレッシュゴーレム　ダンジョン	True	
322313010	【フロア4】 フレッシュゴーレム（斧＋大砲）　弱点なし　ダンジョン	itemLotId_1	31302910	フレッシュゴーレム　大砲　ダンジョン	True	
322313011	【フロア4】 フレッシュゴーレム（斧＋大砲）　弱点左ひざ横　ダンジョン	itemLotId_1	31302910	フレッシュゴーレム　大砲　ダンジョン	True	
322313012	【フロア4】 フレッシュゴーレム（斧＋大砲）　弱点正面　ダンジョン	itemLotId_1	31302910	フレッシュゴーレム　大砲　ダンジョン	True	
322313020	【フロア4】 フレッシュゴーレム（肉塊＋鉤）　弱点なし　ダンジョン	itemLotId_1	31302900	フレッシュゴーレム　ダンジョン	True	
322313021	【フロア4】 フレッシュゴーレム（肉塊＋鉤）　弱点左ひざ横　ダンジョン	itemLotId_1	31302900	フレッシュゴーレム　ダンジョン	True	
322313022	【フロア4】 フレッシュゴーレム（肉塊＋鉤）　弱点おしり　ダンジョン	itemLotId_1	31302900	フレッシュゴーレム　ダンジョン	True	
323110080	【フロア4】 下水ネズミ　ダンジョン	itemLotId_1	11002940	下水ネズミ　ダンジョン　毒	True	
323110081	【フロア4】 下水ネズミ　膿付き　ダンジョン	itemLotId_1	11002942	下水ネズミ　膿み付き　ダンジョン　毒	True	
323111080	【フロア4】 死と闇の眷属　首あり　ダンジョン	itemLotId_1	11102940	死と闇の眷属（クモ）　首あり　ダンジョン　毒	True	
323111085	【フロア4】 死と闇の眷属　首なし　ダンジョン	itemLotId_1	11102942	死と闇の眷属（クモ）　首なし　ダンジョン　毒	True	
323111090	死と闇の眷属　首あり　生成　ダンジョン	itemLotId_1	11102902	死と闇の眷属（クモ）　首なし　ダンジョン	True	
323111091	死と闇の眷属_ジェネレート（変速前移動）　ダンジョン	itemLotId_1	11102902	死と闇の眷属（クモ）　首なし　ダンジョン	True	
323111095	死と闇の眷属　首なし　生成　ダンジョン	itemLotId_1	11102902	死と闇の眷属（クモ）　首なし　ダンジョン	True	
323111096	死と闇の眷属_ジェネレート（変速前移動）　首なし　ダンジョン	itemLotId_1	11102902	死と闇の眷属（クモ）　首なし　ダンジョン	True	
323114080	【フロア4】 狂信者の獣　ダンジョン	itemLotId_1	11402940	狂信者の獣　ダンジョン　毒	True	
323121080	【フロア4】 墓守サソリ　子なし　小はさみ　ダンジョン	itemLotId_1	12102940	墓守サソリ　ダンジョン　毒	True	
323121081	【フロア4】 墓守サソリ　子なし　大はさみ　ダンジョン	itemLotId_1	12102940	墓守サソリ　ダンジョン　毒	True	
323121090	【フロア4】 墓守サソリ　子あり　小はさみ　ダンジョン	itemLotId_1	12102942	墓守サソリ　子持ち　ダンジョン　毒	True	
323121091	【フロア4】 墓守サソリ　子あり　大はさみ　ダンジョン	itemLotId_1	12102942	墓守サソリ　子持ち　ダンジョン　毒	True	
323124090	【フロア4】 狂犬　ダンジョン	itemLotId_1	12402940	狂犬　ダンジョン　毒	True	
323125000	【フロア4】 蛇玉（子）　1本だけ太い　ダンジョン	itemLotId_1	12502940	蛇玉（子）　ダンジョン　毒	True	
323125010	【フロア4】 蛇玉（子）　毒霧　ダンジョン	itemLotId_1	12502940	蛇玉（子）　ダンジョン　毒	True	
323126000	【フロア4】 蛇玉（子）・小　1本だけ太い　ダンジョン	itemLotId_1	12602940	蛇玉（子）小　ダンジョン　毒	True	
323127000	【フロア4】 吸血豚　ダンジョン	itemLotId_1	12702940	吸血豚　ダンジョン　毒	True	
323130000	【フロア4】 死と闇の眷属（大）　ダンジョン	itemLotId_1	13002940	死と闇の眷属（大）　ダンジョン　毒	True	
323140000	【フロア4】 白痴の蜘蛛（子）　ダンジョン	itemLotId_1	14002900	白痴の蜘蛛（子）　ダンジョン	True	
323201080	【フロア4】 墓掘り（鉤）　ダンジョン　	itemLotId_1	20102950	ダンジョン人（墓掘り）鉤　ダンジョン　強敵	True	
323201081	【フロア4】 墓掘り（つるはし）　ダンジョン　	itemLotId_1	20102952	ダンジョン人（墓掘り）つるはし　ダンジョン　強敵	True	
323253030	【フロア4】 星の花　（頭部のみ）　ダンジョン	itemLotId_1	25302900	星の花　ダンジョン	True	
323253104	【フロア4】 星の花　コズミック属性弾丸変化　ダンジョン	itemLotId_1	25302910	星の花　ダンジョン　宇宙	True	
323301000	【フロア4】 ダンジョン人（奴隷）　裸　剣　ダンジョン　ドーピング強敵	itemLotId_1	30102990	ダンジョン人（奴隷）剣鉈　ダンジョン　毒+強敵	True	
323301001	【フロア4】 ダンジョン人（奴隷）（裸・剣_素手投擲）　ドーピング強敵	itemLotId_1	30102990	ダンジョン人（奴隷）剣鉈　ダンジョン　毒+強敵	True	
323301010	【フロア4】 ダンジョン人（奴隷）　裸　鉈　ダンジョン　ドーピング強敵	itemLotId_1	30102990	ダンジョン人（奴隷）剣鉈　ダンジョン　毒+強敵	True	
323301011	【フロア4】 ダンジョン人（奴隷）　裸　鉈　投擲　ダンジョン　ドーピング強敵	itemLotId_1	30102936	ダンジョン人（奴隷）鉈投擲　ダンジョン　毒+強敵	True	
323301020	【フロア4】 ダンジョン人（奴隷）（白服・ランタン_剣）　ドーピング強敵	itemLotId_1	30102992	ダンジョン人（奴隷）ランタン　ダンジョン　毒+強敵	True	
323301030	【フロア4】 ダンジョン人（奴隷）　白服　鉈　ランタン　ダンジョン　ドーピング強敵	itemLotId_1	30102992	ダンジョン人（奴隷）ランタン　ダンジョン　毒+強敵	True	
323301040	【フロア4】 ダンジョン人（奴隷）　黒服　双斧　ダンジョン　ドーピング強敵	itemLotId_1	30102996	ダンジョン人（奴隷）斧・斧　ダンジョン　毒+強敵	True	
323301050	【フロア4】 ダンジョン人（奴隷）　黒服　ポールウェポン　ダンジョン　ドーピング強敵	itemLotId_1	30102994	ダンジョン人（奴隷）斧ポール　ダンジョン　毒+強敵	True	
323301060	【フロア4】 ダンジョン人（奴隷）　黒服　剣　ダンジョンドーピング強敵	itemLotId_1	30102998	ダンジョン人（奴隷）剣・着衣　ダンジョン　毒+強敵	True	
323302000	【フロア4】 ダンジョン人（番人）　剣盾　ドーピング強敵　ダンジョン	itemLotId_1	30202950	ダンジョン人（番人）　ダンジョン　強敵	True	
323302010	【フロア4】 ダンジョン人（番人）　モーニングスター　ドーピング強敵　ダンジョン	itemLotId_1	30202950	ダンジョン人（番人）　ダンジョン　強敵	True	
323302020	【フロア4】 ダンジョン人（番人）　剣クロスボウ　ドーピング強敵　ダンジョン	itemLotId_1	30202952	ダンジョン人（番人）　クロスボウ　ダンジョン　強敵	True	
323302030	【フロア4】 ダンジョン人（番人）　特大剣　ドーピング強敵　ダンジョン	itemLotId_1	30202950	ダンジョン人（番人）　ダンジョン　強敵	True	
323303000	【フロア4】 ダンジョン人（狂人）　片手鎌　ドーピング強敵　ダンジョン	itemLotId_1	30302950	ダンジョン人（狂人）　ダンジョン　強敵	True	
323303001	【フロア4】 ダンジョン人（狂人）　片手折れた大剣　ドーピング強敵　ダンジョン	itemLotId_1	30302950	ダンジョン人（狂人）　ダンジョン　強敵	True	
323303010	【フロア4】 ダンジョン人（狂人）　死体持ち　ドーピング強敵　ダンジョン	itemLotId_1	30302952	ダンジョン人（狂人）　死体持ち　ダンジョン　強敵	True	
323303020	【フロア4】 ダンジョン人（狂人）　二刀鎌　ドーピング強敵　ダンジョン	itemLotId_1	30302950	ダンジョン人（狂人）　ダンジョン　強敵	True	
323304000	【フロア4】 ダンジョン人（デブ）　ナタ　ドーピング強敵　ダンジョン	itemLotId_1	30402950	ダンジョン人（デブ）　ダンジョン　強敵	True	
323304010	【フロア4】 ダンジョン人（デブ）　赤熱ナタ　ドーピング強敵　ダンジョン	itemLotId_1	30402950	ダンジョン人（デブ）　ダンジョン　強敵	True	
323304020	【フロア4】 ダンジョン人（デブ）　ナタ　ショットガン　ドーピング強敵　ダンジョン	itemLotId_1	30402952	ダンジョン人（デブ）　銃　ダンジョン　強敵	True	
323304040	【フロア4】 ダンジョン人（デブ）　ノコギリ　ドーピング強敵　ダンジョン	itemLotId_1	30402950	ダンジョン人（デブ）　ダンジョン　強敵	True	
323304050	【フロア4】 ダンジョン人（デブ）　裸　両手鉄球　ドーピング強敵　ダンジョン	itemLotId_1	30402954	ダンジョン人（デブ）　鉄球　ダンジョン　強敵	True	
323304051	【フロア4】 ダンジョン人（デブ）（鉄球両手・紳士）　ドーピング強敵	itemLotId_1	30402954	ダンジョン人（デブ）　鉄球　ダンジョン　強敵	True	
323313000	【フロア4】 フレッシュゴーレム（先端剣＋肘剣）　弱点なし　ダンジョン	itemLotId_1	31302900	フレッシュゴーレム　ダンジョン	True	
323313001	【フロア4】 フレッシュゴーレム（先端剣＋肘剣）　弱点左ひざ横　ダンジョン	itemLotId_1	31302900	フレッシュゴーレム　ダンジョン	True	
323313002	【フロア4】 フレッシュゴーレム（先端剣＋肘剣）　弱点おしり　ダンジョン	itemLotId_1	31302900	フレッシュゴーレム　ダンジョン	True	
323313010	【フロア4】 フレッシュゴーレム（斧＋大砲）　弱点なし　ダンジョン	itemLotId_1	31302910	フレッシュゴーレム　大砲　ダンジョン	True	
323313011	【フロア4】 フレッシュゴーレム（斧＋大砲）　弱点左ひざ横　ダンジョン	itemLotId_1	31302910	フレッシュゴーレム　大砲　ダンジョン	True	
323313012	【フロア4】 フレッシュゴーレム（斧＋大砲）　弱点正面　ダンジョン	itemLotId_1	31302910	フレッシュゴーレム　大砲　ダンジョン	True	
323313020	【フロア4】 フレッシュゴーレム（肉塊＋鉤）　弱点なし　ダンジョン	itemLotId_1	31302900	フレッシュゴーレム　ダンジョン	True	
323313021	【フロア4】 フレッシュゴーレム（肉塊＋鉤）　弱点左ひざ横　ダンジョン	itemLotId_1	31302900	フレッシュゴーレム　ダンジョン	True	
323313022	【フロア4】 フレッシュゴーレム（肉塊＋鉤）　弱点おしり　ダンジョン	itemLotId_1	31302900	フレッシュゴーレム　ダンジョン	True	
325106080	脳喰らい　ダンジョン	itemLotId_1	10602900	脳喰らい　ダンジョン	True	
325106090	脳喰らい　フード　ダンジョン	itemLotId_1	10602900	脳喰らい　ダンジョン	True	
325303000	ダンジョン人（狂人）　片手鎌　ダンジョン	itemLotId_1	30302900	ダンジョン人（狂人）　ダンジョン	True	
325303001	ダンジョン人（狂人）　片手折れた大剣　ダンジョン	itemLotId_1	30302900	ダンジョン人（狂人）　ダンジョン	True	
325303010	ダンジョン人（狂人）　死体持ち　ダンジョン	itemLotId_1	30302902	ダンジョン人（狂人）　死体持ち　ダンジョン	True	
325303020	ダンジョン人（狂人）　二刀鎌　ダンジョン	itemLotId_1	30302900	ダンジョン人（狂人）　ダンジョン	True	
325303102	ダンジョン人（狂人）　片手鎌　嵐属性　ダンジョン	itemLotId_1	30302910	ダンジョン人（狂人）　ダンジョン　嵐	True	
325303109	ダンジョン人（狂人）　片手鎌　儀式　ダンジョン	itemLotId_1	30302980	ダンジョン人（狂人）　ダンジョン　儀式	True	
325303122	ダンジョン人（狂人）　片手折れた大剣　嵐属性　ダンジョン	itemLotId_1	30302910	ダンジョン人（狂人）　ダンジョン　嵐	True	
325303129	ダンジョン人（狂人）　片手折れた大剣　儀式　ダンジョン	itemLotId_1	30302980	ダンジョン人（狂人）　ダンジョン　儀式	True	
325303142	ダンジョン人（狂人）　死体持ち　嵐属性　ダンジョン	itemLotId_1	30302912	ダンジョン人（狂人）　死体持ち　ダンジョン　嵐	True	
325303162	ダンジョン人（狂人）　二刀鎌　嵐属性　ダンジョン	itemLotId_1	30302910	ダンジョン人（狂人）　ダンジョン　嵐	True	
325303169	ダンジョン人（狂人）　二刀鎌　儀式　ダンジョン	itemLotId_1	30302980	ダンジョン人（狂人）　ダンジョン　儀式	True	
325304000	ダンジョン人（デブ）　ナタ　ダンジョン	itemLotId_1	30402900	ダンジョン人（デブ）　ダンジョン	True	
325304010	ダンジョン人（デブ）　赤熱ナタ　ダンジョン	itemLotId_1	30402900	ダンジョン人（デブ）　ダンジョン	True	
325304020	ダンジョン人（デブ）　ナタ　ショットガン　ダンジョン	itemLotId_1	30402902	ダンジョン人（デブ）　銃　ダンジョン	True	
325304040	ダンジョン人（デブ）　ノコギリ　ダンジョン	itemLotId_1	30402900	ダンジョン人（デブ）　ダンジョン	True	
325304050	ダンジョン人（デブ）　裸　両手鉄球　ダンジョン	itemLotId_1	30402904	ダンジョン人（デブ）　鉄球　ダンジョン	True	
325304051	ダンジョン人（デブ）（鉄球両手・紳士）	itemLotId_1	30402904	ダンジョン人（デブ）　鉄球　ダンジョン	True	
325304108	ダンジョン人（デブ）　ナタ　医者　ダンジョン	itemLotId_1	30402970	ダンジョン人（デブ）　ダンジョン　医者	True	
325304128	ダンジョン人（デブ）　赤熱ナタ　医者　ダンジョン	itemLotId_1	30402970	ダンジョン人（デブ）　ダンジョン　医者	True	
325304148	ダンジョン人（デブ）　ナタ　ショットガン　医者　ダンジョン	itemLotId_1	30402972	ダンジョン人（デブ）　銃　ダンジョン　医者	True	
325304168	ダンジョン人（デブ）　ノコギリ　医者　ダンジョン	itemLotId_1	30402970	ダンジョン人（デブ）　ダンジョン　医者	True	
325304188	ダンジョン人（デブ）　裸　両手鉄球　医者　ダンジョン	itemLotId_1	30402974	ダンジョン人（デブ）　鉄球　ダンジョン　医者	True	
325304208	ダンジョン人（デブ）（鉄球両手・紳士）　医者	itemLotId_1	30402974	ダンジョン人（デブ）　鉄球　ダンジョン　医者	True	
326106080	脳喰らい　ダンジョン	itemLotId_1	10602900	脳喰らい　ダンジョン	True	
326106090	脳喰らい　フード　ダンジョン	itemLotId_1	10602900	脳喰らい　ダンジョン	True	
326303000	ダンジョン人（狂人）　片手鎌　ダンジョン	itemLotId_1	30302900	ダンジョン人（狂人）　ダンジョン	True	
326303001	ダンジョン人（狂人）　片手折れた大剣　ダンジョン	itemLotId_1	30302900	ダンジョン人（狂人）　ダンジョン	True	
326303010	ダンジョン人（狂人）　死体持ち　ダンジョン	itemLotId_1	30302902	ダンジョン人（狂人）　死体持ち　ダンジョン	True	
326303020	ダンジョン人（狂人）　二刀鎌　ダンジョン	itemLotId_1	30302900	ダンジョン人（狂人）　ダンジョン	True	
326303102	ダンジョン人（狂人）　片手鎌　嵐属性　ダンジョン	itemLotId_1	30302910	ダンジョン人（狂人）　ダンジョン　嵐	True	
326303109	ダンジョン人（狂人）　片手鎌　儀式　ダンジョン	itemLotId_1	30302980	ダンジョン人（狂人）　ダンジョン　儀式	True	
326303122	ダンジョン人（狂人）　片手折れた大剣　嵐属性　ダンジョン	itemLotId_1	30302910	ダンジョン人（狂人）　ダンジョン　嵐	True	
326303129	ダンジョン人（狂人）　片手折れた大剣　儀式　ダンジョン	itemLotId_1	30302980	ダンジョン人（狂人）　ダンジョン　儀式	True	
326303142	ダンジョン人（狂人）　死体持ち　嵐属性　ダンジョン	itemLotId_1	30302912	ダンジョン人（狂人）　死体持ち　ダンジョン　嵐	True	
326303162	ダンジョン人（狂人）　二刀鎌　嵐属性　ダンジョン	itemLotId_1	30302910	ダンジョン人（狂人）　ダンジョン　嵐	True	
326303169	ダンジョン人（狂人）　二刀鎌　儀式　ダンジョン	itemLotId_1	30302980	ダンジョン人（狂人）　ダンジョン　儀式	True	
326304000	ダンジョン人（デブ）　ナタ　ダンジョン	itemLotId_1	30402900	ダンジョン人（デブ）　ダンジョン	True	
326304010	ダンジョン人（デブ）　赤熱ナタ　ダンジョン	itemLotId_1	30402900	ダンジョン人（デブ）　ダンジョン	True	
326304020	ダンジョン人（デブ）　ナタ　ショットガン　ダンジョン	itemLotId_1	30402902	ダンジョン人（デブ）　銃　ダンジョン	True	
326304040	ダンジョン人（デブ）　ノコギリ　ダンジョン	itemLotId_1	30402900	ダンジョン人（デブ）　ダンジョン	True	
326304050	ダンジョン人（デブ）　裸　両手鉄球　ダンジョン	itemLotId_1	30402904	ダンジョン人（デブ）　鉄球　ダンジョン	True	
326304051	ダンジョン人（デブ）（鉄球両手・紳士）	itemLotId_1	30402904	ダンジョン人（デブ）　鉄球　ダンジョン	True	
326304108	ダンジョン人（デブ）　ナタ　医者　ダンジョン	itemLotId_1	30402970	ダンジョン人（デブ）　ダンジョン　医者	True	
326304128	ダンジョン人（デブ）　赤熱ナタ　医者　ダンジョン	itemLotId_1	30402970	ダンジョン人（デブ）　ダンジョン　医者	True	
326304148	ダンジョン人（デブ）　ナタ　ショットガン　医者　ダンジョン	itemLotId_1	30402972	ダンジョン人（デブ）　銃　ダンジョン　医者	True	
326304168	ダンジョン人（デブ）　ノコギリ　医者　ダンジョン	itemLotId_1	30402970	ダンジョン人（デブ）　ダンジョン　医者	True	
326304188	ダンジョン人（デブ）　裸　両手鉄球　医者　ダンジョン	itemLotId_1	30402974	ダンジョン人（デブ）　鉄球　ダンジョン　医者	True	
326304208	ダンジョン人（デブ）（鉄球両手・紳士）　医者	itemLotId_1	30402974	ダンジョン人（デブ）　鉄球　ダンジョン　医者	True	
327106080	脳喰らい　ダンジョン	itemLotId_1	10602900	脳喰らい　ダンジョン	True	
327106090	脳喰らい　フード　ダンジョン	itemLotId_1	10602900	脳喰らい　ダンジョン	True	
327303000	ダンジョン人（狂人）　片手鎌　ダンジョン	itemLotId_1	30302900	ダンジョン人（狂人）　ダンジョン	True	
327303001	ダンジョン人（狂人）　片手折れた大剣　ダンジョン	itemLotId_1	30302900	ダンジョン人（狂人）　ダンジョン	True	
327303010	ダンジョン人（狂人）　死体持ち　ダンジョン	itemLotId_1	30302902	ダンジョン人（狂人）　死体持ち　ダンジョン	True	
327303020	ダンジョン人（狂人）　二刀鎌　ダンジョン	itemLotId_1	30302900	ダンジョン人（狂人）　ダンジョン	True	
327303102	ダンジョン人（狂人）　片手鎌　嵐属性　ダンジョン	itemLotId_1	30302910	ダンジョン人（狂人）　ダンジョン　嵐	True	
327303109	ダンジョン人（狂人）　片手鎌　儀式　ダンジョン	itemLotId_1	30302980	ダンジョン人（狂人）　ダンジョン　儀式	True	
327303122	ダンジョン人（狂人）　片手折れた大剣　嵐属性　ダンジョン	itemLotId_1	30302910	ダンジョン人（狂人）　ダンジョン　嵐	True	
327303129	ダンジョン人（狂人）　片手折れた大剣　儀式　ダンジョン	itemLotId_1	30302980	ダンジョン人（狂人）　ダンジョン　儀式	True	
327303142	ダンジョン人（狂人）　死体持ち　嵐属性　ダンジョン	itemLotId_1	30302912	ダンジョン人（狂人）　死体持ち　ダンジョン　嵐	True	
327303162	ダンジョン人（狂人）　二刀鎌　嵐属性　ダンジョン	itemLotId_1	30302910	ダンジョン人（狂人）　ダンジョン　嵐	True	
327303169	ダンジョン人（狂人）　二刀鎌　儀式　ダンジョン	itemLotId_1	30302980	ダンジョン人（狂人）　ダンジョン　儀式	True	
327304000	ダンジョン人（デブ）　ナタ　ダンジョン	itemLotId_1	30402900	ダンジョン人（デブ）　ダンジョン	True	
327304010	ダンジョン人（デブ）　赤熱ナタ　ダンジョン	itemLotId_1	30402900	ダンジョン人（デブ）　ダンジョン	True	
327304020	ダンジョン人（デブ）　ナタ　ショットガン　ダンジョン	itemLotId_1	30402902	ダンジョン人（デブ）　銃　ダンジョン	True	
327304040	ダンジョン人（デブ）　ノコギリ　ダンジョン	itemLotId_1	30402900	ダンジョン人（デブ）　ダンジョン	True	
327304050	ダンジョン人（デブ）　裸　両手鉄球　ダンジョン	itemLotId_1	30402904	ダンジョン人（デブ）　鉄球　ダンジョン	True	
327304051	ダンジョン人（デブ）（鉄球両手・紳士）	itemLotId_1	30402904	ダンジョン人（デブ）　鉄球　ダンジョン	True	
327304108	ダンジョン人（デブ）　ナタ　医者　ダンジョン	itemLotId_1	30402970	ダンジョン人（デブ）　ダンジョン　医者	True	
327304128	ダンジョン人（デブ）　赤熱ナタ　医者　ダンジョン	itemLotId_1	30402970	ダンジョン人（デブ）　ダンジョン　医者	True	
327304148	ダンジョン人（デブ）　ナタ　ショットガン　医者　ダンジョン	itemLotId_1	30402972	ダンジョン人（デブ）　銃　ダンジョン　医者	True	
327304168	ダンジョン人（デブ）　ノコギリ　医者　ダンジョン	itemLotId_1	30402970	ダンジョン人（デブ）　ダンジョン　医者	True	
327304188	ダンジョン人（デブ）　裸　両手鉄球　医者　ダンジョン	itemLotId_1	30402974	ダンジョン人（デブ）　鉄球　ダンジョン　医者	True	
327304208	ダンジョン人（デブ）（鉄球両手・紳士）　医者	itemLotId_1	30402974	ダンジョン人（デブ）　鉄球　ダンジョン　医者	True	
328106080	脳喰らい　ダンジョン	itemLotId_1	10602900	脳喰らい　ダンジョン	True	
328106090	脳喰らい　フード　ダンジョン	itemLotId_1	10602900	脳喰らい　ダンジョン	True	
328303000	ダンジョン人（狂人）　片手鎌　ダンジョン	itemLotId_1	30302900	ダンジョン人（狂人）　ダンジョン	True	
328303001	ダンジョン人（狂人）　片手折れた大剣　ダンジョン	itemLotId_1	30302900	ダンジョン人（狂人）　ダンジョン	True	
328303010	ダンジョン人（狂人）　死体持ち　ダンジョン	itemLotId_1	30302902	ダンジョン人（狂人）　死体持ち　ダンジョン	True	
328303020	ダンジョン人（狂人）　二刀鎌　ダンジョン	itemLotId_1	30302900	ダンジョン人（狂人）　ダンジョン	True	
328303102	ダンジョン人（狂人）　片手鎌　嵐属性　ダンジョン	itemLotId_1	30302910	ダンジョン人（狂人）　ダンジョン　嵐	True	
328303109	ダンジョン人（狂人）　片手鎌　儀式　ダンジョン	itemLotId_1	30302980	ダンジョン人（狂人）　ダンジョン　儀式	True	
328303122	ダンジョン人（狂人）　片手折れた大剣　嵐属性　ダンジョン	itemLotId_1	30302910	ダンジョン人（狂人）　ダンジョン　嵐	True	
328303129	ダンジョン人（狂人）　片手折れた大剣　儀式　ダンジョン	itemLotId_1	30302980	ダンジョン人（狂人）　ダンジョン　儀式	True	
328303142	ダンジョン人（狂人）　死体持ち　嵐属性　ダンジョン	itemLotId_1	30302912	ダンジョン人（狂人）　死体持ち　ダンジョン　嵐	True	
328303162	ダンジョン人（狂人）　二刀鎌　嵐属性　ダンジョン	itemLotId_1	30302910	ダンジョン人（狂人）　ダンジョン　嵐	True	
328303169	ダンジョン人（狂人）　二刀鎌　儀式　ダンジョン	itemLotId_1	30302980	ダンジョン人（狂人）　ダンジョン　儀式	True	
328304000	ダンジョン人（デブ）　ナタ　ダンジョン	itemLotId_1	30402900	ダンジョン人（デブ）　ダンジョン	True	
328304010	ダンジョン人（デブ）　赤熱ナタ　ダンジョン	itemLotId_1	30402900	ダンジョン人（デブ）　ダンジョン	True	
328304020	ダンジョン人（デブ）　ナタ　ショットガン　ダンジョン	itemLotId_1	30402902	ダンジョン人（デブ）　銃　ダンジョン	True	
328304040	ダンジョン人（デブ）　ノコギリ　ダンジョン	itemLotId_1	30402900	ダンジョン人（デブ）　ダンジョン	True	
328304050	ダンジョン人（デブ）　裸　両手鉄球　ダンジョン	itemLotId_1	30402904	ダンジョン人（デブ）　鉄球　ダンジョン	True	
328304051	ダンジョン人（デブ）（鉄球両手・紳士）	itemLotId_1	30402904	ダンジョン人（デブ）　鉄球　ダンジョン	True	
328304108	ダンジョン人（デブ）　ナタ　医者　ダンジョン	itemLotId_1	30402970	ダンジョン人（デブ）　ダンジョン　医者	True	
328304128	ダンジョン人（デブ）　赤熱ナタ　医者　ダンジョン	itemLotId_1	30402970	ダンジョン人（デブ）　ダンジョン　医者	True	
328304148	ダンジョン人（デブ）　ナタ　ショットガン　医者　ダンジョン	itemLotId_1	30402972	ダンジョン人（デブ）　銃　ダンジョン　医者	True	
328304168	ダンジョン人（デブ）　ノコギリ　医者　ダンジョン	itemLotId_1	30402970	ダンジョン人（デブ）　ダンジョン　医者	True	
328304188	ダンジョン人（デブ）　裸　両手鉄球　医者　ダンジョン	itemLotId_1	30402974	ダンジョン人（デブ）　鉄球　ダンジョン　医者	True	
328304208	ダンジョン人（デブ）（鉄球両手・紳士）　医者	itemLotId_1	30402974	ダンジョン人（デブ）　鉄球　ダンジョン　医者	True	
330110080	下水ネズミ　ダンジョン	itemLotId_1	11002900	下水ネズミ　ダンジョン	True	
330110081	下水ネズミ　膿付き　ダンジョン	itemLotId_1	11002902	下水ネズミ　膿み付き　ダンジョン	True	
330111080	死と闇の眷属　首あり　ダンジョン	itemLotId_1	11102900	死と闇の眷属（クモ）　首あり　ダンジョン	True	
330111085	死と闇の眷属　首なし　ダンジョン	itemLotId_1	11102904	死と闇の眷属（クモ）　首なし（ジェネレート）　ダンジョン	True	
330114080	狂信者の獣　ダンジョン	itemLotId_1	11402900	狂信者の獣　ダンジョン	True	
330121080	墓守サソリ　子なし　小はさみ　ダンジョン	itemLotId_1	12102900	墓守サソリ　ダンジョン	True	
330121081	墓守サソリ　子なし　大はさみ　ダンジョン	itemLotId_1	12102900	墓守サソリ　ダンジョン	True	
330121090	墓守サソリ　子あり　小はさみ　ダンジョン	itemLotId_1	12102902	墓守サソリ　子持ち　ダンジョン	True	
330121091	墓守サソリ　子あり　大はさみ　ダンジョン	itemLotId_1	12102902	墓守サソリ　子持ち　ダンジョン	True	
330124090	狂犬　ダンジョン	itemLotId_1	12402900	狂犬　ダンジョン	True	
330125000	蛇玉（子）　1本だけ太い　ダンジョン	itemLotId_1	12502900	蛇玉（子）　ダンジョン	True	
330125010	蛇玉（子）　毒霧　ダンジョン	itemLotId_1	12502900	蛇玉（子）　ダンジョン	True	
330126000	蛇玉（子）・小　1本だけ太い　ダンジョン	itemLotId_1	12602900	蛇玉（子）小　ダンジョン	True	
330127000	吸血豚　ダンジョン	itemLotId_1	12702900	吸血豚　ダンジョン	True	
330130000	死と闇の眷属（大）　ダンジョン	itemLotId_1	13002900	死と闇の眷属（大）　ダンジョン	True	
330201080	墓掘り（鉤）　ダンジョン	itemLotId_1	20102900	ダンジョン人（墓掘り）鉤　ダンジョン	True	
330201081	墓掘り（つるはし）　ダンジョン	itemLotId_1	20102902	ダンジョン人（墓掘り）つるはし　ダンジョン	True	
330300000	ダンジョン人（司祭）　固定砲台　ダンジョン	itemLotId_1	30002900	ダンジョン人（司祭）　ダンジョン	True	
330300001	ダンジョン人（司祭）・立っている	itemLotId_1	30002900	ダンジョン人（司祭）　ダンジョン	True	
330300010	ダンジョン人（司祭）　固定砲台　ダンジョン_ダンジョン用砲台	itemLotId_1	30002900	ダンジョン人（司祭）　ダンジョン	True	
330301000	ダンジョン人（奴隷）　裸　剣　ダンジョン	itemLotId_1	30102900	ダンジョン人（奴隷）剣鉈　ダンジョン	True	
330301001	ダンジョン人（奴隷）（裸・剣_素手投擲）	itemLotId_1	30102900	ダンジョン人（奴隷）剣鉈　ダンジョン	True	
330301010	ダンジョン人（奴隷）　裸　鉈　ダンジョン	itemLotId_1	30102900	ダンジョン人（奴隷）剣鉈　ダンジョン	True	
330301011	ダンジョン人（奴隷）　裸　鉈　投擲　ダンジョン	itemLotId_1	30102930	ダンジョン人（奴隷）鉈投擲　ダンジョン	True	
330301020	ダンジョン人（奴隷）（白服・ランタン_剣）	itemLotId_1	30102902	ダンジョン人（奴隷）ランタン　ダンジョン	True	
330301030	ダンジョン人（奴隷）　白服　鉈　ランタン　ダンジョン	itemLotId_1	30102902	ダンジョン人（奴隷）ランタン　ダンジョン	True	
330301040	ダンジョン人（奴隷）　黒服　双斧　ダンジョン	itemLotId_1	30102906	ダンジョン人（奴隷）斧・斧　ダンジョン	True	
330301050	ダンジョン人（奴隷）　黒服　ポールウェポン　ダンジョン	itemLotId_1	30102904	ダンジョン人（奴隷）斧ポール　ダンジョン	True	
330301060	ダンジョン人（奴隷）　黒服　剣　ダンジョン	itemLotId_1	30102908	ダンジョン人（奴隷）剣・着衣　ダンジョン	True	
330302000	ダンジョン人（番人）　剣盾　ダンジョン	itemLotId_1	30202900	ダンジョン人（番人）　ダンジョン	True	
330302010	ダンジョン人（番人）　モーニングスター　ダンジョン	itemLotId_1	30202900	ダンジョン人（番人）　ダンジョン	True	
330302020	ダンジョン人（番人）　剣クロスボウ　ダンジョン	itemLotId_1	30202902	ダンジョン人（番人）　クロスボウ　ダンジョン	True	
330302030	ダンジョン人（番人）　特大剣　ダンジョン	itemLotId_1	30202900	ダンジョン人（番人）　ダンジョン	True	
330303000	ダンジョン人（狂人）　片手鎌　ダンジョン	itemLotId_1	30304000	ダンジョン人（狂人）　ダンジョン　呪い	True	
330303001	ダンジョン人（狂人）　片手折れた大剣　ダンジョン	itemLotId_1	30304000	ダンジョン人（狂人）　ダンジョン　呪い	True	
330303010	ダンジョン人（狂人）　死体持ち　ダンジョン	itemLotId_1	30304000	ダンジョン人（狂人）　ダンジョン　呪い	True	
330303020	ダンジョン人（狂人）　二刀鎌　ダンジョン	itemLotId_1	30304000	ダンジョン人（狂人）　ダンジョン　呪い	True	
330304000	ダンジョン人（デブ）　ナタ　ダンジョン	itemLotId_1	30404000	ダンジョン人（デブ）　ダンジョン　呪い	True	
330304010	ダンジョン人（デブ）　赤熱ナタ　ダンジョン	itemLotId_1	30404000	ダンジョン人（デブ）　ダンジョン　呪い	True	
330304020	ダンジョン人（デブ）　ナタ　ショットガン　ダンジョン	itemLotId_1	30404000	ダンジョン人（デブ）　ダンジョン　呪い	True	
330304040	ダンジョン人（デブ）　ノコギリ　ダンジョン	itemLotId_1	30404000	ダンジョン人（デブ）　ダンジョン　呪い	True	
330304050	ダンジョン人（デブ）　裸　両手鉄球　ダンジョン	itemLotId_1	30404000	ダンジョン人（デブ）　ダンジョン　呪い	True	
330304051	ダンジョン人（デブ）（鉄球両手・紳士）	itemLotId_1	30404000	ダンジョン人（デブ）　ダンジョン　呪い	True	
331110080	下水ネズミ　ダンジョン	itemLotId_1	11002940	下水ネズミ　ダンジョン　毒	True	
331110081	下水ネズミ　膿付き　ダンジョン	itemLotId_1	11002942	下水ネズミ　膿み付き　ダンジョン　毒	True	
331111080	死と闇の眷属　首あり　ダンジョン	itemLotId_1	11102940	死と闇の眷属（クモ）　首あり　ダンジョン　毒	True	
331111085	死と闇の眷属　首なし　ダンジョン	itemLotId_1	11102942	死と闇の眷属（クモ）　首なし　ダンジョン　毒	True	
331114080	狂信者の獣　ダンジョン	itemLotId_1	11402940	狂信者の獣　ダンジョン　毒	True	
331121080	墓守サソリ　子なし　小はさみ　ダンジョン	itemLotId_1	12102940	墓守サソリ　ダンジョン　毒	True	
331121081	墓守サソリ　子なし　大はさみ　ダンジョン	itemLotId_1	12102940	墓守サソリ　ダンジョン　毒	True	
331121090	墓守サソリ　子あり　小はさみ　ダンジョン	itemLotId_1	12102942	墓守サソリ　子持ち　ダンジョン　毒	True	
331121091	墓守サソリ　子あり　大はさみ　ダンジョン	itemLotId_1	12102942	墓守サソリ　子持ち　ダンジョン　毒	True	
331124090	狂犬　ダンジョン	itemLotId_1	12402940	狂犬　ダンジョン　毒	True	
331125000	蛇玉（子）　1本だけ太い　ダンジョン	itemLotId_1	12502940	蛇玉（子）　ダンジョン　毒	True	
331125010	蛇玉（子）　毒霧　ダンジョン	itemLotId_1	12502940	蛇玉（子）　ダンジョン　毒	True	
331126000	蛇玉（子）・小　1本だけ太い　ダンジョン	itemLotId_1	12602940	蛇玉（子）小　ダンジョン　毒	True	
331127000	吸血豚　ダンジョン	itemLotId_1	12702940	吸血豚　ダンジョン　毒	True	
331130000	死と闇の眷属（大）　ダンジョン	itemLotId_1	13002940	死と闇の眷属（大）　ダンジョン　毒	True	
331201080	墓掘り（鉤）　ダンジョン	itemLotId_1	20102900	ダンジョン人（墓掘り）鉤　ダンジョン	True	
331201081	墓掘り（つるはし）　ダンジョン	itemLotId_1	20102902	ダンジョン人（墓掘り）つるはし　ダンジョン	True	
331301000	ダンジョン人（奴隷）　裸　剣　ダンジョン　毒	itemLotId_1	30102940	ダンジョン人（奴隷）剣鉈　ダンジョン　毒	True	
331301001	ダンジョン人（奴隷）（裸・剣_素手投擲）　毒	itemLotId_1	30102940	ダンジョン人（奴隷）剣鉈　ダンジョン　毒	True	
331301010	ダンジョン人（奴隷）　裸　鉈　ダンジョン　毒	itemLotId_1	30102940	ダンジョン人（奴隷）剣鉈　ダンジョン　毒	True	
331301011	ダンジョン人（奴隷）　裸　鉈　投擲　ダンジョン　毒	itemLotId_1	30102930	ダンジョン人（奴隷）鉈投擲　ダンジョン	True	
331301020	ダンジョン人（奴隷）（白服・ランタン_剣）　毒	itemLotId_1	30102942	ダンジョン人（奴隷）ランタン　ダンジョン　毒	True	
331301030	ダンジョン人（奴隷）　白服　鉈　ランタン　ダンジョン　毒	itemLotId_1	30102942	ダンジョン人（奴隷）ランタン　ダンジョン　毒	True	
331301040	ダンジョン人（奴隷）　黒服　双斧　ダンジョン　毒	itemLotId_1	30102946	ダンジョン人（奴隷）斧・斧　ダンジョン　毒	True	
331301050	ダンジョン人（奴隷）　黒服　ポールウェポン　ダンジョン　毒	itemLotId_1	30102944	ダンジョン人（奴隷）斧ポール　ダンジョン　毒	True	
331301060	ダンジョン人（奴隷）　黒服　剣　ダンジョン毒	itemLotId_1	30102948	ダンジョン人（奴隷）剣・着衣　ダンジョン　毒	True	
331302000	ダンジョン人（番人）　剣盾　ダンジョン	itemLotId_1	30202900	ダンジョン人（番人）　ダンジョン	True	
331302010	ダンジョン人（番人）　モーニングスター　ダンジョン	itemLotId_1	30202900	ダンジョン人（番人）　ダンジョン	True	
331302020	ダンジョン人（番人）　剣クロスボウ　ダンジョン	itemLotId_1	30202902	ダンジョン人（番人）　クロスボウ　ダンジョン	True	
331302030	ダンジョン人（番人）　特大剣　ダンジョン	itemLotId_1	30202900	ダンジョン人（番人）　ダンジョン	True	
331303000	ダンジョン人（狂人）　片手鎌　毒化　ダンジョン	itemLotId_1	30304000	ダンジョン人（狂人）　ダンジョン　呪い	True	
331303001	ダンジョン人（狂人）　片手折れた大剣　毒化　ダンジョン	itemLotId_1	30304000	ダンジョン人（狂人）　ダンジョン　呪い	True	
331303010	ダンジョン人（狂人）　死体持ち　毒化　ダンジョン	itemLotId_1	30304000	ダンジョン人（狂人）　ダンジョン　呪い	True	
331303020	ダンジョン人（狂人）　二刀鎌　毒化　ダンジョン	itemLotId_1	30304000	ダンジョン人（狂人）　ダンジョン　呪い	True	
331304000	ダンジョン人（デブ）　ナタ　毒化　ダンジョン	itemLotId_1	30404000	ダンジョン人（デブ）　ダンジョン　呪い	True	
331304010	ダンジョン人（デブ）　赤熱ナタ　毒化　ダンジョン	itemLotId_1	30404000	ダンジョン人（デブ）　ダンジョン　呪い	True	
331304020	ダンジョン人（デブ）　ナタ　ショットガン　毒化　ダンジョン	itemLotId_1	30404000	ダンジョン人（デブ）　ダンジョン　呪い	True	
331304040	ダンジョン人（デブ）　ノコギリ　毒化　ダンジョン	itemLotId_1	30404000	ダンジョン人（デブ）　ダンジョン　呪い	True	
331304050	ダンジョン人（デブ）　裸　両手鉄球　毒化　ダンジョン	itemLotId_1	30404000	ダンジョン人（デブ）　ダンジョン　呪い	True	
331304051	ダンジョン人（デブ）（鉄球両手・紳士）　毒化	itemLotId_1	30404000	ダンジョン人（デブ）　ダンジョン　呪い	True	
332110080	下水ネズミ　ダンジョン	itemLotId_1	11002900	下水ネズミ　ダンジョン	True	
332110081	下水ネズミ　膿付き　ダンジョン	itemLotId_1	11002902	下水ネズミ　膿み付き　ダンジョン	True	
332111080	死と闇の眷属　首あり　ダンジョン	itemLotId_1	11102900	死と闇の眷属（クモ）　首あり　ダンジョン	True	
332111085	死と闇の眷属　首なし　ダンジョン	itemLotId_1	11102902	死と闇の眷属（クモ）　首なし　ダンジョン	True	
332114080	狂信者の獣　ダンジョン	itemLotId_1	11402900	狂信者の獣　ダンジョン	True	
332121080	墓守サソリ　子なし　小はさみ　ダンジョン	itemLotId_1	12102900	墓守サソリ　ダンジョン	True	
332121081	墓守サソリ　子なし　大はさみ　ダンジョン	itemLotId_1	12102900	墓守サソリ　ダンジョン	True	
332121090	墓守サソリ　子あり　小はさみ　ダンジョン	itemLotId_1	12102902	墓守サソリ　子持ち　ダンジョン	True	
332121091	墓守サソリ　子あり　大はさみ　ダンジョン	itemLotId_1	12102902	墓守サソリ　子持ち　ダンジョン	True	
332124090	狂犬　ダンジョン	itemLotId_1	12402900	狂犬　ダンジョン	True	
332125000	蛇玉（子）　1本だけ太い　ダンジョン	itemLotId_1	12502900	蛇玉（子）　ダンジョン	True	
332125010	蛇玉（子）　毒霧　ダンジョン	itemLotId_1	12502900	蛇玉（子）　ダンジョン	True	
332126000	蛇玉（子）・小　1本だけ太い　ダンジョン	itemLotId_1	12602900	蛇玉（子）小　ダンジョン	True	
332127000	吸血豚　ダンジョン	itemLotId_1	12702900	吸血豚　ダンジョン	True	
332130000	死と闇の眷属（大）　ダンジョン	itemLotId_1	13002900	死と闇の眷属（大）　ダンジョン	True	
332201080	墓掘り（鉤）　ダンジョン　	itemLotId_1	20102950	ダンジョン人（墓掘り）鉤　ダンジョン　強敵	True	
332201081	墓掘り（つるはし）　ダンジョン　	itemLotId_1	20102952	ダンジョン人（墓掘り）つるはし　ダンジョン　強敵	True	
332301000	ダンジョン人（奴隷）　裸　剣　ダンジョン　ドーピング強敵	itemLotId_1	30102950	ダンジョン人（奴隷）剣鉈　ダンジョン　強敵	True	
332301001	ダンジョン人（奴隷）（裸・剣_素手投擲）　ドーピング強敵	itemLotId_1	30102950	ダンジョン人（奴隷）剣鉈　ダンジョン　強敵	True	
332301010	ダンジョン人（奴隷）　裸　鉈　ダンジョン　ドーピング強敵	itemLotId_1	30102950	ダンジョン人（奴隷）剣鉈　ダンジョン　強敵	True	
332301011	ダンジョン人（奴隷）　裸　鉈　投擲　ダンジョン　ドーピング強敵	itemLotId_1	30102930	ダンジョン人（奴隷）鉈投擲　ダンジョン	True	
332301020	ダンジョン人（奴隷）（白服・ランタン_剣）　ドーピング強敵	itemLotId_1	30102952	ダンジョン人（奴隷）ランタン　ダンジョン　強敵	True	
332301030	ダンジョン人（奴隷）　白服　鉈　ランタン　ダンジョン　ドーピング強敵	itemLotId_1	30102952	ダンジョン人（奴隷）ランタン　ダンジョン　強敵	True	
332301040	ダンジョン人（奴隷）　黒服　双斧　ダンジョン　ドーピング強敵	itemLotId_1	30102956	ダンジョン人（奴隷）斧・斧　ダンジョン　強敵	True	
332301050	ダンジョン人（奴隷）　黒服　ポールウェポン　ダンジョン　ドーピング強敵	itemLotId_1	30102954	ダンジョン人（奴隷）斧ポール　ダンジョン　強敵	True	
332301060	ダンジョン人（奴隷）　黒服　剣　ダンジョンドーピング強敵	itemLotId_1	30102958	ダンジョン人（奴隷）剣・着衣　ダンジョン　強敵	True	
332302000	ダンジョン人（番人）　剣盾　ドーピング強敵　ダンジョン	itemLotId_1	30202950	ダンジョン人（番人）　ダンジョン　強敵	True	
332302010	ダンジョン人（番人）　モーニングスター　ドーピング強敵　ダンジョン	itemLotId_1	30202950	ダンジョン人（番人）　ダンジョン　強敵	True	
332302020	ダンジョン人（番人）　剣クロスボウ　ドーピング強敵　ダンジョン	itemLotId_1	30202952	ダンジョン人（番人）　クロスボウ　ダンジョン　強敵	True	
332302030	ダンジョン人（番人）　特大剣　ドーピング強敵　ダンジョン	itemLotId_1	30202950	ダンジョン人（番人）　ダンジョン　強敵	True	
332303000	ダンジョン人（狂人）　片手鎌　ドーピング強敵　ダンジョン	itemLotId_1	30304050	ダンジョン人（狂人）　ダンジョン　呪い&強敵	True	
332303001	ダンジョン人（狂人）　片手折れた大剣　ドーピング強敵　ダンジョン	itemLotId_1	30304050	ダンジョン人（狂人）　ダンジョン　呪い&強敵	True	
332303010	ダンジョン人（狂人）　死体持ち　ドーピング強敵　ダンジョン	itemLotId_1	30304050	ダンジョン人（狂人）　ダンジョン　呪い&強敵	True	
332303020	ダンジョン人（狂人）　二刀鎌　ドーピング強敵　ダンジョン	itemLotId_1	30304050	ダンジョン人（狂人）　ダンジョン　呪い&強敵	True	
332304000	ダンジョン人（デブ）　ナタ　ドーピング強敵　ダンジョン	itemLotId_1	30404050	ダンジョン人（デブ）　ダンジョン　呪い&強敵	True	
332304010	ダンジョン人（デブ）　赤熱ナタ　ドーピング強敵　ダンジョン	itemLotId_1	30404050	ダンジョン人（デブ）　ダンジョン　呪い&強敵	True	
332304020	ダンジョン人（デブ）　ナタ　ショットガン　ドーピング強敵　ダンジョン	itemLotId_1	30404050	ダンジョン人（デブ）　ダンジョン　呪い&強敵	True	
332304040	ダンジョン人（デブ）　ノコギリ　ドーピング強敵　ダンジョン	itemLotId_1	30404050	ダンジョン人（デブ）　ダンジョン　呪い&強敵	True	
332304050	ダンジョン人（デブ）　裸　両手鉄球　ドーピング強敵　ダンジョン	itemLotId_1	30404050	ダンジョン人（デブ）　ダンジョン　呪い&強敵	True	
332304051	ダンジョン人（デブ）（鉄球両手・紳士）　ドーピング強敵	itemLotId_1	30404050	ダンジョン人（デブ）　ダンジョン　呪い&強敵	True	
333110080	下水ネズミ　ダンジョン	itemLotId_1	11002940	下水ネズミ　ダンジョン　毒	True	
333110081	下水ネズミ　膿付き　ダンジョン	itemLotId_1	11002942	下水ネズミ　膿み付き　ダンジョン　毒	True	
333111080	死と闇の眷属　首あり　ダンジョン	itemLotId_1	11102940	死と闇の眷属（クモ）　首あり　ダンジョン　毒	True	
333111085	死と闇の眷属　首なし　ダンジョン	itemLotId_1	11102942	死と闇の眷属（クモ）　首なし　ダンジョン　毒	True	
333114080	狂信者の獣　ダンジョン	itemLotId_1	11402940	狂信者の獣　ダンジョン　毒	True	
333121080	墓守サソリ　子なし　小はさみ　ダンジョン	itemLotId_1	12102940	墓守サソリ　ダンジョン　毒	True	
333121081	墓守サソリ　子なし　大はさみ　ダンジョン	itemLotId_1	12102940	墓守サソリ　ダンジョン　毒	True	
333121090	墓守サソリ　子あり　小はさみ　ダンジョン	itemLotId_1	12102942	墓守サソリ　子持ち　ダンジョン　毒	True	
333121091	墓守サソリ　子あり　大はさみ　ダンジョン	itemLotId_1	12102942	墓守サソリ　子持ち　ダンジョン　毒	True	
333124090	狂犬　ダンジョン	itemLotId_1	12402940	狂犬　ダンジョン　毒	True	
333125000	蛇玉（子）　1本だけ太い　ダンジョン	itemLotId_1	12502940	蛇玉（子）　ダンジョン　毒	True	
333125010	蛇玉（子）　毒霧　ダンジョン	itemLotId_1	12502940	蛇玉（子）　ダンジョン　毒	True	
333126000	蛇玉（子）・小　1本だけ太い　ダンジョン	itemLotId_1	12602940	蛇玉（子）小　ダンジョン　毒	True	
333127000	吸血豚　ダンジョン	itemLotId_1	12702940	吸血豚　ダンジョン　毒	True	
333130000	死と闇の眷属（大）　ダンジョン	itemLotId_1	13002940	死と闇の眷属（大）　ダンジョン　毒	True	
333201080	墓掘り（鉤）　ダンジョン　	itemLotId_1	20102950	ダンジョン人（墓掘り）鉤　ダンジョン　強敵	True	
333201081	墓掘り（つるはし）　ダンジョン　	itemLotId_1	20102952	ダンジョン人（墓掘り）つるはし　ダンジョン　強敵	True	
333301000	ダンジョン人（奴隷）　裸　剣　ダンジョン　ドーピング強敵	itemLotId_1	30102990	ダンジョン人（奴隷）剣鉈　ダンジョン　毒+強敵	True	
333301001	ダンジョン人（奴隷）（裸・剣_素手投擲）　ドーピング強敵	itemLotId_1	30102990	ダンジョン人（奴隷）剣鉈　ダンジョン　毒+強敵	True	
333301010	ダンジョン人（奴隷）　裸　鉈　ダンジョン　ドーピング強敵	itemLotId_1	30102990	ダンジョン人（奴隷）剣鉈　ダンジョン　毒+強敵	True	
333301011	ダンジョン人（奴隷）　裸　鉈　投擲　ダンジョン　ドーピング強敵	itemLotId_1	30102930	ダンジョン人（奴隷）鉈投擲　ダンジョン	True	
333301020	ダンジョン人（奴隷）（白服・ランタン_剣）　ドーピング強敵	itemLotId_1	30102992	ダンジョン人（奴隷）ランタン　ダンジョン　毒+強敵	True	
333301030	ダンジョン人（奴隷）　白服　鉈　ランタン　ダンジョン　ドーピング強敵	itemLotId_1	30102992	ダンジョン人（奴隷）ランタン　ダンジョン　毒+強敵	True	
333301040	ダンジョン人（奴隷）　黒服　双斧　ダンジョン　ドーピング強敵	itemLotId_1	30102996	ダンジョン人（奴隷）斧・斧　ダンジョン　毒+強敵	True	
333301050	ダンジョン人（奴隷）　黒服　ポールウェポン　ダンジョン　ドーピング強敵	itemLotId_1	30102994	ダンジョン人（奴隷）斧ポール　ダンジョン　毒+強敵	True	
333301060	ダンジョン人（奴隷）　黒服　剣　ダンジョンドーピング強敵	itemLotId_1	30102998	ダンジョン人（奴隷）剣・着衣　ダンジョン　毒+強敵	True	
333302000	ダンジョン人（番人）　剣盾　ドーピング強敵　ダンジョン	itemLotId_1	30202950	ダンジョン人（番人）　ダンジョン　強敵	True	
333302010	ダンジョン人（番人）　モーニングスター　ドーピング強敵　ダンジョン	itemLotId_1	30202950	ダンジョン人（番人）　ダンジョン　強敵	True	
333302020	ダンジョン人（番人）　剣クロスボウ　ドーピング強敵　ダンジョン	itemLotId_1	30202952	ダンジョン人（番人）　クロスボウ　ダンジョン　強敵	True	
333302030	ダンジョン人（番人）　特大剣　ドーピング強敵　ダンジョン	itemLotId_1	30202950	ダンジョン人（番人）　ダンジョン　強敵	True	
333303000	ダンジョン人（狂人）　片手鎌　毒化　ドーピング強敵　ダンジョン	itemLotId_1	30304050	ダンジョン人（狂人）　ダンジョン　呪い&強敵	True	
333303001	ダンジョン人（狂人）　片手折れた大剣　毒化　ドーピング強敵　ダンジョン	itemLotId_1	30304050	ダンジョン人（狂人）　ダンジョン　呪い&強敵	True	
333303010	ダンジョン人（狂人）　死体持ち　毒化　ドーピング強敵　ダンジョン	itemLotId_1	30304050	ダンジョン人（狂人）　ダンジョン　呪い&強敵	True	
333303020	ダンジョン人（狂人）　二刀鎌　毒化　ドーピング強敵　ダンジョン	itemLotId_1	30304050	ダンジョン人（狂人）　ダンジョン　呪い&強敵	True	
333304000	ダンジョン人（デブ）　ナタ　毒化　ドーピング強敵　ダンジョン	itemLotId_1	30404050	ダンジョン人（デブ）　ダンジョン　呪い&強敵	True	
333304010	ダンジョン人（デブ）　赤熱ナタ　毒化　ドーピング強敵　ダンジョン	itemLotId_1	30404050	ダンジョン人（デブ）　ダンジョン　呪い&強敵	True	
333304020	ダンジョン人（デブ）　ナタ　ショットガン　毒化　ドーピング強敵　ダンジョン	itemLotId_1	30404050	ダンジョン人（デブ）　ダンジョン　呪い&強敵	True	
333304040	ダンジョン人（デブ）　ノコギリ　毒化　ドーピング強敵　ダンジョン	itemLotId_1	30404050	ダンジョン人（デブ）　ダンジョン　呪い&強敵	True	
333304050	ダンジョン人（デブ）　裸　両手鉄球　毒化　ドーピング強敵　ダンジョン	itemLotId_1	30404050	ダンジョン人（デブ）　ダンジョン　呪い&強敵	True	
333304051	ダンジョン人（デブ）（鉄球両手・紳士）　毒化＋ドーピング強敵	itemLotId_1	30404050	ダンジョン人（デブ）　ダンジョン　呪い&強敵	True	
335106080	脳喰らい　ダンジョン	itemLotId_1	10604000	脳喰らい　ダンジョン　呪い	True	
335106090	脳喰らい　フード　ダンジョン	itemLotId_1	10604000	脳喰らい　ダンジョン　呪い	True	
335303000	ダンジョン人（狂人）　片手鎌　ダンジョン	itemLotId_1	30304000	ダンジョン人（狂人）　ダンジョン　呪い	True	
335303001	ダンジョン人（狂人）　片手折れた大剣　ダンジョン	itemLotId_1	30304000	ダンジョン人（狂人）　ダンジョン　呪い	True	
335303010	ダンジョン人（狂人）　死体持ち　ダンジョン	itemLotId_1	30304000	ダンジョン人（狂人）　ダンジョン　呪い	True	
335303020	ダンジョン人（狂人）　二刀鎌　ダンジョン	itemLotId_1	30304000	ダンジョン人（狂人）　ダンジョン　呪い	True	
335303102	ダンジョン人（狂人）　片手鎌　嵐属性　ダンジョン	itemLotId_1	30304000	ダンジョン人（狂人）　ダンジョン　呪い	True	
335303109	ダンジョン人（狂人）　片手鎌　儀式　ダンジョン	itemLotId_1	30304080	ダンジョン人（狂人）　ダンジョン　呪い&儀式	True	
335303122	ダンジョン人（狂人）　片手折れた大剣　嵐属性　ダンジョン	itemLotId_1	30304000	ダンジョン人（狂人）　ダンジョン　呪い	True	
335303129	ダンジョン人（狂人）　片手折れた大剣　儀式　ダンジョン	itemLotId_1	30304080	ダンジョン人（狂人）　ダンジョン　呪い&儀式	True	
335303142	ダンジョン人（狂人）　死体持ち　嵐属性　ダンジョン	itemLotId_1	30304000	ダンジョン人（狂人）　ダンジョン　呪い	True	
335303162	ダンジョン人（狂人）　二刀鎌　嵐属性　ダンジョン	itemLotId_1	30304000	ダンジョン人（狂人）　ダンジョン　呪い	True	
335303169	ダンジョン人（狂人）　二刀鎌　儀式　ダンジョン	itemLotId_1	30304080	ダンジョン人（狂人）　ダンジョン　呪い&儀式	True	
335304000	ダンジョン人（デブ）　ナタ　ダンジョン	itemLotId_1	30404000	ダンジョン人（デブ）　ダンジョン　呪い	True	
335304010	ダンジョン人（デブ）　赤熱ナタ　ダンジョン	itemLotId_1	30404000	ダンジョン人（デブ）　ダンジョン　呪い	True	
335304020	ダンジョン人（デブ）　ナタ　ショットガン　ダンジョン	itemLotId_1	30404000	ダンジョン人（デブ）　ダンジョン　呪い	True	
335304040	ダンジョン人（デブ）　ノコギリ　ダンジョン	itemLotId_1	30404000	ダンジョン人（デブ）　ダンジョン　呪い	True	
335304050	ダンジョン人（デブ）　裸　両手鉄球　ダンジョン	itemLotId_1	30404000	ダンジョン人（デブ）　ダンジョン　呪い	True	
335304051	ダンジョン人（デブ）（鉄球両手・紳士）	itemLotId_1	30404000	ダンジョン人（デブ）　ダンジョン　呪い	True	
335304108	ダンジョン人（デブ）　ナタ　医者　ダンジョン	itemLotId_1	30404070	ダンジョン人（デブ）　ダンジョン　呪い&医者	True	
335304128	ダンジョン人（デブ）　赤熱ナタ　医者　ダンジョン	itemLotId_1	30404070	ダンジョン人（デブ）　ダンジョン　呪い&医者	True	
335304148	ダンジョン人（デブ）　ナタ　ショットガン　医者　ダンジョン	itemLotId_1	30404070	ダンジョン人（デブ）　ダンジョン　呪い&医者	True	
335304168	ダンジョン人（デブ）　ノコギリ　医者　ダンジョン	itemLotId_1	30404070	ダンジョン人（デブ）　ダンジョン　呪い&医者	True	
335304188	ダンジョン人（デブ）　裸　両手鉄球　医者　ダンジョン	itemLotId_1	30404070	ダンジョン人（デブ）　ダンジョン　呪い&医者	True	
335304208	ダンジョン人（デブ）（鉄球両手・紳士）　医者	itemLotId_1	30404070	ダンジョン人（デブ）　ダンジョン　呪い&医者	True	
336106080	脳喰らい　ダンジョン	itemLotId_1	10604000	脳喰らい　ダンジョン　呪い	True	
336106090	脳喰らい　フード　ダンジョン	itemLotId_1	10604000	脳喰らい　ダンジョン　呪い	True	
336303000	ダンジョン人（狂人）　片手鎌　ダンジョン	itemLotId_1	30304000	ダンジョン人（狂人）　ダンジョン　呪い	True	
336303001	ダンジョン人（狂人）　片手折れた大剣　ダンジョン	itemLotId_1	30304000	ダンジョン人（狂人）　ダンジョン　呪い	True	
336303010	ダンジョン人（狂人）　死体持ち　ダンジョン	itemLotId_1	30304000	ダンジョン人（狂人）　ダンジョン　呪い	True	
336303020	ダンジョン人（狂人）　二刀鎌　ダンジョン	itemLotId_1	30304000	ダンジョン人（狂人）　ダンジョン　呪い	True	
336303102	ダンジョン人（狂人）　片手鎌　嵐属性　ダンジョン	itemLotId_1	30304000	ダンジョン人（狂人）　ダンジョン　呪い	True	
336303109	ダンジョン人（狂人）　片手鎌　儀式　ダンジョン	itemLotId_1	30304080	ダンジョン人（狂人）　ダンジョン　呪い&儀式	True	
336303122	ダンジョン人（狂人）　片手折れた大剣　嵐属性　ダンジョン	itemLotId_1	30304000	ダンジョン人（狂人）　ダンジョン　呪い	True	
336303129	ダンジョン人（狂人）　片手折れた大剣　儀式　ダンジョン	itemLotId_1	30304080	ダンジョン人（狂人）　ダンジョン　呪い&儀式	True	
336303142	ダンジョン人（狂人）　死体持ち　嵐属性　ダンジョン	itemLotId_1	30304000	ダンジョン人（狂人）　ダンジョン　呪い	True	
336303162	ダンジョン人（狂人）　二刀鎌　嵐属性　ダンジョン	itemLotId_1	30304000	ダンジョン人（狂人）　ダンジョン　呪い	True	
336303169	ダンジョン人（狂人）　二刀鎌　儀式　ダンジョン	itemLotId_1	30304080	ダンジョン人（狂人）　ダンジョン　呪い&儀式	True	
336304000	ダンジョン人（デブ）　ナタ　ダンジョン	itemLotId_1	30404000	ダンジョン人（デブ）　ダンジョン　呪い	True	
336304010	ダンジョン人（デブ）　赤熱ナタ　ダンジョン	itemLotId_1	30404000	ダンジョン人（デブ）　ダンジョン　呪い	True	
336304020	ダンジョン人（デブ）　ナタ　ショットガン　ダンジョン	itemLotId_1	30404000	ダンジョン人（デブ）　ダンジョン　呪い	True	
336304040	ダンジョン人（デブ）　ノコギリ　ダンジョン	itemLotId_1	30404000	ダンジョン人（デブ）　ダンジョン　呪い	True	
336304050	ダンジョン人（デブ）　裸　両手鉄球　ダンジョン	itemLotId_1	30404000	ダンジョン人（デブ）　ダンジョン　呪い	True	
336304051	ダンジョン人（デブ）（鉄球両手・紳士）	itemLotId_1	30404000	ダンジョン人（デブ）　ダンジョン　呪い	True	
336304108	ダンジョン人（デブ）　ナタ　医者　ダンジョン	itemLotId_1	30404070	ダンジョン人（デブ）　ダンジョン　呪い&医者	True	
336304128	ダンジョン人（デブ）　赤熱ナタ　医者　ダンジョン	itemLotId_1	30404070	ダンジョン人（デブ）　ダンジョン　呪い&医者	True	
336304148	ダンジョン人（デブ）　ナタ　ショットガン　医者　ダンジョン	itemLotId_1	30404070	ダンジョン人（デブ）　ダンジョン　呪い&医者	True	
336304168	ダンジョン人（デブ）　ノコギリ　医者　ダンジョン	itemLotId_1	30404070	ダンジョン人（デブ）　ダンジョン　呪い&医者	True	
336304188	ダンジョン人（デブ）　裸　両手鉄球　医者　ダンジョン	itemLotId_1	30404070	ダンジョン人（デブ）　ダンジョン　呪い&医者	True	
336304208	ダンジョン人（デブ）（鉄球両手・紳士）　医者	itemLotId_1	30404070	ダンジョン人（デブ）　ダンジョン　呪い&医者	True	
337106080	脳喰らい　ダンジョン	itemLotId_1	10604000	脳喰らい　ダンジョン　呪い	True	
337106090	脳喰らい　フード　ダンジョン	itemLotId_1	10604000	脳喰らい　ダンジョン　呪い	True	
337303000	ダンジョン人（狂人）　片手鎌　ダンジョン	itemLotId_1	30304000	ダンジョン人（狂人）　ダンジョン　呪い	True	
337303001	ダンジョン人（狂人）　片手折れた大剣　ダンジョン	itemLotId_1	30304000	ダンジョン人（狂人）　ダンジョン　呪い	True	
337303010	ダンジョン人（狂人）　死体持ち　ダンジョン	itemLotId_1	30304000	ダンジョン人（狂人）　ダンジョン　呪い	True	
337303020	ダンジョン人（狂人）　二刀鎌　ダンジョン	itemLotId_1	30304000	ダンジョン人（狂人）　ダンジョン　呪い	True	
337303102	ダンジョン人（狂人）　片手鎌　嵐属性　ダンジョン	itemLotId_1	30304000	ダンジョン人（狂人）　ダンジョン　呪い	True	
337303109	ダンジョン人（狂人）　片手鎌　儀式　ダンジョン	itemLotId_1	30304080	ダンジョン人（狂人）　ダンジョン　呪い&儀式	True	
337303122	ダンジョン人（狂人）　片手折れた大剣　嵐属性　ダンジョン	itemLotId_1	30304000	ダンジョン人（狂人）　ダンジョン　呪い	True	
337303129	ダンジョン人（狂人）　片手折れた大剣　儀式　ダンジョン	itemLotId_1	30304080	ダンジョン人（狂人）　ダンジョン　呪い&儀式	True	
337303142	ダンジョン人（狂人）　死体持ち　嵐属性　ダンジョン	itemLotId_1	30304000	ダンジョン人（狂人）　ダンジョン　呪い	True	
337303162	ダンジョン人（狂人）　二刀鎌　嵐属性　ダンジョン	itemLotId_1	30304000	ダンジョン人（狂人）　ダンジョン　呪い	True	
337303169	ダンジョン人（狂人）　二刀鎌　儀式　ダンジョン	itemLotId_1	30304080	ダンジョン人（狂人）　ダンジョン　呪い&儀式	True	
337304000	ダンジョン人（デブ）　ナタ　ダンジョン	itemLotId_1	30404000	ダンジョン人（デブ）　ダンジョン　呪い	True	
337304010	ダンジョン人（デブ）　赤熱ナタ　ダンジョン	itemLotId_1	30404000	ダンジョン人（デブ）　ダンジョン　呪い	True	
337304020	ダンジョン人（デブ）　ナタ　ショットガン　ダンジョン	itemLotId_1	30404000	ダンジョン人（デブ）　ダンジョン　呪い	True	
337304040	ダンジョン人（デブ）　ノコギリ　ダンジョン	itemLotId_1	30404000	ダンジョン人（デブ）　ダンジョン　呪い	True	
337304050	ダンジョン人（デブ）　裸　両手鉄球　ダンジョン	itemLotId_1	30404000	ダンジョン人（デブ）　ダンジョン　呪い	True	
337304051	ダンジョン人（デブ）（鉄球両手・紳士）	itemLotId_1	30404000	ダンジョン人（デブ）　ダンジョン　呪い	True	
337304108	ダンジョン人（デブ）　ナタ　医者　ダンジョン	itemLotId_1	30404070	ダンジョン人（デブ）　ダンジョン　呪い&医者	True	
337304128	ダンジョン人（デブ）　赤熱ナタ　医者　ダンジョン	itemLotId_1	30404070	ダンジョン人（デブ）　ダンジョン　呪い&医者	True	
337304148	ダンジョン人（デブ）　ナタ　ショットガン　医者　ダンジョン	itemLotId_1	30404070	ダンジョン人（デブ）　ダンジョン　呪い&医者	True	
337304168	ダンジョン人（デブ）　ノコギリ　医者　ダンジョン	itemLotId_1	30404070	ダンジョン人（デブ）　ダンジョン　呪い&医者	True	
337304188	ダンジョン人（デブ）　裸　両手鉄球　医者　ダンジョン	itemLotId_1	30404070	ダンジョン人（デブ）　ダンジョン　呪い&医者	True	
337304208	ダンジョン人（デブ）（鉄球両手・紳士）　医者	itemLotId_1	30404070	ダンジョン人（デブ）　ダンジョン　呪い&医者	True	
338106080	脳喰らい　ダンジョン	itemLotId_1	10604000	脳喰らい　ダンジョン　呪い	True	
338106090	脳喰らい　フード　ダンジョン	itemLotId_1	10604000	脳喰らい　ダンジョン　呪い	True	
338303000	ダンジョン人（狂人）　片手鎌　ダンジョン	itemLotId_1	30304000	ダンジョン人（狂人）　ダンジョン　呪い	True	
338303001	ダンジョン人（狂人）　片手折れた大剣　ダンジョン	itemLotId_1	30304000	ダンジョン人（狂人）　ダンジョン　呪い	True	
338303010	ダンジョン人（狂人）　死体持ち　ダンジョン	itemLotId_1	30304000	ダンジョン人（狂人）　ダンジョン　呪い	True	
338303020	ダンジョン人（狂人）　二刀鎌　ダンジョン	itemLotId_1	30304000	ダンジョン人（狂人）　ダンジョン　呪い	True	
338303102	ダンジョン人（狂人）　片手鎌　嵐属性　ダンジョン	itemLotId_1	30304000	ダンジョン人（狂人）　ダンジョン　呪い	True	
338303109	ダンジョン人（狂人）　片手鎌　儀式　ダンジョン	itemLotId_1	30304080	ダンジョン人（狂人）　ダンジョン　呪い&儀式	True	
338303122	ダンジョン人（狂人）　片手折れた大剣　嵐属性　ダンジョン	itemLotId_1	30304000	ダンジョン人（狂人）　ダンジョン　呪い	True	
338303129	ダンジョン人（狂人）　片手折れた大剣　儀式　ダンジョン	itemLotId_1	30304080	ダンジョン人（狂人）　ダンジョン　呪い&儀式	True	
338303142	ダンジョン人（狂人）　死体持ち　嵐属性　ダンジョン	itemLotId_1	30304000	ダンジョン人（狂人）　ダンジョン　呪い	True	
338303162	ダンジョン人（狂人）　二刀鎌　嵐属性　ダンジョン	itemLotId_1	30304000	ダンジョン人（狂人）　ダンジョン　呪い	True	
338303169	ダンジョン人（狂人）　二刀鎌　儀式　ダンジョン	itemLotId_1	30304080	ダンジョン人（狂人）　ダンジョン　呪い&儀式	True	
338304000	ダンジョン人（デブ）　ナタ　ダンジョン	itemLotId_1	30404000	ダンジョン人（デブ）　ダンジョン　呪い	True	
338304010	ダンジョン人（デブ）　赤熱ナタ　ダンジョン	itemLotId_1	30404000	ダンジョン人（デブ）　ダンジョン　呪い	True	
338304020	ダンジョン人（デブ）　ナタ　ショットガン　ダンジョン	itemLotId_1	30404000	ダンジョン人（デブ）　ダンジョン　呪い	True	
338304040	ダンジョン人（デブ）　ノコギリ　ダンジョン	itemLotId_1	30404000	ダンジョン人（デブ）　ダンジョン　呪い	True	
338304050	ダンジョン人（デブ）　裸　両手鉄球　ダンジョン	itemLotId_1	30404000	ダンジョン人（デブ）　ダンジョン　呪い	True	
338304051	ダンジョン人（デブ）（鉄球両手・紳士）	itemLotId_1	30404000	ダンジョン人（デブ）　ダンジョン　呪い	True	
338304108	ダンジョン人（デブ）　ナタ　医者　ダンジョン	itemLotId_1	30404070	ダンジョン人（デブ）　ダンジョン　呪い&医者	True	
338304128	ダンジョン人（デブ）　赤熱ナタ　医者　ダンジョン	itemLotId_1	30404070	ダンジョン人（デブ）　ダンジョン　呪い&医者	True	
338304148	ダンジョン人（デブ）　ナタ　ショットガン　医者　ダンジョン	itemLotId_1	30404070	ダンジョン人（デブ）　ダンジョン　呪い&医者	True	
338304168	ダンジョン人（デブ）　ノコギリ　医者　ダンジョン	itemLotId_1	30404070	ダンジョン人（デブ）　ダンジョン　呪い&医者	True	
338304188	ダンジョン人（デブ）　裸　両手鉄球　医者　ダンジョン	itemLotId_1	30404070	ダンジョン人（デブ）　ダンジョン　呪い&医者	True	
338304208	ダンジョン人（デブ）（鉄球両手・紳士）　医者	itemLotId_1	30404070	ダンジョン人（デブ）　ダンジョン　呪い&医者	True	
